rel_path	size	sha256
diagnosis_20260823/routeA_full/blocks/426241194.json.gz	200886	d49ed261db7da6fe7a9b8b3a60199c1d30da60d9fa0e9fe646678bdc04e524bf
diagnosis_20260823/routeA_full/blocks/426241195.json.gz	179638	d570c86120a79adf394e8fa93d609fea3a54de935f83db5c9cf403195e06c885
diagnosis_20260823/routeA_full/blocks/426241196.json.gz	183002	cfe19b0c05da54acfa80d5d3bca8596f39606f514d865b13bea120d22a67d610
diagnosis_20260823/routeA_full/blocks/426241197.json.gz	188940	26ff1028aedb3536c2172ca8b7e0467afa87a506b0efcb92bcd207f063a4cfd3
diagnosis_20260823/routeA_full/blocks/426241198.json.gz	291396	2d684676f80dbb46c65b03907fca7334cf25c7e3a001c2c341aae69cf065e706
diagnosis_20260823/routeA_full/blocks/426241199.json.gz	214813	23a6879133d52809fcfc2bebd9e0b739ee6afc46e21352d8ecd61313306fe481
diagnosis_20260823/routeA_full/blocks/426241200.json.gz	155530	a7c3ddd2c31305a724c3e13f4150b07de508146ec409592612fc334c69cdf1e1
diagnosis_20260823/routeA_full/blocks/426241201.json.gz	208243	6dfb5746fbf9868ea39b5a892389b277b690b2ec92654833592b7b00b520e239
diagnosis_20260823/routeA_full/blocks/426241202.json.gz	162789	a0d4a387a7f0f8ef66f7e9d849ad570be309d72f674edb565eaa5b1e7250d903
diagnosis_20260823/routeA_full/blocks/426241203.json.gz	147916	f952510dc0367dbc3a732dfb8339e60c2fc5846ba148a8357aa1c84c0a9aef2d
diagnosis_20260823/routeA_full/blocks/426241204.json.gz	156823	bec159c4ad0617439fb5a0034b691caaaf1fe55579dd539f66844a058e0ef925
diagnosis_20260823/routeA_full/blocks/426241205.json.gz	147969	d22786ef128522c7cb79d177627eb9d8518e11589779715e40ada7b2ed77de5c
diagnosis_20260823/routeA_full/blocks/426241206.json.gz	150797	e216d0e19fffa642c51bf1c2e6845e6df2103e1d39722cf7174a6092bf0304c7
diagnosis_20260823/routeA_full/blocks/426241207.json.gz	130973	772a74e91ca19278f744055eec719fec2f0f22315fdd28ea153a87a35f17b7a5
diagnosis_20260823/routeA_full/blocks/426241208.json.gz	229562	f38f54ac1fea5e7710478eba53c293d790dab861d4e320d16e6c8276df6c27ca
diagnosis_20260823/routeA_full/blocks/426241209.json.gz	136461	78e168b99f62c7135f996128b0d391915c8fef6baa4cad7451dfc4229b4a52e1
diagnosis_20260823/routeA_full/blocks/426241210.json.gz	142705	76490960792e3c315db28df4ace40bc3c993b98d57c8a83a14eb1dbb07719d28
diagnosis_20260823/routeA_full/blocks/426241211.json.gz	137874	fea10f5af0d9775a9e842925f80522b395502286c41918c9d4006a9fdfbab85b
diagnosis_20260823/routeA_full/blocks/426241212.json.gz	202808	504350b1190883cfd0893738449738e81c23c2f0b7458e30c7590df248eca6ad
diagnosis_20260823/routeA_full/blocks/426241213.json.gz	218072	0be85806e38bb376b72ad95bbac5472a9ccd8813125af1ad125dcfa88535ebd8
diagnosis_20260823/routeA_full/blocks/426241214.json.gz	152793	39c82c64782b473caffc8c41879996f3cb3a1bc55f7649411e1c1eb4a8b03f77
diagnosis_20260823/routeA_full/blocks/426241215.json.gz	222026	3fb32c8fd53b084bd7983be6fa7042f6ce0cd284b8ec061299d2050c39ad985e
diagnosis_20260823/routeA_full/blocks/426241216.json.gz	113507	da0ece9c4b76d8b10017dbfe386bf8dc911acee2bfb56fe55258a45650a72d3f
diagnosis_20260823/routeA_full/blocks/426241217.json.gz	150211	4f317de47650b6c714a79c716ca15d14a0e88484fe7ec4f0952fde66696c7f85
diagnosis_20260823/routeA_full/blocks/426241218.json.gz	129858	06136eb9984eac28eb91475b50449d7f8200a4105d8ca7b273091d41ced6453c
diagnosis_20260823/routeA_full/blocks/426241219.json.gz	152732	8b5d209c6dc5f2d83fb1e6aa3184a34a224b6aaeefba09a748b1490e6c72d4d2
diagnosis_20260823/routeA_full/blocks/426241220.json.gz	135894	ecad3d9114eec420c39e6d71545a2c64c9704c0dbaef7308b26833ff9d7ad505
diagnosis_20260823/routeA_full/blocks/426241221.json.gz	135763	c2946ad7c64b86b1024d3c0626feb60523518ec4b57d3a75a4f9e8534b410c1e
diagnosis_20260823/routeA_full/blocks/426241222.json.gz	181644	27512ac2892e4734afa28d328ea77b262f8f54c47e3b3d21aab365c614d1d5f6
diagnosis_20260823/routeA_full/blocks/426241223.json.gz	161662	fb35efac82f7d9043f819963ad5dbb4b2682fe751cec582f2fadee00b1700122
diagnosis_20260823/routeA_full/blocks/426241224.json.gz	144104	36a607fc39bdd9b43200432b7132005e9958dd822afe5d257a143cd92e32df19
diagnosis_20260823/routeA_full/blocks/426241225.json.gz	147327	da8a46accde75a4d65383840a69f2dab0c1cd0547749cf9e27569e6067778a95
diagnosis_20260823/routeA_full/blocks/426241226.json.gz	166672	6ba722dbc12367a893e0f28d909b0fcc3ab83aef83255e8481d3b44a1d4f0b5c
diagnosis_20260823/routeA_full/blocks/426241227.json.gz	122068	54591d823f00b069c723cba6f745553b5a37edfdd7cee11e5f472d7d4d215a5b
diagnosis_20260823/routeA_full/blocks/426241228.json.gz	176703	e53a4bb7c97556b30aa3d211056abf302636facb0615440cdd379859509981c9
diagnosis_20260823/routeA_full/blocks/426241229.json.gz	159259	05ea9860dd8f9de329493676403f6ea7a3445d32b48adbdfd481a86e6bd64036
diagnosis_20260823/routeA_full/blocks/426241230.json.gz	132958	b6c8ce78f952902371b27daa0ab27bb4523c98ce3c2e7f26abd78030439524df
diagnosis_20260823/routeA_full/blocks/426241231.json.gz	114784	5b59e1c735184248397101eb1cb51cba8254fe9882f641e353008bffdf4d2e44
diagnosis_20260823/routeA_full/blocks/426241232.json.gz	157153	dc69efd3f4c9788561a3ac10b8b0b12844524e0ccc509283e139284c4c3a69f6
diagnosis_20260823/routeA_full/blocks/426241233.json.gz	144714	d3da1c98ff46129d66b588bd086379b333f8ffa7922b7e06eb0514932bbec901
diagnosis_20260823/routeA_full/blocks/426569604.json.gz	112001	4f6c942c7e6c6170ab5a4cc3ad11eee4deaa5d47811a020d4efa8e352df0253b
diagnosis_20260823/routeA_full/blocks/426569605.json.gz	102366	fd501a65ab3935ad455f30be4bb75cc293b145d267ab29275bca304804a944d9
diagnosis_20260823/routeA_full/blocks/426569606.json.gz	132039	bbbabc2d6fd1f742baa3f6a590142bcb2aafeede49472a09d880ab1c3167f52d
diagnosis_20260823/routeA_full/blocks/426569607.json.gz	142199	da9f9dcf357d369b4f5dbe2ce766d4d82c1e93271acda54dd217d8400dfcc591
diagnosis_20260823/routeA_full/blocks/426569608.json.gz	115689	713797d9d246efc687ccad2451ea9ec06498f11bbf0544186928befbb7c3f591
diagnosis_20260823/routeA_full/blocks/426569609.json.gz	118564	ea6bac2f56523f3489d88d7627d20899d05d28f62bcb2cee61a46629497fee2c
diagnosis_20260823/routeA_full/blocks/426569610.json.gz	110605	73e2c540dfc527ae6d1897a512a42751d25b2549b49fd94a1da7751f777ba530
diagnosis_20260823/routeA_full/blocks/426569611.json.gz	96692	480c93153dfed602faa3817dabc4732a26e27aed133d1ebb4eeffa0660715cba
diagnosis_20260823/routeA_full/blocks/426569612.json.gz	129842	613514146e128d9b2a062fe4646758d63c7f3c17df6c32a54f5659ac4c782348
diagnosis_20260823/routeA_full/blocks/426569613.json.gz	98452	d5566f1d2d705cad6393ba420a5932873f37f19e3328ce84a895018ad5db46ca
diagnosis_20260823/routeA_full/blocks/426569614.json.gz	98197	4fafe2eadc81b7f5de0d7ffa9feedc7f189a0482e143a3ce26ac6d8290f72f08
diagnosis_20260823/routeA_full/blocks/426569615.json.gz	101918	4acb391a9bd5b0c370487ed1769f3604e30c70717715c0fe00d52af43d661d85
diagnosis_20260823/routeA_full/blocks/426569616.json.gz	278094	c76af346be71ce60a441fef43cd54866e64f46bc69aa55903c0ab1fbec94c246
diagnosis_20260823/routeA_full/blocks/426569617.json.gz	120732	ccaedb1cca429a31be97ccc08414caab673039a45e29e7349994b833e2d933f6
diagnosis_20260823/routeA_full/blocks/426569618.json.gz	371806	543f8d5332475416f7c292f8a7ce60ecd7f82a7d22d4afa0cfa69387ef50623f
diagnosis_20260823/routeA_full/blocks/426569619.json.gz	145058	2fa435edb80b3ff99e82a3bbf9be9c68b57895e96606ccc387e5903eb3ef04d0
diagnosis_20260823/routeA_full/blocks/426569620.json.gz	134065	7cb021f06b834cfb4f898e13736a87ebbf2604a5f8c38f926ffea27f71b46ff5
diagnosis_20260823/routeA_full/blocks/426569621.json.gz	156754	24fd04610649736c4bde38d2cba0473317142036d88eb3a4c6498daef4bab0b5
diagnosis_20260823/routeA_full/blocks/426569622.json.gz	141750	c767a360522bb92b15505b7da1f6247751ac673f7b24d7a1210e0f436c004c30
diagnosis_20260823/routeA_full/blocks/426569623.json.gz	154153	9e7e18cc96f3ad76d1a0615657467ec9a15fcb33df3ce9f6ebd81e83d976decb
diagnosis_20260823/routeA_full/blocks/426569624.json.gz	155762	22a17347b3a19dfb187a0e485403042bb2a1fc04a10db3285d4116c589e77073
diagnosis_20260823/routeA_full/blocks/426569625.json.gz	188601	e9b344c9093463f2aa295a23a19be4cc6a271acacf0ede2bff439b79a6607675
diagnosis_20260823/routeA_full/blocks/426569626.json.gz	131543	65490fdd81dd2bc9be0a505d09690728d37d0c5c0222685b9e65fad702d69b63
diagnosis_20260823/routeA_full/blocks/426569627.json.gz	114112	528166ac72080aeadc495855e5e8a3325ae491ccefdf43bc2944bca661062a27
diagnosis_20260823/routeA_full/blocks/426569628.json.gz	239558	a1f1e094468b6f2d7a68785a9f852c746b86bad7f77b0e9f390c5f0639147fe8
diagnosis_20260823/routeA_full/blocks/426569629.json.gz	136608	1cb79aafcb43788e2788eeea52b14db48e3dc707d340937b3dc6c50ccd805db4
diagnosis_20260823/routeA_full/blocks/426569630.json.gz	124102	ac26677336c88e47312aadf87acfc58c319bd6eef80bd4766c484df53e0f9e19
diagnosis_20260823/routeA_full/blocks/426569631.json.gz	122735	ce12c750d17f0cdac340a97588730e88dd2169a55123703b12eb087a196246bf
diagnosis_20260823/routeA_full/blocks/426569632.json.gz	178660	9804026e5caafcaa75e131d0b02539dc64ba81446d56093b2ab4d24950867b2c
diagnosis_20260823/routeA_full/blocks/426569633.json.gz	183709	610ce907a9c347eb981692f9d4ba3ea03f33bfaa252f4d62c30a052c7f62c007
diagnosis_20260823/routeA_full/blocks/426569634.json.gz	309426	2222f59414712229e23287302682861094aabc2e55060f18b8bdc2c0c967e2da
diagnosis_20260823/routeA_full/blocks/426648923.json.gz	197099	4dff904a0aae743b7113afcc29f4812a293b5a9fe6941204fc38a24f02960350
diagnosis_20260823/routeA_full/blocks/426648924.json.gz	270044	e39e8883da6dbe46c83e2d15649a18803bb2d303f1e8e4ce5573d67276dcac03
diagnosis_20260823/routeA_full/blocks/426648925.json.gz	218896	8934f12beea3acbe11d3421ca72406e1967459652e73c00d8390f729dbea25cd
diagnosis_20260823/routeA_full/blocks/426648926.json.gz	193558	27429a7eb97965ede545442d3194890dcb4e9dc501883c35259d0c28cf25b222
diagnosis_20260823/routeA_full/blocks/426648927.json.gz	214918	e235775b47a47a81726c44d2bdfe31be3aeec9e3dc4aca81d9d12026a28688c9
diagnosis_20260823/routeA_full/blocks/426648928.json.gz	383030	378fdaf5df56ae8787f444bc303acda7ededb4f4c649a267d06ebfc5862c2cfa
diagnosis_20260823/routeA_full/blocks/426648929.json.gz	419112	78954f1bc2b86e8330957bd4816d6000f82fd8c72d54c26d3d30aef9505ae0aa
diagnosis_20260823/routeA_full/blocks/426648930.json.gz	317476	031c5e898117c6a0ec70c8155807f8b73faee5e56d923421668c072a917d5856
diagnosis_20260823/routeA_full/blocks/426648931.json.gz	371687	e46293997ffb7c0b6717830d55f9cf39084ad8d6e5dcd65837c03f95422c1b8d
diagnosis_20260823/routeA_full/blocks/426648932.json.gz	312398	a8de6a2e6b046b9aeb6a42df6dd65f21e9dd7531b7ba4f4dce0eb615f873006e
diagnosis_20260823/routeA_full/blocks/426648933.json.gz	219681	509a7fdd80f200d4172a3c98c2082bd822af28f2e6d4a17de85854b901d51146
diagnosis_20260823/routeA_full/blocks/426648934.json.gz	204016	cf4e8cd245264325cdb3c7e3772648bbaaa054b3cedb936ccdbf4cff22d99ea9
diagnosis_20260823/routeA_full/blocks/426648935.json.gz	218338	b9a04e3ac1ef3822acdac105a0aa9b838c8d12e7aaa17a3c555314259679062e
diagnosis_20260823/routeA_full/blocks/426648936.json.gz	208085	f0f9ef591d95152df19d1734429c7ef51c049ff20939864b208995204944c4bd
diagnosis_20260823/routeA_full/blocks/426648937.json.gz	192425	3d65e850a20a0ce66dbc25ad19fb0eed353f96deb697d1c28d5ab0c84186482b
diagnosis_20260823/routeA_full/blocks/426648938.json.gz	181673	f0d7baa4a7c39827ae5acfdbeff8a4c4a66d30d89dce363d1f04c2910e756a94
diagnosis_20260823/routeA_full/blocks/426648939.json.gz	167313	8478eb15dc33b5e71ca58a5fe162094ff75a420f220c5da7c6009ffb53928d21
diagnosis_20260823/routeA_full/blocks/426648940.json.gz	282369	e72247a0e97db959e5b0f1ead1170b0ca62b830e2257b3a2c97a7abb7fcde723
diagnosis_20260823/routeA_full/blocks/426648941.json.gz	255727	ca64a4b73e88714c063674ad291c4bb58637aad84f84e000ab2ae6665ce3df70
diagnosis_20260823/routeA_full/blocks/426648942.json.gz	231646	66af3906bfead219b56451d6113c2820ddec04a6ce0660b2bfad2b3c935c0ee7
diagnosis_20260823/routeA_full/blocks/426648943.json.gz	248395	d5c17fd5e6db42ebce56459da3bfbb6992c1d2e0fb8253dbdf1867f1f1459f79
diagnosis_20260823/routeA_full/blocks/426648944.json.gz	399206	eee9c52059f5c7d640975ed45042e3cf9780ac0e0baab0af23dbcdf0f587a9e6
diagnosis_20260823/routeA_full/blocks/426648945.json.gz	444476	9f76e30b2d2c5863f853f4f53c95f2c0dca00f6105a90c5c24dc32d4f00e2ed3
diagnosis_20260823/routeA_full/blocks/426648946.json.gz	197686	cab23b26849801dd9557f4820ca7644a2f8966ac88b661f6678135ed3ed3261e
diagnosis_20260823/routeA_full/blocks/426648947.json.gz	149812	93a3561d9c408963b6cc0189ef33f2586b0bc6bd1ac0d65d6ae5e7fab6812cd4
diagnosis_20260823/routeA_full/blocks/426648948.json.gz	313746	9085f3bf68abf1a1f1ec1de6279371678859497bab6350f8d9e38eacfc0c2bd6
diagnosis_20260823/routeA_full/blocks/426648949.json.gz	233315	d458dccf35f85d018ca60a96b10de653461f3ab9c1e85d1b3dc24634f2efa8a9
diagnosis_20260823/routeA_full/blocks/426648950.json.gz	291081	160d29257f9ac0f1e3ff9c58afb2883490c1c0a8b934a97b7027a48f0c9947e6
diagnosis_20260823/routeA_full/blocks/426648951.json.gz	288392	fbc9bfc090991628e204eeedcac203ec6df93b585117f4b03b4766b7c11917eb
diagnosis_20260823/routeA_full/blocks/426648952.json.gz	399247	9f2986d3c9ef3ebca967525cfbf13a8a135934b45a71ccf0e494279d372821f3
diagnosis_20260823/routeA_full/blocks/426648953.json.gz	266409	283e02c25a922b770ce0449b3ea453d7930741f0a20016217bbd9ea917a058b1
diagnosis_20260823/routeA_full/blocks/426648954.json.gz	304292	08d1abc843ed7ac90e6d81b8d4b2e5496da971030ef9978b5e66f1a155e6d2d8
diagnosis_20260823/routeA_full/blocks/426648955.json.gz	234109	b532a9153fd4b89f7b1c7f4e32b8baa197f2912b0c25e087b3aeff2be601bc1c
diagnosis_20260823/routeA_full/blocks/426648956.json.gz	509738	6187a3a3f370a52e1580d410d2cf3b34ab470ab5ed6e263fcb3c1d52b3c55a1b
diagnosis_20260823/routeA_full/blocks/426648957.json.gz	373061	5ac2b5c492ae888a0cb35631ab20955b3afc63ec5008eec6915ede7479eac1de
diagnosis_20260823/routeA_full/blocks/426648958.json.gz	238958	f841c52208ec49037e5f34770152587a861d28fe94c0b1e61e8d437ca12ae7be
diagnosis_20260823/routeA_full/blocks/426648959.json.gz	207377	7d6abef8546753c6214a98feae25493fc808de7ace93b95bd39d6c0c102d2d6c
diagnosis_20260823/routeA_full/blocks/426648960.json.gz	181064	65324785f60e4d8cf0caf7d83124e784807cbc565d6904eac119504f7d1abd9d
diagnosis_20260823/routeA_full/blocks/426648961.json.gz	247346	0ec72b81a15aa6986a4cf7768e5d282852183d53d28307c5d1c1cd1f00a10a8d
diagnosis_20260823/routeA_full/blocks/426648962.json.gz	263802	23e13b6050773c0950c7c194234a7e2a2e8062bdaa1439cdbb5775e0f16b4ca3
diagnosis_20260823/routeA_full/blocks/426648963.json.gz	450583	5f44ce4e0f1c4a0fa1cb1122f9864a5cafab0ea7ffa5b06f5b20bb3130682b8a
diagnosis_20260823/routeA_full/blocks/426648964.json.gz	319968	73f08404ad4b8202e0f0979dbac95ae7be58f0cac3ea802803be398e335e4ff0
diagnosis_20260823/routeA_full/blocks/426648965.json.gz	397238	1c3728840a6f166cafd205c365d52349fb024fa0d507f886edbb4e25669f6332
diagnosis_20260823/routeA_full/blocks/426648966.json.gz	242612	43d4964f47a11248450d23bf88f1686b4e68fe292a1039b15b6eaafb70d22b36
diagnosis_20260823/routeA_full/blocks/426648967.json.gz	216056	dddb7d4433558fd20dcdd543b6a64fca6309bf761efa73ea6e66e03fd67a71a8
diagnosis_20260823/routeA_full/blocks/426649373.json.gz	266510	51aa87544c2e10ad18babd5a8ea26cfece50f6899158a137b35b9d232b737e20
diagnosis_20260823/routeA_full/blocks/426649374.json.gz	265670	a1364bda68a9f2847a4eb01f9cb10bf7cb50a91ec2c442bb2f639ee87515a506
diagnosis_20260823/routeA_full/blocks/426649375.json.gz	531513	421d2cea175dcf1ea97812717f038a55d632a9f6cbceae0c5587d7e7799387e6
diagnosis_20260823/routeA_full/blocks/426649376.json.gz	569051	cce9d08833ccbdccf6d9dd28f458a6df00aa61dccb27793c6a1202d3acf935ec
diagnosis_20260823/routeA_full/blocks/426649377.json.gz	444143	05348448ea0eb0d76cda9d035f6257aa4cc8c0a943eaf8bf204dad71e7d7b15d
diagnosis_20260823/routeA_full/blocks/426649378.json.gz	394557	5be50818761c17734696e58367455d0236966b11ad4b22e95405fca5311ad8cf
diagnosis_20260823/routeA_full/blocks/426649379.json.gz	238918	20ee013e4ed4e3b165d7b329116c3464746ace721b8abf9f56e6ce64b3d613c4
diagnosis_20260823/routeA_full/blocks/426649380.json.gz	405458	496ee7fd63d729fbcc8de65d5a4a53443ad77059649dec42ce853e027051eaea
diagnosis_20260823/routeA_full/blocks/426649381.json.gz	353358	da993c615c230bafa4db0c9581ade165ec3e5258582d76eed55f8736a931dd95
diagnosis_20260823/routeA_full/blocks/426649382.json.gz	274326	326d5e477cdc2cbec8f08709a219ef8a6f8d3d46c09015b325a4193f0d5c097c
diagnosis_20260823/routeA_full/blocks/426649383.json.gz	209253	ed3457d2d6449f9521f626ac41a73c6e444ea7ff9584b7f3578b2c91a70f4f35
diagnosis_20260823/routeA_full/blocks/426649384.json.gz	339587	79b696dda5988371f37c8065f9a5770445c26cea573e87993559a421e4075d27
diagnosis_20260823/routeA_full/blocks/426649385.json.gz	325934	0003808cdd9a7747e1cf02fec54c6c2c6f458d06647cc6db965859d1057d4d3c
diagnosis_20260823/routeA_full/blocks/426649386.json.gz	291470	05568e71e25bf1f16894085914a0481dccb5b22c13798fbaf7934045ab731329
diagnosis_20260823/routeA_full/blocks/426649387.json.gz	236994	f64ae20062db65c02c63c0ad7f299cf894bc72b57d18c088aa70cbeea19115ff
diagnosis_20260823/routeA_full/blocks/426649388.json.gz	314491	4d8b5beaf3aa1b532525f803c33f5e3c2643e75b6be91dc3dfa618f7ebaeaaaf
diagnosis_20260823/routeA_full/blocks/426649389.json.gz	233379	c87e3d33b50f66fd5d17cbb0198d21388d055bb4a25d75e95976ffa3eb43f916
diagnosis_20260823/routeA_full/blocks/426649390.json.gz	273529	4fc7816ee204a7d659393b913c173fe52bb9c5d32120bd0c779cd0855dea427f
diagnosis_20260823/routeA_full/blocks/426649391.json.gz	340202	e8430e4c06e35002686235ec4e3cc40409c60801f22e85c5160e192346ab7ebe
diagnosis_20260823/routeA_full/blocks/426649392.json.gz	310550	1389d8ffc09c0f3905672341d30efe9a745dbba77e68e08820fb1994be36777b
diagnosis_20260823/routeA_full/blocks/426649393.json.gz	202535	88df126eed2dc7b85577be0f62b3f1dae3ab2f41068a832e360c94fb182b7dd7
diagnosis_20260823/routeA_full/blocks/426649394.json.gz	212220	4460a1a850bd6c8a68c783ee12318eed7473cdb2e4fd1edcaa0de6fa8e2bf315
diagnosis_20260823/routeA_full/blocks/426649395.json.gz	189382	ae9fb3e41a4dd9d7bfd6d968e9a8b6db9dfc9c431a86af11dad900bfc65220a0
diagnosis_20260823/routeA_full/blocks/426649396.json.gz	211535	c1ed592b368156df3d39f02040fcf973b4a06aa48d75eb9382e792aee319e8bf
diagnosis_20260823/routeA_full/blocks/426649397.json.gz	328970	a99962a6841745769bfec88eada7969bfb9380e50785b2cdb5afa7505407dfa8
diagnosis_20260823/routeA_full/blocks/426649398.json.gz	239851	e40304d241b3b18d15e80f53fab9de47787b54a6332b5793320ca1eb4d9f9055
diagnosis_20260823/routeA_full/blocks/426649399.json.gz	176704	ea797b348bd7885d5c1826ef28f47f411eefa4f581f20383ae65057c07ec6a96
diagnosis_20260823/routeA_full/blocks/426649400.json.gz	216657	36c6922dd58349a180a0b6cec557047d9fb9ef461f3d2fe086826b0109e807d4
diagnosis_20260823/routeA_full/blocks/426649401.json.gz	209914	de5bc4b24fc55cc047b143a1e04b15146696fd83c3d3d875cbc686b317d407fb
diagnosis_20260823/routeA_full/blocks/426649402.json.gz	187803	7454366157d2187ae734119d045657f8c1b280616aac919d3a7ee014e83ef5d2
diagnosis_20260823/routeA_full/blocks/426649403.json.gz	282644	8f61df921f7de7fa4ed20a2af0a96eed69301de17b64352b48e8e3c6b9a66ead
diagnosis_20260823/routeA_full/blocks/426649404.json.gz	334444	457193215739e551241e6db4e450271f55645de85e9c0b7ffd91b0b01cc6fb78
diagnosis_20260823/routeA_full/blocks/426649405.json.gz	254636	4c5b49612702d5aad77b3ad14e0e3cd06e2e83509eaff4a57985197ace13d54a
diagnosis_20260823/routeA_full/blocks/426649406.json.gz	273055	a90579b40e5edc9cbf312f476603ba065179d1926a4dd67594b9112e3d8cfc99
diagnosis_20260823/routeA_full/blocks/426649407.json.gz	244437	ba5b12328e6ce912afc7939b72cf946156f87f3e390631ddbae68b58068adfb0
diagnosis_20260823/routeA_full/blocks/426649408.json.gz	185228	788c69b1886553f7b4283f3762e134bdfc97c76757b9b1d9f30912f89632e886
diagnosis_20260823/routeA_full/blocks/426649409.json.gz	498737	0efd630d24738645dd2904fd35f6b687aca34e3fb4bf3a474dad8d0fa2fa8216
diagnosis_20260823/routeA_full/blocks/426649410.json.gz	309661	9367098d9463c3fd4ef461d77671ca73805718ed3db7b3b6e729b9118d2542f7
diagnosis_20260823/routeA_full/blocks/426649411.json.gz	241664	eca20821361444c9fd996569fef707c4bc6a7a31c521eb48612a6b3ca142344b
diagnosis_20260823/routeA_full/blocks/426649412.json.gz	370592	4ab63e3f54e57a94da4e2af5c7c96ded1868cf8d4c1c5abd5945772e200e4252
diagnosis_20260823/routeA_full/blocks/426649413.json.gz	305887	950ee8815f2c413a57c53a2550adb8f91654dd6b1a5392f88aa57962c7cfdadc
diagnosis_20260823/routeA_full/blocks/426649414.json.gz	392873	4eee91c7da38807116c8d8e6767c03c3f7d37cdd2246d6e8ebd4ad3fdd2c275f
diagnosis_20260823/routeA_full/blocks/426649415.json.gz	368373	8feed21df3ce67624abac7fc586587d86b2872be77da451815bc002c6e20e6e6
diagnosis_20260823/routeA_full/blocks/426649416.json.gz	279733	831ad74f925c393e9a2fd3dea42c95cfd878762430fc499e4e78512cf575e6c0
diagnosis_20260823/routeA_full/blocks/426649417.json.gz	476739	a575d7338d3a689bed75f25e67ed1b23883673ed2975fd17cfeaf312e86cd1c5
diagnosis_20260823/routeA_full/blocks/426649418.json.gz	432280	f9154dd34d784b1880dc7d95009c48874ec3d634d9a0a67b01f14dfb3699e982
diagnosis_20260823/routeA_full/blocks/426649419.json.gz	391627	33f6bada5b9d14d3515289cc3928e724ffe362a6923d8255d123438c60a679af
diagnosis_20260823/routeA_full/blocks/426649420.json.gz	314335	50041290cbd5a704dd7fe68ba29047f013f5d7311d84af50bc6c82dc908d03e5
diagnosis_20260823/routeA_full/blocks/426649421.json.gz	365098	24a9d3ed9ad230243369360fdb3f82b768713c37083b4d7048a99de715e9bc8e
diagnosis_20260823/routeA_full/blocks/426649422.json.gz	340303	86fcfb2770a96297c8d302334a14367b9a6830d39ca9660946351282ca47b43d
diagnosis_20260823/routeA_full/blocks/426649423.json.gz	377087	2914019814e5bb74a242846da700d4214e1ffac51da466cf0570a2deae20a28b
diagnosis_20260823/routeA_full/blocks/426649424.json.gz	449388	f78c8fbd28fff482a29ea32cd8f72de62a2f5813958624906287c4df3f1d5b88
diagnosis_20260823/routeA_full/blocks/426649425.json.gz	358649	b00f1f6f97626a63770ff15cf4377b77d769547c14f10a3b343c57aaff6c1cd9
diagnosis_20260823/routeA_full/blocks/426649426.json.gz	358066	6c6db1b715c387838dab6165c0aa6b667d3fdb1fcfcef46b8083d7159adeca0c
diagnosis_20260823/routeA_full/blocks/426649427.json.gz	360851	4409affd7312f1a0963458b92ecb148d9ac203dca47826ca493ddba4fe30fa96
diagnosis_20260823/routeA_full/blocks/426649428.json.gz	350160	1798ce372fc9dfadd7fb009adb98c2126f81b4823822be6ee81223ba03ba689b
diagnosis_20260823/routeA_full/blocks/426649429.json.gz	429107	e493319ea95410c5363fc87e492cf3c469c559d075d69ce21b91a14eae60769f
diagnosis_20260823/routeA_full/blocks/426649430.json.gz	475651	8038e8feb8bae772888eacc57a80e8b25c13984c6fd0a4aac985a9daf8ad6d9b
diagnosis_20260823/routeA_full/blocks/426649431.json.gz	606470	899ba7f7aa327c536ab825e7daca3d3314233fd4a59f57a6307664198110ed4b
diagnosis_20260823/routeA_full/blocks/426649432.json.gz	403703	abc63c6bf3e9eea3d1849dc9c2072f8e5b6029d593a3731025589159d2ec28be
diagnosis_20260823/routeA_full/blocks/426649433.json.gz	301877	5d790e6c8a6f8eb03ac246136bdf74c4db29d159ccf695423b0df53e2aa8bf04
diagnosis_20260823/routeA_full/blocks/426649434.json.gz	303177	1dd53a3d8e17afc4483b036a2ea63edfd2a5372a6cf5929b0ceb7e07e315089d
diagnosis_20260823/routeA_full/blocks/426649435.json.gz	295534	b615c9442b85b3e32f64a108e06914b81187bcafa99ba0f49785d23b52bff8cd
diagnosis_20260823/routeA_full/blocks/426649436.json.gz	427039	5c6db4a25136f7072d9198e862d406efadba2c43648cfe6a662794fa623996c3
diagnosis_20260823/routeA_full/blocks/426649437.json.gz	255614	501ac31fc0c4ee3272c9b25594b74cc32ac2af6772cf044101694b0ea345c6bd
diagnosis_20260823/routeA_full/blocks/426649438.json.gz	328226	f7bf3a381a177438b2bb7097122f93662b8df2fda8353a27cf4d7636df21e002
diagnosis_20260823/routeA_full/blocks/426649439.json.gz	343525	0621d91419a3f030633c20bd1e4d4c713934b3fcd5768c1921977ae2b3755f3d
diagnosis_20260823/routeA_full/blocks/426649440.json.gz	333563	47015ee86aa2b02f9d874e21891dd8f5b5f085202468fd8c33bab2555728eca7
diagnosis_20260823/routeA_full/blocks/426649441.json.gz	360364	3891dda5d414e2b0006f28be362814fc2474b095dbc981ce9e0dc30e7fabfa35
diagnosis_20260823/routeA_full/blocks/426649442.json.gz	315032	03e7abcccd562385bb3842918c52018b004e9712395079323678cf57fa17dccd
diagnosis_20260823/routeA_full/blocks/426649443.json.gz	315553	4b8f15f42b8e84e4a325ef5b34dda6cc240c37df01d97a2727d3493adec68455
diagnosis_20260823/routeA_full/blocks/426649444.json.gz	313942	51d8a61a295dc49ddb793b5668ce538a7cefa8ff53260566a57ff893ced4a7f2
diagnosis_20260823/routeA_full/blocks/426649445.json.gz	498663	61f8b9c2157ee2447b04547cac133c9ed9d918bc97377365862c57112d71b411
diagnosis_20260823/routeA_full/blocks/426649446.json.gz	508126	d18fe1b78a81653853b3d7548ae6b554d7551adf25bd05c09011ce2876a29314
diagnosis_20260823/routeA_full/blocks/426649447.json.gz	467802	58085330254fe456b63db8a655f9e8b0004858a7e0b8c44c4cd7a627a0001e81
diagnosis_20260823/routeA_full/blocks/426649448.json.gz	363619	5c60a4061d633b8947ddbd4694b5ffaa68311ce1601fa43cf7292a5c6c3918d9
diagnosis_20260823/routeA_full/blocks/426649449.json.gz	427768	3b7b0c1fb44334ab568c7edfa34259879cfdfd4d584d075f7dc9a2999c43190c
diagnosis_20260823/routeA_full/blocks/426649450.json.gz	513248	8a0422d5894a383b06ccb515bd8cb6fd90cf0f41442f093c7f94ce932a5f6d44
diagnosis_20260823/routeA_full/blocks/426649451.json.gz	356891	43111cd641e555b23182428a9f90260146e917afacb0fa7a6af4f897ac4ae1a6
diagnosis_20260823/routeA_full/blocks/426649452.json.gz	444489	2e6a4a4481140a472eab6bcbac922b18b034875ceba76eb9b926f7eb6955d6bc
diagnosis_20260823/routeA_full/blocks/426649453.json.gz	430194	c233d9df102b12f6876ad54e15e3302ad6be650579473aa07ba24b54d39abf53
diagnosis_20260823/routeA_full/blocks/426649454.json.gz	449754	34e8e4a75e8294f701828a3bd342162ac1b2b91e51c36a476e9c3ed6678b8c59
diagnosis_20260823/routeA_full/blocks/426649455.json.gz	374797	a15ff0f06ec67a0d6453056d185a532f96e8cef14bd7699762ddde539ca5a09b
diagnosis_20260823/routeA_full/blocks/426649456.json.gz	312744	3a4a18528328db26127668bdd1b86be8f867540ff15b787c3ede4a235b9f9d1b
diagnosis_20260823/routeA_full/blocks/426649457.json.gz	262727	34db3872ccc05009093e6010c19a8a83825be0ebd5940adb23091cbe710c4fba
diagnosis_20260823/routeA_full/blocks/426649458.json.gz	221466	c786143ea34162edf6ea22e0394b82cd90bca886e8d70a364b719b3d64ea7622
diagnosis_20260823/routeA_full/blocks/426649459.json.gz	300364	d83a1f6fa8e8d7b8046f53862919ca02ed51ffaf54b6d53fa5a6f98707486548
diagnosis_20260823/routeA_full/blocks/426649460.json.gz	596988	a7b6da9eb6f54755b69ea8e4b7d412d7d6248cd75016b6aec6e8369efbf93b4b
diagnosis_20260823/routeA_full/blocks/426649461.json.gz	439903	5dd6b36de17856489f05342ea9c4f08d4458a64f62ac480a4695796d4249bfa6
diagnosis_20260823/routeA_full/blocks/426649462.json.gz	406721	511a4cf5f672635da1166efc78b355f1e1eef4508ff60ba81ffe94fca7d11655
diagnosis_20260823/routeA_full/blocks/426649463.json.gz	362070	cc4582e36374067805a6f149a67ed902a3ef5f87171ff1d736a294a5331d3ebd
diagnosis_20260823/routeA_full/blocks/426649464.json.gz	260728	ca2a6eb86fe1f6ba912c5cdfd52aaa442f1c8d04f0a98686a0d255d3b062a065
diagnosis_20260823/routeA_full/blocks/426649465.json.gz	361856	d3ca4b0f8a548ac0dd2e675abc8c7d69725fedee6f5ab173646916b93552e114
diagnosis_20260823/routeA_full/blocks/426649466.json.gz	317433	1f3ca53f34c2b7fa05dde7052839a2ce42520322004252ee798b4555ebff619b
diagnosis_20260823/routeA_full/blocks/426649467.json.gz	324579	4a72e3578fc4ea0d5d7bc363d54f78005985adfedabf31c9690967397750ca57
diagnosis_20260823/routeA_full/blocks/426649468.json.gz	403365	a25b2e77079b62106e12b3973634cf29058dcb5af607d3dda5958c26047f997b
diagnosis_20260823/routeA_full/blocks/426649469.json.gz	317955	545616c42ab824dfbff8bc242621af34ed4b718f867fecdc2df3ac3de03ca66a
diagnosis_20260823/routeA_full/blocks/426649470.json.gz	271603	e71a1b113925e31d9714bc712c3705ca5864949099c07e342b01f795ccf8bd8c
diagnosis_20260823/routeA_full/blocks/426649471.json.gz	321060	bc19d9e7d4839afeaed81a3f5a8b6b87320770d106c970059ee503cd88201313
diagnosis_20260823/routeA_full/blocks/426649472.json.gz	367030	c929020f98dc2ecc851d27b9958a1d3ac98afc4fb6a2f8db7401bd41e8718954
diagnosis_20260823/routeA_full/blocks/426649473.json.gz	314201	7d813e9d613d43ce782aebdc71f4a15810f972f496ac34ce439483ef02063a05
diagnosis_20260823/routeA_full/blocks/426649474.json.gz	303089	700311faafcaa5d894c1f6babd85c1df164ac8dedf6b0b11341b6126c7ebb7c8
diagnosis_20260823/routeA_full/blocks/426649475.json.gz	274457	06119fdb6ad15ece05e94ad1771bd42a3ed0c3efd3e04ee696ef38b15e929b8c
diagnosis_20260823/routeA_full/blocks/426649476.json.gz	301789	8013569b6442f940889d030a45cb6281f67724e448bfdf422a80fd6e4366ecd4
diagnosis_20260823/routeA_full/blocks/426649477.json.gz	246406	bbc0157fe3cf7433f32ea966ab072bc1c5e436788dead05b3260d04ff9dc4fde
diagnosis_20260823/routeA_full/blocks/426649478.json.gz	342836	9338e3bc6f02610b1e947b69f0a34501421005705cf621c0724079023b8aee73
diagnosis_20260823/routeA_full/blocks/426649479.json.gz	285916	04b8c90603b106f276ee1019ff5b2e61409561ae4994192fa980b21685ff00e0
diagnosis_20260823/routeA_full/blocks/426649480.json.gz	343910	5303bf292aaf1c70c84a54884ad9bf2747bc5827ed1b226ceeff1ad9b83da1b0
diagnosis_20260823/routeA_full/blocks/426649481.json.gz	455002	95ce9b307b831f686be2827db5f849aa5ed1c5c915bd22da648bbbaedc5dfd17
diagnosis_20260823/routeA_full/blocks/426649482.json.gz	300671	315a23a0b6d45fe64e7e8fe18803f8090f3103d29dd388a55d6d9af2812d4bbf
diagnosis_20260823/routeA_full/blocks/426649483.json.gz	344461	176313f0e92ca3eda0bd774d78c77d1444bed3a6cbe2e91284995deb5e6803c5
diagnosis_20260823/routeA_full/blocks/426649484.json.gz	551763	6d7d20a795275c4a86b368bc788032ca73f97f9cc31dea67f0042c488cfa736e
diagnosis_20260823/routeA_full/blocks/426649485.json.gz	358643	f97e8c90f5d01f5a89c5e9f50fcb63bb5699945db971dae3e4b2fb5b93c339bf
diagnosis_20260823/routeA_full/blocks/426649486.json.gz	308872	88939d8074ca09cc2e5d07831490a075817f56a94732f042a98cc8685b42a0f5
diagnosis_20260823/routeA_full/blocks/426649487.json.gz	283043	7a8b6d718a61036ae6041a40463e39c6128e92f3cdc8ed09494230af8db7c613
diagnosis_20260823/routeA_full/blocks/426649553.json.gz	263479	fd527a54ea6be001ed6e13ab66be44aa19cdb6fe749546ec6f403be1414b9ea5
diagnosis_20260823/routeA_full/blocks/426649554.json.gz	265039	6c9805e35f89ee897d78007a78137142e3b24dcf588322ed468b95dbe1c806a7
diagnosis_20260823/routeA_full/blocks/426649555.json.gz	314034	7d66e45761b8a73513b66b83318a751c4cb09dda4cea78efd64d3eddf06a8d5e
diagnosis_20260823/routeA_full/blocks/426649556.json.gz	264238	979e364cc7e9d5e94cacead424c8a531a9421603e509e05ebea67092ec99b976
diagnosis_20260823/routeA_full/blocks/426649557.json.gz	307679	42f9be7d24298b8705a79042c76a0070f4540fc658220a07abae2e0f436ae282
diagnosis_20260823/routeA_full/blocks/426649558.json.gz	257979	0e1d1a4a5a734c695423a4a2ef9b48cebb09e2bab54218d4c0995e01163b5efa
diagnosis_20260823/routeA_full/blocks/426649559.json.gz	332262	b4f7eb44090392db2b75ecbe971933329ed99c9900e4ce7587ad42f0b7affeca
diagnosis_20260823/routeA_full/blocks/426649560.json.gz	310558	87ae61b08aac76462dccd1f5cfccf06c67d3cc1a5588fe2f13e4febb891d97fa
diagnosis_20260823/routeA_full/blocks/426649561.json.gz	358629	09fb84de3deb7944326485e23d7104201fdede01e97fa57413834e2b4d4430a4
diagnosis_20260823/routeA_full/blocks/426649562.json.gz	466482	b8a65ae04e1113412bf973f8553f04c66d5f367d0539c6bbc9b741846c5eb695
diagnosis_20260823/routeA_full/blocks/426649563.json.gz	386297	dc2ad93907b197991d14a53ae5f9071af5ca6390b6ec410361879cf215535790
diagnosis_20260823/routeA_full/blocks/426649564.json.gz	375767	486d42ea197c0116759cc93f1a422bae3af6e51850100ba0729a9aa7100afa4c
diagnosis_20260823/routeA_full/blocks/426649565.json.gz	297424	937f5e1026991e089dcc86f1477a9861acb4cd3f368163f6ae5e7e9749b5cf55
diagnosis_20260823/routeA_full/blocks/426649566.json.gz	327982	d08e9db5a435244a9dbe6186cc3266961624fb62ba210eebab45b3b1d017902e
diagnosis_20260823/routeA_full/blocks/426649567.json.gz	300503	942924041dda773ff201213c14ba4f2a756e489627065654c69e3bd75c704e67
diagnosis_20260823/routeA_full/blocks/426649568.json.gz	344346	3508a88ba3ef84633a052667c91113fdc417af0b1c3cc3da27257717769c2509
diagnosis_20260823/routeA_full/blocks/426649569.json.gz	389483	0da5d7c83afcbfd605346969c647ca0f68b757674d327c2154a87f5175ad636d
diagnosis_20260823/routeA_full/blocks/426649570.json.gz	357162	2d91ceaa20b2587d653f0f646a44ab835a3a81910344851a9f46aa4a6e874c61
diagnosis_20260823/routeA_full/blocks/426649571.json.gz	328766	b1ea3e211de010b38b4b55895cd18eb872a15ea46354a75106fb86ec3344d690
diagnosis_20260823/routeA_full/blocks/426649572.json.gz	278797	989bee96f3fbec56248ddf07bf0f1a0249bfa5a4fbfc109d2b9e54014226311d
diagnosis_20260823/routeA_full/blocks/426649573.json.gz	219507	61118b565b3ecab41c05d16323d095ef163e4a57d99e05e5e5f579189538a96b
diagnosis_20260823/routeA_full/blocks/426649574.json.gz	229556	819ce70b8fd552bb28e524185c9c5a9acd74aab574fb49839138de7b8f9f2c60
diagnosis_20260823/routeA_full/blocks/426649575.json.gz	255645	c11e9e02f61570b7d71191f84976757898b8cb1ac7805ecce13dafa31b83918e
diagnosis_20260823/routeA_full/blocks/426649576.json.gz	256956	72e0bca81739e51ccfd6e25005d2541437808b919c71356af17fe3848215dcb4
diagnosis_20260823/routeA_full/blocks/426649577.json.gz	202394	4c6fc19c404e76bc19b36f3107af3d40808e96fb7f1fc542821af0410e03e6b8
diagnosis_20260823/routeA_full/blocks/426649578.json.gz	242521	6e5d9de3744d8c493348536485bd75ff8b27e938685af46c4718c69ebfd50a51
diagnosis_20260823/routeA_full/blocks/426649579.json.gz	282333	4f0743cb4f17acdd4dfa1358a14b250c4724ef241416e878fb67558e369883e3
diagnosis_20260823/routeA_full/blocks/426649580.json.gz	202488	7ba4ba436faec42122bf6b541900175a8fd4ab830f906a639e5e3c3bc596b4fa
diagnosis_20260823/routeA_full/blocks/426649581.json.gz	254572	1610b756bb672044bc60bd664041715ae3398e58bbf716def706ab747b675b13
diagnosis_20260823/routeA_full/blocks/426649582.json.gz	236586	728990d60b560a57150a25b800c9a7bffe7fa5c9d440e3de159c79b472a77e14
diagnosis_20260823/routeA_full/blocks/426649583.json.gz	228416	cbdb9e790370a292072d6d28702581862d76e2a9d29fac31fa084ed8884e0748
diagnosis_20260823/routeA_full/blocks/426649584.json.gz	455623	8e631d72600616806ba181c391f21464925865aa8625a10294af2264033b6bd7
diagnosis_20260823/routeA_full/blocks/426649585.json.gz	423350	672a18e5b262b275bd0024c02909a7bce1770063d2b06409266c5fd90d3e5d81
diagnosis_20260823/routeA_full/blocks/426649586.json.gz	324066	c51231aafd51e9b8175fea600f0472cd202f1af9f65ab69117abaf1d67d575c6
diagnosis_20260823/routeA_full/blocks/426649587.json.gz	406339	090ea260291c66293fba33004df23b482e7be8a52c834360cf82c58d423fa48a
diagnosis_20260823/routeA_full/blocks/426649588.json.gz	457715	d8463b3779264ec1c30af08b32b9e28725358abb576018e5e6f6ffea9e0bfcd5
diagnosis_20260823/routeA_full/blocks/426649589.json.gz	279440	a5093fd20be3494a12f570db256d61eff3352174d40ddedc16a3f35cf3ae384d
diagnosis_20260823/routeA_full/blocks/426649590.json.gz	280650	52ba7f5f0015a25ba5a7c34da8defa1c4d3f54b506eb47acc067bf92054130f2
diagnosis_20260823/routeA_full/blocks/426649591.json.gz	211300	15a7b6a47a5d0867299a9cab00556ce446812ca8cb6faf37a0c2d7ac9e7e56f2
diagnosis_20260823/routeA_full/blocks/426649592.json.gz	261568	07f0f0cc273f93cc7ed0382232b76d89fb5840bab440ec16e6f61f82053f678d
diagnosis_20260823/routeA_full/blocks/426649593.json.gz	311968	645afb90220ceeae9518cfa02abcaaf4737732f13084be3c8c35f6508482c0f0
diagnosis_20260823/routeA_full/blocks/426649594.json.gz	245409	476c63a65f96e51b1f1a8280e5456590d8a748be1f9002dececcbc7d277f55ba
diagnosis_20260823/routeA_full/blocks/426649595.json.gz	261343	a76190a0db7f163808e681431587751a0a3e56dcaceff7235ee763e0561c475d
diagnosis_20260823/routeA_full/blocks/426649596.json.gz	385567	12d38b66e7e13ba428145108445e6209c74bd47546ea10c4caa5df699cda74da
diagnosis_20260823/routeA_full/blocks/426649597.json.gz	439393	8f835a94ebf913feafb0e8d8b2a6fdf1f95cf4b2079a00be8fc7afbc53497199
diagnosis_20260823/routeA_full/blocks/426649598.json.gz	317984	bd6b8d17ec634a5552cbcf72896834848919e8304a6831ab8c62de2a86436f5e
diagnosis_20260823/routeA_full/blocks/426649599.json.gz	321711	20c4261cf30e4c5e91f3e6cc16e1c870d43f2bbdb5b8b3d5d12f3c2883d7ed26
diagnosis_20260823/routeA_full/blocks/426649600.json.gz	354807	3352b66e9ae0bafb270dd41f2baa294e3cae16b8026d5e89d19e36cc90c0a7b4
diagnosis_20260823/routeA_full/blocks/426649601.json.gz	416723	2808b94a26d3e5cee21406c05d9edcfd36ee09d0b2ad1ac02ae6000985946a58
diagnosis_20260823/routeA_full/blocks/426649602.json.gz	317747	d51a5e4ddd9a65a4ac667a47b1fbf74dd2a4f18fde5645c78711f237f9340eb7
diagnosis_20260823/routeA_full/blocks/426649603.json.gz	547053	08c6e15e7de7f368eabf0be21198b4ecf03beafb804cbd004cb9619d05726e69
diagnosis_20260823/routeA_full/blocks/426649604.json.gz	398801	816025a91ac46f3a1a15217ec9f990a80acd81383da7ea2cafc7144a5e6dca33
diagnosis_20260823/routeA_full/blocks/426649605.json.gz	403366	e21cfec4dd884c8373f8aecb773e41c4d4c0cb3b691f3680f10a24501e69b341
diagnosis_20260823/routeA_full/blocks/426649606.json.gz	376559	6a802a3ca54f056060ce35111f2e0ae9d7a96bf0385391cdac6ea7aaf93a17d3
diagnosis_20260823/routeA_full/blocks/426649607.json.gz	451912	058f5e1da82243c4419b6b9d5d23e6c87d6b4ea4c3e0c13981b64f6420541f46
diagnosis_20260823/routeA_full/blocks/426649608.json.gz	484430	46a6b668313d519f416145217619d5f44b1cbe0a8beddebb8124da2d8546c2a9
diagnosis_20260823/routeA_full/blocks/426649609.json.gz	357674	1a346220abfea5d3dc5b5b13788b378a5e2697c295d40edc5eaf3dc8a69183ea
diagnosis_20260823/routeA_full/blocks/426649610.json.gz	312275	0f38b51f1a09b502338e32793127120c7d838019e52366f028f564d833c210da
diagnosis_20260823/routeA_full/blocks/426649611.json.gz	458398	e9f81c8622aa9626b463b099a0fbd38aedc5bb200e7b1ee5ad23c652e01fa8cd
diagnosis_20260823/routeA_full/blocks/426649612.json.gz	286266	e400b66e6e6abf9119a59998db6f59d70ac00caa44ef149f01633b1a968c6c39
diagnosis_20260823/routeA_full/blocks/426649613.json.gz	313890	df964657d2c030f9562bb5717fd224741d1892ec312756154c80e36d265736ef
diagnosis_20260823/routeA_full/blocks/426649614.json.gz	313976	cea404ce0bfeb5c6aefa9114261bc8456e9b68d4a2dc165e05194c274614d715
diagnosis_20260823/routeA_full/blocks/426649615.json.gz	388246	614f884568081aedc7267f6bb8a5564d2a7d9c13a24afb52a4c99acde9e8a2dc
diagnosis_20260823/routeA_full/blocks/426649616.json.gz	279304	3fb8226e2fe5807a1642417335bb38f34b84b0efb313ca1c7aab6cc57bc4757b
diagnosis_20260823/routeA_full/blocks/426649617.json.gz	572125	09488e00c4ba6c1ce56522062f3d01dcef78f41b763aeef080c9b68b4f5ba133
diagnosis_20260823/routeA_full/blocks/426649618.json.gz	352266	173804cf31a6ad95906f0faffe55027b9e3ece66a96eefbdee03508e23ad7b1f
diagnosis_20260823/routeA_full/blocks/426649619.json.gz	337885	518fc9eb6c6d1fbeacfb19ac05bab2a34fd3b245de7d14ab4e4b8a7f6e0038c7
diagnosis_20260823/routeA_full/blocks/426649620.json.gz	377077	0593dc90d16ae205c9b0ad0e33bb4a8367be452a11b8b4a606a37d5a6b8a2422
diagnosis_20260823/routeA_full/blocks/426649621.json.gz	294726	c11d4a46117efde4fb40c3573a882deeb77bb1989d808201826d9af8c3a38fa3
diagnosis_20260823/routeA_full/blocks/426649622.json.gz	295690	b5de5cb8c8f9b821ba8d68b9e9abd8f6235869baad83f127512cfba2faa0cd33
diagnosis_20260823/routeA_full/blocks/426649623.json.gz	256151	a87bb99291082ec70cd6e9e901740fb23847cf96c444f000c62bf2a2f8e76466
diagnosis_20260823/routeA_full/blocks/426649624.json.gz	341488	28baeb4324f5e214d2bb0538e9d156e920d16fd74c3170487d576ebc8bec8524
diagnosis_20260823/routeA_full/blocks/426649625.json.gz	221709	60e54e603b8402c0ef64e7ce050c3056f90adf915e60b1d4ecbb24a4183497ad
diagnosis_20260823/routeA_full/blocks/426649626.json.gz	271075	c24f779732faaeb78f7da110c3cf91e6f014b87dcfc19fe829ab6c0bb5137218
diagnosis_20260823/routeA_full/blocks/426649627.json.gz	221872	37350d5c78b9e99fc239c81182526e5dcf0ae7d9e09a78468bbe51ab11d16d9c
diagnosis_20260823/routeA_full/blocks/426649628.json.gz	316297	2572af8406407d9919a5e4185f6be39bea04c8149d90fe27aeba082a6bf30e92
diagnosis_20260823/routeA_full/blocks/426649629.json.gz	508581	705d08f3e47a0aaccfccf676e545c1a35d0b4c301f02f59fb38d0ae1356c9ff5
diagnosis_20260823/routeA_full/blocks/426649630.json.gz	633953	3596a43d78662643801ef8ad0beaafdd1aaf604eab24daaaf652f9df5faede06
diagnosis_20260823/routeA_full/blocks/426649631.json.gz	439628	3fd2b4ef4208229c683f4865843715dd75fc65cebc1902b54285a1ba1f22fcec
diagnosis_20260823/routeA_full/blocks/426649632.json.gz	235439	b322b44f85e908436af0cc2c88b6963088e1db1d1a686ef42e49d93501f6b9e3
diagnosis_20260823/routeA_full/blocks/426649633.json.gz	278349	774ebbe8ac439d59178d609bdd19e53806200fb68288acc02d985922b370600a
diagnosis_20260823/routeA_full/blocks/426649634.json.gz	304723	71adb65e9e675f4025cb43102dacf48daa2beabc4dd9e35773758fc34ba8eae8
diagnosis_20260823/routeA_full/blocks/426649635.json.gz	329811	79cc265cb2000f56f1b072d68bd3aa995fda4dfccef28344d4fead40f1da87af
diagnosis_20260823/routeA_full/blocks/426649636.json.gz	277871	af5b664f5a6266ffc6076b3b4b2e2cc6597f28f8f46bfedd0ce7f1590d135660
diagnosis_20260823/routeA_full/blocks/426649637.json.gz	288845	5946f7201c990aef777c22dce1581096f4704a975a628293d966bc74f0d0f666
diagnosis_20260823/routeA_full/blocks/426649638.json.gz	239978	c2eabef45f64c17d8b947b776dfd7f0db92f83e365f7ecd1799f51d653e39692
diagnosis_20260823/routeA_full/blocks/426649639.json.gz	158896	8e784ab178774961a4bcd8dc48262fef060befce93ccb2e0f09de6b4c949720c
diagnosis_20260823/routeA_full/blocks/426649640.json.gz	490543	4507fa9e61997a91171c95a281529d557a5225a18dcc1dace6caf78e095d882e
diagnosis_20260823/routeA_full/blocks/426649641.json.gz	378342	32a7b43b53c987cb6f45a639e29abfdca7fea7f49c9e9ca10a9445f0f3b336a6
diagnosis_20260823/routeA_full/blocks/426649642.json.gz	369946	db7bc0e300a04292579802fe838122250864e6b633b934ca7c9e5bca826bd7c4
diagnosis_20260823/routeA_full/blocks/426649643.json.gz	366535	eabe06f14120a34138d190e073d7e104274f28867b6e3486dd9c7fb3851c9fe6
diagnosis_20260823/routeA_full/blocks/426649644.json.gz	365800	45fe7bcff0f31f9b60a43bb27e8b9e2616f885ba84a2cfef26fd04b9c009b39d
diagnosis_20260823/routeA_full/blocks/426649645.json.gz	561479	a64d962c7d57c26336b5523d0b41ce776ef7c0bb995e426634e4267ffa378c9e
diagnosis_20260823/routeA_full/blocks/426649646.json.gz	352480	1e2dc98ccf4d3e2234db911734db0061119514671da9b48d987fb43b6b075684
diagnosis_20260823/routeA_full/blocks/426649647.json.gz	293706	4e13c28ceb0dbedb13fb244ecd07cdb5786a42cefb8ac156f126c2aaedf5cc06
diagnosis_20260823/routeA_full/blocks/426649648.json.gz	315054	fdd9660a6a43e2a8b7118087520f7081307fe8a1c744a2262fb351c62da13a5b
diagnosis_20260823/routeA_full/blocks/426649649.json.gz	273389	d74be1cce9415c028afa9d392ac07e74eaa43b1c2a59e0df3b10b47d5d190e8a
diagnosis_20260823/routeA_full/blocks/426649650.json.gz	295645	eab01a2c397b72c4a2e28adbefe67166b6a1fe309650220980ad9482fbf36550
diagnosis_20260823/routeA_full/blocks/426649651.json.gz	308234	ad332f817d7210944f66768e6ce545dc4db64f29f7e93d66c86d11715d9bdee7
diagnosis_20260823/routeA_full/blocks/426649652.json.gz	309979	352a54c54635909d8b2508a6f18baa1e52277778dfa31a33a461e98447719c17
diagnosis_20260823/routeA_full/blocks/426649653.json.gz	308790	b4f611144b7faad0c8b848ef940d1aec7dc522d7a45b4246137b7aad190581bd
diagnosis_20260823/routeA_full/blocks/426649654.json.gz	278112	e05b5f30ba4092a9f911dc89b33b5dcd651c2360b97f19ca5ddaac61fea79707
diagnosis_20260823/routeA_full/blocks/426649655.json.gz	297855	78b1e0258446ebb4bb1fed0ae94b3029dcbf3a748fe38e063c087443f2f94ded
diagnosis_20260823/routeA_full/blocks/426649656.json.gz	366400	771332f71a2541083656ab1f2175fda28209b2fd7a475a7b055b5860574660c1
diagnosis_20260823/routeA_full/blocks/426649657.json.gz	339574	7aafcaa2be8724b27a8e7febe991ebbcf15c82b18365211f13fe16c672adf731
diagnosis_20260823/routeA_full/blocks/426649728.json.gz	312420	b8a448ae164ca5b88a2c2388b598650376ef044ae22f8a0e9448a976016e8c0e
diagnosis_20260823/routeA_full/blocks/426649729.json.gz	292056	3a104de0914d0c88aaf48cc25e6eaafacfcc743f3b8777dd4685bd32bd100eb2
diagnosis_20260823/routeA_full/blocks/426649730.json.gz	350840	4862b3c903fcd347c2ebe5c90113518e68a26f22aa10e06f742ef919dee68d4a
diagnosis_20260823/routeA_full/blocks/426649731.json.gz	241172	5c1dad76e1347d6b47245e073920b5d9625ef9fdd157795820573665c99bc7fa
diagnosis_20260823/routeA_full/blocks/426649732.json.gz	251144	239fd1bfdddeaf99aa5f61f731f4830cab0e0cfae5b1898680d73812ac9fcafb
diagnosis_20260823/routeA_full/blocks/426649733.json.gz	220664	9fe29f232ae3ebfa5909fb857fd34c4d1a2c1af126870625c0ac8cfabe4f5b91
diagnosis_20260823/routeA_full/blocks/426649734.json.gz	195517	4e26d233191e51f64a3f57cee1f5a24a6bcc65abe8d807b3c76658d53c551575
diagnosis_20260823/routeA_full/blocks/426649735.json.gz	183495	1d24a3a1341741608ca41fd23e1d291994673f32b448abad834384e94e2a3836
diagnosis_20260823/routeA_full/blocks/426649736.json.gz	302956	6efc6ed5c0bc99af5018bb7cf21ed0f6397e9ef18271bfa8ea9e7d359aaa59d5
diagnosis_20260823/routeA_full/blocks/426649737.json.gz	346509	0b073189c5fc1ac24f0bd1ef103de0c1a74f9e5b38bd27dd296dfc132975a374
diagnosis_20260823/routeA_full/blocks/426649738.json.gz	198206	a07392ff61613de5ed6ff96d98f7c6fe4e15bafc0768c9d4fa2c1acf6c760774
diagnosis_20260823/routeA_full/blocks/426649739.json.gz	219365	e6e1b42cc721b7f2adf7078910ef0bf79de865c08bd309b68bfe0b141578cf8e
diagnosis_20260823/routeA_full/blocks/426649740.json.gz	359750	9477c484cb73b19078ab5e1ee5093b2efcf4a7a3dd36da37198820d01fd71e03
diagnosis_20260823/routeA_full/blocks/426649741.json.gz	269824	7999a3f7c6e0e87a0334ec6468c5cc87eb8d7423bb785df493b4407405045953
diagnosis_20260823/routeA_full/blocks/426649742.json.gz	571121	a7d6450303aaeb08ebb7312d145d11c9d0755d3b4191c614253e271a3001ef00
diagnosis_20260823/routeA_full/blocks/426649743.json.gz	572700	b61d8828b3908b021eb0307c7c41b1304074dcdb814e4c6e9df7fd6523fb0230
diagnosis_20260823/routeA_full/blocks/426649744.json.gz	439220	e23d120cfc2f4a6e645078cfc94bd72c071220d0f70ea2d4f51ccb314de98970
diagnosis_20260823/routeA_full/blocks/426649745.json.gz	383378	139c7137cec1e192eecc55a8ed8da7009895c3d72318bcb4733cae70be8b9e18
diagnosis_20260823/routeA_full/blocks/426649746.json.gz	286628	448403fd0f1461045208dc1a9bc8f4f0deb0ea46f4ecddd807cfa10a422062b9
diagnosis_20260823/routeA_full/blocks/426649747.json.gz	322334	bb01f1d7de9dee8fafb0b1268cc2f327973123180b2f139c0b634c8b1dab646d
diagnosis_20260823/routeA_full/blocks/426649748.json.gz	239558	874c1b4df8a6581488b2be1433f2ae68e44584d528a6486ea99ed6e13532f464
diagnosis_20260823/routeA_full/blocks/426649749.json.gz	338380	219104400bf535c82d2a2c0d58ae394ba44a497b75010fbd611bf43ef8e97d58
diagnosis_20260823/routeA_full/blocks/426649750.json.gz	342170	f0d31e67d475c2b4298144576fcc620087977585aa6ab1b84327ad2c0e64f370
diagnosis_20260823/routeA_full/blocks/426649751.json.gz	516276	cc8a3e54a7bf06d0d97e6f542b9a7b13b94d70e1cae521e3fccd2b653b1f90ff
diagnosis_20260823/routeA_full/blocks/426649752.json.gz	180252	3bf33cfc2db660fa31579bf6a38ff91dd61a6bd96a6d31200cd5f9a5bce31bfb
diagnosis_20260823/routeA_full/blocks/426649753.json.gz	142866	8d806a543b4244a236c9753ffe420adf4f1317a2454c6d78e2a00ed5967b5482
diagnosis_20260823/routeA_full/blocks/426649754.json.gz	305536	d1cac13cb83a0473352e73590f29e8124a265d9acb24956e5a1298dc4e385a69
diagnosis_20260823/routeA_full/blocks/426649755.json.gz	277239	dbc2320a27056d787cf9bdc0f3f014299ba36832275c394b5a020d952529a6c8
diagnosis_20260823/routeA_full/blocks/426649756.json.gz	560776	cbe93a46a0130a543ad5d08c0e776d99e1f05a4bf0ac4cd677bc757ca8de1b40
diagnosis_20260823/routeA_full/blocks/426649757.json.gz	578836	647c222c4fdbe6fdff1406bed4c1d54f8145a3dd23359e9d876f9d5cbb39d264
diagnosis_20260823/routeA_full/blocks/426649758.json.gz	303881	f6c45d7784cb64682dd550a882dc5c4dac22073a7e1d1eabe9cd2f1fd4f0d6ad
diagnosis_20260823/routeA_full/blocks/426649759.json.gz	406623	05e1014a6e84c031b52a69e1ff5e7598f0befecf340e2fc00378fcf2a14245df
diagnosis_20260823/routeA_full/blocks/426649760.json.gz	292333	1bac137e0a2ce3052e482425d16bcefa754f889af0ef170857e179525e847429
diagnosis_20260823/routeA_full/blocks/426649761.json.gz	443062	ba8573ef91e1f8420b5dfe29d64e2f262d5d94dc88efd675ebc6e3f163a73d79
diagnosis_20260823/routeA_full/blocks/426649762.json.gz	349019	e14502febd6205b39bfab464484ba9bf2effd264cd40efd53e0451d99da1fdf7
diagnosis_20260823/routeA_full/blocks/426649763.json.gz	361146	1266d42bce3bebb76f28707a3682a2b7a08e5f2dc97538ebf082b932d2781373
diagnosis_20260823/routeA_full/blocks/426649764.json.gz	554996	a28635e2bd5454041e71a897e24ad5a93f14cb0f94d7c3002695ee8ed7aaccd8
diagnosis_20260823/routeA_full/blocks/426649765.json.gz	376086	de808009dde72762390a213c1aa9744515830efb4903efa2b1070ad4db7859f4
diagnosis_20260823/routeA_full/blocks/426649766.json.gz	359865	ace69f87c3a746ee1c65ba9b749b401063814d207f08ae2b7aa041b1e63e48a9
diagnosis_20260823/routeA_full/blocks/426649767.json.gz	337221	fb9ccff5d0735bcb475926de1f9632e59e78b3392ef0084d45c8b7786cdf6437
diagnosis_20260823/routeA_full/blocks/426649768.json.gz	256261	fb7e5e48b30a4570bb2eb52dcfefca7220049e5b8a045c6aad834d9666a1d81d
diagnosis_20260823/routeA_full/blocks/426649769.json.gz	220681	83e92c94385fc0f11bc1bbf58cf27f0afbdf994e132455d320976b2b737934e8
diagnosis_20260823/routeA_full/blocks/426649770.json.gz	320816	784d0f9009e2e9493e1706bdd0d1226451388256994c7ed8390dcc2529bd1d90
diagnosis_20260823/routeA_full/blocks/426649771.json.gz	319050	b8b5fb62e5509c25062ecfe3fdc88fcd9ce6f05cc8ed531ed50293d81dea3255
diagnosis_20260823/routeA_full/blocks/426649772.json.gz	195969	6703b1b1a11c9b55b41227367f8d947874ec845b1d622f31ce6b0b32467a9c1c
diagnosis_20260823/routeA_full/blocks/426649773.json.gz	166243	08a879f59cb73d3492890cf73055b8e95e3c08359fc037a002abbda0ee894259
diagnosis_20260823/routeA_full/blocks/426649774.json.gz	324538	c46d4f941b4e4a8a5044b379541ed9f0e622f6ef43f2c34dd2d757772e3c8fa1
diagnosis_20260823/routeA_full/blocks/426649775.json.gz	309872	e2a7df042a3c9616520ec6a12cb56a1a17ab81e7b5f5a2007145b82046adf2cd
diagnosis_20260823/routeA_full/blocks/426649776.json.gz	373990	06ee3b7dcee7d825958180ec5cc9a234dcd7043519bdd98dd5e30450a8c863e6
diagnosis_20260823/routeA_full/blocks/426649777.json.gz	342706	ee8e626a3fd0d9c2c76ce0ea7ff3249b833651ad99a45e3793301083d941ca6a
diagnosis_20260823/routeA_full/blocks/426649778.json.gz	408868	51399d148b7def95628bf27f56b1560647d29dcbec8210ac8757c5fbb3215bb8
diagnosis_20260823/routeA_full/blocks/426649779.json.gz	291713	2dc2f19d46bfd7cce0fbfe3d173ab214d2af867acdfbb4e10a291a93d0ab45e3
diagnosis_20260823/routeA_full/blocks/426649780.json.gz	273154	440e67f617be98c576dd0c23ee5b867f6432cf9ed2927a8e5abb9c747a671f62
diagnosis_20260823/routeA_full/blocks/426649781.json.gz	247553	e64d3af35865045bbaed9c5846c05b049c981f98391e83f2ff0f984b957b9c48
diagnosis_20260823/routeA_full/blocks/426649782.json.gz	397665	c453d2686dbf9d0bd52f205f668607f3051ae107c0ed86025cf4610b2007499c
diagnosis_20260823/routeA_full/blocks/426649783.json.gz	331593	3fb0b9cb77d009fe01818d57576c2952b5f509e331015e1ae9e7499f24085f0b
diagnosis_20260823/routeA_full/blocks/426649784.json.gz	438855	cd2219377f980db65b5b987afd7def2aa6054833c77b8d49a19e6f1a71646496
diagnosis_20260823/routeA_full/blocks/426649785.json.gz	267383	811abab84834981d8120ff078f8964ae9e28ee8b7ba69c6198ed52b5698a0465
diagnosis_20260823/routeA_full/blocks/426649786.json.gz	257572	eeabf0e0f2ccc61b8c213205505bd38c87d39e3922b606f2a1e08ef35f70a2d1
diagnosis_20260823/routeA_full/blocks/426649787.json.gz	318778	e3da537d3afdb005772729234d2764e8bae2277433bb53ea09a2c806cea51a9e
diagnosis_20260823/routeA_full/blocks/426649788.json.gz	238624	77de1c36325a776ad5c60e587f870fba4ca20763d940e2c7a9bbb2cf7e86be29
diagnosis_20260823/routeA_full/blocks/426649789.json.gz	237531	892e86c61808ef7e208bff8d7cc46e6e9f98027227bb1f7672d5599d20a7ba80
diagnosis_20260823/routeA_full/blocks/426649790.json.gz	205360	0a640bebc55ae09a63bee4ae5fa25147033290ce96637ccb77241ceb6534455d
diagnosis_20260823/routeA_full/blocks/426649791.json.gz	326224	c65c3136fad197fa93a00b0758fd205de6af713c312f9b10c9e686ef6a029339
diagnosis_20260823/routeA_full/blocks/426649792.json.gz	290868	937218d840508fdcc13376d21132270b136e9b46236cff6ec0aa3762062be27e
diagnosis_20260823/routeA_full/blocks/426649793.json.gz	281264	711514331728513e96db0df47ee0770510a36de87eeaaaf04c28b460e3bfbd00
diagnosis_20260823/routeA_full/blocks/426649794.json.gz	247963	141d1fd0c4966496fd890b501cebdd4d30adfdc0dc9752d9b4018318c8f4d7ff
diagnosis_20260823/routeA_full/blocks/426649795.json.gz	144793	885a8e69ac6258c457eb8ac796dd3ec29c6cb27896149dc702a536c2466bcd9e
diagnosis_20260823/routeA_full/blocks/426649796.json.gz	291703	984b005e7e5e6965994e9322c1d2d780bbfc96b30b6f1e590391a25d2c64d5ac
diagnosis_20260823/routeA_full/blocks/426649797.json.gz	314628	78a2b8e9770fcf3f15bb1843c6d76a47f5622c2cf984982e4653a56781ab58af
diagnosis_20260823/routeA_full/blocks/426649798.json.gz	348612	0f09b8213a1832d12dc1ab425d4ccc2e3af40840d3227341fb6f52765ff57d3d
diagnosis_20260823/routeA_full/blocks/426649799.json.gz	406410	f22f4b4879ceeab279618217c9c564e0e3e8ecb02d35301e587450a073e462fa
diagnosis_20260823/routeA_full/blocks/426649800.json.gz	497592	d083d9b58ab8aadae1b52941c9ee039c0ddba1fb2dcdec96c53e902bff304d0c
diagnosis_20260823/routeA_full/blocks/426649801.json.gz	403275	b0ca314ffa2c7973738872ea416068de77345da104fefee6d8310a5dcc80263c
diagnosis_20260823/routeA_full/blocks/426649802.json.gz	389790	fdc5adceb3f3713fefd21f484cc9c3821647ce6ea5ddbf8667c1183f02144123
diagnosis_20260823/routeA_full/blocks/426649803.json.gz	333510	e43d4074638038e02d8072bd85986596f4583d92d53f18f14c87bfbf4acddb0d
diagnosis_20260823/routeA_full/blocks/426649804.json.gz	319109	cd72e74b2ee472b3516892f91a2cae8a9cc86c173560632f116ba7bb5cbed24a
diagnosis_20260823/routeA_full/blocks/426649805.json.gz	232740	1b5885af5ced47f1ec0405155774f3d0d9edd0399d30079e78e7285b1d3e410c
diagnosis_20260823/routeA_full/blocks/426649806.json.gz	183715	79fc3305ca7f75341c1ea35ea51d299ffcbc2934d4972c82bfcb4a84dedef49e
diagnosis_20260823/routeA_full/blocks/426649807.json.gz	238773	823e767efefec0a73952a031957d514ed4eb9c3be6a59c3c173835ceb8f23be2
diagnosis_20260823/routeA_full/blocks/426649808.json.gz	240047	868abfd8077fe5e0625dd05ef092795ca262744f82aceb3a44ae34d12d81274e
diagnosis_20260823/routeA_full/blocks/426649809.json.gz	230037	4d55da98e2841d1f6fc4592fbc5715c88880eefee53cb36924cef849d93bf237
diagnosis_20260823/routeA_full/blocks/426649810.json.gz	267023	c43e4961724d2bc2d41073968c2dfb745cdbdfb687e267d05169a2e46cef00b2
diagnosis_20260823/routeA_full/blocks/426649811.json.gz	313712	1d24232564fb53f022a115a9740a2a5fe9228bde871f8cde6ca44d235ed6d63e
diagnosis_20260823/routeA_full/blocks/426649812.json.gz	238379	55641420917fcef8259c9916cf387cdebb1d178704fc3a12b5fb52637252a4e0
diagnosis_20260823/routeA_full/blocks/426649813.json.gz	213564	c372ee9f9fbd788ddf6c639435ab281bbd79ec6dde87ed6ab1fcbc44ac0e60c0
diagnosis_20260823/routeA_full/blocks/426649814.json.gz	170352	eb6f3602b31d95fada9c9cfaf3908288246fb4267cc7ca881928a51db6137ccb
diagnosis_20260823/routeA_full/blocks/426649815.json.gz	193438	7bc0b2f4dbb01990b58356ef736939f3d5890791a82dacbb9168ba04d8d5d0cb
diagnosis_20260823/routeA_full/blocks/426649816.json.gz	288399	3e0b2ac888273a5d19a61d04e0658a6c540c2dbc1c0558f991d4d07a5f238318
diagnosis_20260823/routeA_full/blocks/426649817.json.gz	517994	87a7fcb6a320904f82324546fae941d2ad3a7af6a8e8285a0b04ef8e8d826603
diagnosis_20260823/routeA_full/blocks/426649818.json.gz	411092	b1f79a792031dda59cde44d2066a7f0c648f05d3c3ada5f6e20dd8f69a6d2ca0
diagnosis_20260823/routeA_full/blocks/426649819.json.gz	410974	8039f0c4e7672e63a816fc798d95d8c6cc1bc7e126d2570dbbe0fd4b04ece012
diagnosis_20260823/routeA_full/blocks/426649820.json.gz	350457	1d1ca2cc66e307dc25cc300c594360868c920aacce7b28eb6e83b7eec6f66828
diagnosis_20260823/routeA_full/blocks/426649821.json.gz	266510	d9fbdd54ae51e719e7d4c0367c87fcffa964b4cb8ed061cf8e19321bb6791f5c
diagnosis_20260823/routeA_full/blocks/426649822.json.gz	218140	d48d1e4530b30ee073f10715bba5681a714b985e02a2fb7a293b48626497b7da
diagnosis_20260823/routeA_full/blocks/426649823.json.gz	296905	f09d8bd6ec02be7c03604364a49a6906c18e77fc8619cb09e98e68e830634301
diagnosis_20260823/routeA_full/blocks/426649824.json.gz	249442	261b50d3388df1756d0661457c3e691c73d0fb7af7e0157b0ea1f3defab1b0f0
diagnosis_20260823/routeA_full/blocks/426649825.json.gz	202717	4db20fca2c14b28ef2872914815cb60f336c2f31f38ff2403ae3f199d53f02ef
diagnosis_20260823/routeA_full/blocks/426649826.json.gz	184983	c85eb8e469e5aec1a10f6fc4a3a0684cbf1bfcbb816c92f358a441e47520df5f
diagnosis_20260823/routeA_full/blocks/426649827.json.gz	452381	2a53e2e821c3170aa818b2ba840e798552a9b9b6ee2cd528ab86c917f22d2f10
diagnosis_20260823/routeA_full/blocks/426649828.json.gz	308079	df9dbc3c66f6c4aff5cbaeb815dc94fcd5cb5863450240883ad1b7980f442715
diagnosis_20260823/routeA_full/blocks/426649829.json.gz	255936	0c160a90e0ccc08c4e13be219a047c3addef21ce1e45eb1364783021dbb2b755
diagnosis_20260823/routeA_full/blocks/426649830.json.gz	216363	702a439b9299a3abf7a61e12a59a66c5c03ea1e7738456fd35ff71c012e274d3
diagnosis_20260823/routeA_full/blocks/426649831.json.gz	224273	8121760ce0923c1a56e99171a2f898b60b2c149b9d374b3cc0418fd2e828837f
diagnosis_20260823/routeA_full/blocks/426649832.json.gz	198734	93d48b643686e4a62731defb6504881192ea5ee12c604b274de5f54d1ff57718
diagnosis_20260823/routeA_full/blocks/426649833.json.gz	241930	191833d12c3cf7ddb5416077f9f479a1d23a52d53a98ba586766961ac049906a
diagnosis_20260823/routeA_full/blocks/426649834.json.gz	287715	55af18ed8389108b77958cc5b51042a5cd2d2963814f8252506c0ea9cfa6b02e
diagnosis_20260823/routeA_full/blocks/426649835.json.gz	249912	15b6633d9ee5700dbb6dc59dc5db880bc4e5e9b871d73b9f4152f45d6686cbaf
diagnosis_20260823/routeA_full/blocks/426649836.json.gz	181857	1759dc409f4c3f8e66123649ff9e944f3a4f6dcdd36823e79d67894248b18648
diagnosis_20260823/routeA_full/blocks/426649837.json.gz	449617	1b78cb5d71de164dc8d12145b25b35dfde997efa75158d161df3b263b45912bf
diagnosis_20260823/routeA_full/blocks/426649838.json.gz	323985	f621ff76f906339ce47eafd72e92d874e906d98d76e2ca51e192c93d6ab01480
diagnosis_20260823/routeA_full/blocks/426649839.json.gz	440435	081aeec19e31ba4b96b1fdbaee1ecdb71407e15d9a8e2e2a58988f3016f89e86
diagnosis_20260823/routeA_full/blocks/426649840.json.gz	325825	626a29cc3f0977e9135d07fdebd45011685ec0ae317f21f241f5e87f655f12e3
diagnosis_20260823/routeA_full/blocks/426649841.json.gz	256000	75f785cb0d8fe6c5f9d32e3447cbdf8900e75cda9ef0b56123c6c8259caae7ee
diagnosis_20260823/routeA_full/blocks/426649842.json.gz	181125	74f5b3024fae251383ef210ff65263d58487df0aa91b6329580680a72d145b9f
diagnosis_20260823/routeA_full/blocks/426649843.json.gz	214900	d6304c35aeae10e15808aeb0554f76bfdbedd649a5dcc70735440c8cd2839879
diagnosis_20260823/routeA_full/blocks/426649844.json.gz	189682	0a8e3e1101076f3b78d34ac72da4908731aef577b1c7c98ac95a4be756bcbb4e
diagnosis_20260823/routeA_full/blocks/426649845.json.gz	214291	82c709a690f97349944a16fa7d210dca517765b23169380b390a320c42c1c51e
diagnosis_20260823/routeA_full/blocks/426649846.json.gz	192383	1dd92b9aa7b26b094492147bc520c2ed9082ef7e98dd1ef6f45462682d912e3c
diagnosis_20260823/routeA_full/blocks/426649847.json.gz	208912	301f23e8d5ab7535f9cc146135d6e5ead881fa6c275f47279fa6962472d185b5
diagnosis_20260823/routeA_full/blocks/426649848.json.gz	172904	5baeb3432f15ebcc585630b4b1b89254404fc30e7d5dc63e11587a3a539e5d67
diagnosis_20260823/routeA_full/blocks/426649849.json.gz	266162	5ca3d0f0400de97b9dbf15fe1ff6edfb72e57e0a501ce336728815a7e3da2fda
diagnosis_20260823/routeA_full/blocks/426649850.json.gz	205382	c9d7c11fd620566a408c9ab246778baaf2c3eea697a8f3fcee432afd94c3484a
diagnosis_20260823/routeA_full/blocks/426649851.json.gz	244531	0a89e5a437b059fde5cc39099b6d1bb52bdd7d1557ac6c1da6f2a05b7d2a9e1a
diagnosis_20260823/routeA_full/blocks/426649852.json.gz	422843	3ef0fee3e0dfc655e8b8d01cdbd5bc20ce735fa49cac4f66a641bca00df131aa
diagnosis_20260823/routeA_full/blocks/426649853.json.gz	349246	51e69f9e7216f07a06ac6392faa080290a50581254bf0c656fdb25f9f6205d71
diagnosis_20260823/routeA_full/blocks/426649854.json.gz	338103	3596f03c0339303b3855efee5ce4875f92f6fb80d670e31e71ed98da2f2bba02
diagnosis_20260823/routeA_full/blocks/426649855.json.gz	277477	ed2170ac974e3899ef985363e915b28eb67a0fd99c901160f6b9d18318121aa5
diagnosis_20260823/routeA_full/blocks/426649856.json.gz	307296	73a835e6595bccc96095d0d5236e2ea4ac555ed26d6b085a53034356e5c2f1a0
diagnosis_20260823/routeA_full/blocks/426649857.json.gz	330506	055ec1a0578da95f2ea7741c546446887cc356bcba90d1cd594ffbdd3294267f
diagnosis_20260823/routeA_full/blocks/426649858.json.gz	359738	499851472bf0de39d2fd47e33f08430315fec5b4db188c87f31c869820c40650
diagnosis_20260823/routeA_full/blocks/426649859.json.gz	349073	15c99b3867250526378266fb10f67b44787cfd276a63bc727fcb22329d010eb9
diagnosis_20260823/routeA_full/blocks/426649860.json.gz	300481	b6ef7827c506f8b0effba54e2151d49b8df0c9e484c77d2103d6917bd36929e9
diagnosis_20260823/routeA_full/blocks/426649861.json.gz	323507	4176deff93257249115a338ca2de48722c36911aa1cce1a970bfd39b4b0231df
diagnosis_20260823/routeA_full/blocks/426649862.json.gz	204676	79790978a6e5bb794b7435780cab51c87933c9ffc3d2f37ecc70c3bdf12ae722
diagnosis_20260823/routeA_full/blocks/426649863.json.gz	222687	f7f5a906c05026a6e0e7fdb658225aeb859b3fdfbfeea4223db7029b010b3471
diagnosis_20260823/routeA_full/blocks/426649864.json.gz	221750	e0da0f50ac4a196caee4ed55269a3ffe1226df14e0329b9f87500b659c172a9b
diagnosis_20260823/routeA_full/blocks/426649865.json.gz	292872	791e37058013a354d71d128cea75639d5d26348772d8a2e294876c373dd1bdd0
diagnosis_20260823/routeA_full/blocks/426649866.json.gz	263033	b906f4fe42a7ca8c0088e9bfa5373e26444414a881c5e7323d1c7993e6e5306e
diagnosis_20260823/routeA_full/blocks/426649867.json.gz	494386	51bca0e1967fe582347bca2b7be0c9a9e911bc76918188b276eb0680eed464b5
diagnosis_20260823/routeA_full/blocks/426649868.json.gz	325281	fe1719c7ca11f0589f2b4e4cb6f516cb35a40bec4a9201a28dd3f899fb4e1373
diagnosis_20260823/routeA_full/blocks/426649869.json.gz	329295	b2479348cbca57f710e36f834782033a59a94ede51b9feebeff16b97226a9a42
diagnosis_20260823/routeA_full/blocks/426649870.json.gz	234381	db48cbf50acf8d83f0b223543afe695bf0b58d1fce6e4fb974cc4a4325282da0
diagnosis_20260823/routeA_full/blocks/426649871.json.gz	206776	c92a7c7bd406445bf90026a8eab7ba2145ceafb338848a500450f4764aabf6f5
diagnosis_20260823/routeA_full/blocks/426649872.json.gz	225391	cbed1ba048fc6dd9d7def16e6168ac07b20aa450c35fb6d278a7107b5edc081b
diagnosis_20260823/routeA_full/blocks/426649873.json.gz	270645	c42ea1912cc4ee5a9834690c8b12970a8444e258da112231cf4bcc59fd1b4488
diagnosis_20260823/routeA_full/blocks/426649874.json.gz	207761	3fb063c784c55760769b7c0769f955672b1e1b52203601728c49934a8e40439b
diagnosis_20260823/routeA_full/blocks/426649875.json.gz	201219	a437b4ddf6b48c5ef3da26755dafc3d38f18b4510ce43c226af6e913769fe19d
diagnosis_20260823/routeA_full/blocks/426649876.json.gz	180709	d9ecfcb88e7996ac9e968f4a94a3830efe398a558a1fca5a4926e86c97d7f1cc
diagnosis_20260823/routeA_full/blocks/426649877.json.gz	163495	6e983d5d14290f4a7a6aed8e7a5e9460e7da500e8d787a7e40c01249ce5ec417
diagnosis_20260823/routeA_full/blocks/426649878.json.gz	205067	5c3ed321dadad3bf43cf00cc46a2085ce5495451737e31dee1bfc6a93cbae941
diagnosis_20260823/routeA_full/blocks/426649879.json.gz	211096	42f55c4f8ad607d1898cf08adeedba79b24b372e8d832bca79dba02b8e907813
diagnosis_20260823/routeA_full/blocks/426649880.json.gz	311191	23ca2d954e5968377bf2656495b3e0dff2e15809edba7a76a8ee81fb29f30ef9
diagnosis_20260823/routeA_full/blocks/426649881.json.gz	299159	dae3b30c3ca7046b940759ecef0e4b4506b0e2f9e0c727b29db4705428e853ea
diagnosis_20260823/routeA_full/blocks/426649882.json.gz	247910	95efb2251ea65c4564b37f90054beea8cad823daa2b7b362a3ab2aa15bbf8b6f
diagnosis_20260823/routeA_full/blocks/426649883.json.gz	256266	a02520a6010e20a791ca5a82f4c9bcfd545fb1698a6c6e505e47c386b3238397
diagnosis_20260823/routeA_full/blocks/426649884.json.gz	226296	91a7133d0f52c603be330540ead0f0d47f6e1d663da9ae10868bf6570ae27471
diagnosis_20260823/routeA_full/blocks/426649885.json.gz	231458	2791e77995c3732aa4fb64a18871dac3025f5e446846d403346c360908649154
diagnosis_20260823/routeA_full/blocks/426649886.json.gz	162310	f5bcf26354040a8e26837517a9323dd057200adcce7eab3db4b55f98564f7df8
diagnosis_20260823/routeA_full/blocks/426649887.json.gz	305061	4257632b39c25c36a857a786cd71ca93138da24b77d7c0126df17a8fa99eafdb
diagnosis_20260823/routeA_full/blocks/426649888.json.gz	421088	680e5ec4c8afcc1fbaf6af74ff2f7c2db2e6786896d189eb59f682a6dad51f41
diagnosis_20260823/routeA_full/blocks/426649889.json.gz	246054	88e7f4421c7f11ff01e8d07d5f3a4a0bcd54855b1100ea4565990f9959ceeb9c
diagnosis_20260823/routeA_full/blocks/426649890.json.gz	147570	7ab47ac3e5012662b697e006c06c6516f7a3ec137830f20814a5d1143e5541d9
diagnosis_20260823/routeA_full/blocks/426649891.json.gz	151519	caccfab998da29c7ec25b0933deaf6e679ed1c12e29644ec17f175b8fb413f08
diagnosis_20260823/routeA_full/blocks/426649892.json.gz	162681	e66bdf7b2de14c64e48a7a5148110eaeef94b746a78e4c6e4f30483262537c80
diagnosis_20260823/routeA_full/blocks/426649893.json.gz	231116	daad77c194210301d50aa1431cdb5bf7561f02aa097cd7e7c97797eaea3e6eaa
diagnosis_20260823/routeA_full/blocks/426649894.json.gz	319843	2256a94000149c34f79c9e8d81825f58a87b53dabed467713f7053da1bca60e6
diagnosis_20260823/routeA_full/blocks/426649895.json.gz	197343	54f6b579bf863a4e7b22ce617b6bc52c626951b5ac75009e08542090a622cf2e
diagnosis_20260823/routeA_full/blocks/426649896.json.gz	259873	e30ac3028c12fecac87d2dcd53ba49d3b036d12c711041dbb198c4807120f171
diagnosis_20260823/routeA_full/blocks/426649897.json.gz	270716	6a4ec5c7a8d307ad70ab0173e3c5e795e1d93b167443300d92ca8fbdf73c576e
diagnosis_20260823/routeA_full/blocks/426649898.json.gz	232071	d6a9d6180c9515e2d12909168fe904110caf8dbd2a200b97a0f17a7b88b3871a
diagnosis_20260823/routeA_full/blocks/426649899.json.gz	241895	d114c139e7eaa2802bd9eda4319ad27a63fc5ce92f8b0a497edc02f2b7910500
diagnosis_20260823/routeA_full/blocks/426649900.json.gz	339952	e88fe825826d074bed7664390da27431954729bd49bd084b7c47f8972c07dd43
diagnosis_20260823/routeA_full/blocks/426649901.json.gz	201931	d4e24a8f3ba712f84ff700c67701905a6314b6ef3ca2149585fc351c0fd227cb
diagnosis_20260823/routeA_full/blocks/426649902.json.gz	237818	0083957c44daae827541044905326a55f151a92bfe4d8ac4d612985ca1ee9764
diagnosis_20260823/routeA_full/blocks/426649903.json.gz	215523	41acf597506e10ecac3254d7bb22fdacd8a4d341f2590c7b081c0bf0c1539033
diagnosis_20260823/routeA_full/blocks/426649904.json.gz	499484	3fcbd52ee9ec9a33c4e66d6d6234e5a8bfcf5b06d35352e6db1b094eaa37a386
diagnosis_20260823/routeA_full/blocks/426649905.json.gz	308176	bce4d0e9a4c6bf1ae10fc165c309862d57403ff5faf6a12f53117e571139b7ab
diagnosis_20260823/routeA_full/blocks/426649906.json.gz	362729	737065405128949e0607713c27a2ed9ba36940a756297df1e50c1038703c8b76
diagnosis_20260823/routeA_full/blocks/426649907.json.gz	233384	0365c6e6e61fd4a609d74b22e6d4d92edd2692813a684addff8441137220d723
diagnosis_20260823/routeA_full/blocks/426649908.json.gz	231788	e82691747be0e68735886963edb78e4e6dfb9a2721d209d99cfe0e4931a0fe27
diagnosis_20260823/routeA_full/blocks/426649909.json.gz	216221	08356327bd7fe86b1c66b3c2cc2fc8da66b84050c9f8b980f151f6130e511432
diagnosis_20260823/routeA_full/blocks/426649910.json.gz	275602	f4587f7e8c0c274d5ecf934325f6e041304826422ee662b256cfe906db1b10e6
diagnosis_20260823/routeA_full/blocks/426649911.json.gz	436494	1593fb06b055d567e084e20eb86c5ca0c3050f6885121a6f02332756c5d74230
diagnosis_20260823/routeA_full/blocks/426649912.json.gz	428971	3720612e1e6c69ce930dfe907ef163866942d99d55c47b63f8a1779af8bb27b7
diagnosis_20260823/routeA_full/blocks/426649913.json.gz	323298	c7056bb5da9b7784e5e8495728413660591635ba3dd3fcf68205feda3323f9f1
diagnosis_20260823/routeA_full/blocks/426649914.json.gz	224187	8cfb5124d7501f66bfd68faf43348e16f44cf7be9af4e4e41b73d54b3b76bdff
diagnosis_20260823/routeA_full/blocks/426649915.json.gz	200786	b3ece98661e6e0a41d47d120330c8b5d47d56a63ee45ca0484d138f8be2ea7a9
diagnosis_20260823/routeA_full/blocks/426649916.json.gz	269358	956a9e005a17cd0c4c279eddaf5235aacd3d417567be996c67269b6df4d9ff34
diagnosis_20260823/routeA_full/blocks/426649917.json.gz	302372	18f64959a97833eb0527e1c2e017dcf93f397b1e3381ecef17afbc30d1b5423e
diagnosis_20260823/routeA_full/blocks/426649918.json.gz	207019	f6b398d7314d894ee4ae8eb47eaeedecbd96077bd0ba9ee1ef512c5898ee900f
diagnosis_20260823/routeA_full/blocks/426649919.json.gz	398275	9969b81336bf7c624f6816105e72ad13cfcc8bf8837cc2a7f1b75f2419fca435
diagnosis_20260823/routeA_full/blocks/426649920.json.gz	491958	a681b500571e5b772c2b7987e1699519763e5122b41faac3b4f55f6bbe1fe230
diagnosis_20260823/routeA_full/blocks/426649921.json.gz	390205	67f134ee786432bb41eec12c8544275479377644fd30fa83d08e6e91e9a6a318
diagnosis_20260823/routeA_full/blocks/426649922.json.gz	287617	1c7474e0e8da58b3ce03dae7d80e3845591e1dbc073abe32942261c06a7eb4c0
diagnosis_20260823/routeA_full/blocks/426649923.json.gz	327698	85f9e1605e146369caf610c001a474c8ffdd637ef395d39479babe61c50c46f0
diagnosis_20260823/routeA_full/blocks/426649924.json.gz	278027	0227ed6a60c48f35a5bce492179d28292af811b2e3e631daf9da72e70aae6e5c
diagnosis_20260823/routeA_full/blocks/426649925.json.gz	425090	81663b03f8dcb02705d2cb7d4469f8073aca95551b0f23fa49201ebc9950abe0
diagnosis_20260823/routeA_full/blocks/426649926.json.gz	283898	879af6db171de062536c8575f94006023648920798bf743e1c67ead3479e1b8e
diagnosis_20260823/routeA_full/blocks/426649927.json.gz	325906	79c1924260ffde00799add3c5200488c35cb8d5aeb7c41527fc0e6fab93ff7a7
diagnosis_20260823/routeA_full/blocks/426649928.json.gz	242282	f35546bc6fd51c0535436a10b349aa7c37a097edbd3591e7bff0c95b6539acb8
diagnosis_20260823/routeA_full/blocks/426649929.json.gz	351264	4ff6dd2b73ed0dea78c53ee5d447a4e347668309aee0cf2c7f386878492359c0
diagnosis_20260823/routeA_full/blocks/426649930.json.gz	349003	fee0bbfdd232e5bb6f8f4c6a9d898527c93dec8c062b26ceb615d4ded4c4a8a1
diagnosis_20260823/routeA_full/blocks/426649931.json.gz	259478	849d6b3cb83b66ade655878c205f34431852a9a38dc641ec0d74b4d2d4f0f1a2
diagnosis_20260823/routeA_full/blocks/426649932.json.gz	425230	c428f19f971456edcf07f04756a5e2e583eefc8e9898c16fa76d66d79859773b
diagnosis_20260823/routeA_full/blocks/426649933.json.gz	281586	7167987d46dce8c06205490d2e8343fd40ff911992ca0e5f81b3de81eb834345
diagnosis_20260823/routeA_full/blocks/426649934.json.gz	263445	fbab5d1dd23813fd36437029526bca099605c7bf6fb8d9280ddde1ba13535145
diagnosis_20260823/routeA_full/blocks/426649935.json.gz	246057	0127c401011e128290d33e35f1d947229f47f4981ba4a1d2667a6bbad9c37432
diagnosis_20260823/routeA_full/blocks/426649936.json.gz	306577	d17a23e98954d636a36daab067b1b36c71a803a85f895a1657c4aa3b4e438a3f
diagnosis_20260823/routeA_full/blocks/426649937.json.gz	264510	912e649a367d4cbfd38677366fc6f5e3c2f6b49012f203651ac0abae8f03e9d2
diagnosis_20260823/routeA_full/blocks/426649938.json.gz	254481	17ede9d3185c182ae4a8490b950e5c698ef7bacfec573f7ebbc7f3e569f754b8
diagnosis_20260823/routeA_full/blocks/426649939.json.gz	187446	98baf9742008843e37e25644e2d77dded45b593ca2518c3ffec58420c85c7a4e
diagnosis_20260823/routeA_full/blocks/426649940.json.gz	273152	18ef6e70ac3e8eb27e00d6c95401384bb4512b3d8678a566c6e5bd17b56011f7
diagnosis_20260823/routeA_full/blocks/426649941.json.gz	218221	47e811e3e0d2f0a241363c930ed3e3cfd7703c0d0cb5f78b953d75c8d359f30c
diagnosis_20260823/routeA_full/blocks/426649942.json.gz	199956	d3b4f7dbade47b63c07f170c9db2a1ffcf5656fcf4f4a81ded158334cf7ccd46
diagnosis_20260823/routeA_full/blocks/426649943.json.gz	181260	ab8ddd8e210189c7e57cd591cff4d204ec839ff740cb203b3e3c59b3749a8566
diagnosis_20260823/routeA_full/blocks/426649944.json.gz	261565	f76ceb118bc53016d6d582850a8ceb210cbcb2d70e4eb136105cca9dd846e735
diagnosis_20260823/routeA_full/blocks/426649945.json.gz	210438	8370727ae550b44b0b59a964b6470f121f72e02a0ddb10a913ae376d4b302c26
diagnosis_20260823/routeA_full/blocks/426649946.json.gz	261929	93b0a82bb361ac49dce4da386a0432a6f4bc9846c8f601ffbad267d069220605
diagnosis_20260823/routeA_full/blocks/426649947.json.gz	218524	4d9b60011d34222ed071dfc72fe12777cbc8603d98687b9c1c6eb10a4a006232
diagnosis_20260823/routeA_full/blocks/426649948.json.gz	210725	597977b318ea73eb869c6c153ee85296bc9482b226e0835972f83a982c08d5fd
diagnosis_20260823/routeA_full/blocks/426649949.json.gz	214538	e02570d13d3268d258365682f21385c94d4698247a909a6e3a19656eaa638ecb
diagnosis_20260823/routeA_full/blocks/426649950.json.gz	255663	d75d8576c23407b67ded455bea0fa56a0b84c4d11d4205cbf977cf4015afadf4
diagnosis_20260823/routeA_full/blocks/426649951.json.gz	209955	50b53de51db424358837685557c93de8cde368e3107c4305d130aa85bd8a7538
diagnosis_20260823/routeA_full/blocks/426649952.json.gz	184124	f221b96e33118e26a8159dac94cfd131a25b398f7afe3ecaebe49db7bea04b62
diagnosis_20260823/routeA_full/blocks/426649953.json.gz	329063	3e2c1e2899a75a1b7b24ff1a57ea7f615c4b79bdda29ac4b14cf2cdaf02d6a59
diagnosis_20260823/routeA_full/blocks/426649954.json.gz	286846	ad3ad802a7c52f409465232666f197dbb9943a27a623574b7d4e7cda14671a2f
diagnosis_20260823/routeA_full/blocks/426649955.json.gz	306828	b609be43e8f8199c375fcafb896695acc23a0890cb2313e373d3c65586361795
diagnosis_20260823/routeA_full/blocks/426649956.json.gz	353280	51d359ccae13bdb206c59fe3ab03c56c7bf34daf4bd94ebab672f63af5e258d0
diagnosis_20260823/routeA_full/blocks/426649957.json.gz	216180	e45fd555c5a31a82d075cc8404f421657b1640587bd6c8728ac8c38cccec1eb1
diagnosis_20260823/routeA_full/blocks/426649958.json.gz	211765	76fc266f503c36a10820ed4e4ea27d79e7a7f1c21f2b5ce32dc9d5fd306fec04
diagnosis_20260823/routeA_full/blocks/426649959.json.gz	206384	d826808e362b4fa517a189d214b5317fd7ef3e5209d7de7e4e8d6e6c6705df3d
diagnosis_20260823/routeA_full/blocks/426649960.json.gz	351558	2a9581d7f367eff2bf23046c109ee30cf1cf683ff100447b14f7ecb3bcfd92f2
diagnosis_20260823/routeA_full/blocks/426649961.json.gz	198993	96d2f4fbc0aaeb87f112d2bc104cc0e9c513b39705563ae586f5b061835008cb
diagnosis_20260823/routeA_full/blocks/426649962.json.gz	166056	c6682b50582782d78eb3de7e268e209c86c2dde972d77ebad1e9180d47eff92a
diagnosis_20260823/routeA_full/blocks/426649963.json.gz	200164	8ff2a35646511188438213300fcf8b45a7d60fa4419b4b8cdbe3014f6e340d0c
diagnosis_20260823/routeA_full/blocks/426649964.json.gz	253149	cf7aa8e386f7f9ecfb9a94d21f00a4a1d296e977e699fbbbc03a94dfd8a5dade
diagnosis_20260823/routeA_full/blocks/426649965.json.gz	225954	33134fc49104c48bf21c97244ae0679e2f787d5f4bb06c8a080d9d1ffe7fe2f2
diagnosis_20260823/routeA_full/blocks/426649966.json.gz	239904	5b9c236e628540d673b267733e5117ba4d5b261d19f10715a6f3a4f731b6acf5
diagnosis_20260823/routeA_full/blocks/426649967.json.gz	252756	8a110da43149bc3e802d90ee5bb700ec9c882a3879d38eb5b3e62e44d5f7948f
diagnosis_20260823/routeA_full/blocks/426649968.json.gz	298956	82db90b1dbdf0ccf3356129bac6134d7ed152775917fdee08f3f4c929a0baeda
diagnosis_20260823/routeA_full/blocks/426649969.json.gz	337902	ec4d807eb02f7138c67de51080f66c369bbfa6608fd904083e96d9d3a48c17bc
diagnosis_20260823/routeA_full/blocks/426649970.json.gz	347345	b537aeb1c5364f487c358835225842cabbe74e67559e606638e602df7f3485ec
diagnosis_20260823/routeA_full/blocks/426649971.json.gz	370886	a1fb8ae44d1028cd20a814dc50b3bc331a966ff66e8ba2a0bbf410924045c4b8
diagnosis_20260823/routeA_full/blocks/426649972.json.gz	316561	47caa47d00f2146dae437cf164db16c079b8dff08bf9aecdbf6f4ebb5e0133f9
diagnosis_20260823/routeA_full/blocks/426649973.json.gz	487615	c2880ca81be826760e851540399e790aed9a5e598d98d19671cb8a80933b5dfe
diagnosis_20260823/routeA_full/blocks/426649974.json.gz	401052	e05f20867fd4ca21b8698d91a0c62d5784f80bf998e8f8f0ceaee728adfa0644
diagnosis_20260823/routeA_full/blocks/426649975.json.gz	435374	73f1d63628e55e8289970ae7968b597589a064383a30105dbdca5f022364fd54
diagnosis_20260823/routeA_full/blocks/426649976.json.gz	385142	d72254f088f47358c890001811b079a64cbef09bd5fe9e58dc1d6b3cad2162be
diagnosis_20260823/routeA_full/blocks/426649977.json.gz	327405	30e1a0189ae31d97fa4b1a81519ed61db324e364ae2cb5f156e6147579fb5af2
diagnosis_20260823/routeA_full/blocks/426649978.json.gz	296804	e1c943e5b46d427af78fc494f3e4672429673598e773b9fd2949b835d7c1322f
diagnosis_20260823/routeA_full/blocks/426649979.json.gz	342382	fc37a6349bcb16e7cad4cfbc6d94acb18f962094fde0c8bec7d02b7b98205c7b
diagnosis_20260823/routeA_full/blocks/426649980.json.gz	343443	6e64cf27e5cd85db687cbc87d47abc18aaadf0c3f63336a66d5a3f5b0c06f1f7
diagnosis_20260823/routeA_full/blocks/426649981.json.gz	405846	0e13d98b72aeed013261f673e5d49a1604095a9c01106dc67a97550b488cf8c8
diagnosis_20260823/routeA_full/blocks/426649982.json.gz	443601	120707737f722639d49ca9f173e2d8a63441034c2ed990315907aaf2a4d2b621
diagnosis_20260823/routeA_full/blocks/426649983.json.gz	309603	8dd31c5189c9364de2604f5e4a23d8ea1d65d3f5a4ae8514b2c64ffba838f769
diagnosis_20260823/routeA_full/blocks/426649984.json.gz	316071	9ac5f311d912d7d063e4c8720b6caf811e206ecbe8904035d14c3836db3f2611
diagnosis_20260823/routeA_full/blocks/426649985.json.gz	419022	20e65e5ea42e61422c040e2b37141f4417e2dab4a5e4cb36ad3dd613e48ee6b8
diagnosis_20260823/routeA_full/blocks/426649986.json.gz	409055	63ad2add5a73b655ab6b01714bd0df0bf9c5485d79dbb6aa7c424da38eff1193
diagnosis_20260823/routeA_full/blocks/426649987.json.gz	366054	71339a4fddff6a5d6bd2c11bf5d4d0360d37ac0ff866e5d89855a1867ef21e1d
diagnosis_20260823/routeA_full/blocks/426649988.json.gz	322454	52283ac070739324240c62e296787b61b7cdbe66442c019d7bb66528683b2b7f
diagnosis_20260823/routeA_full/blocks/426649989.json.gz	308646	1b10e7652ed1aec74ccd2f1e511d7ea28d4bdaddcfe4d9a6b8c74184c9372d15
diagnosis_20260823/routeA_full/blocks/426649990.json.gz	330996	0a3f85dbda98756c3e2edf598fc129ee0681eaf7e86374a4f1b37a98a3ea45e9
diagnosis_20260823/routeA_full/blocks/426649991.json.gz	407024	3c4eb91bc7cf24737582db3353d2cc7797e5910b94b5be54882b1ffe09405d6d
diagnosis_20260823/routeA_full/blocks/426649992.json.gz	358705	309d09b16b07574e80ae64cf0416f55fa114bc361bd631214e3b16a00bd16839
diagnosis_20260823/routeA_full/blocks/426649993.json.gz	535419	f32ffcbd44f9787eb5f33cd37befe6998219557bb7e139841b28024bbe9b7878
diagnosis_20260823/routeA_full/blocks/426649994.json.gz	515193	7b644ecf2b6cadbf46ffdafc57ad79759361990f809e1680366c9315002ff1bb
diagnosis_20260823/routeA_full/blocks/426649995.json.gz	402292	44979265cd9c925aa9e94cdc25801c3bb1567210d61a8c2468ed6b04187e03b4
diagnosis_20260823/routeA_full/blocks/426649996.json.gz	315807	a27b7d4393b0f29b09d294b51539b130c40fd47e6ff75cfe33a59e1b43bd939b
diagnosis_20260823/routeA_full/blocks/426649997.json.gz	314541	13f91a994ea2a0074b86cd1c3eb6996708d9a63786b04c39cfb0cc7746cbbc26
diagnosis_20260823/routeA_full/blocks/426649998.json.gz	269602	59292c654f2a84d033c1ab21bd9a268f7635c38916787af1609a8db0f2916442
diagnosis_20260823/routeA_full/blocks/426649999.json.gz	361382	d9369190a958b1ed6945960375dd624d36d5db433ac65423a1d0fbeeee3675ed
diagnosis_20260823/routeA_full/blocks/426650000.json.gz	361206	45ba74822db6fcdb04443c09041d6f693b46bf058efcf260905fbab2b337847c
diagnosis_20260823/routeA_full/blocks/426650001.json.gz	282123	80a3c1a6ce012a3612606abe60987fa377d85e3941eb3f5df2431797e1702f78
diagnosis_20260823/routeA_full/blocks/426650002.json.gz	303359	9f7fda144cf0d205522ba2242fa0137b1e7273a435e453357783f21d5587be7b
diagnosis_20260823/routeA_full/blocks/426650003.json.gz	257730	f951764499c2632920b57f2b8963b236a112bd7d3b1497d8c72dedbe060af4fa
diagnosis_20260823/routeA_full/blocks/426650004.json.gz	210595	bd6526321e055ca0f90f23ddf04b71ea3413ac2d91f7b9fe6ca1e4940221cbdf
diagnosis_20260823/routeA_full/blocks/426650005.json.gz	504401	05e5ced0f039ccc77744a5368b08a265649b17d877cc1c10ff57eaf33898b8fc
diagnosis_20260823/routeA_full/blocks/426650006.json.gz	316511	7927f509172e5ebd17f183ae23074592cd792d0de20984f2effb3105836cea59
diagnosis_20260823/routeA_full/blocks/426650007.json.gz	284725	f46457b3cd2ffc98856d77f8ab4400d5ad80b465bd663ee7cee7314f4a222f32
diagnosis_20260823/routeA_full/blocks/426650008.json.gz	473204	3fca1ddc7fd72e6e0e566b58d7e8ea6532933b31b42400e8171b7cb37e82a89b
diagnosis_20260823/routeA_full/blocks/426650009.json.gz	385789	ba57f32afb2dffb40fd2bacf8596a8d4016f93daf8a2366f33d356ad463474ea
diagnosis_20260823/routeA_full/blocks/426650010.json.gz	338246	804e90f83fe9dd00f74ab3401078d442a71cb62e8f5125f5a4a459eeb7e770b9
diagnosis_20260823/routeA_full/blocks/426650011.json.gz	327617	1b9621ee279e29222341b93cc1a5da7d8936ebdb7852b784e654a740cae3b98c
diagnosis_20260823/routeA_full/blocks/426650012.json.gz	299951	2b0709ea3a2b436239df0e5555b9b79d8be920978bc102cf815beedfbd81d5ab
diagnosis_20260823/routeA_full/blocks/426650013.json.gz	221325	f9d35b654fcb2d91f76fadbf24856f3a82e6e5c78d71ec6a78bc5c4fc9791a63
diagnosis_20260823/routeA_full/blocks/426650014.json.gz	267608	461d52fd26adff8a9d9f00134674ffa72fc4892c4a623ff8b7103e25ec3d7f5b
diagnosis_20260823/routeA_full/blocks/426650015.json.gz	240865	765aa910b8dcc3a473eaea88fc7bf4e553cbe53921df4732c543a7c00d9e8401
diagnosis_20260823/routeA_full/blocks/426650016.json.gz	148906	99e320884eed0ba56227913297dfce4d2bca915ee744956e563248b84faf470d
diagnosis_20260823/routeA_full/blocks/426650017.json.gz	240344	faf4af32802d0435bc4c12f0f497289ab0627c47891d8887524f1b80cba5072f
diagnosis_20260823/routeA_full/blocks/426650018.json.gz	186853	a1be90da29e8a116ed6ca02b0ffd3315c8115383b9e234de2cc1df89f0f48e31
diagnosis_20260823/routeA_full/blocks/426650019.json.gz	262297	58be7c139cb777d157afe07557501f036580a05b850107aa4d413c922050817a
diagnosis_20260823/routeA_full/blocks/426650020.json.gz	450303	51f6f2885761e5cc645a1f443124b3e89cb4ee90dc557755aa310a59ac8388f5
diagnosis_20260823/routeA_full/blocks/426650021.json.gz	402259	afea3fced507172c14ec614e26b921a030ab90b6a0cc28b497fe7a6957cd7616
diagnosis_20260823/routeA_full/blocks/426650022.json.gz	492964	a7e0981cb82814effd535c51270b057e97944683229d8236b9fa2b9e3fa6498d
diagnosis_20260823/routeA_full/blocks/426650023.json.gz	482643	4654702ca3619c7e1136faa199e1abd85f3b7240b92e0f82a108dfde6b45a78f
diagnosis_20260823/routeA_full/blocks/426650024.json.gz	459484	1e5fcd25e45ac0123e5c83ca86e7eb2f5008b6a2311e3d3b397a23476d92d05b
diagnosis_20260823/routeA_full/blocks/426650025.json.gz	389090	b54cdd47af437ccb85bb771cf2220b501268285c4d52dccff1a0aadb0fadcd6b
diagnosis_20260823/routeA_full/blocks/426650026.json.gz	332477	4bd0728889203978c6dd4c29140b2eb4045ff5058f7d368dffb44423581cda48
diagnosis_20260823/routeA_full/blocks/426650027.json.gz	339105	834dba8726d6134867f181fca5beae925135bca18cde05d6b3946a0279dfd2c1
diagnosis_20260823/routeA_full/blocks/426650028.json.gz	318037	799f3cc1cff75410e525e976f8b41171f512b106f2e98e759b6cb359bcfcd08e
diagnosis_20260823/routeA_full/blocks/426650029.json.gz	349361	680302218f6152bca16df0d1a2e26d23f933e8d33fb9a8be4c11d9e36d9be113
diagnosis_20260823/routeA_full/blocks/426650030.json.gz	473157	4c4b726dfcaea2ba3f433a79c86fbd7d5b7262c31395d1555a326912aa54305c
diagnosis_20260823/routeA_full/blocks/426650031.json.gz	399577	e9fc5c014c2f427d24c6183a5995e702c44a1fb5b80307aa49e3784907ad8533
diagnosis_20260823/routeA_full/blocks/426650032.json.gz	298282	135f2296703e056caef8bdc4feff0794c0345d05c18dfff9790f9cd00565fdcc
diagnosis_20260823/routeA_full/blocks/426650033.json.gz	498181	42aab7c4b6f7ffe8599826f31b8ee5dbb8c2a7e930c6e8bd81a8f2e5202520c3
diagnosis_20260823/routeA_full/blocks/426650034.json.gz	369177	19e2ded47cc2760437cb976a98a2d0f6aac110af62b52fb8a3c6ade721fec793
diagnosis_20260823/routeA_full/blocks/426650035.json.gz	386308	a3fd73e66108466bb3f2bd8700386b5ef0aaabd6d14397029b2fe4a9d6c6e120
diagnosis_20260823/routeA_full/blocks/426650036.json.gz	339054	da2f270a2b222a2a573fccbe981846f7a5d4f8084291085059f98df2f96c7f4d
diagnosis_20260823/routeA_full/blocks/426650037.json.gz	362546	1428e3d4cf1c3a1d456b8799b0f82a6869e6cf8374dbd957a929ade0c20dbfb6
diagnosis_20260823/routeA_full/blocks/426650038.json.gz	289895	9a3fcb3e5ce3872d08b00047a8c4283ebb29a6c5fb44e92da0c889d2d23eee39
diagnosis_20260823/routeA_full/blocks/426650039.json.gz	306726	c8c2cf3da4ee042ae3da6702ae2f1675df7161ff90e9771a9e2cb6b1861817a2
diagnosis_20260823/routeA_full/blocks/426650040.json.gz	454080	a0e791009131c87c20d44a96bafee3c7f98152b80be98baddf0cfa85adea4518
diagnosis_20260823/routeA_full/blocks/426650041.json.gz	379300	97d93c3d07d5b4a42a5da7614128a6ec35bf1ab38882d31ab8cd5e831b0e78ae
diagnosis_20260823/routeA_full/blocks/426650042.json.gz	368221	846e739766579753d17c5ce67d38cd493798571aca2048ebc4d99816bd740f53
diagnosis_20260823/routeA_full/blocks/426650043.json.gz	310778	3b23e9bee3550b688f6d189941fca8c96dc157086c1a307a2d4bced2a4d66212
diagnosis_20260823/routeA_full/blocks/426650044.json.gz	431178	9e535c3594464669d465905359e1e7a96118224784ada0f9c80e61f7cececb3f
diagnosis_20260823/routeA_full/blocks/426650045.json.gz	395156	919103982da4062c75c8fbd55221e323bb990a778cdea9364a1371c5b5f31e63
diagnosis_20260823/routeA_full/blocks/426650046.json.gz	319318	9c7cb42b0d8c68281186bb1f23d9b8fd31931224e6aa473576edf769dc793ca2
diagnosis_20260823/routeA_full/blocks/426650047.json.gz	354363	36fa3f8ab4f911c7f775ef3e7c75c1c272e68b802c4cc78c2e5cb1903ca875e8
diagnosis_20260823/routeA_full/blocks/426650048.json.gz	306703	c925cc1d84a818bf1026b6cdde0db464d7d2b2bbfcb4e5d899fde26483a1151e
diagnosis_20260823/routeA_full/blocks/426650049.json.gz	341376	fd6008a76b5b16732a8003cd18795ab8b02b067d423e398dbedd2d46d99a66cf
diagnosis_20260823/routeA_full/blocks/426650050.json.gz	255480	a330f23ad09c3be660536125aed763a06a2f7d5680a35d6f46b95dfc4b6c1d97
diagnosis_20260823/routeA_full/blocks/426650051.json.gz	272656	ded961d5c2dd831474545f38846be419c09d0487a40a8089801c61879e5bb43d
diagnosis_20260823/routeA_full/blocks/426650052.json.gz	241900	0e08fc2801a540e95f8aaae49b02a32561a413111a12d8960c74c3e4f6b4daa0
diagnosis_20260823/routeA_full/blocks/426650053.json.gz	465930	6e794c2154e7c9795ca87cafeb73eca7b2f9e36453fd32ff14719e88dfb135b8
diagnosis_20260823/routeA_full/blocks/426650054.json.gz	416902	07fcd497f6a38dcf120e039cd6f3a1c26c1711ded409605644fb59d214dd9c92
diagnosis_20260823/routeA_full/blocks/426650055.json.gz	306820	54590226d81ee0ed4762607d381ed0df18f4b1a5b153c015fd82f449841372b7
diagnosis_20260823/routeA_full/blocks/426650056.json.gz	310272	43fdeead223016b832785c46a92b8bd432b81b3544090820ac407f246fb430bc
diagnosis_20260823/routeA_full/blocks/426650057.json.gz	314445	1661905e8f2a40678ee1bd78bacb793e6daeb6ff2f9facd014d3fb49d8d86f62
diagnosis_20260823/routeA_full/blocks/426650058.json.gz	247118	43fd1435f9df7411154fa6f3f963d3be9dafd984718e6d3a720b0ddccb842b7f
diagnosis_20260823/routeA_full/blocks/426650059.json.gz	271763	d0e40680f6e299f01a170bf1f2fbac79b03c3b6757629e82ec1fe0892ba46423
diagnosis_20260823/routeA_full/blocks/426650120.json.gz	386434	a4b00cc2d80963465b38674d19ddc289052f85002b7ea675626682f8b03ba6a5
diagnosis_20260823/routeA_full/blocks/426650121.json.gz	404982	2c415de55c9e0f9e07f9a25e1e54529ab1593b8134da787429623f3149b81f0f
diagnosis_20260823/routeA_full/blocks/426650122.json.gz	366921	f527bf36cc2f3aa1c38db9bfaee5a253daca290922da652124e829e7bd6a6e8f
diagnosis_20260823/routeA_full/blocks/426650123.json.gz	425697	9e3ecc7f264033f6a2cddcb7e209252cf6e54e278d33d00569b7e26f528732c0
diagnosis_20260823/routeA_full/blocks/426650124.json.gz	206501	6871e1f649ff9d3b0150aaf3c4a959132643bafe448f44b7625bbef5fac5faca
diagnosis_20260823/routeA_full/blocks/426650125.json.gz	284833	906109e89848a90682339102acd0a39d803b12dc359c2c3e5ed119d18770fee6
diagnosis_20260823/routeA_full/blocks/426650126.json.gz	276345	c4cd0ef431ef6c5af4eabf4cd0012a0a5fd11c5f1635929e1095e50bd9230b22
diagnosis_20260823/routeA_full/blocks/426650127.json.gz	247051	aa5f20bf6e075e73513fda964c6c55b2d04417710e6346c2d59e56ce800f76d1
diagnosis_20260823/routeA_full/blocks/426650128.json.gz	321069	3d169bb70a4b65a28bbeb63352cb364da9aa3c824861f4896800cb11b9b4661f
diagnosis_20260823/routeA_full/blocks/426650129.json.gz	590789	62a847dbc3efe232fadf8b3cdb1adadbd157f72016ec7c1f1c83aae770aaa4a5
diagnosis_20260823/routeA_full/blocks/426650130.json.gz	624112	80149552c901142009c8756619e9c0dcd576f40ceabe814428f05a41d30b27ff
diagnosis_20260823/routeA_full/blocks/426650131.json.gz	532868	99f87ac6d26d77cc949d066c62af120fd2d271b8c784c6c84393deaa1de1476d
diagnosis_20260823/routeA_full/blocks/426650132.json.gz	470934	8c4700278ebe006d26c8ac94f265209dd3f90c18554c134eb359929cbc712509
diagnosis_20260823/routeA_full/blocks/426650133.json.gz	345691	4b1811d6cc3a9018e0fa1a45d1a7b8d71ed3a95ffc3ce34edd32d1eb5f0c1799
diagnosis_20260823/routeA_full/blocks/426650134.json.gz	395668	35598bc293c577e0d0a9181183060b45891cf2508bc288e1b4f860ffa01196f5
diagnosis_20260823/routeA_full/blocks/426650135.json.gz	340310	56ad0a2424006a31dd0c498c1aa820e24a1583c85f3d628546499ddce0305305
diagnosis_20260823/routeA_full/blocks/426650136.json.gz	390832	21bb14eaee162e00a00d775bf6004b69ca40c086588d648c0724f61f48fb5cf5
diagnosis_20260823/routeA_full/blocks/426650137.json.gz	347715	729a9fe214042e069d58b13745a28d3cf911fbcf19b7d47a2a2a4ed72b31def2
diagnosis_20260823/routeA_full/blocks/426650138.json.gz	351699	669b2cd1a82ffbb04b0908a62ea4a2b01a6f040352c1655bb2f880d7e8297aef
diagnosis_20260823/routeA_full/blocks/426650139.json.gz	342825	378aadee350394c8da4c1bbd116bf8882efd8d8cc4bb1fe1b90224232ea7f204
diagnosis_20260823/routeA_full/blocks/426650140.json.gz	401615	5b3c031edfddaca16476fade7fd619a438e7e6485105615f710d02e7d7f4b134
diagnosis_20260823/routeA_full/blocks/426650141.json.gz	347786	b3cde01326553487fb662f38a0411ff814602b045fc8e57ca400b4c4fc5bb45c
diagnosis_20260823/routeA_full/blocks/426650142.json.gz	320148	133c9d2a9378497f782be00a1fc1c41ac8739a988176bc7b8851b70ddc5f861f
diagnosis_20260823/routeA_full/blocks/426650143.json.gz	271033	d4bc1052e23edf5b2ffcd06e656c73340bf69759e60162e374f28992194663e0
diagnosis_20260823/routeA_full/blocks/426650144.json.gz	202720	0f13e93e1420f42a99e04d3f344fc2e75eb85a22e865cac3647a2ddd155addf6
diagnosis_20260823/routeA_full/blocks/426650145.json.gz	417490	bbd1ad4dc0631a6bf7fa51d72f38ba3e98328f59aec1c2b44e62c9fdfe59bfed
diagnosis_20260823/routeA_full/blocks/426650146.json.gz	356902	e4859c3f5e189a5cbdcbfdc492960464f9bb46f6565796bc27e8f28afbc3a539
diagnosis_20260823/routeA_full/blocks/426650147.json.gz	501606	d6bce640fa5607fc68537be9fbeca4c64c60dc42e1600e1fda64bb600b8f23c2
diagnosis_20260823/routeA_full/blocks/426650148.json.gz	383579	9cffbe48aa7baceca66a50305b18f3c77a0db6b64c440ef5774ef2a74fa616ad
diagnosis_20260823/routeA_full/blocks/426650149.json.gz	416791	39dea1d6e06113dd037175afed4799b2de2b1e32ca3a6f20d5116036a9b64d11
diagnosis_20260823/routeA_full/blocks/426650150.json.gz	390235	9ee1a51dc831474077fcfcaa1332baca29df212f419e1e9c37d905dd1dc41bc3
diagnosis_20260823/routeA_full/blocks/426650151.json.gz	384018	9d10777a3277cb0769569465c6d80fdd9f7c924fe44844720c0b3926c0d7c6b1
diagnosis_20260823/routeA_full/blocks/426650152.json.gz	243648	8918d72a86480cab7bcc97a2e33b138c75f165c1e81a6124b0d8011817e6d35e
diagnosis_20260823/routeA_full/blocks/426650153.json.gz	215778	885f0dc78a43dc1f8280d3686bf29ae28504d8823b90eae6dc7216b4e7262eb2
diagnosis_20260823/routeA_full/blocks/426650154.json.gz	150871	9134d6de6dfc94c46ae50c04f3a1837abe7d22264673eb183d3846aacea6966e
diagnosis_20260823/routeA_full/blocks/426650155.json.gz	203281	ce3422d986dce2cea6b79a9f3545ad5cc858d9d9e927eca2f9c972943423721d
diagnosis_20260823/routeA_full/blocks/426650156.json.gz	204285	23c62468716687909de979ac083d88f8bc6260e74256f984f15bb87843d772d7
diagnosis_20260823/routeA_full/blocks/426650157.json.gz	396584	70a7b54d29b3a8caf62176a5c0922f9e0cf6a2118aae0ab013d6c526176cab5c
diagnosis_20260823/routeA_full/blocks/426650158.json.gz	417827	e1edc2b5b1afefae053c6d70825eddf4c85a77d86917156e3ed5f45bc4a484ef
diagnosis_20260823/routeA_full/blocks/426650159.json.gz	377796	e0a9feddbf37e1c82a1fbbb20c2f3bf36be159a60de616fbf2477ea9359c2649
diagnosis_20260823/routeA_full/blocks/426650160.json.gz	476538	a6a9a7fda1c64315baf163ade3d4dbe959d4c308bade9e7de141e31de77c08f3
diagnosis_20260823/routeA_full/blocks/426650161.json.gz	445983	90ea803e4cc8f4374d68d1ccac287a2b691f50cc87011922c5ea161a5580a567
diagnosis_20260823/routeA_full/blocks/426650162.json.gz	670177	3cdded8aa7ba8c6b6e41eee0e3db4387e26f75c5b254e68eae204e95e26333ac
diagnosis_20260823/routeA_full/blocks/426650163.json.gz	688828	539c295e2711282ddf6ead0cf8c769f86d11741c349f1108de5a67d177d53126
diagnosis_20260823/routeA_full/blocks/426650164.json.gz	688733	16c790cf31792ab2e950b8b729208c06b7f5ebc1f2bcc06883967342221307d2
diagnosis_20260823/routeA_full/blocks/426650165.json.gz	645312	8cfe49390717c14351a9fda36c02e036dd90b329b1c75fa582b79c923caaf04d
diagnosis_20260823/routeA_full/blocks/426650166.json.gz	562039	af4e42a081a3f722266af04883d86ed8fd6b731357198da57a1387eba1711009
diagnosis_20260823/routeA_full/blocks/426650167.json.gz	509734	a051d86e3f1bfa923164eceb7b25ec2e3da020d502cdf44bf6a331a81d64928b
diagnosis_20260823/routeA_full/blocks/426650168.json.gz	347828	e8ee6de14dd1e6bf972a21c36782c2807fa8e7a1af54ef3ef098fa519e85cf86
diagnosis_20260823/routeA_full/blocks/426650169.json.gz	371215	7212c281aeb785947ed49c33e2523bc4436e50cf66eb9a3aac6344cfd10f8bbf
diagnosis_20260823/routeA_full/blocks/426650170.json.gz	334239	efe9ad1c471acea6710648906b2a40ed204907b4a9947f5307748c941972254d
diagnosis_20260823/routeA_full/blocks/426650171.json.gz	422819	f68ed13afc47db90effeb359fc2494fa38c750ca8c92dbf92cd7da2c5859bdae
diagnosis_20260823/routeA_full/blocks/426650172.json.gz	318643	bf9ad2e760b6f3906593d66a421cfd4d85abb1b02eb4f44cc8b6cc59b3e1669c
diagnosis_20260823/routeA_full/blocks/426650173.json.gz	423174	141ac2730a9c258154113cfdb9cf6c21ecabfaedd997975e7a3bfa55cbc2ac60
diagnosis_20260823/routeA_full/blocks/426650174.json.gz	316026	47b57c0ca56b1a0b78a4e594c87456852cf1f483b63be9b80cabaf5d0870c34e
diagnosis_20260823/routeA_full/blocks/426650243.json.gz	488819	aaf314c3359dca2170d7b40242cdbdab0e944b2a579536f6bd4631d19411847f
diagnosis_20260823/routeA_full/blocks/426650244.json.gz	159870	e43f3fa44c2d918a6a876937c1fd9acd220a6ed494f911b5d2d89e0663975628
diagnosis_20260823/routeA_full/blocks/426650245.json.gz	146010	2fe223def6a3edefad453bc013c31789254eb14ed0f43cb6589d74a9c39bb22e
diagnosis_20260823/routeA_full/blocks/426650246.json.gz	117284	e4f0bf979cfd7b0a8c83e0b9b28be54434a69e722a5e3fe97a5b4e59216b2e17
diagnosis_20260823/routeA_full/blocks/426650247.json.gz	161137	76936cdb985905c2248ae0d33d329809bf2b91d7d8c3fb7e9cd52ceea96700d0
diagnosis_20260823/routeA_full/blocks/426650248.json.gz	188110	23aba35f5b76e2ec6969ce13448d44fa8d4d731cf4275946fd0e1711838fbd19
diagnosis_20260823/routeA_full/blocks/426650249.json.gz	212506	17476d15939af02c7731b5b271fd0c71a25fc52fe1b96a0bf0984a9b5ce5ef8d
diagnosis_20260823/routeA_full/blocks/426650250.json.gz	231619	65022e874fcc0d3ae0b838b9cc02206f286eb176bfb00546d1ffb4842f67f3d3
diagnosis_20260823/routeA_full/blocks/426650251.json.gz	255065	c4a994629d6d12c9e594115d9882fdba851aff98f28a5817269af74f118d1438
diagnosis_20260823/routeA_full/blocks/426650252.json.gz	374737	14580a637ea0f0cb30e0aff509fae3487728476e62d90eeee1c3116395536055
diagnosis_20260823/routeA_full/blocks/426650253.json.gz	461333	ce44f9b33c5382b8f12925844c9a3f94f12ee0f316146574a941d541194af636
diagnosis_20260823/routeA_full/blocks/426650254.json.gz	317338	7c47c8b8b329611318f300a2e9111c7f4983e7c6218fc96f4988df7bba67362d
diagnosis_20260823/routeA_full/blocks/426650255.json.gz	388812	30778fbceb64a6555d5753694dd8a043f8833c06125ae08f070f61fcef3f62b3
diagnosis_20260823/routeA_full/blocks/426650256.json.gz	396912	2c6ec3070417bacb78deca3db193ee707412010ff40bca0a02aa22cef1c455fe
diagnosis_20260823/routeA_full/blocks/426650257.json.gz	412776	1f36a30b4725b81d82732c36d6bf134e9de849f9390fda69c644e6641dc1ba6f
diagnosis_20260823/routeA_full/blocks/426650258.json.gz	324092	353636d3e54d2a462a4ff8257303665b16b7d0f22f54b1913b9203b945e19188
diagnosis_20260823/routeA_full/blocks/426650259.json.gz	380871	47fc9738a577893a6a361b6af4e5a2a6ad2107213f7bb2d39ed403da17fa039e
diagnosis_20260823/routeA_full/blocks/426650260.json.gz	481098	13d19e714ec8ccf570a36163b0340616bac8d11af31d7f204f3deb24627c14a0
diagnosis_20260823/routeA_full/blocks/426650261.json.gz	300210	f1f5ff45714f7e46be29eb81a66cb25232722201b18bc41bf0fd5d346c06ec6d
diagnosis_20260823/routeA_full/blocks/426650262.json.gz	301433	3d49572163d6b0af5936eaba8991b0784c399981125a44545521a2384a8c5b2b
diagnosis_20260823/routeA_full/blocks/426650263.json.gz	459003	f87e93f75553a37b908ef63fbb591564d84ea5f862624e8de2e32789ce5afd3a
diagnosis_20260823/routeA_full/blocks/426650264.json.gz	321414	44f430d1c88651f2720763285676bfdba64c83969afeb641eb346d5bfb136c18
diagnosis_20260823/routeA_full/blocks/426650265.json.gz	286507	d6623851774f7c4df4728a2ec00188af0f34220033d4bcb2ff53c6f9fa5ac807
diagnosis_20260823/routeA_full/blocks/426650266.json.gz	349759	521d10cf7f1d860cbdaf1288b405437ab69013839aa21ee873c2b365e06fedcc
diagnosis_20260823/routeA_full/blocks/426650267.json.gz	407916	2cefca5f292550690a50ff31af881aacc9e14507b582b3ddfce13fcd0a558bb8
diagnosis_20260823/routeA_full/blocks/426650268.json.gz	330468	d78d81dc1133dd0b5ff21d2c2022627ea600fdfa708c2b72420d30a423c5c1dd
diagnosis_20260823/routeA_full/blocks/426650269.json.gz	321914	42aa433fa91703088a315455f493871d64aca89c5a15c7942b58b9a20c9fe598
diagnosis_20260823/routeA_full/blocks/426650270.json.gz	509205	f6ba6f46df443ca2238dd4999e2694454ec10b0a63af7f0634c07fc230b44859
diagnosis_20260823/routeA_full/blocks/426650271.json.gz	375363	0fc04b965e1c3d55cbdb434c6b28f1f3df568ad3c57d0e66db7bb356de77f3dd
diagnosis_20260823/routeA_full/blocks/426650272.json.gz	478769	4c092852ea70cb42b27cf285dac1e76a8d380fb36594f8027e2b2cf3ff2fc360
diagnosis_20260823/routeA_full/blocks/426650273.json.gz	493681	907c6f2be81a9a037c9d42ff8dc986fe82ad43399bc86a8adbb11d78fd460a80
diagnosis_20260823/routeA_full/blocks/426650274.json.gz	444087	6340c45bc031694a376e5b194a1a956a60a7b7b5d26fe737af22412b62968e76
diagnosis_20260823/routeA_full/blocks/426650275.json.gz	403930	7336164e1446f81bb5a0af16426830e1f37314ff14a8983fea9115ececa63736
diagnosis_20260823/routeA_full/blocks/426650276.json.gz	359523	6c38ecf91cdac3a61204224660c2b4289925a0f3be43c6cf0339b98136c38ff1
diagnosis_20260823/routeA_full/blocks/426650277.json.gz	418694	bbc271221aa06155070aeb4ef562c1db90d27e5acda9a9335ad42d40a4156d04
diagnosis_20260823/routeA_full/blocks/426650278.json.gz	387791	177ea6e7799f52ac5e2fb85fd71be86a9127afe99b78010c5c30f2e79541ce90
diagnosis_20260823/routeA_full/blocks/426650279.json.gz	335473	ce761b8076242d74fe4bda531881608dfb6f6aa1bd60a65bfd12112464bc6763
diagnosis_20260823/routeA_full/blocks/426650280.json.gz	329897	b52b2df143f442650f6462ad1b1d998cb5742736f2b2c035656244df9faede67
diagnosis_20260823/routeA_full/blocks/426650281.json.gz	292806	e6988d770e852fff9d5033f0b731de25e4dde1d1742ece263cb76780012374e7
diagnosis_20260823/routeA_full/blocks/426650282.json.gz	314781	94fafc949e464d63a5344aaa9094842d1ec33dc0c4e97f34150fd74b3b37312d
diagnosis_20260823/routeA_full/blocks/426650283.json.gz	231379	6160a4c32a4530da82908ce73055ac3313b4dd73762df87900c5a8fe6e3dca01
diagnosis_20260823/routeA_full/blocks/426650284.json.gz	401979	6d8303443d89ed822a06d511f8c90b117f3e4077ef2a852d4a0ecfff1a81b09c
diagnosis_20260823/routeA_full/blocks/426650285.json.gz	385368	fd962415fa238939082e8b40591f6040793fda5a36c2a1c6c607d227bbf0a158
diagnosis_20260823/routeA_full/blocks/426650286.json.gz	396090	1b52575856da20a7ee792c801a3b58e55a5454f3bd089120948aa01adc52ce6a
diagnosis_20260823/routeA_full/blocks/426650287.json.gz	464436	3a78bd8d9ed7076afe0b0bc72d96b61b0ca34765d83fed4aac242f731128b2d5
diagnosis_20260823/routeA_full/blocks/426650288.json.gz	296129	ba409fc38e2c43810ce2ffac552040d62f286bc87e7093ea6ecd5c1c533d1db0
diagnosis_20260823/routeA_full/blocks/426650289.json.gz	363295	97d1ac9039b0237c19ffd1c1bb60258095d35de5b5c9934c2d8133ff54c663fb
diagnosis_20260823/routeA_full/blocks/426650290.json.gz	419683	ce59268686ed9dfdafba4f4b7f0cbcffc5578b792dc0ba5975b5cf756fcb893c
diagnosis_20260823/routeA_full/blocks/426650291.json.gz	403525	8952ed76071092a394005f4db140b4899f5c2c47b5b1accab21b1b8bfea29790
diagnosis_20260823/routeA_full/blocks/426650292.json.gz	317046	b2bb58d6c22227fec051c2a64d47d26fff0420d40a8a1d9cf2ce6ec657122565
diagnosis_20260823/routeA_full/blocks/426650293.json.gz	432943	8d4d9b341df0fd44147c5bbd4b0ea990b4a88453613be9869301f02b723712eb
diagnosis_20260823/routeA_full/blocks/426650294.json.gz	473699	624056d13b90a73e4552bdfae79b5a34fd3e60dd748e428f18aa2431bbc72bb9
diagnosis_20260823/routeA_full/blocks/426650295.json.gz	421430	a074d30fea74eb1ce39302d6c3d7cf979ed3faea4ca40dd31b8b785a8544415e
diagnosis_20260823/routeA_full/blocks/426650296.json.gz	496343	ef955294ab0878428cb897d3c6b09edb61f8faba2e24fc9a723e248d4bff1f09
diagnosis_20260823/routeA_full/blocks/426650297.json.gz	527939	cacc98c5b1abe006af94524e6389adc8d5f049e59d4c8203d955542573c4a8b3
diagnosis_20260823/routeA_full/blocks/426650298.json.gz	438671	55f63454cf2d3f496bc787ecbb5500911ce39f0d8e9af86cc4bdbed047bd307b
diagnosis_20260823/routeA_full/blocks/426650299.json.gz	569101	7bb87c30097ced769e748e86b8bf45f07466967cf8fb6027f52efd20967ed08e
diagnosis_20260823/routeA_full/blocks/426650300.json.gz	537356	afe4c76ecedb35f394409e5ef96fe64ddcaf08f634a66b8b242899677329f0a6
diagnosis_20260823/routeA_full/blocks/426650301.json.gz	528511	50fa12109d105e9ef4491363d52336aee8d186d6fb10c44f7e56af5c5ac3c4c5
diagnosis_20260823/routeA_full/blocks/426650302.json.gz	476854	0193be6fba4ae4b141ccb4ce0fb0bf218ab2b5386cc4cd478750790081953b5a
diagnosis_20260823/routeA_full/blocks/426650303.json.gz	378760	9bdabeb398d4a0651de447fd60ffb8813cad14b18247c481fabfeaaaf8af0c90
diagnosis_20260823/routeA_full/blocks/426650304.json.gz	513051	18afc8edf5ad26d861cec052b813b512c15a9c669c815e6b6212bbba4cf060b7
diagnosis_20260823/routeA_full/blocks/426650305.json.gz	315177	5e0441fc8667c965d2334527ddcb459b9ef07347213687e82da0a1100dba918d
diagnosis_20260823/routeA_full/blocks/426650306.json.gz	390146	313a9647765eae188138435d5aa4bf2832bd275ab827a9451760ec57318dd808
diagnosis_20260823/routeA_full/blocks/426650307.json.gz	374229	08bece199a57d4734e4c8cc2821accf0fbea6d177bbf74de50891aa1223dca29
diagnosis_20260823/routeA_full/blocks/426650308.json.gz	134637	2111787387cce7840f778339af5a451ce895baba91c9f3f2fdde7d12add2c327
diagnosis_20260823/routeA_full/blocks/426650309.json.gz	172519	f01d5021c229140c60632e4af3b390fc1ef30351967d0054c00f500373ed4268
diagnosis_20260823/routeA_full/blocks/426650310.json.gz	258529	6b5463b40e10001d43853f6e5f3dd15b882bc00e217fdb990e8f6435a908f33e
diagnosis_20260823/routeA_full/blocks/426650311.json.gz	344449	c8c2b57ca6f0d5a695f3a6e96c2075e19f2bc54ce89794d922eb01be9b61e701
diagnosis_20260823/routeA_full/blocks/426650312.json.gz	487481	544af6c6cf157c31946ce6c30670b13fba28b273c2a1517bd7a6f7a3b92ffa94
diagnosis_20260823/routeA_full/blocks/426650313.json.gz	555467	02597731a5f143aa0c56946a19df1bf5667283aba9be7aa91547dc5bab8d68a0
diagnosis_20260823/routeA_full/blocks/426650314.json.gz	614531	a9f69ea4494e55c06ecd6564d1895a7d498b6f646d8d65e07c4d43eeea12d075
diagnosis_20260823/routeA_full/blocks/426650315.json.gz	373928	c586a7f0649ace0460043d0d64775d3ae39ad270ae40c4e7891d07048f3d2088
diagnosis_20260823/routeA_full/blocks/426650316.json.gz	302409	3ff3613d26724b5338f1c5cd438636f9963d8b720142ef036f6e6576561204d3
diagnosis_20260823/routeA_full/blocks/426650317.json.gz	230574	c58ce4e56f57b5fcf6a70937e0d78d536074c4cd5b09e8c6e5e4f136aaadd5a0
diagnosis_20260823/routeA_full/blocks/426650318.json.gz	359981	d873410c35dfda3a6f87b524fb529ab90376badde6c02d8f7de20692215aa37f
diagnosis_20260823/routeA_full/blocks/426650319.json.gz	255437	1404f17458114deb707bd50c0a53570a47efa9007d6e8190545d66edb78dba18
diagnosis_20260823/routeA_full/blocks/426650320.json.gz	434132	8459398c871a8854a8b2fcd556894e98e41372ef0067903120436e7da0dcb249
diagnosis_20260823/routeA_full/blocks/426650321.json.gz	294429	6b7a8bbed0ea81e7169dbb3fa02b21406ca45aa370c2f9d51f6422d898a2d691
diagnosis_20260823/routeA_full/blocks/426650322.json.gz	320713	a2a19a3d3cef7346622ca4ada890ab72928ee241fe851054f678b8cebd646ff5
diagnosis_20260823/routeA_full/blocks/426650323.json.gz	304560	9ea8c4fee7c0f9c45ab4502e209ce369fa90a6fd2af395536a06ace19fe75d75
diagnosis_20260823/routeA_full/blocks/426650324.json.gz	325055	f518e0cc1429ca9aeae45af3cea0f3b822dd4ca1444e999ba60f977919bd296e
diagnosis_20260823/routeA_full/blocks/426650325.json.gz	411477	407e878bea1c6edce3896246b989d9cefc0d4374fce9ed2097bd9e2ba1a6ee28
diagnosis_20260823/routeA_full/blocks/426650326.json.gz	315016	9abbb2569deb2a638ef178a0a0cb51e8de94f6f7713fddd966c2c2a2b9176839
diagnosis_20260823/routeA_full/blocks/426650327.json.gz	321899	5d0af09477916ed727e4a00ceb2527f72b45e4a98fcce924121c17f1362d7d7c
diagnosis_20260823/routeA_full/blocks/426650328.json.gz	347715	462a83520cd1cab85a5bb9bc0a374c73c235cd2eac8c6526350422a34abafc23
diagnosis_20260823/routeA_full/blocks/426650329.json.gz	292483	43b6bef33ab8d279b3eba749168d3cddde5a7f79643b2f74ca4cd0ba663688bb
diagnosis_20260823/routeA_full/blocks/426650330.json.gz	344270	63453fca31f88de3e1e9c1fe4c4890c8f948000a1887e31f5d0525219551dbc2
diagnosis_20260823/routeA_full/blocks/426650331.json.gz	386585	37793245b61b7910865ee2e8e69c44b598cd58abc181b209d97dc4b4894dce29
diagnosis_20260823/routeA_full/blocks/426650332.json.gz	231688	f640a6adde5d65f24b63708aa4a43cc48be2bf06336146f01e1dd6750936b9cd
diagnosis_20260823/routeA_full/blocks/426650333.json.gz	318687	198f63b65ce4c89ff6f3240939924a11428e55c9bf8e0990c9ea6dc5be40fea1
diagnosis_20260823/routeA_full/blocks/426650334.json.gz	314936	9a10b92853fc13d3e5857dc8b5750849490d59261393800f6c2113f03421b65d
diagnosis_20260823/routeA_full/blocks/426650335.json.gz	397296	db9118e1cf55527018524b701a5aec1b4894f508ccc5a3ec0d41f3f769d13f8b
diagnosis_20260823/routeA_full/blocks/426650336.json.gz	437211	b4e30e79a155dd7628303f8459dbc9f64b5e0277e54140cae761599ba879be8f
diagnosis_20260823/routeA_full/blocks/426650337.json.gz	382103	77a4d351958d289fdc353405fa9fb6efe45c0213ef36d36ace3706c179e2d58e
diagnosis_20260823/routeA_full/blocks/426650338.json.gz	288145	22a91e6a8d332b7e7470c1d837734f1927edca982ef2c48d128e6bf6b7836a50
diagnosis_20260823/routeA_full/blocks/426650339.json.gz	318531	4f7edcb0c0c183881dfcab8a35c6941753a740cb21de1164dca807b2677aa76a
diagnosis_20260823/routeA_full/blocks/426650340.json.gz	206802	d258f9822d426c2354b2cece59e249fd0868fed3cc784b7a7db3ad9d6b1ae69a
diagnosis_20260823/routeA_full/blocks/426650341.json.gz	350218	d83e33d447c3a7af54d7d515d35f185555b7bd1aa25c98ec5bc50d6b1735a57e
diagnosis_20260823/routeA_full/blocks/426650342.json.gz	307632	e16dafda0256adc9f980598fb231f742fc4e7e18924b219aeec5c84e3dad539f
diagnosis_20260823/routeA_full/blocks/426650343.json.gz	312265	18864e366e2aaad1b73ee859971b88036fe151745d6746ba1797e97ec6d40ee3
diagnosis_20260823/routeA_full/blocks/426650344.json.gz	374071	de132c1abac319d9069c9ed727aef0363124a4ce2a177a0de270870a6da60361
diagnosis_20260823/routeA_full/blocks/426650345.json.gz	392255	e13d3b8d52b731bf251ed4e3e1befe85f7ae231e42e776fafcac5f1a4073b19d
diagnosis_20260823/routeA_full/blocks/426650346.json.gz	339711	56fb8100182944b1bec1e25c90c4da51ba2c9de6e1492843471476e323cd9f99
diagnosis_20260823/routeA_full/blocks/426650347.json.gz	403742	b415be51ac9cc8b2c5503aea0105efa0a8814383eb035e91cd6db8421a564958
diagnosis_20260823/routeA_full/blocks/426650348.json.gz	773057	044cecb0ce88cf57a6ca3cb6a8229c1834ecfc85a45b34acb59c5235e3aa3cff
diagnosis_20260823/routeA_full/blocks/426650349.json.gz	599607	8eafbd5b146c30ceedfe15065c998a82cbf85e138ffca5c85c884c5da52032bc
diagnosis_20260823/routeA_full/blocks/426650350.json.gz	560053	346b04420c06c333a1f17abfb1ae7db585b7274c8fb373216c7447669b18e545
diagnosis_20260823/routeA_full/blocks/426650351.json.gz	425544	3775e2817a5aef9e4cd0a29e19ad61b2c6f910fa3403870b319dd58982f815d5
diagnosis_20260823/routeA_full/blocks/426650352.json.gz	257901	acc105075a963eb6b3590e788f2b85838bccc5839123eedb43db4529badbcd83
diagnosis_20260823/routeA_full/blocks/426650353.json.gz	274250	ee930759bdbd51ca3af857ba30b5c997b3afa2ce0436d060b220166b643ffb49
diagnosis_20260823/routeA_full/blocks/426650354.json.gz	267752	0d96360154c857936235338873ecebee4baa36c1e163643fbfa08b9b1d93678f
diagnosis_20260823/routeA_full/blocks/426650355.json.gz	370701	8583ce287ed0245fb6125657732f9516f6a777b9c49961d06b2bc0b36f94126f
diagnosis_20260823/routeA_full/blocks/426650356.json.gz	378672	bea6ef0de5d29019559297bb541bc39016badd687a5f70a82a535dc6889ed99b
diagnosis_20260823/routeA_full/blocks/426650357.json.gz	424451	cc527aa169d552aabc5641e64af8bc602b872f672d23f101bb95264bae4d7b09
diagnosis_20260823/routeA_full/blocks/426650358.json.gz	408171	de391a60b995527c62bb477363637837fa207ea167f087112f89c59dbf239b99
diagnosis_20260823/routeA_full/blocks/426650359.json.gz	369986	eee3ad5aade4aa4f9965d102f4faea5e23c0b9007e64b1af9870b26dc5b43cf6
diagnosis_20260823/routeA_full/blocks/426650360.json.gz	377060	b0157bc510c688043f2fade4d9976434e042dcaacf2da1f37373e18a252f8e8f
diagnosis_20260823/routeA_full/blocks/426650361.json.gz	579411	7ec6d8215d50428a7e38a2a65b4aad21953802271ffa04b1bfbb18c8567f8e9e
diagnosis_20260823/routeA_full/blocks/426650362.json.gz	500909	3fb7cb9691746ea8eb2441fc495bdb60d9a0c113e4fb31f4fe699b6aaf3c0b44
diagnosis_20260823/routeA_full/blocks/426650363.json.gz	460752	9cd355f090e3e54ab36791ebbc97b7e6c42ed46d8a3617348e1f02796c0bee06
diagnosis_20260823/routeA_full/blocks/426650364.json.gz	457464	30b7b664be2e50b6fdc239b601b46713ee5a8ffa1845b8661d092aa273a04e38
diagnosis_20260823/routeA_full/blocks/426650365.json.gz	437391	64fece0ab2e0e5e750ed5a61b316bb4b059bdd37d7fbc274adf6d5029cbb0772
diagnosis_20260823/routeA_full/blocks/426650366.json.gz	483516	8b4dae3d501cf8e931c6565ea4c5a98575d50d5964484e0ee2e4508dfe98d7e7
diagnosis_20260823/routeA_full/blocks/426650367.json.gz	390002	1f45d84a4a59967f616e464326f38a1120a771de91fdf1f0cd1666e75c1a01d4
diagnosis_20260823/routeA_full/blocks/426650368.json.gz	289300	6e20b9e4f9aec0da5b8404e9230b365ee84499ba0baf83f16018b66de3f340e4
diagnosis_20260823/routeA_full/blocks/426650369.json.gz	194791	b8dde664d919d371feaab570c459da7627e21789ead8d1f24bf6b3dadd606e00
diagnosis_20260823/routeA_full/blocks/426650370.json.gz	198668	55cfdfddbea09313c8f3f501e8658f35ca11a4a1d788ed1d3bc92ce1fe5a5a68
diagnosis_20260823/routeA_full/blocks/426650371.json.gz	222309	723a34831ee675e2ba7a47e0572fe69728b6391a94bbd7592e4e51850f15a17f
diagnosis_20260823/routeA_full/blocks/426650372.json.gz	407803	8d09cbc0ea47504d4a9bce21aad9eef8f234e0d140bbbab80d3041d71c0ce77f
diagnosis_20260823/routeA_full/blocks/426650373.json.gz	485356	aa36c4b1c5d0496ef6d1c74701b2776fe11c635efef0b30480b9e2b0ba7c91b8
diagnosis_20260823/routeA_full/blocks/426650374.json.gz	338828	a0ad4407bd73ba9af6631e1374ab3bafe26058425120a4d046bdf3b796a82524
diagnosis_20260823/routeA_full/blocks/426650375.json.gz	406501	d794ecad74f164aa8add2f9fbe62c4c490f6d58799a38fe065dd7f5f1def343b
diagnosis_20260823/routeA_full/blocks/426650376.json.gz	338075	cc0418d4556e4322d880609e15fe2241b7ef785e588623e17d028c376272e4ca
diagnosis_20260823/routeA_full/blocks/426650377.json.gz	432571	23f88b9f5453a7b75234a8971fa02fbaa7338abf1581fb370eec5ef216d3e37a
diagnosis_20260823/routeA_full/blocks/426650378.json.gz	367857	dca167b1b47dc60868d28335ef3cf7fc53779115111585d8556b85ea09643c6c
diagnosis_20260823/routeA_full/blocks/426650379.json.gz	274495	a2f6a5980d2ce44bfcff910a5586f6641c4b48072322ebb606c0d18398648932
diagnosis_20260823/routeA_full/blocks/426650380.json.gz	317912	cf964bb1121bdb44ab705f32ba7543506a2bfd8c2ab6df495072d343b1ab1c25
diagnosis_20260823/routeA_full/blocks/426650381.json.gz	336531	d2343d604da909caa8bb7ae1e6fe7e8c9f06a01f88a5e85938edcbf42da590bb
diagnosis_20260823/routeA_full/blocks/426650382.json.gz	331370	15dc06851cd5033e212ca298b646c697ad71f758b2f50cbe12b8218fed532e5a
diagnosis_20260823/routeA_full/blocks/426650383.json.gz	334254	1d71d52b61ae1f81103d5315d757658b766e24bfc5f37d8e78161f11bdc7c7b3
diagnosis_20260823/routeA_full/blocks/426650384.json.gz	333152	72efd6d9a26d95bd09d0bf416eeb69eb92262f6a256f262ce9f2bd94c72401f8
diagnosis_20260823/routeA_full/blocks/426650385.json.gz	291854	5cccea4dbb0bc934d523b1c8cc5ea8630d97b29761de76cbb2d9f24c9553a894
diagnosis_20260823/routeA_full/blocks/426650386.json.gz	254416	22a30a8cfdcee4f8627217b4d715758d50525fd657ef0a79095ae0410fbdc8f1
diagnosis_20260823/routeA_full/blocks/426650387.json.gz	306436	4ea63d8343ae05bc8e28ecafc83f09c703c684577a77afd3be3df045e1fe15c2
diagnosis_20260823/routeA_full/blocks/426650388.json.gz	341318	a34c2ceb936125c3a32673bd04bbf5b9c99f898c6ed9e06332e9da70f725341d
diagnosis_20260823/routeA_full/blocks/426650389.json.gz	250039	f4065d73a8f51d1c879856524ec76bebc6db7e09714a78dad2e748916034f97e
diagnosis_20260823/routeA_full/blocks/426650390.json.gz	229495	22145e41c7c7f9a71ef6a23901f8f2fff28c09962982c0920f012e3492895548
diagnosis_20260823/routeA_full/blocks/426650391.json.gz	279585	28ac64962134397a3a91bf5d9fbaf94ee8f670406a5f08a2ccb741fa78208274
diagnosis_20260823/routeA_full/blocks/426650392.json.gz	275438	723205d0c9e7131fd339e704c8873560d32f83c6e9750576727e5b9264bcece1
diagnosis_20260823/routeA_full/blocks/426650393.json.gz	334619	3c0f485dddd4093971031418755d96b57fcad7a6c23f0e1bbe5158b32f43c31e
diagnosis_20260823/routeA_full/blocks/426650394.json.gz	357564	a7c8c6cb44aab561fa1e98303caad72c64f7856d4abb340bf44ec4ff42e90b66
diagnosis_20260823/routeA_full/blocks/426650395.json.gz	482963	21593a3bb017a77765eb7e94e4f3c49e0a5fae10d137e490154c6b9356007f73
diagnosis_20260823/routeA_full/blocks/426650396.json.gz	323835	e55a1789e3bb6f16685d2dc0c545d6ee6b49b73d82376c6c1d58dcda77ecfef0
diagnosis_20260823/routeA_full/blocks/426650397.json.gz	277392	ee86d602c93de86d546eb053187d20bcf66df6fc5a5e95fa54ae05858876630c
diagnosis_20260823/routeA_full/blocks/426650398.json.gz	365012	0f38d5af3da1eb4124b87e75addd522664aadeb95845bb8f9af5f9b4d579f095
diagnosis_20260823/routeA_full/blocks/426650399.json.gz	314570	00986efc3b2362779c8f1d1b2a74746a5e072ed808d73c40591d750afb4f8ebe
diagnosis_20260823/routeA_full/blocks/426650400.json.gz	298992	67550459ee47d31f40ad30cd0c248df0f142c66641650e81aaecb57c51760818
diagnosis_20260823/routeA_full/blocks/426650401.json.gz	300473	bb72d98678445fa4fe9e9bbfa9cb070ec2bbb99ccf593305b42014e118aec799
diagnosis_20260823/routeA_full/blocks/426650402.json.gz	272152	6cd85cf6009719b82d5b62d34930f80811052792f02cdbfec525464e56d994ec
diagnosis_20260823/routeA_full/blocks/426650403.json.gz	273776	fa5f993705a4351090b35f14d108e24adc92cc72cd4f322e63e482da00e6fcaa
diagnosis_20260823/routeA_full/blocks/426650404.json.gz	422374	b364f1bc273fe7b60d42fea800f629187c52e4b14d8a516d16411ff94597158d
diagnosis_20260823/routeA_full/blocks/426650405.json.gz	324008	1fbf08e02503a2e01c3b202cb2390d35b8f8be0b0b1889434f3d5ebae6c378a5
diagnosis_20260823/routeA_full/blocks/426650406.json.gz	560682	eab9b8459954b3ca3e84626e22426f1f327af2ef5509f0d0f5c79fc845f20534
diagnosis_20260823/routeA_full/blocks/426650407.json.gz	417516	446c411a3e8df5f847c08dbe01f72b4e164adf29e515f99a4b71623dbb797688
diagnosis_20260823/routeA_full/blocks/426650408.json.gz	455678	f3d1a711d9167685382db404dce6892952f8b4c7fc187f31db9cc9d7ac2f73c8
diagnosis_20260823/routeA_full/blocks/426650409.json.gz	511418	8dcba77370664a79556ba8888d70dff6f60b6d80794169f6a48d25e2f33198c9
diagnosis_20260823/routeA_full/blocks/426650410.json.gz	305778	dd40d25bcf7ffe7db3c12c17754df89286a7134aaee051033c47ddc0594c8d5f
diagnosis_20260823/routeA_full/blocks/426650411.json.gz	354714	b9f0646c2a87c93aa2bb8e18614571a61a4cae35d249472370551a8fc9f3b2a2
diagnosis_20260823/routeA_full/blocks/426650412.json.gz	524255	b06ac75cf6c599a50423331068e3c77819a2bcbdbd0a53c45c25bbb28ec9288c
diagnosis_20260823/routeA_full/blocks/426650413.json.gz	502772	c140359ee9296417bdf7af09dc6aaf071f3e242ba789a9ff43ae50a3030ef96d
diagnosis_20260823/routeA_full/blocks/426650414.json.gz	557130	0f7db378169ecf7cdd163a57c9b5aaa98ff0eef3c35e835fe66327082f1352c7
diagnosis_20260823/routeA_full/blocks/426650415.json.gz	522157	6b89a2a8d415212ce2e8082dce8117126653ca80d22c89ee07bf3c0478b6938b
diagnosis_20260823/routeA_full/blocks/426650416.json.gz	386677	972de2a83911317997bebe6aaa19e2e3ae3a0af2b61a61833de25118b8e86e9f
diagnosis_20260823/routeA_full/blocks/426650417.json.gz	348736	735ce45657127da58865b7b135092befd3c97c6bb8d25ca0923832f9cbfdb1d0
diagnosis_20260823/routeA_full/blocks/426650418.json.gz	290999	9324dacb626db1962038377b192116fde26109f9df36dede05fa7a50e9039de9
diagnosis_20260823/routeA_full/blocks/426650419.json.gz	282317	f9273f674b07a5196cdf75e4d26de611da43331d33a2f366b482a3c1f1905165
diagnosis_20260823/routeA_full/blocks/426650420.json.gz	291652	c7b1b724e6b6293fe88949253c64d55f0e8ca9997c2d3e0b003def87367fc882
diagnosis_20260823/routeA_full/blocks/426650421.json.gz	291631	608e1ac747679c6f1898495d8405e01706725bdabcafcdd7ee4bb82c45f7eaf0
diagnosis_20260823/routeA_full/blocks/426650422.json.gz	251617	3ad9138058cd1bb0233ca214bda1cb49191620509e6a7bd199633d899a77249f
diagnosis_20260823/routeA_full/blocks/426650423.json.gz	263885	2e8fc13499636cae09b6a7bc74c04ff3177d107434418ebdaf463d80786040bf
diagnosis_20260823/routeA_full/blocks/426650424.json.gz	334766	cff9dc52e72650c958c62b14ed827b1fdeb0555fbe36976461f05d7626bd07fa
diagnosis_20260823/routeA_full/blocks/426650425.json.gz	323869	cdb541ca53e8d4bf8478095cb20a06559b464dfaefd3114699e4c0e23380d989
diagnosis_20260823/routeA_full/blocks/426650426.json.gz	262825	12114906a928ff8c02ca30adcd020878ce5b5d4d0c0ad051dbb439ce970f8c27
diagnosis_20260823/routeA_full/blocks/426650427.json.gz	246208	746580958b932d80e4cf5a707d90b230cff246e5cc237e74f610a6827253b79e
diagnosis_20260823/routeA_full/blocks/426650428.json.gz	275380	de1c328f248d64ea5a640f7afa6d47aa2d7b41cbd42c7d7cb5dd346f1d101c4d
diagnosis_20260823/routeA_full/blocks/426650429.json.gz	222534	ab44b73666372accf2a3aa61d172945e91ca760cd68f91e6e60ffdbfcdcb899a
diagnosis_20260823/routeA_full/blocks/426650430.json.gz	278919	f7fa19befa845138228bf58078b53956c726846669bc6668745ef2fde7858002
diagnosis_20260823/routeA_full/blocks/426650431.json.gz	278015	9466ff0b4b6dd8ea07f8ae3deb2dbdc8d233ca121aa32609531bef90c4740f39
diagnosis_20260823/routeA_full/blocks/426650432.json.gz	338055	023848cef1369942971624fcc4d5c8002739af187a214013df3662e53c3ac597
diagnosis_20260823/routeA_full/blocks/426650433.json.gz	362810	53b3f8d3356a1fb9183381e02a633a2fbd9552e511f977a3dc8d12c5d3a19552
diagnosis_20260823/routeA_full/blocks/426650434.json.gz	319198	8ec54fda11b771ba60d6640b91648cfcd0fc620aac671131ac9a877e09fc4155
diagnosis_20260823/routeA_full/blocks/426650435.json.gz	327094	a4a6baf8fd8b5646dccead01d5a7abb3ece3cf82c27f7b39c726d8e3cd3dd052
diagnosis_20260823/routeA_full/blocks/426650436.json.gz	319530	982497a84dd1d87ff2103a0b7fa4c9bcd3018b67d94466f5b4388ae745474751
diagnosis_20260823/routeA_full/blocks/426650437.json.gz	291752	c550234fba187acdc08c0d2ccbd1977656f8dc10fa77a88215dd98bce0f63ba8
diagnosis_20260823/routeA_full/blocks/426650438.json.gz	250018	1183ab869fe499c6fb6acb297f661657042aa139dd8f6e33e84c19c0a83ceb98
diagnosis_20260823/routeA_full/blocks/426650439.json.gz	223587	5f5cb4eaca121558c25637e5bcac3f63c287c9bed563860c5b840ef3d5d7ca65
diagnosis_20260823/routeA_full/blocks/426650440.json.gz	421017	58afe4a6ee0ea0f8ef59642e2b0704aaaa53f17125045b1cf922e04046435cd2
diagnosis_20260823/routeA_full/blocks/426650441.json.gz	481818	4f33e2aaec6e373a296db1a6df0a9af9e8aaccfa21c62c18cf90b47429b4d55c
diagnosis_20260823/routeA_full/blocks/426650442.json.gz	265436	f569dd6d417c4131e6c81b11d9be247f91ecc002525f702e53dc848d0f9c363f
diagnosis_20260823/routeA_full/blocks/426650443.json.gz	268282	f83a2c811dcf68aebc9f0a53350b59aec78741b46e2ff899933d3c6bd11e9269
diagnosis_20260823/routeA_full/blocks/426650444.json.gz	239534	10b72ea7d34bc2b4b29dccc5eb78e47917e387d26091a934fc88a97787df1acf
diagnosis_20260823/routeA_full/blocks/426650445.json.gz	566405	408f20d0f47e283a1602381ff9055bc38292b70f99f52b2520f2e231a0ed8943
diagnosis_20260823/routeA_full/blocks/426650446.json.gz	362729	2685aafa52cf05626a5abd01716a2aeb67c19396eae6878c585bfd4516946b4c
diagnosis_20260823/routeA_full/blocks/426650447.json.gz	426826	c9443fe139e2fd2e7d1b72f4449ff644c4b2e25c89519b0559765a6690f9ee9f
diagnosis_20260823/routeA_full/blocks/426650448.json.gz	305591	c9973d0c66482c75faa3d66080d578921798037c4213d56b3aac7cac59e3eb15
diagnosis_20260823/routeA_full/blocks/426650449.json.gz	325961	488dd532203c093162f13a1fe3fc312acca39300584d8faf16b3a47549668b23
diagnosis_20260823/routeA_full/blocks/426650450.json.gz	294263	409d7e8938db0bc52ac72c6210d44d09c093b668ec61e3b391797b550075795d
diagnosis_20260823/routeA_full/blocks/426650451.json.gz	558504	48d9c2dc3de8002f6016b694db9b15c3d15333a8b507e3206cc3226413f1dcdd
diagnosis_20260823/routeA_full/blocks/426650452.json.gz	205899	de3e5b79d813cfabcee58be83935af26739ad8f20a724fb56ea6435afa7f475a
diagnosis_20260823/routeA_full/blocks/426650453.json.gz	396810	4ab904d1108fb56ae7235d9bf0826ed15cd6f26d7d5b806b05828a05aacf14bd
diagnosis_20260823/routeA_full/blocks/426650454.json.gz	342874	f67afadb3fceea2c3b85fa367eac3748e7440aae4d5d759d9e5b77b9ad6d0eca
diagnosis_20260823/routeA_full/blocks/426650455.json.gz	339202	6fec218dd46e6563eee6e5d46627275a2a88e4191db59c70ca430b486a668188
diagnosis_20260823/routeA_full/blocks/426650456.json.gz	390640	abc1c4f1a3377b61a4b6da79a7c17604ddbacd5fba06fc62e5ad4b762027e4ad
diagnosis_20260823/routeA_full/blocks/426650457.json.gz	347353	f8be4741e36b7f419ac37d250a95ef5baa2f7f9a2b192e8b6f4547c8fbbc97b3
diagnosis_20260823/routeA_full/blocks/426650458.json.gz	318600	b00c156f379e2fa45a402a6987228d37c8a2453bfe46fd3a1ff26e0a3950496f
diagnosis_20260823/routeA_full/blocks/426650459.json.gz	339392	2f6da6f8d0b82562df66d96a7a68a2f8f9c60f17ee064800db5bef817006532e
diagnosis_20260823/routeA_full/blocks/426650460.json.gz	241353	a8eb3ef881f8d4f8ac64bd4c88732ad73af7c8cd4518df56a5df6ae436ca719a
diagnosis_20260823/routeA_full/blocks/426650461.json.gz	257070	7e60f2915e7cd22fd2a805e2168be3def8a662458fb26102db3859722a2f79fc
diagnosis_20260823/routeA_full/blocks/426650462.json.gz	361326	fbcf730eede586d3b934271160fa0a473b594a613c56d63f75c25a2c75e428f3
diagnosis_20260823/routeA_full/blocks/426650463.json.gz	323686	be972baa8169afa7072d9537ba189de8c3369e888594aea8e20012fcbddf7158
diagnosis_20260823/routeA_full/blocks/426650464.json.gz	353233	c4849cc941012518816afcf421c1612c53a5da94e5b5e3271429e6319c87bd47
diagnosis_20260823/routeA_full/blocks/426650465.json.gz	313729	27c1b4d34e6bac88a2342e7e6419f03ed24333b08fc16b4d2e3ea0f2989f927f
diagnosis_20260823/routeA_full/blocks/426650466.json.gz	230555	95c30830082a41c8727989b8b858d2ccc3f1e7874d401270c33c9916ed4a5d2c
diagnosis_20260823/routeA_full/blocks/426650467.json.gz	262863	25ec0a071882f8487f518ad06e7441868085f335638dfc051632a6ac4d6f204a
diagnosis_20260823/routeA_full/blocks/426650468.json.gz	241967	b7af2c4ce08e107611dad6d9f4c0abf88e0589bbb29e882a8514572d86c39112
diagnosis_20260823/routeA_full/blocks/426650469.json.gz	254519	86fa5814680ed622ca408600e946e8955838cd3ef07d4001e8a85d0b5cc3b8cc
diagnosis_20260823/routeA_full/blocks/426650470.json.gz	272385	e8583eaff81f5c23b133aa325f32c825f052193d260d3970b23f17534ead31ba
diagnosis_20260823/routeA_full/blocks/426650471.json.gz	318292	139e3ed55d920ce1c321bb1bfde0f01b37903a95045cf2450097dc6f7d5e0b50
diagnosis_20260823/routeA_full/blocks/426650472.json.gz	379699	00edf41ac3c5c630eda38b4e3108255028d61507cbde5a6eb1bcf7857afa02e6
diagnosis_20260823/routeA_full/blocks/426650473.json.gz	514144	073963f658eab8a45b7a46504ecd6790a7366dc121617c2c77bf66be09b3582b
diagnosis_20260823/routeA_full/blocks/426650474.json.gz	487189	64865c41d0651fe239ebd87f17990054d4386f9e5513ac8e2bfd9178e3191098
diagnosis_20260823/routeA_full/blocks/426650475.json.gz	512781	eed9ac2e1de653cce0307804c3043494facd4ac85bcf88a8bce0672ed7219931
diagnosis_20260823/routeA_full/blocks/426650476.json.gz	338339	9cfc083abb3eae674b0988bc0efb7eb8ff2748ce230a895cb2a1ed59f7b9049a
diagnosis_20260823/routeA_full/blocks/426650477.json.gz	385054	ac255dec3adc101d82d3de8ccd8d1c2f96bfc3af96846c91d1096912078779ad
diagnosis_20260823/routeA_full/blocks/426650478.json.gz	386395	26dddd177fd6e0b61c4a6fdd0106e0bd900189561ca2a1cc08626a3abf823272
diagnosis_20260823/routeA_full/blocks/426650479.json.gz	406081	e01acfc6d3de593cb848d214634ff1f48f2975669aed4f2c0d28112a6be78f6a
diagnosis_20260823/routeA_full/blocks/426650480.json.gz	429462	30e05057f97af4f5f7a6ebfa476c56caac4301d1480d53ee0207d48e28d6b5b1
diagnosis_20260823/routeA_full/blocks/426650481.json.gz	466653	d76925296fe7b5533d8760e0a02c6a5d9f20d78a142a090843165c532d8ad5fa
diagnosis_20260823/routeA_full/blocks/426650482.json.gz	382395	e6d0879add91e99eb52e2f793171e05037fc5e1ec32eaedef5cf04081f9b17af
diagnosis_20260823/routeA_full/blocks/426650483.json.gz	378272	b925434152891c1b3f4b21ce331395e84af13ccb2ee0f6aa972472cd547c0e9e
diagnosis_20260823/routeA_full/blocks/426650484.json.gz	223932	f6035794afa7f56732ef5ed7e62737b53a2ee707bc616aa757a68213124ba25f
diagnosis_20260823/routeA_full/blocks/426650485.json.gz	349044	e129d1ed0b6978cb5ff297887d87a24f7399a0bca751c4439eba684b2b72e628
diagnosis_20260823/routeA_full/blocks/426650486.json.gz	284889	1a505e91c56c66189d3646742ca72bc7c85485b86269dc88fb1fcf10e0dde167
diagnosis_20260823/routeA_full/blocks/426650487.json.gz	293048	31ce8ef87160153950086ef1e15f0f38b01c0d6b0bc5b200ee2716e846ab117a
diagnosis_20260823/routeA_full/blocks/426650488.json.gz	252163	1e7ac9eb7c13cf4706f83540a3a0028ebfdc84a1e661654bc41cfbb2680f85d3
diagnosis_20260823/routeA_full/blocks/426650489.json.gz	265730	b34d6c8cd920916018cd04ba9bde2aa7f3fdf343e1b4f870ab9eb76710668cf8
diagnosis_20260823/routeA_full/blocks/426650490.json.gz	163231	a52e5ff58317179aaa146a109899580d6d98f8d147cfc155d128d531f667b302
diagnosis_20260823/routeA_full/blocks/426650491.json.gz	286394	aeb3da877ea77b31aac675358738a2229a96331587346e0839b6cdae284a917d
diagnosis_20260823/routeA_full/blocks/426650492.json.gz	115199	0eeb6e64d3bc4e5af2c0a8356a47d59c8f49d40f3eef2926443affeba2c62e76
diagnosis_20260823/routeA_full/blocks/426650493.json.gz	142560	9a900493e01cd4ce8a832dbb798dd6b01ab2072fd974b76bb4bdbc20703ebbb4
diagnosis_20260823/routeA_full/blocks/426650494.json.gz	151026	178e2eacba20d43b766a7ced1b26f20d1da8a7f0ca06c91901532deaa4e3b3a1
diagnosis_20260823/routeA_full/blocks/426650495.json.gz	202004	5938f0f7986e5497d3c3925223db2c17378c845637f78f7b341be857e05ba40b
diagnosis_20260823/routeA_full/blocks/426650496.json.gz	296208	0d020402cf93a5b97c667aa8ab6c89885dba5f999846cd1d5f3ef58da1d76770
diagnosis_20260823/routeA_full/blocks/426650497.json.gz	362178	3f526bec3f76d342540133d67a70dd2615b065e0071a0e909275e71c3fbf91c3
diagnosis_20260823/routeA_full/blocks/426650498.json.gz	338897	580a50c0e9a343b61b68f9bc6add650bf86f8fb8899812186ccdedc36092d9bd
diagnosis_20260823/routeA_full/blocks/426650499.json.gz	286075	2bb82df84bc04d0261150178c69625402be18bd9dce7df945bce26fc594e7f93
diagnosis_20260823/routeA_full/blocks/426650500.json.gz	212060	94dc3b89e5a9b8d36cc8e7b3f09cf551ae61ff82c3deb2ff311ada2d87ed9b00
diagnosis_20260823/routeA_full/blocks/426650501.json.gz	285757	578d0b9527da822e38fd939a91341409f9fc5e95d7473e2273f41291d5b2c13e
diagnosis_20260823/routeA_full/blocks/426650502.json.gz	323140	a3c546e6f0b7ca60efb7cc98bb232fd1f9400140fd460af830510556b456bbc5
diagnosis_20260823/routeA_full/blocks/426650503.json.gz	214555	a8a51f84e117cdbc66f41103347aef3dde245608eb398e339b1a70aa180d2810
diagnosis_20260823/routeA_full/blocks/426650504.json.gz	288466	c91f17dec56cf773e0644e74790e614ad666f14293190a3b875d903a58405242
diagnosis_20260823/routeA_full/blocks/426650505.json.gz	248840	83df384442b8c14a45462e335d98c861a6cb76ea892051e081285d1e103d05c2
diagnosis_20260823/routeA_full/blocks/426650506.json.gz	315927	2ee0a0f3a2aca083b49f3650603f0352f0d96000d6132417f4cacf4e75422418
diagnosis_20260823/routeA_full/blocks/426650507.json.gz	421705	2e88bcbe11fa166b254ea9cf88f3bf399d61bd629f0104e5ddeb773a45c8586e
diagnosis_20260823/routeA_full/blocks/426650508.json.gz	240090	fc0eef0beb04bb6aed58f92f5ce40d6caa39e4368da9db199e4c4491618214e5
diagnosis_20260823/routeA_full/blocks/426650509.json.gz	217102	e13da0b95cc86bd0241191a3fdbec921e6bf47383cd22d13a6abcb1b1a9503ad
diagnosis_20260823/routeA_full/blocks/426650510.json.gz	214518	bb6f79998d6a81e45850adfce80d8c3c2150f996f77e70897eaa0c2428fd2435
diagnosis_20260823/routeA_full/blocks/426650511.json.gz	394694	0159bfbbaa66bcbecf17ae1f6d6e12ab9f4effc48e9d3bb69468a6ca1bc3280d
diagnosis_20260823/routeA_full/blocks/426650512.json.gz	348666	b4527fd76b93dc1444a60e1bb86ed542b9edc29ce4d4faebec07007a8ada344b
diagnosis_20260823/routeA_full/blocks/426650513.json.gz	404706	8cc666639bdd86a82445f1cb7b58341fb21e7f1620bda2fea8c0cf435082f2cf
diagnosis_20260823/routeA_full/blocks/426650514.json.gz	412305	1550024a155a2896e48a5d7e4cf657703cd9b84e80ea871f9501893bafb68f90
diagnosis_20260823/routeA_full/blocks/426650515.json.gz	324386	8cbcf0f46dc79714e583f1b90a06a18fe6a80123461aef40851aea53af0e1a60
diagnosis_20260823/routeA_full/blocks/426650516.json.gz	389781	d67921df565562710872aa7e70d9f13741a46202b46fdd6fc17c1f34a9d99f74
diagnosis_20260823/routeA_full/blocks/426650517.json.gz	303021	586eafbc488e9cf6e3bdc2e9fa7071cb27f7c5be080b6529f5c082fa23a0f84f
diagnosis_20260823/routeA_full/blocks/426650518.json.gz	286688	9d391dffcb80a091b242d5a6942bd33f6db62fe0f4b62da519b4136acdcf7378
diagnosis_20260823/routeA_full/blocks/426650519.json.gz	274687	19c664418985b12a6d39a00b4dcb7945fa9927f14ad73b8ac0647a72d2621d38
diagnosis_20260823/routeA_full/blocks/426650520.json.gz	209025	a56ea77a778a01879f91c0bd9d07d5fe488d58009833159fd28e3f44bf4d190a
diagnosis_20260823/routeA_full/blocks/426650521.json.gz	321173	442ab6b197d0a1a1c32e5ec83ac01bbc1d3c3989ac7830842e6cc8dd692e021c
diagnosis_20260823/routeA_full/blocks/426650522.json.gz	373941	81f0e8930fd47be4aea028ab93cd6e3ded00c0624c29a494598862ecae850fec
diagnosis_20260823/routeA_full/blocks/426650523.json.gz	319589	0fafb9c3f922f0bd010d244fcb6e06f5265a2b8ce0e69c02d60d0fd6c536c34f
diagnosis_20260823/routeA_full/blocks/426650524.json.gz	318357	96b838fd13173089114c7180813c1595ff971eb6f52df6346eb804d991637eff
diagnosis_20260823/routeA_full/blocks/426650525.json.gz	377120	ce6edabce45d8a9c313cb6b99f8202b02cb7d1f14cd3458f7f40f7099f33aa5c
diagnosis_20260823/routeA_full/blocks/426650526.json.gz	310074	9e7537c9f431a773d3e4323c1cbbf96314850211000b103cc78c8e842adb520f
diagnosis_20260823/routeA_full/blocks/426650527.json.gz	276772	eacb9067bfb7d2e17df9df708d7c90fc760c6ef1ba017fd4e541953c76793fcb
diagnosis_20260823/routeA_full/blocks/426650528.json.gz	378696	6b921a37f27a1a9b1d1a26e4faba9cce7b2c2c4312c77a9b199bf175775181ae
diagnosis_20260823/routeA_full/blocks/426650529.json.gz	472358	65eff8c434add0e648f57c96f818be195f155f403a8e646e9e8d2048adb39faa
diagnosis_20260823/routeA_full/blocks/426650530.json.gz	263643	ba9e55f1fa638e7b8b0512f65690b79d7594b78454ff0f6d0a5e39c38c59d18b
diagnosis_20260823/routeA_full/blocks/426650531.json.gz	269401	a5d023117eb1c028ed73c84dce5ff4010377b14f79a6285bb531f4f41f80dc99
diagnosis_20260823/routeA_full/blocks/426650532.json.gz	274728	45f6400f5a553f2b94d64efdb76ec1d5ed142d77f57c2eabcc57d02d8064f695
diagnosis_20260823/routeA_full/blocks/426650533.json.gz	252999	a39db6109bd478c9c01474134abe9ce353ba01d2d7c56c880142127cd789f536
diagnosis_20260823/routeA_full/blocks/426650534.json.gz	319412	924b58ff1487af11540236b7c301a64dbade49445703848d6dd5f1d6b99bb0cb
diagnosis_20260823/routeA_full/blocks/426650535.json.gz	308375	a42c14225cfc8fa903468eb473f1752b02299d3971e4c2fbaaf83d6eb5778a57
diagnosis_20260823/routeA_full/blocks/426650536.json.gz	557459	c742f6c3c20388100fef52cd7e0d2ddce24c1a53c7aa7cc3692cc519b6a5d475
diagnosis_20260823/routeA_full/blocks/426650537.json.gz	530642	6b79d84afa55791b9d4b113dcd86aaacab79a4a0e47bf6f7fdc0286a693eed64
diagnosis_20260823/routeA_full/blocks/426650538.json.gz	413581	a6b95f881c7062bb0e52de7eb250af482bef053c5141304842a9a5ac7a9e0e64
diagnosis_20260823/routeA_full/blocks/426650539.json.gz	415419	e187b05ebdc4f3e45577196e087a01da113107733ba7b9c93536b67b087d1b84
diagnosis_20260823/routeA_full/blocks/426650540.json.gz	315003	60752c9b3f90c191d8fd3e3c6715de8363bd2626f6ff5e18d30288ee40aaaa21
diagnosis_20260823/routeA_full/blocks/426650541.json.gz	213557	95c76e37a7984f3941230fadaf9ae6e56efb9bdd93025aefb27d5521f7c9ce44
diagnosis_20260823/routeA_full/blocks/426650542.json.gz	243353	37f1fdc3251914564df72d9107df486b877708204cb2a2ca202b06337c8a4ece
diagnosis_20260823/routeA_full/blocks/426650543.json.gz	181571	83198947d22c5d503a956fa56f70df0fd73220f25a097b4c43ebfd853b1d139b
diagnosis_20260823/routeA_full/blocks/426650544.json.gz	439416	26922cae8c0726212b4ffdb9cae58ff6a0af52a1f298247c8288881c1ff94913
diagnosis_20260823/routeA_full/blocks/426650545.json.gz	412740	7bfc44158858d0dada38c8f9a64b23cddd57260d8baedeb36f5edd2c535f93cc
diagnosis_20260823/routeA_full/blocks/426650546.json.gz	364252	f6c5b682bdc02f9804f95b6c6587897dca3e6d69f9b2a027fa7004f7785dd429
diagnosis_20260823/routeA_full/blocks/426650547.json.gz	364618	68276545c9e6162cff8444a1700dce45a805d41f9df1dd172d3860012566ec63
diagnosis_20260823/routeA_full/blocks/426650548.json.gz	375762	ca5ae2a415f1e96bbc8cf02b11ee2e1b6051e6d0e9e2ce878d1566243fdb06c8
diagnosis_20260823/routeA_full/blocks/426650549.json.gz	390653	9d39aac8c3f38e03e2ffdcfb9153a6ed221ff087ebd322267fad68fd37ed87ce
diagnosis_20260823/routeA_full/blocks/426650550.json.gz	446922	5a4ec77c5ba2ef775bf41f1b067953a770a6823beac450f9d3d897a81dc08af3
diagnosis_20260823/routeA_full/blocks/426650551.json.gz	434881	a561820fa0414120dfa2b1dec7f508fe9d4d934d111f9bb5d06f50008c0df06c
diagnosis_20260823/routeA_full/blocks/426650552.json.gz	367178	4db3a937adf97959393364efed5e2445a036f9cbef5fd295cf26b5a44090d022
diagnosis_20260823/routeA_full/blocks/426650553.json.gz	450584	2a06a21edd1da6222506e4085f395a8fdf4d3919dee31b5691bf790c0ff42284
diagnosis_20260823/routeA_full/blocks/426650554.json.gz	367458	655b1f10c84a46d80ba1a30c59164f831564aa0621423611fc08487f9c81237a
diagnosis_20260823/routeA_full/blocks/426650555.json.gz	292490	ccab88d23757fb4d87a8e619517233a4ff1233ea81241714c92ba1b99242e04f
diagnosis_20260823/routeA_full/blocks/426650556.json.gz	487789	11c5a7fbf1741801e76c88593c5f93513a06d49c52f0cf569c18d60bcdc3af02
diagnosis_20260823/routeA_full/blocks/426650557.json.gz	345256	9d83007351b1ee72d925b92ded3b461ac0e14073266b80a724ce70d5fea1df2f
diagnosis_20260823/routeA_full/blocks/426650558.json.gz	466252	79c1a619e4ba40f1e9b170c078fb1d2ce511f17d6e6ab641fdecb9711064b619
diagnosis_20260823/routeA_full/blocks/426650559.json.gz	403344	ca429eb691a6d1fc85b927b4bd2e6b7e384ceebc37e3abe71b84bf907b54d34f
diagnosis_20260823/routeA_full/blocks/426650560.json.gz	436070	116b1a94cf58b9ef4d86d0684f09599c41c1d927f36b837ce0b5e542f78a928e
diagnosis_20260823/routeA_full/blocks/426650561.json.gz	309399	785ac3676c85f1af6478f22ff65739d0aa389607971f4259d4661299c7e567b8
diagnosis_20260823/routeA_full/blocks/426650562.json.gz	381240	d1eb69bbc742f38110c6ef0564885fdbefed7b5152192d3bf9c32f05393a38e1
diagnosis_20260823/routeA_full/blocks/426650563.json.gz	363721	3e064f2a8db7fa0f1bf5db831b480b041dfbc630ff8467165ffa2544a3e1cba7
diagnosis_20260823/routeA_full/blocks/426650564.json.gz	477813	c842689e2dd45bd603edff1a99dc41ef124597d48639d6d60fc380af250316bf
diagnosis_20260823/routeA_full/blocks/426650565.json.gz	336171	5adcd2ed360a8c74faa759c0008f90f4c860a4030dd837179a22b45280d2c150
diagnosis_20260823/routeA_full/blocks/426650566.json.gz	399393	a3d464a15a03cbbcf9f4c822073b6befb56a22bf1426d1a798371c8a3c23b1cc
diagnosis_20260823/routeA_full/blocks/426650567.json.gz	372941	b135b7c0711e6bb3f58b842fde60182f2f72c5632713f54bc5190b889d111694
diagnosis_20260823/routeA_full/blocks/426650568.json.gz	304838	ba7121cfdb7663267598d35d40fac3fe5678294619aa5a74ce00f5dca3de3d9a
diagnosis_20260823/routeA_full/blocks/426650569.json.gz	196992	6cff424626b14cad11b0c831e75b3b83462017ff19940a8de9cc0433d9503c40
diagnosis_20260823/routeA_full/blocks/426650570.json.gz	217546	6bba1f9589c61e44e20161c4bee0299bec6d0836925a5a991606bc31f5083b82
diagnosis_20260823/routeA_full/blocks/426650571.json.gz	317672	bf74cc6e16005184f1a206c3e36dd61de5a2b1d5666f49515954ac1f0e7dcc14
diagnosis_20260823/routeA_full/blocks/426650572.json.gz	290864	c8a634ab1997dcb57c01da4e82e508fe72964e90ad9754ddbefbe6338a7f0559
diagnosis_20260823/routeA_full/blocks/426650573.json.gz	465023	eaa69c99abe39dd884c1366af2f6941e7f20072510e4c0febb96d6d9140ec206
diagnosis_20260823/routeA_full/blocks/426650574.json.gz	505778	e716af9078579ef3a1967355127ba526fa30305d89e2c922341f1125a5689be9
diagnosis_20260823/routeA_full/blocks/426650575.json.gz	404433	35d1a3e8017046faffce6f2c8690d46f832a9d87ce231060c649cfd821907b19
diagnosis_20260823/routeA_full/blocks/426650576.json.gz	323116	cd39df2b2de89349a3d721437b27cfa291e1354f4076d9b320ed9ff5bf2ec9de
diagnosis_20260823/routeA_full/blocks/426650577.json.gz	342878	8709051d5944600093d03f1c21a99c1f88c019491ae505114e079d9f45a337fc
diagnosis_20260823/routeA_full/blocks/426650578.json.gz	362007	62e38b5397bd4f951b45b971a096a5bed3244ec1df35c4fde15d3c29e0208340
diagnosis_20260823/routeA_full/blocks/426650579.json.gz	388723	f4254b8eab75d542af995acce9fdb92eb1990eb3436e877c9e4f7f4158be6bf2
diagnosis_20260823/routeA_full/blocks/426650580.json.gz	199760	4bc0c39765cd5ad9d1b5e7f4c6bec3508878f00f8d5344572da8df6b62e52b59
diagnosis_20260823/routeA_full/blocks/426650581.json.gz	376641	a84cd7e371fa3f1a4d1a029914aad93699bdd4c1f5baea108f286f14f998d5a9
diagnosis_20260823/routeA_full/blocks/426650582.json.gz	320580	d97c22b0e0da19e4715e6794272443fbc51b07e502761e2769612fb3502cdad6
diagnosis_20260823/routeA_full/blocks/426650583.json.gz	168334	abcc00361b10ddd71999a146e1906efb6e823c3105863086fc1f2a076f7b7524
diagnosis_20260823/routeA_full/blocks/426650584.json.gz	322744	88d21223e0e1cc7d2bacc9bf63f839e729ac82838869774e367cf94645323b90
diagnosis_20260823/routeA_full/blocks/426650585.json.gz	267848	9ddba4ca9eba4acd0f0b5c107e1a67e3472047e542abbc5e000feb18d46e1ce2
diagnosis_20260823/routeA_full/blocks/426650586.json.gz	360075	de061b13fa04b8ed1e4c89b2a620401efc24700dd0fe5913941d1711590ec316
diagnosis_20260823/routeA_full/blocks/426650587.json.gz	306314	399d2b1b3aaef7acbf1e36a70f572965dccc23e4177ce406a2b6819f9108f6a1
diagnosis_20260823/routeA_full/blocks/426650588.json.gz	275933	c7f41e6e8cb2fdd17f501e54437aef16ee2f8cd2df98d69c6fe81272e88d6f37
diagnosis_20260823/routeA_full/blocks/426650589.json.gz	333717	7d6bcb9241cbe08805a88f6af15802195ddb372b700774bce2b4d1a1e69efde4
diagnosis_20260823/routeA_full/blocks/426650590.json.gz	379310	dbe10dd919f07a832abb17c5bb610a902ac650d9fb04075fb94559581031a8bb
diagnosis_20260823/routeA_full/blocks/426650591.json.gz	323984	b0e1a45bb482671788df6266857f6d88433b5fe86ea9301d59af71d84c7c72e5
diagnosis_20260823/routeA_full/blocks/426650592.json.gz	294276	778c372539cf86697ead78248dd48448808fd9551e1a379b3210bfda64fcb45a
diagnosis_20260823/routeA_full/blocks/426650593.json.gz	197718	6e51d5a96ffd3bd4f5f8db13ff5d45d3d9e4ba3cb8d05548559155f637a6a270
diagnosis_20260823/routeA_full/blocks/426650594.json.gz	180969	ee878694d8f382f8c45d50583608947d2cf5ca640476278a7601080a44c6aaa9
diagnosis_20260823/routeA_full/blocks/426650595.json.gz	216195	8a84242db19fc5dd2bead938c02aa8f1e17a52c7e4e223698112cdf502abe0b2
diagnosis_20260823/routeA_full/blocks/426650596.json.gz	223798	ea44213dda3464f8174522cb3ea5efea8449b1b141be32826ded16a1290e49e7
diagnosis_20260823/routeA_full/blocks/426650597.json.gz	277149	963269442c84670f2645c898d52b9ae7994d34f1c9e9922ca89114fcc45c7b79
diagnosis_20260823/routeA_full/blocks/426650598.json.gz	378215	e1d312e2579ff962d7e66584af6db743f876bcad64234107754b32f9f07e8334
diagnosis_20260823/routeA_full/blocks/426650599.json.gz	497575	d62661a9c3982da8496fccaff81474877179a09c56b7890829d1afef8e5b689c
diagnosis_20260823/routeA_full/blocks/426650600.json.gz	453905	6f7a2ceeb2b4ea569e7e225136aedc5bab2ea66b58b7dff09ad8505583acfa99
diagnosis_20260823/routeA_full/blocks/426650601.json.gz	561926	06b4e7a0ed976e56a81570cf9c90e5abf9573da1eb72340309b4a1fcda7b3d4c
diagnosis_20260823/routeA_full/blocks/426650602.json.gz	420986	6b97e8b561ae3e2d74b7415001a151447c8eade9d98ccb6527f714ed26734e62
diagnosis_20260823/routeA_full/blocks/426650603.json.gz	360607	cd3112cedd0b75d116dcbe08aeb2d8fbe83d9e8933f36287bf7570cc83279f24
diagnosis_20260823/routeA_full/blocks/426650604.json.gz	423705	91b05479f91af8b340f81583b2957d3b4a626e147923bf43da047b4a6153689b
diagnosis_20260823/routeA_full/blocks/426650605.json.gz	374801	b429dfd4613acdcda14686bce536963e517d1869b02ca08516e22b8b99ddeba1
diagnosis_20260823/routeA_full/blocks/426650606.json.gz	349466	63c03e095900856d1a40c4deed7016f6bdc7a87a62a599dd16e0c03ec09ad73f
diagnosis_20260823/routeA_full/blocks/426650607.json.gz	384486	d71992e007d1ef3a720a59f25c11e2e508f14ef9f3fff43fc407bde49f968d97
diagnosis_20260823/routeA_full/blocks/426650608.json.gz	438952	d31ffd0ec9381a7f8c925af5f7f4497b8e12c42cf56f2eb447b21a11e4a0b0eb
diagnosis_20260823/routeA_full/blocks/426650609.json.gz	393996	b2b8cbca3f1607b49c4fce3cb6b91b7a4f7fd1ae942d04937bdcb10e002c5c01
diagnosis_20260823/routeA_full/blocks/426650610.json.gz	283784	61538ae3a8c8887e3871e9d401a84c7238e95d8c5e7b72acda10662ec07a399f
diagnosis_20260823/routeA_full/blocks/426650611.json.gz	284912	1a09025e65b8a3a62683a91bb6905f83f9487e480030b84c9e9504f6712e4703
diagnosis_20260823/routeA_full/blocks/426650612.json.gz	488925	423a8e6b1b13d03312c9d09bdc5baa8c9802e5a863c1477dd95f71f834932587
diagnosis_20260823/routeA_full/blocks/426650613.json.gz	544016	8ce5198747d501ee8799d2db175451e5bb068b8a8022ec5d1a51b6b986de4c60
diagnosis_20260823/routeA_full/blocks/426650614.json.gz	436413	d8d3cf2838d3f742e5bfc5341ea5c766f30bdc39013d07c83b1a8a61e1046b72
diagnosis_20260823/routeA_full/blocks/426650615.json.gz	502992	eae0655d0ae1140f904c976b7634044d6850753895a849a303cb1926afd9e653
diagnosis_20260823/routeA_full/blocks/426650616.json.gz	448952	1b84a0730ff344362ce58db27216ba38b5529e81b4431ee731414b7d25997148
diagnosis_20260823/routeA_full/blocks/426650617.json.gz	424672	43c3915974fe39322d0099879be81566a1bdd7f400ab6d3474441dc966028538
diagnosis_20260823/routeA_full/blocks/426650618.json.gz	391223	2d13820f4075901164376ecca812459b0a74e2e6e603709df74cdb34d82af28c
diagnosis_20260823/routeA_full/blocks/426650619.json.gz	373038	eee6191e97fbbb42607eae21d1ea3f1f72fce4d568359016e1131906f5712dc8
diagnosis_20260823/routeA_full/blocks/426650620.json.gz	348806	81b2a5ce63f8fe4a5adff3bce956d5651555754e7bb75f26cb1a4b9347fb51a7
diagnosis_20260823/routeA_full/blocks/426650621.json.gz	305936	ff5fd28a6538183605ef173ac62e521d7f5cb399ec037c231c2b6f73954c264d
diagnosis_20260823/routeA_full/blocks/426650622.json.gz	421998	438bfa0ec0c076be4db20721baef6faa69afdc1e7cdd7561437a65d55882b402
diagnosis_20260823/routeA_full/blocks/426650623.json.gz	373973	404f7c17bc8904e7f0c014ad6117e2bb2aeda731bafdcfb9a8b87a2a1e5bd4d8
diagnosis_20260823/routeA_full/blocks/426650624.json.gz	492956	5efcb235c8ed42bcf844767118a640f9353e106ab68d93f7aa289ec4689b8076
diagnosis_20260823/routeA_full/blocks/426650625.json.gz	484577	ea09d1c9e4755fb02f67f8268c9dba9b76e7a581bf512437d4658a1f44d65474
diagnosis_20260823/routeA_full/blocks/426650626.json.gz	427806	afb92a7de76dc48b076b5401b6aad087a9a4a93832879a93193d20fb61010816
diagnosis_20260823/routeA_full/blocks/426650627.json.gz	442833	6bc6e1c3e743666d03bc3b5d040e6af22541a790156944f6b341b2e78544db03
diagnosis_20260823/routeA_full/blocks/426650628.json.gz	241727	fd362f9488e4801ffbd826f0fbc03b845e061d2025ae0ec23057408d8b2bb872
diagnosis_20260823/routeA_full/blocks/426650629.json.gz	491027	17153be5953aebcc73e7c88808f3d10f8494ef3e5b0f9f515ec16385b19fc44f
diagnosis_20260823/routeA_full/blocks/426650630.json.gz	419287	cbe106abb4678f62bb96f75246adc2ba5baf32db50744f0635342004720085a3
diagnosis_20260823/routeA_full/blocks/426650631.json.gz	385212	3ff545036c99b7abfe36b12be8a8c4038334c4a279c4f86dc4d74df74754d9ac
diagnosis_20260823/routeA_full/blocks/426650632.json.gz	479835	7f6ae1fc2c4721a612867b39163e06d7dab22622ed9d82aeae1b698cf3c275ee
diagnosis_20260823/routeA_full/blocks/426650633.json.gz	455075	40cd5593f1e7f4bf972a5ab98b85e533c6adf94ffa8efbe437aa5b7a9c97ea10
diagnosis_20260823/routeA_full/blocks/426650634.json.gz	442565	b5ba1162ccd2daa4da098c2b03a54fca407d89c9e9ba19c2c9d8a3603c2b664a
diagnosis_20260823/routeA_full/blocks/426650635.json.gz	310755	fea88e3b1046cc9e0d8918c090adc9cb86231f0d6f35bedd6e491404c8b740dc
diagnosis_20260823/routeA_full/blocks/426650636.json.gz	354356	74218241ef0a714dead1e2c904c301ef4434b5dfc967409490503f08c11a9874
diagnosis_20260823/routeA_full/blocks/426650637.json.gz	272977	9020500dca243e72ea74106d7515b5a51dc6e34b5695a4796200e37c5a8ad52f
diagnosis_20260823/routeA_full/blocks/426650638.json.gz	279643	0a44e73a8f84a31730d955adda7f1da7ca977d01d14bfec72a9b295d801a95c5
diagnosis_20260823/routeA_full/blocks/426650639.json.gz	285414	a0f143150991fb8afc69d516f361ddc3fff7663ac36e3bf0b5d9a891dc073b47
diagnosis_20260823/routeA_full/blocks/426650640.json.gz	375829	749c2c94b89628885a7a25864381dec55b0158e54a7d008f4e7acf853e9523b9
diagnosis_20260823/routeA_full/blocks/426650641.json.gz	317951	384bcea5688885451bfd9f0b23a67a3cee2552351bb2dcb3c17e533cb0f4747d
diagnosis_20260823/routeA_full/blocks/426650642.json.gz	314583	e34bc463d1e029c1c3d3d2abce11aebca4dffa0a119115abd0f21e873c9bca6e
diagnosis_20260823/routeA_full/blocks/426650643.json.gz	370537	759d6f883bbacc2525edd9ef50587ba2f6862f61dad8337657074602d6085b75
diagnosis_20260823/routeA_full/blocks/426650644.json.gz	249708	a261154d54bdcc902936c6262399b2c147d949248d36f5586dec367c45604272
diagnosis_20260823/routeA_full/blocks/426650645.json.gz	201146	4b2eb86efe409429b02dfe02732762558c532efbe2d5189b8601c2429711c51d
diagnosis_20260823/routeA_full/blocks/426650646.json.gz	340720	ce99ea18f1ba5a63a92a54f93e51b3a4be19cfc0c0114d91095119d5bd0ab899
diagnosis_20260823/routeA_full/blocks/426650647.json.gz	275821	8e143cf231df38608827003c3385df07381bcb142c442e71dfa4a7d5086f0d5f
diagnosis_20260823/routeA_full/blocks/426650648.json.gz	370868	f0461b7963e459b25c9a9dfa801abeb7b4c4412057f4237d49884eacc38c8a72
diagnosis_20260823/routeA_full/blocks/426650649.json.gz	477707	1a3300a28b17a35f9c625c5db0c73b8eab56556829d1e5afbf72aad9b833f13a
diagnosis_20260823/routeA_full/blocks/426650650.json.gz	366299	098b385a09ec92271f3cf1ef25292a106cb4d471dab6d8d21d710e9b3f63aa52
diagnosis_20260823/routeA_full/blocks/426650651.json.gz	411863	4f64e4a09f7a82b091771e37a466618a1691c832f42df61f0d17567def4ba8eb
diagnosis_20260823/routeA_full/blocks/426650652.json.gz	220130	f2310179b26b01f252fc7c1405247842786fa770d3e1320ceaa1f61eb3b024c0
diagnosis_20260823/routeA_full/blocks/426650653.json.gz	225142	bde007530a054f9f25080da8dce43ee9d98bc50acc2a0192c758ebc5365a7aef
diagnosis_20260823/routeA_full/blocks/426650654.json.gz	180036	6d63c86463cc76ac7d79fa2c88a1df3fbc34d857067776b33023f876087a58eb
diagnosis_20260823/routeA_full/blocks/426650655.json.gz	215934	7ccd24313fd8265cbf068e6c75e7036cda89cde99224999a550b691ade68a19b
diagnosis_20260823/routeA_full/blocks/426650656.json.gz	250206	a55a2f0dc9d41abdd8ab1cfb3bfbe2cbdb1c92f2035bfca021998d531c27daf1
diagnosis_20260823/routeA_full/blocks/426650657.json.gz	197442	80df014fb52ecd47988153390d79680f9ad5487f6a410565f7d095d3263b5e50
diagnosis_20260823/routeA_full/blocks/426650658.json.gz	147220	9459082669cab82911c6b37edf8040a7d7fc7b591728b89d1002bff806f25921
diagnosis_20260823/routeA_full/blocks/426650659.json.gz	216306	ab517f64b8d47c13571a89db8bcc132cad3b4e31370b0fb3b303c889bb6a47d5
diagnosis_20260823/routeA_full/blocks/426650660.json.gz	552894	789be7de363c1511d81925a0a6f80c2e841983eb5c45654100b4d3c8159807b3
diagnosis_20260823/routeA_full/blocks/426650661.json.gz	478620	722b7ad56797c77c9b7ce24ce9416669bda1bb50fded4326fc7d940e4afc5ab4
diagnosis_20260823/routeA_full/blocks/426650662.json.gz	375336	6ee8c46bba5820866607666911d1b718875bfeec71712def96622872e9975830
diagnosis_20260823/routeA_full/blocks/426650663.json.gz	320764	019347130504ecee920c08edbc99fe184c25db6333800fe8d8fff34a3fa68b35
diagnosis_20260823/routeA_full/blocks/426650664.json.gz	263822	d5f1158b0f390229331401e966bf91f96f5acc2abfd05fb303518cfcea11ac03
diagnosis_20260823/routeA_full/blocks/426650665.json.gz	178699	1b0aef3be0b66f79e51e8cd5f85f0c27ce9c14dfd18cbe79f2ae893ea0c750ba
diagnosis_20260823/routeA_full/blocks/426650666.json.gz	155744	0b8b073b3cc4614689926da1f76853c9fceaea1d2b541b6c7b42f8e2c5f42fdc
diagnosis_20260823/routeA_full/blocks/426650667.json.gz	163657	89c2e98244f47d5ac070d5b522cf9b9a04ce1908232b533ac791615edd5524bd
diagnosis_20260823/routeA_full/blocks/426650668.json.gz	154329	885b5de1e5578e57e76beb2bad9753cce49602c51efa1531fa952dc60163d9c6
diagnosis_20260823/routeA_full/blocks/426650669.json.gz	203657	408ea4709f52b1b18e92ed0d59ff2dd236fd1d5def89bf053cde03ef0006e32b
diagnosis_20260823/routeA_full/blocks/426650670.json.gz	271931	1ad78b267b1d231fd6249b992d0d93bd95aed6c76ba61c7963752ce6aab142aa
diagnosis_20260823/routeA_full/blocks/426650671.json.gz	287159	3a82c57bd30f311820ba4ccd7c977c01f0ce6dc0338334822c91620430acfc7b
diagnosis_20260823/routeA_full/blocks/426650672.json.gz	355277	612f386e74de1ebb4612e473400316a9ee02d5fbd733f959a74c0d433f0329a2
diagnosis_20260823/routeA_full/blocks/426650673.json.gz	362208	0d9291eaef08b7fc6a84b9c17130f2278fee70e5ba3cafe27552c428f77a21cb
diagnosis_20260823/routeA_full/blocks/426650674.json.gz	354228	5b41ab66a1dc4e601109f16cf899be20dc1db23fe0aabbc838cd033b23ecff5e
diagnosis_20260823/routeA_full/blocks/426650675.json.gz	431067	17a741b4f613728726b2572d02d2946cb75a089344bce16bb61822fbb70f33ef
diagnosis_20260823/routeA_full/blocks/426650676.json.gz	321833	ccf99297362435cce3b46b62fc3385a14e415f7d111f2e483e93a4efde026610
diagnosis_20260823/routeA_full/blocks/426650677.json.gz	228625	86a52f50f0cf19da7791f8e416c3b11a54b0f3f1295a17dd8b40fe7ea17345f8
diagnosis_20260823/routeA_full/blocks/426650678.json.gz	282194	2a499e58f9d9637e02d5a13bc41607dd535d54aef227264ca1de8c0cf21338cb
diagnosis_20260823/routeA_full/blocks/426650679.json.gz	295209	d97503f1f3a8aa3f2ddd86c0804fc1fe119201be2ec11a80e91735211b509d38
diagnosis_20260823/routeA_full/blocks/426650680.json.gz	376078	c8d015e54fd65116094d6f740d9b60c5cca1af07170434c306cdfe8eb4ad14f9
diagnosis_20260823/routeA_full/blocks/426650681.json.gz	296829	e9c17fdf2b25a01e8a1737ed96f1b42e6bfbd293639dd526a91abfeda0fc3480
diagnosis_20260823/routeA_full/blocks/426650682.json.gz	278704	c81921ae2b59b49375b27630a938d9d74b78e22e9aec60061355be2f7d5e3c52
diagnosis_20260823/routeA_full/blocks/426650683.json.gz	231185	892b32edd7aa2aeaa1de74ade35476c94c625afa0cdc10f77f3ce03b555e8007
diagnosis_20260823/routeA_full/blocks/426650684.json.gz	333174	0bf62b76fe6817a0db17a1ecaff0e1d64a7db7f05f87a6321eab8ff348f03185
diagnosis_20260823/routeA_full/blocks/426650685.json.gz	355383	da7fbfdff7cd86a73b6aa08e602ba7f7cc009457545d387e5984f3ee227c4c0a
diagnosis_20260823/routeA_full/blocks/426650686.json.gz	321955	b0e01a8f03f9e369c5eda298fc249ef3e87b94c75d53cd8de2e4e39e00f397d0
diagnosis_20260823/routeA_full/blocks/426650687.json.gz	350623	f0c56b3d3f4104ed549da0a4b04a1d339017e53a49e242cec4a739b99a710844
diagnosis_20260823/routeA_full/blocks/426650688.json.gz	298145	68d3c6643ab5da3bc15213649089de1ee2f008d69b3be8f49333ad06019f6717
diagnosis_20260823/routeA_full/blocks/426650689.json.gz	239355	86a8b6c8fabea1ae386c1190abbc1babaa7e475dfe8cdcf1b96405b384fcfb55
diagnosis_20260823/routeA_full/blocks/426650690.json.gz	431975	bee555a1066f0601e435e8c872329f2c362291b4a53d50ee50b6c1d5ac1123a7
diagnosis_20260823/routeA_full/blocks/426650691.json.gz	505857	ee3b6b350a55333685fe7d86b2d74a90923d210052c90b8bc1192ef9c4cf4f96
diagnosis_20260823/routeA_full/blocks/426650692.json.gz	310157	232e66beb728acc6f73b7f74d4a41e0a40c27c030e0c1d8d97fbda0f8ca71a44
diagnosis_20260823/routeA_full/blocks/426650693.json.gz	288446	ef8e5b6bd5541d60ee9383c46a08b045ad8f5b3304614e0f0d9e85f834ca31d5
diagnosis_20260823/routeA_full/blocks/426650694.json.gz	273904	f531053633cd0538b625a603f0dcdd789986ec677142d59216e3542ee28dee58
diagnosis_20260823/routeA_full/blocks/426650695.json.gz	258261	471de456c0632dff4bfe1c9b1de4f2e05b80b8d52fc3733ac5e766db4eeb5565
diagnosis_20260823/routeA_full/blocks/426650696.json.gz	332473	cc3c7437d4e8195ddcb49cbd8a5384cd84db3002316daf84f5a6caa714c33c4d
diagnosis_20260823/routeA_full/blocks/426650697.json.gz	331401	57e612139489fc78eb21c866713e0ed53b33003adbfe1c61bfdc21b81af39532
diagnosis_20260823/routeA_full/blocks/426650698.json.gz	416345	86a6d40735d92e43a34441f6e73e4b41ee2dc8db36d2ad859ab4e5900f7130e2
diagnosis_20260823/routeA_full/blocks/426650699.json.gz	416865	1f9a3a8caf5c3c7108a7b9765ceaca1c0725e60d8143c4e649a2d8586d907989
diagnosis_20260823/routeA_full/blocks/426650700.json.gz	347843	975410a9460b384264cca7f27a52f61909f5f4ad7b8e14060f35aed89222f0ec
diagnosis_20260823/routeA_full/blocks/426650701.json.gz	333190	dd92fd0a2dabb5877c1d440a1c2722d5901ae38ec50436645ca6a4e8e1083430
diagnosis_20260823/routeA_full/blocks/426650702.json.gz	271230	84a3bf6ef9b145d18ae9973771ddd1839b47c8783030afa1be05a45569a9c6df
diagnosis_20260823/routeA_full/blocks/426650703.json.gz	314121	25ae56005d480ee3636e42fbbdfe96ccce8fa9518f99562ca8c516cfbc27a695
diagnosis_20260823/routeA_full/blocks/426650704.json.gz	306323	6bd3c2459fa62bc9c3e5e8cdf8fc956ef2203ca35cafaaaf1e2cbc8a733df71b
diagnosis_20260823/routeA_full/blocks/426650705.json.gz	340793	b86b0a4c87bc4b02927ec577e024578dde89049ded94c1b9da507e1936671159
diagnosis_20260823/routeA_full/blocks/426650706.json.gz	316616	194c7c5409a29c941523185d679723fcdc09545a63dd7193bd5dd1d855e14d79
diagnosis_20260823/routeA_full/blocks/426650707.json.gz	335841	b6169bbae18c2ca354b8fa9794954de0bfbfed47d58a933c3b20b67f854c3692
diagnosis_20260823/routeA_full/blocks/426650708.json.gz	257291	30e0dc305dd1f587b041cc252632d26cd8a33fca1aa58cc3400d6e71f7bde2b9
diagnosis_20260823/routeA_full/blocks/426650709.json.gz	245032	e7b9579cea45acfe21538acda6b19acbe968f61c59ee9053383c6a8a1fb487df
diagnosis_20260823/routeA_full/blocks/426650710.json.gz	210125	a34eeff161810432466a79e1fc8d407b6cffb34e460cfb57746ac1c1ae2ca849
diagnosis_20260823/routeA_full/blocks/426650711.json.gz	285210	32fb0a5c6834cdca987d372006cf6e954de5c68c84f0e0896cd3d1368f251177
diagnosis_20260823/routeA_full/blocks/426650712.json.gz	454057	7cb98722ba2870f6a87cf4f355c093a4e6db456dbd233b59a8914e010aa2aede
diagnosis_20260823/routeA_full/blocks/426650713.json.gz	459427	23dd15c9fbee2a400e972ebabc00623b15de38c60931cf84722b34719492eac4
diagnosis_20260823/routeA_full/blocks/426650714.json.gz	533466	f28ef090e416139d4b5daff3e59d1eba87e2e0146faf9a0d20c9b06dbffe3e91
diagnosis_20260823/routeA_full/blocks/426650715.json.gz	478985	9133733e9394a540de7d16ae9a85bd2858bc0b1b6cd8a17e28e722ff96dfd805
diagnosis_20260823/routeA_full/blocks/426650716.json.gz	272220	a9856a5dc1acb0e871ce97f76196d982c7804b5fb94bf5e3d2fc1010ec16ddc0
diagnosis_20260823/routeA_full/blocks/426650717.json.gz	396665	bb353fd201dd99fd2a4fcdf499cb77fe7dd191c6fd0f3727ae98970d432fefa7
diagnosis_20260823/routeA_full/blocks/426650718.json.gz	580052	a86e9fa8e77af8ccf315e09061a9d10aecbfc9ac74b8009030872cbd9b0042cb
diagnosis_20260823/routeA_full/blocks/426650719.json.gz	423424	792278e498e6742d19d56291c1e725cb320a81c16583780f3e031d92e37c2ada
diagnosis_20260823/routeA_full/blocks/426650720.json.gz	399779	46b9ebafd865dc578e89bb3ac0966340afbca3dd89717fcd49e6c4d5672066ef
diagnosis_20260823/routeA_full/blocks/426650721.json.gz	402655	d257f8e1677c1a74d4825b40a655d5de34448fbb331ca8bd7b8e5e9a15c5edc2
diagnosis_20260823/routeA_full/blocks/426650722.json.gz	384767	2678787cd970211e5b566fd17eaaccfd7a8148ddee2dc1b184d4318ad79a7c7a
diagnosis_20260823/routeA_full/blocks/426650723.json.gz	349028	c034813c058563596ad25ce4aeab35a85bf8e79227b2e544dba20a7c006a2e8e
diagnosis_20260823/routeA_full/blocks/426650724.json.gz	311997	1d9fc3504314fb13c6e9f2ae5c24337f0796ff9108ce1cfe0f6ccb604c8b5235
diagnosis_20260823/routeA_full/blocks/426650725.json.gz	375844	f56c2db95eba1fd6261b3a5e64212389bf667e62b1950e68e5f07de5559ba6ab
diagnosis_20260823/routeA_full/blocks/426650726.json.gz	272846	c568e1bf1b1622bc9dff0c9bd98ee0c75d18a08a5f589183fe9f3744a41c5578
diagnosis_20260823/routeA_full/blocks/426650727.json.gz	292238	d94664bc660be9941f474f50a62488179c201373598c40a35a7b721906a08f7f
diagnosis_20260823/routeA_full/blocks/426650728.json.gz	319104	5c396a00f3067a5bdde68ec29fdb8ebdb9e86873254b366bd0d9073e57243bf8
diagnosis_20260823/routeA_full/blocks/426650729.json.gz	441609	1d9abc1e108da4b44cb583ef1285ab0e16c81396174f58384e897236a7f8a9dc
diagnosis_20260823/routeA_full/blocks/426650730.json.gz	304253	794b800151551d0d78b49e23bdc086ff7c8f2dbfaeeee1d3990c6269adfa37fd
diagnosis_20260823/routeA_full/blocks/426650731.json.gz	333627	b9417d27e8c4fcccc10b5ebe53a76768d5b65e45cc0ce05d00f9b6eff7c6e40e
diagnosis_20260823/routeA_full/blocks/426650732.json.gz	283471	284181b542eec4f6727450f64d08fa1d75c3a65ce5dcb978bdcd4c5fcb1bd142
diagnosis_20260823/routeA_full/blocks/426650733.json.gz	278460	2eaaee6dc08a64039c88a9b7115a7327536f19aaaf049b91b348c4b2de7ce1a0
diagnosis_20260823/routeA_full/blocks/426650734.json.gz	353526	d94715f7a8ea36df686413e635122ef09f6b2e805a3d26e1c2fcb9ab694be737
diagnosis_20260823/routeA_full/blocks/426650735.json.gz	393607	868bf4873958d2c1ccca85dd468db7ea1f356609b5951cf432955014e3c42afb
diagnosis_20260823/routeA_full/blocks/426650736.json.gz	223319	825b77f820eddcf8024c3b205d760d2f9fd30e63365441573e807aa6e23f7948
diagnosis_20260823/routeA_full/blocks/426650737.json.gz	316117	872861213b6f480aa41b59646c9eb1a3730b44d78632ac3eda8e72b07e587002
diagnosis_20260823/routeA_full/blocks/426650738.json.gz	199469	2e13a31492796242c392a1681d58f309b29c0cac1e768b0660ace63c859ffa2a
diagnosis_20260823/routeA_full/blocks/426650739.json.gz	69144	214b939b5dc9a94d853133b3c32767026f126caf5950cd2b3c10e30e2e4313f4
diagnosis_20260823/routeA_full/blocks/426650740.json.gz	395444	06affbee6823309ecc746a3cd906947a986d51cce3b221d6a773cb0f02e1907c
diagnosis_20260823/routeA_full/blocks/426650741.json.gz	372280	8ea62a2f1be93ab6b4c5750591e4a54e810e7d49ef0bc89eb9e15c708151eca2
diagnosis_20260823/routeA_full/blocks/426650742.json.gz	338033	481fce618c1936dea6bb613bd738772e2b049afea93c30da8306db44a98c6609
diagnosis_20260823/routeA_full/blocks/426650743.json.gz	293041	98cf1dc800c6431e6eb52f3833518993375412a509a15d67c0be42c986eb7a94
diagnosis_20260823/routeA_full/blocks/426650744.json.gz	192614	e7f5a70aabab42489f8a5be62f7c787a353a71f60df98b99fe75ce6685b15228
diagnosis_20260823/routeA_full/blocks/426650745.json.gz	242157	1af994c99ec341433a712f5a9844f77ff9b421c5f19e313e206c19a85e179945
diagnosis_20260823/routeA_full/blocks/426650746.json.gz	408749	b99635176df4c043d40dfedb1fbc71961e0cf55720f4a029c9575b8d9c79a9f0
diagnosis_20260823/routeA_full/blocks/426650747.json.gz	335946	b13fd57151069a86435b909512a71eb70ea2ed8b28c83dabb3eb13eb7910e153
diagnosis_20260823/routeA_full/blocks/426650748.json.gz	403546	b56a039da0c50a0946dbd3732d4b2091c09e154d6ef55a271158db0a943e7996
diagnosis_20260823/routeA_full/blocks/426650749.json.gz	302033	20567ff370144697b1d2da1ed15450884b40ed126c387be2a2914e16b7554307
diagnosis_20260823/routeA_full/blocks/426650750.json.gz	333475	f402ce9766d0b4319cfb194baf0168b567e8dcf0ee62f129d105c8644aa5c98c
diagnosis_20260823/routeA_full/blocks/426650751.json.gz	466959	2c3ecc243b49b006a41899df7675ef3c576c3cba87d00259e82ea7db73f66a60
diagnosis_20260823/routeA_full/blocks/426650752.json.gz	413360	f883b0b622a3f585cd756a6410a2d87ace5d019bb64ceb9340c3266b333e2c36
diagnosis_20260823/routeA_full/blocks/426650753.json.gz	335052	5f9334d08083165e251c22f797b077de8b650e4dcfe3e8bfd003fe81c1327b4f
diagnosis_20260823/routeA_full/blocks/426650754.json.gz	351028	25806336cf32193117833198c88aceec3931d40b6f9aa3bdd6488f161b10a9d1
diagnosis_20260823/routeA_full/blocks/426650755.json.gz	337623	bcee6181c96a2553a87b097d6da162ede8c0ea4c6db090d23570ac7c945e6591
diagnosis_20260823/routeA_full/blocks/426650756.json.gz	360337	300881c64e73d1ad260c6951a541a7d3f06b891cae084a9ead0ab4ab5afb6fe6
diagnosis_20260823/routeA_full/blocks/426650757.json.gz	379322	6c05f68820766d0cd1cbd4b950cb5d450116e2685f224d60b81a1a00fe7a3768
diagnosis_20260823/routeA_full/blocks/426650758.json.gz	361219	b38f9aa4168e41946fa17db2482f9eafe8913b08a63effef9b40396b9403d8ab
diagnosis_20260823/routeA_full/blocks/426650759.json.gz	327038	35c47a59b9fb39532ec80a87c9edc12641ce23ccbd234bb179764c93b4c83bee
diagnosis_20260823/routeA_full/blocks/426650760.json.gz	412054	1350d4446aa97b2f412e31a77825965aadbdc253e0f0106fcd81af74eb61c7c2
diagnosis_20260823/routeA_full/blocks/426650761.json.gz	570433	f330f3a5111a9361bef4c67764fde0576b78522b48ab83e88229637440bdfe16
diagnosis_20260823/routeA_full/blocks/426650762.json.gz	466397	ee378f4a6b4eb0c60a91107852e3848bcb0f14021fc7a04a25d2164186d2da86
diagnosis_20260823/routeA_full/blocks/426650763.json.gz	370907	26a7caee26c550abfbb249c6b78e4e3b74b3457a6944a0f7eaec1300c0b02481
diagnosis_20260823/routeA_full/blocks/426650764.json.gz	298426	bfd597892aba96e53119a15ec796678fc05ac78706ae70d73e48176ed00bf1fa
diagnosis_20260823/routeA_full/blocks/426650765.json.gz	335194	bf356245ec0513c034f90cb28628537dfec8354a6af80b7d7ceb4f8c087993d2
diagnosis_20260823/routeA_full/blocks/426650766.json.gz	409979	cf220d762c16e10224537db22f73f87c24b6db84781a5f8968c5c6ad5e350bde
diagnosis_20260823/routeA_full/blocks/426650767.json.gz	391253	63d74871e459c07cdd4eb72ade69f4aaa056fd196eb06f26dbe4b783f6d86a4b
diagnosis_20260823/routeA_full/blocks/426650768.json.gz	282066	5061de6ab755baf98d2469ced44275345f8d6b6bfb11db959d805756d77fc308
diagnosis_20260823/routeA_full/blocks/426650769.json.gz	349722	81493c8dc18aab8a79c125e0cd67176bb15355ff8015cb8422a10ff4c6d20815
diagnosis_20260823/routeA_full/blocks/426650770.json.gz	308968	ba4fc929a76d76f12a7e8b551212fcea9a94bc940389d935e8728d864bd4e0e9
diagnosis_20260823/routeA_full/blocks/426650771.json.gz	336673	2ec949efb27774852ee5a6f38f5b898ab67dc8f7f83016fea7902096498414d7
diagnosis_20260823/routeA_full/blocks/426650772.json.gz	386670	782a60e1c28c72fa3e3dcd4e8a5d62733531d93f15ed10e27ea92c8f74ddb450
diagnosis_20260823/routeA_full/blocks/426650773.json.gz	383444	f41c88160231c329419bac5b46e2c57b378a66347999ff2a9fa5666374bca6f2
diagnosis_20260823/routeA_full/blocks/426650774.json.gz	376822	a3014c7bd2798a613ae13270e7b70705e8beaafe3b9fcda1889c8f00036eaeaf
diagnosis_20260823/routeA_full/blocks/426650775.json.gz	390507	4be0acc26eb3faa10c597d34508170be7c5c2dd6fd67152c87dee61fdd6ba848
diagnosis_20260823/routeA_full/blocks/426650776.json.gz	242835	1e0f0bd34b02873d7a0decaf18b5d6753e59c8262522264c8b7f608d414334a1
diagnosis_20260823/routeA_full/blocks/426650777.json.gz	158626	dcd36452635bd43b198f14c935d985b50a9f1cb046e5385c5a6afa78fe8ba3ff
diagnosis_20260823/routeA_full/blocks/426650778.json.gz	367978	1d840d16b49016907318199e1b9f0cd9e75be0e95e98c89f42955a43ebfe0044
diagnosis_20260823/routeA_full/blocks/426650779.json.gz	210313	20a93d73a47cf8b7eded280304ad41117cc01609a7fb96a7d0b82249fa8e1011
diagnosis_20260823/routeA_full/blocks/426650780.json.gz	315329	e1ec245223829ed48f867f1087a810424d1edffe37fe4559fe18156dae0e1d80
diagnosis_20260823/routeA_full/blocks/426650781.json.gz	275165	f3a35ca5026db685de11fb30313e7df4336a9622e561288f91059bf053e84792
diagnosis_20260823/routeA_full/blocks/426650782.json.gz	303245	64b39316ebe304c3b614ee602c0199bf03e5da0c8bb1fa7d0775ce7251d0ae4e
diagnosis_20260823/routeA_full/blocks/426650783.json.gz	331038	e165cfc91ef61f2579bcb81f281f2e236fbcd7648ea9f586678118574a3a9675
diagnosis_20260823/routeA_full/blocks/426650784.json.gz	366962	f307d1a906dbb549de0173bf328fd2147252ea2af9384b8ccae89b94edd815d3
diagnosis_20260823/routeA_full/blocks/426650785.json.gz	361000	c3249fd1d5289052cd092c3fd53564a9058e2ad950fb24eaed2e80de87ea0008
diagnosis_20260823/routeA_full/blocks/426650786.json.gz	448675	2ad3b6ddeac56a5046cfcdad49c5c2779df7e086525ee5c92980940817ebd43e
diagnosis_20260823/routeA_full/blocks/426650787.json.gz	428855	75683bd9e3a5bcae99c18ac4ac5cc52b054e37e8b9c4e9d85e485350bcdfae62
diagnosis_20260823/routeA_full/blocks/426650788.json.gz	402667	baf9adafaeb1be91ec8cc6a26bc20bc8d13603c932fbe7a8bbf80fe0f6ab0584
diagnosis_20260823/routeA_full/blocks/426650789.json.gz	347429	980069bf7302f07df4a7f2f72b10f36f9db30a19f57346bb739a2a9000b78bd1
diagnosis_20260823/routeA_full/blocks/426650790.json.gz	432598	0697dc2eddf612de6cdf70cbf3738a9c8dec3e8d494062bfe2c7d8c3b71767b6
diagnosis_20260823/routeA_full/blocks/426650791.json.gz	522973	db48cb73b6d37332496303856ef4b17dff4a3255ec71620e00cc3d01fee80ac6
diagnosis_20260823/routeA_full/blocks/426650792.json.gz	392014	a12629dd8b513c33eff608fa09db942dff6e0a72b7073c876b196fae159ebfae
diagnosis_20260823/routeA_full/blocks/426650793.json.gz	415412	77ee8adbde58d986d48a803afffc39a829a837ec7e0f0c0797956051f389a62b
diagnosis_20260823/routeA_full/blocks/426650794.json.gz	488085	c193c16c504ab1aff980bcba778bbbfaae76e270605dd4fe427762449e283dfb
diagnosis_20260823/routeA_full/blocks/426650795.json.gz	482761	2226936f45927a816ce739ff3c4f3f0d8bca59b139a605c7e59e8766e59c1bd4
diagnosis_20260823/routeA_full/blocks/426650796.json.gz	592273	1fdb7980010052691982584dfe5ffcd4807ece761b573a01fd3253cb09038cd1
diagnosis_20260823/routeA_full/blocks/426650797.json.gz	416015	aaaacb330a51454c25bf7dab21e512867ff3815dd77dab80f4b2791ef4ddcf08
diagnosis_20260823/routeA_full/blocks/426650798.json.gz	375586	0cfc4acb3db4a054872182fd096aa9b88a625c52e22623b1dce0b4d9b79d6fc9
diagnosis_20260823/routeA_full/blocks/426650799.json.gz	369983	528ca9c82332f27e3cf183fa86048aa78585a0eca5f4c3391fea0065b74a3427
diagnosis_20260823/routeA_full/blocks/426650800.json.gz	568638	3773666a06d4437201c5bd6615d748377d72affc5ab780ada76b56567ec32a90
diagnosis_20260823/routeA_full/blocks/426650801.json.gz	419154	a23ab8cc7898a6bae778efbe7f6479f30ca8af3e6b227d7440a74176a360d871
diagnosis_20260823/routeA_full/blocks/426650802.json.gz	373934	2645a156c89847fdf666fe5c094ba989477ea4adc4bc3588f7ec54f2af04d75f
diagnosis_20260823/routeA_full/blocks/426650803.json.gz	325167	86b7bb2ae26c29a8763488014cf3a6d984b450d1fac247ab00338888d19ae51b
diagnosis_20260823/routeA_full/blocks/426650804.json.gz	325711	7d3a51b3a878824bcc69cc22044e7277f0b39a5297e52402a163a61351102d9f
diagnosis_20260823/routeA_full/blocks/426650805.json.gz	399777	8a81c6da688fcd7a0db61657d2bc7e78400e20aa92c91a808d3cafa99b596463
diagnosis_20260823/routeA_full/blocks/426650806.json.gz	363503	a4a8d55396c02bf8d4926a97b397a4ffebf1de97d6240ae0e05b033dd3175e04
diagnosis_20260823/routeA_full/blocks/426650807.json.gz	319173	72081d412dd930ef4a8ccf587e96315524b091a7771680cbb074d0ce925df44e
diagnosis_20260823/routeA_full/blocks/426650808.json.gz	224147	0a6c625edac526016051448faf3e7aa35ce01d50a34bf2287a8a9190d0b04281
diagnosis_20260823/routeA_full/blocks/426650809.json.gz	291996	15ca3ab29b11bb04a680b7ccb11e34373e25244518a4a45ef4a5a425b1000bd0
diagnosis_20260823/routeA_full/blocks/426650810.json.gz	378605	4160f99140ab06f79fbbb2f4d5770408952636858b77b28a660bb056bd951c4e
diagnosis_20260823/routeA_full/blocks/426650811.json.gz	420021	7907422d5797536a124d06d1ce94276fc9781b07b8e47057fa21bc644d68ce9a
diagnosis_20260823/routeA_full/blocks/426650812.json.gz	430795	8cb8c67a068905b02d09f99f30b91931304dae36f65f317c1ae99f1fea0230ff
diagnosis_20260823/routeA_full/blocks/426650813.json.gz	337522	e6244e1487912e335b169287157f79e75b16003f933f3f9c57a727e16918bb4e
diagnosis_20260823/routeA_full/blocks/426650814.json.gz	394117	cdd754870e2678da19d613f558f08727d772df2da4bcb78041b1768a93971879
diagnosis_20260823/routeA_full/blocks/426650815.json.gz	383700	50f959c8ff079b7f9325420eadf17c25c5bf8a9c6178f979b06042574b379221
diagnosis_20260823/routeA_full/blocks/426650816.json.gz	301937	b502536b7585d8f3e9fa4c75203c72936bc1089ea2123c3732d306448d8490b2
diagnosis_20260823/routeA_full/blocks/426650817.json.gz	251427	74e73c25f1368f7514d50490e0a1396cd26cf26457535ccb3459d63db3b9437f
diagnosis_20260823/routeA_full/blocks/426650818.json.gz	261585	1c3d7c503000003ed0384f107bf85531761beab9b436ddbcd081059affc3c365
diagnosis_20260823/routeA_full/blocks/426650819.json.gz	315489	029ceecb6fb397569a62df7b944fb1e0bb43cc057b815bd95b8b3433a5804f0a
diagnosis_20260823/routeA_full/blocks/426650820.json.gz	436770	24fd6cc5edb21e7d07d5ab48e337b5b1e45a0a64fe4f2d8c00bf6d41dffc990c
diagnosis_20260823/routeA_full/blocks/426650821.json.gz	337807	abbbabfa4ad73a44dac7353ff76f27004227ed565eae7b7af815617e26f4ece0
diagnosis_20260823/routeA_full/blocks/426650822.json.gz	390369	9dca4c432c59f066fe90dfcdf31b07509ad380572f8403f06246bf1d1809e94e
diagnosis_20260823/routeA_full/blocks/426650823.json.gz	337901	099487817d4dd8392f511d4e5c47a8d880a885d687ac08cde18a772534dde389
diagnosis_20260823/routeA_full/blocks/426650824.json.gz	306715	0bf406239b1928fb4c13f1f75faad7da87808a03fb34a84af8a18c3d0c362f21
diagnosis_20260823/routeA_full/blocks/426650825.json.gz	396618	4aed13c8ad2928635994ff1214f0d67cf7cb21e66971e9dfd46300d85d97e188
diagnosis_20260823/routeA_full/blocks/426650826.json.gz	290296	d6f2befc7b2ce61fd9e626e268206ae2b477b7f32a50bdc0d256385ff02af4a0
diagnosis_20260823/routeA_full/blocks/426650827.json.gz	427658	0ef6b9da942a921ecfdfdb0eeb06a61d64931f53acba152011dc8788005e9fff
diagnosis_20260823/routeA_full/blocks/426650828.json.gz	218314	5150d7ccc82d92a5d17c4b5f5e783b2ffaf4ea80b467177882136d54e8fc0ee2
diagnosis_20260823/routeA_full/blocks/426650829.json.gz	372528	92949499b30aaa19fdc91d605274a5c47db2bcaa3871beec62a03585b83c78be
diagnosis_20260823/routeA_full/blocks/426650830.json.gz	387419	5a3c002a1bf80a38d681db5139371ed5c8be26671f63bbb54c657903fe5fcbf4
diagnosis_20260823/routeA_full/blocks/426650831.json.gz	313571	c3497f4a2288921b9a2bcfed204c17314092f6c669eea42997eebcf8202c8cb0
diagnosis_20260823/routeA_full/blocks/426650832.json.gz	302195	a0c63c07815dfca20702e2d78ce1d35b51b0ecb3fcae143a0e8c2185276d7f5e
diagnosis_20260823/routeA_full/blocks/426650833.json.gz	417526	04a85b48cb9b690c2fafc6fce196229e90f3f58ae66acd747379a02b8a983951
diagnosis_20260823/routeA_full/blocks/426650834.json.gz	308579	cb468c378a1a87877db5324a1031d4ecc96c1e98af3c0f58e6cfa8069b80967a
diagnosis_20260823/routeA_full/blocks/426650835.json.gz	348283	2afd6658a1f9e4b8052faaf359121f29f9c5c5f4fbfd743b62085d1a49fdc9e8
diagnosis_20260823/routeA_full/blocks/426650836.json.gz	232718	1094c579527ea9822cdde61c90403a05c95b28447e06b65613b44089ad1d72b8
diagnosis_20260823/routeA_full/blocks/426650837.json.gz	205892	72dd4c8c7422c99d608bd910affc849ebf34aeb69257db70842cc43a47709a75
diagnosis_20260823/routeA_full/blocks/426650838.json.gz	290557	c2a91d1940fc7dea52c19b3e8fcce6ed9bcc0bc06025e56a16eb8ade91d605e7
diagnosis_20260823/routeA_full/blocks/426650839.json.gz	229793	71e9095cf353f5a67a6ca09f4b8db13b073ee3612386ce494e0c899412c1c33e
diagnosis_20260823/routeA_full/blocks/426650840.json.gz	500337	20270ad2405e3c9850ae9d727a429dd7bf321ef15e4e548a39cdb88376534d0f
diagnosis_20260823/routeA_full/blocks/426650841.json.gz	472100	158e096fc664959d68cc9306dbd8bba3d90bf9c4a2285417eeab8295f2d3d69e
diagnosis_20260823/routeA_full/blocks/426650842.json.gz	386337	8884e7acb5d555da7b4855e6da01de75fbd0199ee63570fdab9b8e38f81970d8
diagnosis_20260823/routeA_full/blocks/426650843.json.gz	426081	572eadd8c688940fb95b75aae0f151d7aacfc9ff38595ee47ab262565e566b26
diagnosis_20260823/routeA_full/blocks/426650844.json.gz	390061	991058ff0ee47a3d6bc7c3a61c78ec83bacaeb2960e78443653eabe58c1ef01c
diagnosis_20260823/routeA_full/blocks/426650845.json.gz	350105	611c46ae2a738471b3d2fd1f3af4c0e034f89b7b9942977b99033db478300070
diagnosis_20260823/routeA_full/blocks/426650846.json.gz	308748	47c3ef183c162c80ce2051e3f7f6b542038ee33d169780c685c75c38bf72d380
diagnosis_20260823/routeA_full/blocks/426650847.json.gz	384051	3288803ebdbba94a7fa2db161ad4eeb684b8abd3a1615f53616768086760676d
diagnosis_20260823/routeA_full/blocks/426650848.json.gz	318887	28a04be88622d166d509c2bf28f48efaa54b3cb0bb2b3216c3f8adf48ab631a1
diagnosis_20260823/routeA_full/blocks/426650849.json.gz	484295	d12036593e5c2134d67437cad90e0a7aeb2d9aeffd265dedf3f1d25298a32907
diagnosis_20260823/routeA_full/blocks/426650850.json.gz	307029	0ed1e4b4c008c58d8998a1265cc7ab13f9a49062252a8e1d4041822de8c6212f
diagnosis_20260823/routeA_full/blocks/426650851.json.gz	352138	65d8eea1d8b0ba1c2958ea8d045efb1f79fe0a09cb3016709ac326d2f53f63f5
diagnosis_20260823/routeA_full/blocks/426650852.json.gz	342082	3833a86ae6b9d2dfe5827362396c6e675b60803b524c5729b38b2e547c291c7a
diagnosis_20260823/routeA_full/blocks/426650853.json.gz	347727	65f055d20829f236a1982fc8fd102c6fb2f715d4ce464c01e29c7c1d716cff15
diagnosis_20260823/routeA_full/blocks/426650854.json.gz	351501	1be0625a1bb9759850a39b064380a8a357599f436fb793ee6c08439522e352fc
diagnosis_20260823/routeA_full/blocks/426650855.json.gz	321322	2b588f7530d796cf92b0b9d95a966bf42819135b2f2c34a9d84e31fdab91c29d
diagnosis_20260823/routeA_full/blocks/426650856.json.gz	252599	8b4791e5c8442cabd1d8e6c19c3b88a9fb22be39e005d63d401ba428c6a354a3
diagnosis_20260823/routeA_full/blocks/426650857.json.gz	500211	a321ef4ff591c918310d08a0cd698f76378914bb53f9d3308348e6689ce28942
diagnosis_20260823/routeA_full/blocks/426650858.json.gz	461594	83b6eb7336d5b68c97e372264a489e770918f0f52a727880a20bc33267c22d0f
diagnosis_20260823/routeA_full/blocks/426650859.json.gz	330948	07fb69352e3ff70cd8864213d94c2b598693cff029df508c9536e977deaf1bc1
diagnosis_20260823/routeA_full/blocks/426650860.json.gz	686929	b04b3f97ca66b94b63c34932a87f23b0d46812eaf9ba4273e7db5ba975951159
diagnosis_20260823/routeA_full/blocks/426650861.json.gz	462712	dfa833eb232b4097ee0d5a2ffdf7ce6c23be682c48dd1824944eeab61dcf97a7
diagnosis_20260823/routeA_full/blocks/426650862.json.gz	454697	9e2f071d843e3f67efb752611ddcd9d8c033a169d8901c75c53554603d63e734
diagnosis_20260823/routeA_full/blocks/426650863.json.gz	363677	3830691345470bb08e696281a36c42fed67b91b5d429f2b4b55e5f95dd045fa2
diagnosis_20260823/routeA_full/blocks/426650864.json.gz	295212	f9f26d25b23490ad348fc5c09d690e11499f333fa18b17257f8ce50b62d1f7cd
diagnosis_20260823/routeA_full/blocks/426650865.json.gz	338229	106408e04fdaa7ed1926b0cbd29e2e9917ee24f0fc201a90b774635be0aaf1f7
diagnosis_20260823/routeA_full/blocks/426650866.json.gz	326565	c90aa0eb0823e49c5ebdab276e26df7560abaf033a79b46fd6f78dd893a92f8d
diagnosis_20260823/routeA_full/blocks/426650867.json.gz	479289	4cbe3b70735791e03ccc34dae8c8ddcfcda978a656b20b0c261246606ab006f3
diagnosis_20260823/routeA_full/blocks/426650868.json.gz	323116	f2e97c5a6b92a2e3ad5dc1836f8c26a7acbcc87bc77e10e6ca90f1771b018036
diagnosis_20260823/routeA_full/blocks/426650869.json.gz	316878	8f14d65f517e4dc72c0757dab045998ce3ae90aa6d2e24dfe0616b619eccc7a6
diagnosis_20260823/routeA_full/blocks/426650870.json.gz	367973	c6dfc22afbf201028cbd99e8c31114bb8802abad12a25170dd520466bb687287
diagnosis_20260823/routeA_full/blocks/426650871.json.gz	314142	2b0971a86f8f47345c935ef722f0982cb8916721d704dec27161100520aeeba9
diagnosis_20260823/routeA_full/blocks/426650872.json.gz	265244	8a98661bdb61a437b3d726aac5a7499bd33cf4837caf824a76d5dd1fa140ae45
diagnosis_20260823/routeA_full/blocks/426650873.json.gz	343707	42df6dc2e277ba9d293809f8cc899d72e8f9f7c55753e08fde7860395a859abe
diagnosis_20260823/routeA_full/blocks/426650874.json.gz	352562	30b6cd2725ca94cedc29be79879b529eb2b2499c163c2ad81886a34f9b807657
diagnosis_20260823/routeA_full/blocks/426650875.json.gz	330169	ec0395093a442eaeecb69358b74f728580995a77c4c427e9e7f3fa0cd6b61ae7
diagnosis_20260823/routeA_full/blocks/426650876.json.gz	535309	7a5f39e2399d997e0d02b57e343d8ef927f7616dc7c70bf03fedac8ebee972b2
diagnosis_20260823/routeA_full/blocks/426650877.json.gz	580520	8d1f587c96d20ca120c2e6081d71a9e7b29dddcf779dce98e583065dc363141e
diagnosis_20260823/routeA_full/blocks/426650878.json.gz	435177	fed048b16176b195136a46fc9759390d9ffc7c561495153e6fe6ebee231ed5b2
diagnosis_20260823/routeA_full/blocks/426650879.json.gz	342934	db798517108e1982244587f46568b364db666d9fd716ecc6c3917ddde925080b
diagnosis_20260823/routeA_full/blocks/426650880.json.gz	318632	2a41e57dea294e728cac8829071c9e0452a9fde641888b691fc11b40331e6287
diagnosis_20260823/routeA_full/blocks/426650881.json.gz	506221	bf05ea83323a2821fbd1deafda50fac63717af8e4b4e14da627735d620244b7c
diagnosis_20260823/routeA_full/blocks/426650882.json.gz	505381	c523f0cc3ddc2e829fc3d295f75f883a20045c30c686b5631c677d3e3d599240
diagnosis_20260823/routeA_full/blocks/426650883.json.gz	566050	988393da2fae4c476793d5874a3402ee95d99c5a3dfb86a610ea390c3afe1ad6
diagnosis_20260823/routeA_full/blocks/426650884.json.gz	318256	caeb4dd64a8a7807be224993b04ef2ff71f961a76cdf2001bfc46e208a649301
diagnosis_20260823/routeA_full/blocks/426650885.json.gz	478504	4eb2e33a9a80f9e543c37ec5bbda958ab062dc6cb5f4aae9c4dfeb65792358f1
diagnosis_20260823/routeA_full/blocks/426650886.json.gz	364172	6067e1c9091c018a8cdbe749b7c878631f186c76efcc2dcde76f4a8c42a7daa8
diagnosis_20260823/routeA_full/blocks/426650887.json.gz	278591	4c68a6ffde5ad608064ed8dec7a49c572d9ab4fcd52d1b8bbb19bd8a7780815b
diagnosis_20260823/routeA_full/blocks/426650888.json.gz	420907	d9b06ec44bc438b4ff745722dd76ded815ae8bd3d72ff3874c4f30a05c09226b
diagnosis_20260823/routeA_full/blocks/426650889.json.gz	345689	84bd12e3fb9a90d9113d5bb3dffa43cf2a3a15fbe6ba97761061431c2d4224dd
diagnosis_20260823/routeA_full/blocks/426650890.json.gz	439427	811d6d76f087404b078e38da727066a01445eef364aafd4a5fcbd81a50a4089c
diagnosis_20260823/routeA_full/blocks/426650891.json.gz	381811	43771dbe52645205c7d33b2acaa8d34b63e1b1a3f80af5bcf48e21a51f79335f
diagnosis_20260823/routeA_full/blocks/426650892.json.gz	375546	7ad142c289471ac110ad6d71a8a5afc15617de83a172ef91bca4fb9f555cbb8b
diagnosis_20260823/routeA_full/blocks/426650893.json.gz	384870	82335f28f1b6c89246dfd4febf24235a9e7c4d23cde03e2cdfc331e936fef2d0
diagnosis_20260823/routeA_full/blocks/426650894.json.gz	471437	e68519ca2cb9a7c6469b1f8aa54cc3d4c5216ababd64f1b088fc748b1069929d
diagnosis_20260823/routeA_full/blocks/426650895.json.gz	431934	40751e791a53538def0c3c514dbe4d089f8091208403762fd88e87f3c3ae504a
diagnosis_20260823/routeA_full/blocks/426650896.json.gz	370786	cbfeb037c6df792cfb68280d37762e8b5f4825b93d6b8d1bd73cbd2a0b04e829
diagnosis_20260823/routeA_full/blocks/426650897.json.gz	422482	d9f752e6509c68e3b6f76e16a35ce8ae6a9774b375752ef291a484d5c70dfc69
diagnosis_20260823/routeA_full/blocks/426650898.json.gz	506017	2c6c75730a39420d1f9ab916d4c176e09f306f01941cb7aaf65f96c55518ce7c
diagnosis_20260823/routeA_full/blocks/426650899.json.gz	338716	8b1b350c0a8eb975509aa1581bdabe5415705f1182f248b71b1c5bd385c4ed8a
diagnosis_20260823/routeA_full/blocks/426650900.json.gz	369874	77d2aa16ed58f1421610d9bf4da6c1ae1ace3a20c572752d051dab7387d8d5b3
diagnosis_20260823/routeA_full/blocks/426650901.json.gz	222706	fd77c5131e84e9820a4a6b481c3aeac51bdcea8d22a7f3873fd262ebc3923a6a
diagnosis_20260823/routeA_full/blocks/426650902.json.gz	323608	a1d64543bead55edab8d15ee3c5db32c2512bef9eec6239abe347aeae57c4834
diagnosis_20260823/routeA_full/blocks/426650903.json.gz	393254	80a425979fd2dbe4d571cf5683b7f31b748fb915e543cde71c10ea4f0e2e38aa
diagnosis_20260823/routeA_full/blocks/426650904.json.gz	466534	5514459d03ef7430b3a7ec95838866b8a8934448904c298720180c6714a79c56
diagnosis_20260823/routeA_full/blocks/426650905.json.gz	385344	6c899ee887d562d18ee59187ad935c6370d7a0eaeeffdf590f042467d773bde4
diagnosis_20260823/routeA_full/blocks/426650906.json.gz	375159	ae767595818df25936e1c9384020d7a3764e82048e27bfad182bada10a623c42
diagnosis_20260823/routeA_full/blocks/426650907.json.gz	359185	e669208f6dd8ec94d2aaf9a622717cbd4203e19c304fa75d2fbd2102e4c8e6fd
diagnosis_20260823/routeA_full/blocks/426650908.json.gz	341873	a19654aa1db2b706e46aedcb9d3956f53f3a546028ace76fb28cbfc3b8cea87a
diagnosis_20260823/routeA_full/blocks/426650909.json.gz	296627	8f0a34a2e28c9b3706de39be88643fdb7bafbaa138e8b9a45f32f6b06c9126a5
diagnosis_20260823/routeA_full/blocks/426650910.json.gz	335669	808e9d0ea595424f47afe0a4e5b75a889fab9b24e9e328da53ec69e3239dffe0
diagnosis_20260823/routeA_full/blocks/426650911.json.gz	335164	c15a18857b295a1acf6ad4484d836a2bbeddfe5b9c8a14aea712fd7dcb99e1d8
diagnosis_20260823/routeA_full/blocks/426650912.json.gz	341726	095d57fd743e211c9fd959a3fa4cc50c0326f6c19e639dc4ebe67e67b8791df9
diagnosis_20260823/routeA_full/blocks/426650913.json.gz	312515	bd53a76047d2d4ab7ff308320baca35e73a71805f9bda0e4eca99f024e9d46c7
diagnosis_20260823/routeA_full/blocks/426650914.json.gz	315768	dff47efff2098992ba4ece7364a00e7a72201fc733fea0788668e18eac5ed0ed
diagnosis_20260823/routeA_full/blocks/426650915.json.gz	417158	1417ac2442f76c259c850b15ed0ed989cff88f1fd9c422c2868fcf6672e9355f
diagnosis_20260823/routeA_full/blocks/426650916.json.gz	241667	c58daa91a1e457d851a1be295f5fe1a776511e65a08793b534f5c94b55bed5b2
diagnosis_20260823/routeA_full/blocks/426650917.json.gz	470914	9f39e8d402a69715c454dfee40f9e15e4dbc4f85b01cb1adcf19d40525619961
diagnosis_20260823/routeA_full/blocks/426650918.json.gz	400642	29a3d3c3b0c0def20198634498c766eed2a569d093cf75ee25f753f76bdef1f2
diagnosis_20260823/routeA_full/blocks/426650919.json.gz	401474	c8be4a63e299cef7dcd94f2d435da36817385a00ab2a20a69e06b60f6023d109
diagnosis_20260823/routeA_full/blocks/426650920.json.gz	287108	42481c6af2e666e2c46815f4301e169003f5bdea1279705503edee8934478ef7
diagnosis_20260823/routeA_full/blocks/426650921.json.gz	344411	44d7e0fc5c460d1ed721d1409603ac7c79135d7f2d603a3eaf3b83e1f7510408
diagnosis_20260823/routeA_full/blocks/426650922.json.gz	393028	46315c79a4762a429615c02e34d4313ac5a3c3bff6b8789ba92318fc983f45b2
diagnosis_20260823/routeA_full/blocks/426650923.json.gz	354635	81cb3de2846373740fa216b0679eb0c1f7ff2739085ddae212a600bd66abed36
diagnosis_20260823/routeA_full/blocks/426650924.json.gz	231549	16697ea2e2164580a085bafa6a6fe7271e7ba1bbc4c84e35cf641e1d8e8e81ec
diagnosis_20260823/routeA_full/blocks/426650925.json.gz	369202	9158c7c18e95cee4cdbf1c41343d1147fff7efa5d880fa85f0eafdd29d4dc4c3
diagnosis_20260823/routeA_full/blocks/426650926.json.gz	439132	9e224dffa931191c7655bec8055e4d1b04ec7cd3a2e144774a14b4cc0bd10859
diagnosis_20260823/routeA_full/blocks/426650927.json.gz	367833	8425b7474967c8b77966ed1d144e6b9a7983854afe6693d0f371026f1f01d4c0
diagnosis_20260823/routeA_full/blocks/426650928.json.gz	351527	e5df2867291af552b568e98bd6290fe09ba77db8b768b3b861a17b1318b55109
diagnosis_20260823/routeA_full/blocks/426650929.json.gz	402153	e182dbd4881c95a30ec0b3867b405382f6e55c4f75eb8a0a64f9c06ee0fd35eb
diagnosis_20260823/routeA_full/blocks/426650930.json.gz	400778	da583f1da41ef6fbd2fa90e41908701bc524596a186aca7caf443769d1b44126
diagnosis_20260823/routeA_full/blocks/426650931.json.gz	512245	2e35ab5cd10433c2c3a97c368dc844e040a7991b50ad7b0738677a1c591682af
diagnosis_20260823/routeA_full/blocks/426650932.json.gz	368576	a543459af68faa533612e55a83c525403e803c654cc8d19315244118f6927283
diagnosis_20260823/routeA_full/blocks/426650933.json.gz	279032	724ce2714bdecec2677a8c1c0d55421d511b2ee6bab923eb9408c927141b0ca3
diagnosis_20260823/routeA_full/blocks/426650934.json.gz	244644	4b65a8ad2f640237dafa684068d3b2dfe5cca799fa8f36c73a469c29cdbb8742
diagnosis_20260823/routeA_full/blocks/426650935.json.gz	288164	26114dc2cdeb961771c7c2cd71660a3ac08b183561a31ef0df790bef736aecb3
diagnosis_20260823/routeA_full/blocks/426650936.json.gz	454843	d38fb605ed738ee12e0b97e4a5dfe216e31117772946760df0cb1337c726ca02
diagnosis_20260823/routeA_full/blocks/426650937.json.gz	381587	2e940fbcd8e53124ceb42244b41679a7de359cea89f41eb1c9e0bf755766c047
diagnosis_20260823/routeA_full/blocks/426650938.json.gz	306512	c4a74bae1f0b75ba1b97fe46062f709e23459a9d304f0c9e57bcad3e54167c29
diagnosis_20260823/routeA_full/blocks/426650939.json.gz	296894	80e96d4e71658a2539621619cbbee545a357239d1ed94120b87645b42ed1e25e
diagnosis_20260823/routeA_full/blocks/426650940.json.gz	342163	cd669324c686ded7ef032202258f6c457de02e1f207a990ddb98d6ed34de4748
diagnosis_20260823/routeA_full/blocks/426650941.json.gz	508674	c5d3b538defbe03e0936d8eaeb589463f37855a7a8cb4f0596f0e4ac9253d9d4
diagnosis_20260823/routeA_full/blocks/426650942.json.gz	386243	014936d583cd23c759e8edbcb453a0749c1b875c06c8aeb6f7ff1649f13fbb4f
diagnosis_20260823/routeA_full/blocks/426650943.json.gz	282981	42962bce91ef79069356f9024e1d5db6c31c3fa34806e78886c69cf7b8d83473
diagnosis_20260823/routeA_full/blocks/426650944.json.gz	362412	1079902f63f51852e3d8351fe5a8648efd5b7dbf1172308a07009b9de6b0bfaf
diagnosis_20260823/routeA_full/blocks/426650945.json.gz	453526	4a487aba2cb168c8e56caa956e70c3155449010b9892f5450142e5993706a88c
diagnosis_20260823/routeA_full/blocks/426650946.json.gz	356576	55986bb6dff6ad3fc95df8e801318b95d13e532c916c152a7d60a3b6ae88a15e
diagnosis_20260823/routeA_full/blocks/426650947.json.gz	244386	adca990bf3146a7cbb443c011a3244cc350109af7c7707d1c3d24d619dc86d37
diagnosis_20260823/routeA_full/blocks/426650948.json.gz	403094	8a41ee192327f6a6cf4c8c981ebd90f2b82a812339d33e3c7278f85c8a6ca604
diagnosis_20260823/routeA_full/blocks/426650949.json.gz	311104	ee6641c9af112a09843412e6fab99254504931c84ff83d18cfbccab2b8e4952b
diagnosis_20260823/routeA_full/blocks/426650950.json.gz	338649	7955ec51fd0f06c411ba46dbf3e6110657da7abb5a741facaa8f8f821783df50
diagnosis_20260823/routeA_full/blocks/426650951.json.gz	359815	810d6c9fcac9c7d83180da4d892e1c30feed6b62d54186d83ca503c9f94a2747
diagnosis_20260823/routeA_full/blocks/426650952.json.gz	329473	954be3da8a0c974ea44993a37fc322329092e3c92172edae5dfb3765baf983f1
diagnosis_20260823/routeA_full/blocks/426650953.json.gz	422499	5d0572052f0bdad209491a2a92cf295875d55ba5f015e06da7e59177f0b2c4b6
diagnosis_20260823/routeA_full/blocks/426650954.json.gz	364369	0e8bb24fe130482435538afc45614deb81c29ec2ea2e22d00d22e6a961197fc9
diagnosis_20260823/routeA_full/blocks/426650955.json.gz	422152	a9f792007adb9fe78b5341a5311deae6f75a87be9043a689ab59550b4074dc91
diagnosis_20260823/routeA_full/blocks/426650956.json.gz	349964	a070915b10480f41ce5d34b41e18c0953244aac6ee32fd21d3fb57490db09917
diagnosis_20260823/routeA_full/blocks/426650957.json.gz	330674	fea06f6b14f69187df557e9fb22791a22c4c09a874c1833bb10b91eb07dccf04
diagnosis_20260823/routeA_full/blocks/426650958.json.gz	320996	15aedc73790da81af871fcf75184ba444cc52bfc9ed9c13d36aad5d1fdd601ad
diagnosis_20260823/routeA_full/blocks/426650959.json.gz	296470	0dd10f1269f6d989c17a0ddc274139246cd009708dcda1adaa2599828a58c03a
diagnosis_20260823/routeA_full/blocks/426650960.json.gz	371715	a3cd6d9bab66f6a12a1900a13311a57c07b3a645f01cfbe17ec370b5efc4790e
diagnosis_20260823/routeA_full/blocks/426650961.json.gz	361843	1d41cc04b64401bf6dd3d2895030e4b3e6214853c3b2f9f4849bc44743f86236
diagnosis_20260823/routeA_full/blocks/426650962.json.gz	301323	36df5d051ad053f78cc3518c16f9b7297a512eeedc28b06611b3c290c16057b0
diagnosis_20260823/routeA_full/blocks/426650963.json.gz	370784	7ed3392578918c9d6cff4356543877605408598ed6a2a4035d1b62fc0f3ab085
diagnosis_20260823/routeA_full/blocks/426650964.json.gz	293707	56d74cc993a796addfb9b8a155de66067de79d1a5572bb6dae218ccf2bb9b3fd
diagnosis_20260823/routeA_full/blocks/426650965.json.gz	364059	d0fa64d3609a40e54eca7dead42934b562169fe55e2c772c3ea86b3074ea15f1
diagnosis_20260823/routeA_full/blocks/426650966.json.gz	379960	cf08cca6f99c6f7f09307d5389ff99f6cd4500082f77919a180a3a8e85af3b7c
diagnosis_20260823/routeA_full/blocks/426650967.json.gz	313669	b99568bd39fc58f22b7b5ff944094e91ac71a6c01c14866b4ac4e124db77cb5b
diagnosis_20260823/routeA_full/blocks/426650968.json.gz	402635	b76746682e78bee9711567da7f568be70a53116f57792518d30814792b878e07
diagnosis_20260823/routeA_full/blocks/426650969.json.gz	318619	15cfd4d8b3e9283143bbede5abbbe37e4c94d963152f8ab963fd418661003152
diagnosis_20260823/routeA_full/blocks/426650970.json.gz	254082	a10665994f7b60bc1d8da83bc3f610e6f8adcd2a2314b8be8d386f498b2c1d6a
diagnosis_20260823/routeA_full/blocks/426650971.json.gz	336370	946a523c14242432afd21ef49a5de993056ea62dc978dd112bdf0ccad95037f1
diagnosis_20260823/routeA_full/blocks/426650972.json.gz	390776	16aebbfdfbcc4fafd099ed553a8f92f8df6aa5a056fb9b2a77953dd796a12d07
diagnosis_20260823/routeA_full/blocks/426650973.json.gz	405944	386b5c68017170a14575cb89c1754c6e69a7a9da4b04ce786009da697a666b9b
diagnosis_20260823/routeA_full/blocks/426650974.json.gz	367206	fd2285b21452439a38eee3f44711eae5a89e57b4f1cc922d71ecaabf83d44ea7
diagnosis_20260823/routeA_full/blocks/426650975.json.gz	321272	fd7dba61ea8377557088c4041719d3fe3f80bfcc173a8ea2fbdc98a6e258e401
diagnosis_20260823/routeA_full/blocks/426650976.json.gz	506880	19f91424ba10d90248ba943854f75b25e0e3459fc059c3765e723d53422a3900
diagnosis_20260823/routeA_full/blocks/426650977.json.gz	361945	9258962eb32fdcc08a08cac79138f3a92b2e6b33282484800c8c1cb351af67d5
diagnosis_20260823/routeA_full/blocks/426650978.json.gz	317713	fedf44ca06a16dfe276f98359297f441e380696974d62d1ffda7a797d10428c7
diagnosis_20260823/routeA_full/blocks/426650979.json.gz	326816	427759b9863a32841fe4447afa62ce8afabcef2606a5673cf0247d0dfa4bab92
diagnosis_20260823/routeA_full/blocks/426650980.json.gz	291278	ae15f6656cf8c2cfd16200671da5ea752de7b5d081ea546e3dbf8b09f459ef6d
diagnosis_20260823/routeA_full/blocks/426650981.json.gz	301010	d9246367e86df98ea778f6de319d3e112b541adc269390f4bb87381b2a9a8ec3
diagnosis_20260823/routeA_full/blocks/426650982.json.gz	311737	f6faa7d40a9be7833d22e2a66675d5b256a4a03715c4147ba8983e3326fe7ae7
diagnosis_20260823/routeA_full/blocks/426650983.json.gz	424295	09f47e22eed9f8d08639ad42ae9f525dd44c907465c0b8f3371fa60bc440a8d0
diagnosis_20260823/routeA_full/blocks/426650984.json.gz	542107	eff008b9abe6661e19688b54834bd3cc1fb0ff3036b81705d8fa366d1c2a005c
diagnosis_20260823/routeA_full/blocks/426650985.json.gz	359407	a1a885f5242b27f0fe7c1d1b8252694d717d2acf0bb0420867f6cde09df769f7
diagnosis_20260823/routeA_full/blocks/426650986.json.gz	321112	04e12cc5ced2f7fa3124a6b2b2df8648c1de61a0298fb1945cae4fb7167fe681
diagnosis_20260823/routeA_full/blocks/426650987.json.gz	277306	d78f1484b397d1d56c5596fee28119cc58e3a614ff16b31a35db5196e0d2dc1b
diagnosis_20260823/routeA_full/blocks/426650988.json.gz	523217	09fbcac189ad9c1740089b7ac27911d73108432af8cd86a56672346a21fcb649
diagnosis_20260823/routeA_full/blocks/426650989.json.gz	436576	4de83500ca93c62deb89ed3b913f470fa2b41e47c98b14d4ffa17f86487da6d3
diagnosis_20260823/routeA_full/blocks/426650990.json.gz	297592	bb689a2b55ece5b161ae0e44cae918e8b7d554d7d9fc63c0858edc2e4d723bc0
diagnosis_20260823/routeA_full/blocks/426650991.json.gz	319474	4530c137967595904c4f6e5147df7b303fb9b62e0f4c2498153a5590b0ed7291
diagnosis_20260823/routeA_full/blocks/426650992.json.gz	314611	39e9a3d05fe67d90c09fe29eecb660a01c3dd647fad71dd74abe1c2d5c427eb8
diagnosis_20260823/routeA_full/blocks/426650993.json.gz	354978	dd5c05f3e3015550f54dfac32f5513d2d49f22664c6a0db87a3f9aca65c5efe8
diagnosis_20260823/routeA_full/blocks/426650994.json.gz	397125	568606aa8c598a6bff61fba0b1b3a14e12af07c76e13ea85290eef7ce7235d8d
diagnosis_20260823/routeA_full/blocks/426650995.json.gz	476686	e4cc69c327d0a581eefa2c29bebc647cb39baea9fe28bb7ec7b2943fe5419a36
diagnosis_20260823/routeA_full/blocks/426650996.json.gz	518915	fdc89d298dfdb028cbaeb73538b7bf88c6e7b1d70e3471f3ab12dd048f1aecb9
diagnosis_20260823/routeA_full/blocks/426650997.json.gz	602051	88224ba648b23569b8737493dd2d6a2a6419609029068d4c8ec690cd2cdd2b9c
diagnosis_20260823/routeA_full/blocks/426650998.json.gz	474832	a3d792052cd0bd79c49a50576beb0c20714e21d6dec1393d174e034fa7b79072
diagnosis_20260823/routeA_full/blocks/426650999.json.gz	318932	ab266924afb9b120ee876099281eeebf2f68c8594be999c1ebe80ed15cfc607d
diagnosis_20260823/routeA_full/blocks/426651000.json.gz	332663	529f9a4485518b28ef651d9f214c42f4cc317226035bd33afdee43c7a4627f86
diagnosis_20260823/routeA_full/blocks/426651001.json.gz	358392	7daab1bb86ba4a8e930c5ddd6186bb99bec673841e01c51698761404a740e858
diagnosis_20260823/routeA_full/blocks/426651002.json.gz	273955	4f4cbb9b45ca8b4072f16d82af661735e48ff803e1b7c65b67d5df8b4a9dbdcd
diagnosis_20260823/routeA_full/blocks/426651003.json.gz	239181	739af712ab1b8f8bbcdfcb2ce947910063673b12cf7bc1afb841d4bbdc6bfb1e
diagnosis_20260823/routeA_full/blocks/426651004.json.gz	363435	e6faa3ee1881107f971ddee53f018e670846cfc395f1415951ab4edcbb523e4f
diagnosis_20260823/routeA_full/blocks/426651005.json.gz	357346	84ec84678a1d117ce3058b0538076a1bd10aa3607581d882a843c1e15c283d18
diagnosis_20260823/routeA_full/blocks/426651006.json.gz	266082	af3ca1923a1ce1a7532607e81a2fe482566b99b0b476b7ff61abdab000a1895c
diagnosis_20260823/routeA_full/blocks/426651007.json.gz	366234	52712013904326322676a3f1345aab06c70f335e6140cba531c7fef0121b3812
diagnosis_20260823/routeA_full/blocks/426651008.json.gz	394872	9f2d583c97322394e291b485ecf616cf56224d4453c0a51229b1ec4cf3258365
diagnosis_20260823/routeA_full/blocks/426651009.json.gz	291181	4e58c28ee8976ad715cde48837b0f32553f3ebc01db6b277303cfb4929dfab76
diagnosis_20260823/routeA_full/blocks/426651010.json.gz	321224	a6c7ed9eab4096c9fd589b8f0b92552fe179bb6b6f6e49912a03289e59858b7e
diagnosis_20260823/routeA_full/blocks/426651011.json.gz	281112	6d8e3d77adf1b405b4e0565a35d9d4809f5aebbc280f63f28aa25da6170e3527
diagnosis_20260823/routeA_full/blocks/426651012.json.gz	378328	b41ec40080654089838716bac0dc4d6270082e29725bd1753461f30603db6830
diagnosis_20260823/routeA_full/blocks/426651013.json.gz	337516	cb042fa2c3b99e8245b06f0cc49962b0a23ab6d4d7ae9239aefe1bc8b2bd0307
diagnosis_20260823/routeA_full/blocks/426651014.json.gz	341370	2c88f6617e88051fc40ad3a0a6c3780a4a0a34697e855f69bb44e4000ab9995b
diagnosis_20260823/routeA_full/blocks/426651015.json.gz	303892	d914ec0f9ddb676c90be9ae2236ae2f54a31a914e60701901287fdf59733472f
diagnosis_20260823/routeA_full/blocks/426651016.json.gz	261788	ad71a23b0ddd5efe24cb27d5ff089a3a2f50e98a2a406833abcec1d9bfab4d23
diagnosis_20260823/routeA_full/blocks/426651017.json.gz	280132	fa4eea8980c707c6474e14a5e14c3cf2f67504ef18aeb77ad5ed8f2f985279bf
diagnosis_20260823/routeA_full/blocks/426651018.json.gz	273695	53629d87a5077d9f3a086e02847e28cb7566910775788fbebc332773fe2a8dfd
diagnosis_20260823/routeA_full/blocks/426651019.json.gz	238891	f379b1e08197f2d71c745dbbfc64b234961012499df3810d0810ae9c766a461f
diagnosis_20260823/routeA_full/blocks/426651020.json.gz	317800	244890f5f6b4221fa03c593078629cb07c1ab645cd197687a38b90e217382727
diagnosis_20260823/routeA_full/blocks/426651021.json.gz	278185	d5763d727ab20b48549d5536b0707b072956ff3fd785351faf3eb4c77ce93477
diagnosis_20260823/routeA_full/blocks/426651022.json.gz	209211	c6ca6c4c11de341cb2fe84e8e37796472b8e8560829f447c4de6bad9aa3a465f
diagnosis_20260823/routeA_full/blocks/426651023.json.gz	259086	35c95cd0936e5021bc1f22f4c327bf5a59e72a0a5fdb5f0e934744cc15ae70ca
diagnosis_20260823/routeA_full/blocks/426651024.json.gz	331403	785a8c8e7944e26375a16ab6c769467c830525844320a543a3594c8779da0d09
diagnosis_20260823/routeA_full/blocks/426651025.json.gz	386324	ad16cc06117ddc9892460f7150d37324ac8000f8a7015ce956efd43d8b8824a5
diagnosis_20260823/routeA_full/blocks/426651026.json.gz	329232	af52158f731cf2587f46637952d46d1962959b357fc3fb073a3cc2a2bed4e770
diagnosis_20260823/routeA_full/blocks/426651027.json.gz	335636	e6e8cb327b1b38e474458c6fcaeeccec0ef169fa4465593c35324db01815448b
diagnosis_20260823/routeA_full/blocks/426651028.json.gz	387209	6e9e849a979fc67c03dc7fc62c5db5fea871e3ef44f66616ba0a46aedfed27a3
diagnosis_20260823/routeA_full/blocks/426651029.json.gz	438730	dea533357b5de10cbda000478f6ec3e8ce26a8a463f5c0ffb5955e8ad65c84dc
diagnosis_20260823/routeA_full/blocks/426651030.json.gz	370149	a7168f7b9e1b7c00d2c3308a1214707f5ed4f75f1cecec89fb41a169b204cd47
diagnosis_20260823/routeA_full/blocks/426651031.json.gz	366286	41adee771b6f9514e5f58cfa0b236581e416fd30ab6ed08d592c8e9dad09b100
diagnosis_20260823/routeA_full/blocks/426651032.json.gz	359332	cf5b3b1a188e95e64abbac23e3124bf36e92ce0beba215e761eaa4a262ab87f6
diagnosis_20260823/routeA_full/blocks/426651033.json.gz	440631	ecb5c56c42bedbb26d26c7d18fc6732ccb69b8577993e42094b3d8d373c1ba15
diagnosis_20260823/routeA_full/blocks/426651034.json.gz	367596	add17b58f8d1e8a3ceda923aafe769ead3e675c7418d29441f8a048844a96545
diagnosis_20260823/routeA_full/blocks/426651035.json.gz	371378	30791e3b5a2359d2a2bdebf363d36db02a40c1cd747e5ceae47dfae6639b024c
diagnosis_20260823/routeA_full/blocks/426651036.json.gz	321415	74fa2a1de6a2fbcef8bd9c534a6594e9c3ee2a5f5bc13573705217fd8bf14e5f
diagnosis_20260823/routeA_full/blocks/426651037.json.gz	310430	f1bfdc12fa93e4d0ddb98f4dbbaee953620bc39490c9cc57c947c1068aa196b2
diagnosis_20260823/routeA_full/blocks/426651038.json.gz	309573	cad0651a6f35abe213c2fbe49f5ea66870796db2740bfb1b2852fc5daab4f601
diagnosis_20260823/routeA_full/blocks/426651039.json.gz	306198	4113a00dfdd16db8e7225bced0ecc98a4364b5ea4f14fda5cfe025c12a8b17c0
diagnosis_20260823/routeA_full/blocks/426651040.json.gz	316431	44cffca9a1fb0ffff61f9ed4a98125f8c383379986d7db3d136295385d50ddb7
diagnosis_20260823/routeA_full/blocks/426651041.json.gz	301651	6a61016e364703bd255b79c4ef12f3e73ad3d4962e83d80859a40456293afcdd
diagnosis_20260823/routeA_full/blocks/426651042.json.gz	288159	d0c8797866c44ae92da310d19c809c99d4f61e85f8834e403ca03114a5a96d8d
diagnosis_20260823/routeA_full/blocks/426651043.json.gz	390053	918fbf39e7aca3e5b6ea9c602cb4a29e54b51a861abcdb8f64a3d27b912037d1
diagnosis_20260823/routeA_full/blocks/426651044.json.gz	218524	8b973b6647d8b432547de4c775eb8dddc8ffb647940796f54273cd74c98486ca
diagnosis_20260823/routeA_full/blocks/426651045.json.gz	351534	453395090f5c4bb0c9e316fe672ff8f8954985bb337f844d3769f00e68da4168
diagnosis_20260823/routeA_full/blocks/426651046.json.gz	365417	84c8721fadb0adff3a81d5f8f02a612940121d84eb346ffc691ce2fcdada4260
diagnosis_20260823/routeA_full/blocks/426651047.json.gz	293381	a100e90e81f44bb0dce3388322ec87d40c38867dbd4faaeb661a3507004f8304
diagnosis_20260823/routeA_full/blocks/426651048.json.gz	306471	e5021190f24b51414f693198982eea1389022893afe65759a8574e2ba6c1326f
diagnosis_20260823/routeA_full/blocks/426651049.json.gz	314290	b669381f88ff72b6fcf72eb49fc40aae356e8f422ee3e8756231baa92fcea006
diagnosis_20260823/routeA_full/blocks/426651050.json.gz	396203	9f1fec6571f0fc33e294d96da9d53e401f9164858f28bb205363271c5c8224e3
diagnosis_20260823/routeA_full/blocks/426651051.json.gz	263548	8cb65c34b51264a5dd4525e2ed351d76517c5419e4a5abccf1393e0fecd826cb
diagnosis_20260823/routeA_full/blocks/426651052.json.gz	485658	1de891e7d558e6a71da9ef9870b08555644fcc5b3b086d83e3faa399aee94087
diagnosis_20260823/routeA_full/blocks/426651053.json.gz	480581	d24d4cc2ca41080740175959f69fb8ae36e18fc0da068c95600aff6e13e9535f
diagnosis_20260823/routeA_full/blocks/426651054.json.gz	456196	36427802e980ee2988cf3d8c4956984ac94e13ab0c23c85d6864cd4accb3130c
diagnosis_20260823/routeA_full/blocks/426651055.json.gz	356761	c75e423f826a90cef4c76ef3258d90e63eab57bbb02c8f0cbd75e2a190526457
diagnosis_20260823/routeA_full/blocks/426651056.json.gz	227665	45a3e8b89e9241115dbaa54dd86a3029f660b650e431721f9f195285365be309
diagnosis_20260823/routeA_full/blocks/426651057.json.gz	342442	d651ce52a53f256e42d5164845209e878a1fed8cdd48df6bc2067b5d940f79d9
diagnosis_20260823/routeA_full/blocks/426651058.json.gz	352592	a94a3b5bcea1dc7c7cd3858d3d6b9370a21b67c25d6a5bbc24ee00fc641d3838
diagnosis_20260823/routeA_full/blocks/426651059.json.gz	331596	137fb5580595c10893fe291fec3fc84b66b5a3852abefdbfc4b1837a51221dd3
diagnosis_20260823/routeA_full/blocks/426651060.json.gz	316167	c766f3ecd5f3967eaf36cb5a2efd58d8608d7f8955fcbec7a1eee58372151b58
diagnosis_20260823/routeA_full/blocks/426651061.json.gz	246943	53a78561966f12b1b53b7983677b91326a9abc10d88b86b7d00ac50e5b34dd3b
diagnosis_20260823/routeA_full/blocks/426651062.json.gz	300683	4691adf4ccc5c1cc7089f6d34699969e7e6146a0609c6805b3e1e0f2ac6b9687
diagnosis_20260823/routeA_full/blocks/426651063.json.gz	281766	dab3252e98664568dc396a13bdaaecb2ae9f150010362841a52a7ab125de46b7
diagnosis_20260823/routeA_full/blocks/426651064.json.gz	314967	47ceca78a7b8ff5aa9ac66381d34108f4dc61ef1271de914b297571eb16d91dd
diagnosis_20260823/routeA_full/blocks/426651065.json.gz	268525	7ac40d12c25c34eb0a3aebf45e26d2ebef12d1f9978a4d2e4828a0495f28b9d1
diagnosis_20260823/routeA_full/blocks/426651066.json.gz	178580	dcd164d6f7c7c21a68908dd121f8c12f9f2c51cbc6ed14d9c23afbd6661c4180
diagnosis_20260823/routeA_full/blocks/426651067.json.gz	259061	c442e08dbacb3f460473b60baaaf1e7467013c7f090877caa4179741e9aafbd9
diagnosis_20260823/routeA_full/blocks/426651068.json.gz	139444	d8b486500121ae983e052886fdeb9f51772d6b03e7911c5fe689ba9cb9aabd9d
diagnosis_20260823/routeA_full/blocks/426651069.json.gz	270375	8711b4ec57b9727928286e0897372eea9a2aa3824fbed64adbe5ecee7a40a810
diagnosis_20260823/routeA_full/blocks/426651070.json.gz	226962	bae09582051b0ae246df5fc0be7526a81a57a078883dfd3c5a950bb5331a2a8f
diagnosis_20260823/routeA_full/blocks/426651071.json.gz	94969	0b75f16a8fa7dd7cdcd7cba1e927c433ac55a1ce6c897ad0e959a03473769152
diagnosis_20260823/routeA_full/blocks/426651072.json.gz	420391	6001bb8b582194fa64b86c2a3df387b4d77fe1de7d7a6b536ddb56de41e13d32
diagnosis_20260823/routeA_full/blocks/426651073.json.gz	536984	dee6283c0e47655608003df32dc05ca500f01e08d6c01953fbe9dfd2175a59ea
diagnosis_20260823/routeA_full/blocks/426651074.json.gz	335168	7e337fdfaa2c97cf8ec0a6c00c9b9ddaae2a30157e826efa27fd60b19c9efe8d
diagnosis_20260823/routeA_full/blocks/426651075.json.gz	345736	33361e4b48f4ab418662d34f176d5b2e6a00b98c690edb3967079ed8759e7fca
diagnosis_20260823/routeA_full/blocks/426651076.json.gz	465787	6b2169e7317c1cef189dba5f3ef2ffb6250875b058e26366349ac16075cf309d
diagnosis_20260823/routeA_full/blocks/426651077.json.gz	401611	040040f8ae26e9fcfc13413334413a353556a302e6d203db14c87270d589fd38
diagnosis_20260823/routeA_full/blocks/426651078.json.gz	260287	6d73f87dedff488c803588c487170b60f06d466553272f35e0a61e5b678fcde4
diagnosis_20260823/routeA_full/blocks/426651079.json.gz	320151	f0261a855a94c8893c9ac9f0a38ded3c563b46ae007fe118334017c698707e21
diagnosis_20260823/routeA_full/blocks/426651080.json.gz	566252	e50b8cd21fcec6173ad874a07fbcac8284af89373e6e6f54116e3154f385d650
diagnosis_20260823/routeA_full/blocks/426651081.json.gz	532589	ed5959d48f2f463db8818020c197f06c08cff440b0fc64fc245fff8228e6fe83
diagnosis_20260823/routeA_full/blocks/426651082.json.gz	394940	5e8f8f057be2d62715e20beb3842ad4f909bff6b7700a519fd57262275bc6eb0
diagnosis_20260823/routeA_full/blocks/426651083.json.gz	386348	8a9ca2f6c7e6e859dac8b8365bca808d712a46e6fbda2e2d9b85fa8f28d10756
diagnosis_20260823/routeA_full/blocks/426651084.json.gz	330195	0f10e8b5ae8d283de9bd17c3400e84156cef765ae69cdc7319f95f0f14b20397
diagnosis_20260823/routeA_full/blocks/426651085.json.gz	291870	91c274694d3226fcf2d91e0f7350e1f7819e8497e2cc4f2e73f7e124f5b88b01
diagnosis_20260823/routeA_full/blocks/426651086.json.gz	364401	3883767f5e2d33c1d483b6dcaa613f90e703d90947cc5692aa8a43783c807ec6
diagnosis_20260823/routeA_full/blocks/426651087.json.gz	291881	2d8a340c0e0407af5e87fe251959f34e26fc92eccb701a2f6e5e39744f47a969
diagnosis_20260823/routeA_full/blocks/426651088.json.gz	221917	ceb91d3660d8a68fc051abb4a4c400e4a8e35116c457cca10c3ad17e4eafcd9c
diagnosis_20260823/routeA_full/blocks/426651089.json.gz	360210	e50fa30fa87ca4c9e32566851ecce1374b96b99148f566ccef2336f4eb637536
diagnosis_20260823/routeA_full/blocks/426651090.json.gz	325880	fb26a16450cd93e284aa65d3b338c1947880e5910b8889faa529e318a5835ddf
diagnosis_20260823/routeA_full/blocks/426651091.json.gz	293892	011cae4e50bcef273a88df790850e33be68e48cb11893a311b9388ca4485791b
diagnosis_20260823/routeA_full/blocks/426651092.json.gz	324958	90ce4c6920426e90214d18c9967e733320ccb5463193217437a8dc69dd853822
diagnosis_20260823/routeA_full/blocks/426651093.json.gz	301682	6e2f3597c6d34a11a87edf73c02f180c894060a0dfad84a4a4ae4c2cc4743966
diagnosis_20260823/routeA_full/blocks/426651094.json.gz	326130	37f7d637dbb8328405d74e84326dade41c1f0bcfa76cf8d22621d985122dcf25
diagnosis_20260823/routeA_full/blocks/426651095.json.gz	349129	5cacccf8f70ca58760574a077dbadca073549c6bd25ad8f17004f4f2a783ae02
diagnosis_20260823/routeA_full/blocks/426651096.json.gz	353786	c4e94a211940e2fe61146e1d6c3e8de655080c44edc09a5b84ca5e37949ad7ec
diagnosis_20260823/routeA_full/blocks/426651097.json.gz	326144	0418f79490a1b0efa8c895c15026901a0b229e0d0f697d5026772f2e7eafaaff
diagnosis_20260823/routeA_full/blocks/426651098.json.gz	247143	0991b83784774151d0e246701d3e53613ae698bc5ca3301fd7719282196e531b
diagnosis_20260823/routeA_full/blocks/426651099.json.gz	234097	6e50c33e59df261a113ea680e2d752edbe4b3466d8fb88ad65c85ad05c5da7ba
diagnosis_20260823/routeA_full/blocks/426651100.json.gz	249698	f7c48a880a9151d3b4e3e49e889ccbe1a94e32693f264fa0b266fcbc00186ea3
diagnosis_20260823/routeA_full/blocks/426651101.json.gz	303443	4dc7ffbf22423fa08e23754a2ab98cff7ace775842036b2c5d303a07d6145cb9
diagnosis_20260823/routeA_full/blocks/426651102.json.gz	185027	6a69ab94d92053a189d6ba9e6c333839167288320be4862bbd0d7780127cdb18
diagnosis_20260823/routeA_full/blocks/426651103.json.gz	188617	6a24425c3cfd9adb65632347a12ce8f0bed36b7e55ea0d3a916277e03c7e8acb
diagnosis_20260823/routeA_full/blocks/426651104.json.gz	510453	5905413dd3bcfd0108f2a052466ab37ad1339f740994a888e39abf3ae3bd8867
diagnosis_20260823/routeA_full/blocks/426651105.json.gz	310889	5c566dc013e14d4e46193fc56213abce205e5658e276074d80bf363c98f7705e
diagnosis_20260823/routeA_full/blocks/426651106.json.gz	326985	9d585ace3c84516e24c8024b6c10f8eba3873d3fadd6d395deffdccfdf66f61f
diagnosis_20260823/routeA_full/blocks/426651107.json.gz	503383	7c1a8fa2b2c4252c4f05b31a9e36a32898515f914f0e35f7ed37ccee4cbaf3b7
diagnosis_20260823/routeA_full/blocks/426651108.json.gz	183353	cbbc885928193f332ef706ec8bdaa919d45a35c68399f9cadd7decfb5682b0da
diagnosis_20260823/routeA_full/blocks/426651109.json.gz	251942	3ed7d3c6bf1dfa5bb897408307669f34d5c2765f2ec56fcde06cd35bc6ad599a
diagnosis_20260823/routeA_full/blocks/426651110.json.gz	354316	6bdce6c42ea48918c1ac3214875ec0be2585be42ab6318d4dd361739aeb205c6
diagnosis_20260823/routeA_full/blocks/426664276.json.gz	309425	34bb2f57b988e2d7138e0ddf5dc91294a0e5c18262c6424484dac8c4f5dec08e
diagnosis_20260823/routeA_full/blocks/426664277.json.gz	364422	96191434ec07994be0a2ff6320e26064355b2eb168a11a1934e4f9d872f17005
diagnosis_20260823/routeA_full/blocks/426664278.json.gz	365412	f1bcad882f336006baa6fa0a9af9f3e396e2e09f7ae9f952d5efa5404b704318
diagnosis_20260823/routeA_full/blocks/426664279.json.gz	371088	303ceb0f3e8e82204ba305036553156b290e6676a786c905e6a59e730247b209
diagnosis_20260823/routeA_full/blocks/426664280.json.gz	378158	d02be2c28898a6d1a22100a4fab2815a2409b54939b0a936a16cf2ec295ac974
diagnosis_20260823/routeA_full/blocks/426664281.json.gz	495805	7cb480222812f2fd56ec48dfe29ca34a3f4536bfb140d2af07e046b202f6c846
diagnosis_20260823/routeA_full/blocks/426664282.json.gz	479344	ac94b4aeb3c8b13fdcb748118c3805279d366cfc1a879e3ea6ddaf5072850a08
diagnosis_20260823/routeA_full/blocks/426664283.json.gz	376482	53ddca5ea3c02ac724fab1aef6c63200221405ea0c6c194242042b842a67ea2e
diagnosis_20260823/routeA_full/blocks/426664284.json.gz	379541	75db8b71942872ec63bf1086c6a4c7ee815fe43f26f2cce1b0162b0ffcb92299
diagnosis_20260823/routeA_full/blocks/426664285.json.gz	269865	ed01998d6f433d06110c3b09579e84ec499dc0ece929218b53151123ff1af14d
diagnosis_20260823/routeA_full/blocks/426664286.json.gz	290248	819732f0a2d2590cd73b52df846d28bc6275d0fbd6af3cea8ab52132832bc7cd
diagnosis_20260823/routeA_full/blocks/426664287.json.gz	248459	1fe212adc323b7a768075c5c42a22e1931ce8a8480f3ebbcefdb456dc165dbbc
diagnosis_20260823/routeA_full/blocks/426664288.json.gz	340351	bcf0efa3bc5b61ba1fd8ada97c65cf22747affb31c3f705a5cc0ea470527a4da
diagnosis_20260823/routeA_full/blocks/426664289.json.gz	347290	90119820dddd34cc07a2ab1a79680d764fc05e1e4c930543a53f1d5f27cb7a03
diagnosis_20260823/routeA_full/blocks/426664290.json.gz	555583	121f5a3a237b2275585a3d43368ec73b4cc572e10980874c4f1d534e539406d9
diagnosis_20260823/routeA_full/blocks/426664291.json.gz	468052	2c1ba69d6ef79e9da6096657af6521d456414e4351b46fc466c54a93f6caa9f1
diagnosis_20260823/routeA_full/blocks/426664292.json.gz	396168	c19f7e109649136486ca0d24ea4223fcb21734414ebf7ea478bff1a844ca8053
diagnosis_20260823/routeA_full/blocks/426664293.json.gz	505492	4899663e12eea7ce4dc151781febc6a095a989966465f16445066cbe558bbecc
diagnosis_20260823/routeA_full/blocks/426664294.json.gz	488801	42ee0660a8f99b3cee73be5448459f22a9f3ea02c9fce6b5bbf0f87447e7999a
diagnosis_20260823/routeA_full/blocks/426664295.json.gz	464444	d47f4f7690d7f4d599c10ad8751bc338eb3dc9cd3a5f89ed501a97ddd157c507
diagnosis_20260823/routeA_full/blocks/426664296.json.gz	405512	34615d53d3cce9708097e96bc429445bc3b8b1c92809f54b70842b2bf487e21e
diagnosis_20260823/routeA_full/blocks/426664297.json.gz	473855	f4d3609d1478226e63bf986302c5dc14f1a05298603ef5e3a8414eb8337731f8
diagnosis_20260823/routeA_full/blocks/426664298.json.gz	407845	490dd9776dbb211f10a7d62c531e17d148ca25c1f3ed7601bb3e2b44af482d3a
diagnosis_20260823/routeA_full/blocks/426664299.json.gz	442624	fce5b8735fe3de564f0e08f98547cd74b073de385042f0a2c4280a7375280fcf
diagnosis_20260823/routeA_full/blocks/426664300.json.gz	521134	b2c551a695f2777b9f881fcb5d20baacb9cad106579eecd2739db48b8ed7c951
diagnosis_20260823/routeA_full/blocks/426664301.json.gz	415470	158a94f029acd00153866943332769466b6fd27428d3333511423f77e22cfc57
diagnosis_20260823/routeA_full/blocks/426664302.json.gz	440905	93bea1dcb5006b39b0428cdfc311eb12ef3ab5ee774a78b843ec8341e773c737
diagnosis_20260823/routeA_full/blocks/426664303.json.gz	401408	74173935b08ac3dc8490aa2203dc0317dbb032d65233348c6bebc491f01147c5
diagnosis_20260823/routeA_full/blocks/426664304.json.gz	299587	e2019293cb2e4b5d006bb925a426a5059b2f41024bc0e4b8fc03bf4567926467
diagnosis_20260823/routeA_full/blocks/426664305.json.gz	304546	cad46b563b976f5a416b45acf7f8ed26443356e7bdfdd51f8ff1a65fcae2c631
diagnosis_20260823/routeA_full/blocks/426664306.json.gz	312219	6e0842eabd0bf52f29d23328d7380efcc7bf1f9db49f566aadd487164a9eeffa
diagnosis_20260823/routeA_full/blocks/426664307.json.gz	274907	f9ca02be794caec29b29fec6faffecd00bc89316ec034866ed78e29fa6f78f6b
diagnosis_20260823/routeA_full/blocks/426664308.json.gz	628101	b9a60e902583858379f2e0d5a2f7a1bfcb59a0ac231bd4f3ea5b473aa7f39d07
diagnosis_20260823/routeA_full/blocks/426664309.json.gz	526791	825915a7b2dfe9c21f58beee5ee211b83e0827caaa894f23564dbabec87057da
diagnosis_20260823/routeA_full/blocks/426664310.json.gz	422620	76a071165ca7d3e20b5acfbbcac640ce1085ffa1d5112884c6af59a4f5e9757d
diagnosis_20260823/routeA_full/blocks/426664311.json.gz	486457	d84431cd2beb3ea7b3d09a36bfe7b9f9ed179fc7e35ac73252615d2d0f9c5599
diagnosis_20260823/routeA_full/blocks/426664312.json.gz	341441	193a14e39957b4c864bd1569371196bd8f0643f48cbe3c35b15a7f8b2edeeb70
diagnosis_20260823/routeA_full/blocks/426664313.json.gz	359419	23d4c1d3996f9c57f35d8f7181b153a0e81b50b23b1738487e0b99d27472e82b
diagnosis_20260823/routeA_full/blocks/426664314.json.gz	312516	13b40c753c9be0f4770bf0fe33c42da39c60761620eba1368bbf458f75312b1f
diagnosis_20260823/routeA_full/blocks/426664315.json.gz	299647	6462733b892076985e08fd0a477c5a657074d79665e267a15b7b4faf9e6f1e86
diagnosis_20260823/routeA_full/blocks/426664316.json.gz	428320	335d9fe2d34252fb853178c7b0f137484ee4aca35e2c71d6ebbe688253ce53b3
diagnosis_20260823/routeA_full/blocks/426664317.json.gz	457111	4ae5ea2c71ecf2c08c5878a4991894f70cd137edded2881a6bb20545d1666237
diagnosis_20260823/routeA_full/blocks/426664318.json.gz	391467	a4131a65b29b58e74d088633e2804fb3e84afe5ee334f247d4cc435ceff1bcb6
diagnosis_20260823/routeA_full/blocks/426664319.json.gz	376031	1482fc0daf702667a9ea6abc4e18af1517e2624365b9a6422a5aa7e9fb8db2f0
diagnosis_20260823/routeA_full/blocks/426664320.json.gz	379672	e7918db66c8970f0e1e3526c465f66581267e65924ad4f8352d2e102832e03fc
diagnosis_20260823/routeA_full/blocks/426664321.json.gz	369859	f73593e14debf0d2adf82f933c96de344f745f5f9307fa86fe6b4ce673b08468
diagnosis_20260823/routeA_full/blocks/426664322.json.gz	428977	0ed6b70cf44aa467d68c112d786b58b87ab27816703329b0b5b553920c3601be
diagnosis_20260823/routeA_full/blocks/426664323.json.gz	525180	5b0c16b5ec675ad2b4014e2e31f696d527ab98673133d492e44c74ff94bc7bbf
diagnosis_20260823/routeA_full/blocks/426664324.json.gz	332873	25af232362e673e5372b0741d5b7557a6c96421109a90aea20e2fd5581ac1fcf
diagnosis_20260823/routeA_full/blocks/426664325.json.gz	368936	2cf2e3d7b8929e05a7d6bd811e9ab76bc94d2676d5e5889c88b1e1ada2e1fcef
diagnosis_20260823/routeA_full/blocks/426664326.json.gz	527362	6c9cb919f4b180ecf23013ee955e9599a15ab325f7bd15e225922687f88c02c9
diagnosis_20260823/routeA_full/blocks/426664327.json.gz	486442	f0cb9822b28121227ef217046f6570418266b34588181bb6391cbd875a072da0
diagnosis_20260823/routeA_full/blocks/426664328.json.gz	405376	ae225163a893a3a39dd2d59e96a97e36b3a7f9f5445f6e82e9947d9bb445c0d8
diagnosis_20260823/routeA_full/blocks/426664329.json.gz	382817	83243644d7bbeb8f6275abf59ecfd3375ca5313b26e314d22f57aac30f8ec444
diagnosis_20260823/routeA_full/blocks/426664330.json.gz	373351	c58067d393e38c5d35436da0b389289b8a7d772f00aa42c14a29e97873c8cfe8
diagnosis_20260823/routeA_full/blocks/426664331.json.gz	389703	e66ca29624c2b840ee914b92aa026cdcb54b5ddb2b2fadccfff12b6726d06142
diagnosis_20260823/routeA_full/blocks/426664332.json.gz	409999	fef8e32bd575bc66bb97b44c15174cecf7ad0712190815a6e6a48bc542734868
diagnosis_20260823/routeA_full/blocks/426664333.json.gz	329476	a4b4e156b31fbb88b6c6f441d5a37b06d75839c85d661dd75baa90fc7ccee3fe
diagnosis_20260823/routeA_full/blocks/426664334.json.gz	378328	54cdbae0550384da33e4e3d200ad9573fa885fb629686855c395a76ceb05347e
diagnosis_20260823/routeA_full/blocks/426664335.json.gz	381109	b12181b2f77621a03f6f2cfaf1c24fada37037dd6ec311c21257513862211a52
diagnosis_20260823/routeA_full/blocks/426664336.json.gz	263987	f8d3327d8d0c232dad2577573609f3bff04802c938350c5be38da248c85fe7d4
diagnosis_20260823/routeA_full/blocks/426664337.json.gz	290500	9246098820926027077f69c1e158c7aad6c068c3002c81666caa2f846ff99e1a
diagnosis_20260823/routeA_full/blocks/426664338.json.gz	323003	46864d9a55dfe65732187538901ee008de2b7c2c58276f3f5b2340592c5e07d0
diagnosis_20260823/routeA_full/blocks/426664339.json.gz	386644	0ff6f49544f3acdd9aa5f01c35110d8d0f1914bd57d9c40a09c9f708ec53be3a
diagnosis_20260823/routeA_full/blocks/426664340.json.gz	345505	cf7e3ac5a8f0ecb2721fbaa83af39fd0031ea0091c3c62ec07dd22c521322ff9
diagnosis_20260823/routeA_full/blocks/426664341.json.gz	408515	f783fda21123f4d0da03c6ab8417930d42bfed81ba775000be7fa836f4919ce6
diagnosis_20260823/routeA_full/blocks/426664342.json.gz	451946	3f7671b71b76d1ab9779d138ed23c29ceef66b5a90f90afa5a111a4d589861c9
diagnosis_20260823/routeA_full/blocks/426664343.json.gz	374878	3e1d11d9bdf162f3e6af599fc7fbf9bbfebca5fd7768249bae329d66831cfe75
diagnosis_20260823/routeA_full/blocks/426664344.json.gz	413432	c3da6d088ffa7cc628e9980179ea3ed15eb8a7452763b9c671e13e96f2b89f45
diagnosis_20260823/routeA_full/blocks/426664345.json.gz	398944	ac7d91980a93480df35d30837d70f3ed530bdec9baef989468a142454f1dcba3
diagnosis_20260823/routeA_full/blocks/426664346.json.gz	458852	01d280b5d5a193728bab3f8e25e20f74d77060a00c79d0dee5493df6414710ed
diagnosis_20260823/routeA_full/blocks/426664347.json.gz	533102	e37a69ec48a750f3850c8037f989d73547035dd75da944ec74dd3a03d1556b15
diagnosis_20260823/routeA_full/blocks/426664348.json.gz	534412	d87024dded3af7d201e661c988a0f9d6014e415eb5571f185fe2cdb322d997be
diagnosis_20260823/routeA_full/blocks/426664349.json.gz	413041	3d3fdc554fb1f2757dcad764f4569bbcf52b7c17a455ed8d36e8aa6ce011ad84
diagnosis_20260823/routeA_full/blocks/426664350.json.gz	401760	45c68aad18a14c0eaaf88d0653a07f035db68b24db2137bf3f8de6c105332b43
diagnosis_20260823/routeA_full/blocks/426664351.json.gz	384021	a71a7131c37b15c1ac5231cf6d02a3d3e4312830bec17139285dca561ebbaaa8
diagnosis_20260823/routeA_full/blocks/426664352.json.gz	316982	5ce44069d2d4e3e4e6f8ae9accff7c2ca5b24634acca5d356d9f74d369772183
diagnosis_20260823/routeA_full/blocks/426664353.json.gz	375359	ec5213634641106b161d86a1d8a060d851d480257e1a1fdb3a8f91d49bb8ddfb
diagnosis_20260823/routeA_full/blocks/426664354.json.gz	450089	f01a08c363b023e86242c76cb15b46f8c31181b4f99c07da8ea52bd9fb66bfc4
diagnosis_20260823/routeA_full/blocks/426664355.json.gz	431526	c20f9e1d631c04fc07baca158e239937c729bdfbee3c41ccfa63d1b32c5ceb1f
diagnosis_20260823/routeA_full/blocks/426664356.json.gz	368953	2615dde3363e035dd4357069da9a1d097c634a15b37454ce14d10ffcf985365b
diagnosis_20260823/routeA_full/blocks/426664357.json.gz	429564	e0b9ac2e66b997aa82e4fba1a059b1ea47097662f461eca74f2817dafe3ab828
diagnosis_20260823/routeA_full/blocks/426664358.json.gz	375229	9280eef3b52aaf6de6ad7ceafd5f9b77220b55f59dc2dafe7e0aa095a1895a91
diagnosis_20260823/routeA_full/blocks/426664359.json.gz	419843	fc79d7ad76c2fc3dd79227d8ddb48ba77116b292dcd6c8a7ee1fd6a1b819a5da
diagnosis_20260823/routeA_full/blocks/426664360.json.gz	394309	cc847e1b8717e7cc35c98a90a0838a3bf612d89c0b24a10cffc9cef5fa28a3a4
diagnosis_20260823/routeA_full/blocks/426664361.json.gz	342295	a66ffc8ebcf7b8b2ec433bbd51ff9a4efeb4a31b57d70151dfa5ab228bda7092
diagnosis_20260823/routeA_full/blocks/426664362.json.gz	340044	dcda1da0caf2159c64ac87293c752f8a502e04288bebc7c68c0c30f6d6a7f2f7
diagnosis_20260823/routeA_full/blocks/426664363.json.gz	317562	c8b72a64c0d0c22415df133134e98a00fef41ed03cc00f1728e2fd2577ed1ac4
diagnosis_20260823/routeA_full/blocks/426664364.json.gz	316671	b5f5d6ff8733095b48cc8fb83b0822b6e918e6b13f0d99eacfd415df8f26e50e
diagnosis_20260823/routeA_full/blocks/426664365.json.gz	383343	6238397c45ec6cd218d3699ad71f10758cf4553f531ace518b01daa779e13bf3
diagnosis_20260823/routeA_full/blocks/426664366.json.gz	412622	1fcd2cb49982a6648c20261d87bc9a4b7862f31ef4169b7aae4e5e86d055570c
diagnosis_20260823/routeA_full/blocks/426664367.json.gz	332691	a18d315eab50d7e7f1ce499eb5d6e51b656ec4834f34e3f9884740f74adc7c7e
diagnosis_20260823/routeA_full/blocks/426664368.json.gz	350976	e687a88cd323c895b16a3d525f9189aba4b5ad76e4aa9170853eb37702159bf4
diagnosis_20260823/routeA_full/blocks/426664369.json.gz	376936	7eabd6b2bdd69291aa30146ef327b64b582941728af146b637b3e90bc458f081
diagnosis_20260823/routeA_full/blocks/426664370.json.gz	444454	1ca2d8c30df069cee2631ef23d996d072fa952054b9c63f8713e75d83e6df45e
diagnosis_20260823/routeA_full/blocks/426664371.json.gz	437186	92c42354135fbb2c91224717b8271b7911ef99bbd159ad8aa16b739ce00de3b9
diagnosis_20260823/routeA_full/blocks/426664372.json.gz	338393	f74c66dcc07ed63ea5c365323fc741b72768a79dbca72591821296b48ce74245
diagnosis_20260823/routeA_full/blocks/426664373.json.gz	235805	29988be707f6008ab075681e8c351f7352a0807ea706698bc8309aa62db13fda
diagnosis_20260823/routeA_full/blocks/426664374.json.gz	288175	631b526df84ae0c8d57c4b4438a20d842738816d9de4d301cc53a42d7e604e3e
diagnosis_20260823/routeA_full/blocks/426664375.json.gz	266532	48547a5cf2f9728e8c0ca0cb6677b84205a43968499ffdeddd4317867fab593a
diagnosis_20260823/routeA_full/blocks/426664376.json.gz	415505	6f45d5ff33ccf5eac5ee9a52a4173cfb97158b6bfef1c39278a7fdddbcf9aeac
diagnosis_20260823/routeA_full/blocks/426664377.json.gz	458905	35c7a657aa710b0f578bb3b95c69fba2ab0b9ed757e84074420a28a62bafc02f
diagnosis_20260823/routeA_full/blocks/426664378.json.gz	441321	74d663d3d98283546134f38fa01e8dc032608af288e00c3147bfc347eb28590c
diagnosis_20260823/routeA_full/blocks/426664379.json.gz	312624	819cd839c4918565cc4fb6f8ff2c40cf46e90adf1eefb602d2ba2fc43effa659
diagnosis_20260823/routeA_full/blocks/426664380.json.gz	251201	76ebfec5f1f32ba4914bc2bdccc4b8c2996c44f2d6510faea52898c33e6428ea
diagnosis_20260823/routeA_full/blocks/426664381.json.gz	192570	a8a2f5f5cb632e72fee310dfdb9b26ad37610d2864a828f5b5dddae03199f71a
diagnosis_20260823/routeA_full/blocks/426664382.json.gz	199280	5d9aa33e3514237b80508e801641e08f9663baa72a4f11134f382c884d36c61e
diagnosis_20260823/routeA_full/blocks/426664383.json.gz	196000	4def122b472df654c68974b7bf71f3f6136e8aa757fd519af1c9fb1faf484a61
diagnosis_20260823/routeA_full/blocks/426664384.json.gz	379855	30315891df21dab6fb8988e2a39b210f3a48abd4554c6788010319632e2ed696
diagnosis_20260823/routeA_full/blocks/426664385.json.gz	301115	c6adaca4a68fa9fc9b8c1360d70822622321a1bd5ddf3c1458f1a38ce1bdbc4d
diagnosis_20260823/routeA_full/blocks/426664386.json.gz	272382	dbdd2c48df905be28036a6e4431d555f0e66abbc7126ac3f2347bc4ea3ac5b83
diagnosis_20260823/routeA_full/blocks/426664387.json.gz	263241	f45c5c8c30a6a4b46decc317384d76f5ee15665ed2b8dfae044891a8d8414ecd
diagnosis_20260823/routeA_full/blocks/426664388.json.gz	242796	e135985eba366c235724e33686638111bf07f1bb4123cb281c9984eaf3f64138
diagnosis_20260823/routeA_full/blocks/426664389.json.gz	251913	a5c43d2df05e4beff49d7a74717108543bdc741742b1a03e2afbac53f62a3b7d
diagnosis_20260823/routeA_full/blocks/426664390.json.gz	266211	0c3bfb00e345bb63c1da4dab775a377bfc505f58a7c9a0221b39fa7f120ba23e
diagnosis_20260823/routeA_full/blocks/426664391.json.gz	334126	7f4e975079f1629bf5d7fd9b46694a56bdb7b82d92c71e109734bcb899aa36cf
diagnosis_20260823/routeA_full/blocks/426664392.json.gz	277033	f805303e2c1cd63ffe30cb768ad44a1ea530786d643b924965f9d7a6b2287b52
diagnosis_20260823/routeA_full/blocks/426664393.json.gz	285661	076a85478cc45e24f8036c7a0b0f45ad6cc8ba6e46041f1ebe42fd9bfcb5d628
diagnosis_20260823/routeA_full/blocks/426664394.json.gz	313503	64d402e0b8ec82cc2c80a9171c532c4d7acef7847ed851bb451335006d26aa6f
diagnosis_20260823/routeA_full/blocks/426664395.json.gz	384664	e33720a69a51c7bfbed686768a0eeb5e7ed8350f1343dd39bf6859fe231552bf
diagnosis_20260823/routeA_full/blocks/426664396.json.gz	365580	a4914b9ee6daa6ff21904c2fc3f614adda57264f12cc8c4858118d4c72cd897a
diagnosis_20260823/routeA_full/blocks/426664397.json.gz	299036	a16f5f401d6722e52289a8eb9f7a243e0f84a3be05aa10f0de6e55f4d2c0629c
diagnosis_20260823/routeA_full/blocks/426664398.json.gz	294661	af3b82efedad79bd8b0fa6f9a35b3b34af8cc46f718b7a0822687e3d5025d228
diagnosis_20260823/routeA_full/blocks/426664399.json.gz	254834	7948348bc933a4a3a67b1cd7ae440d39d241c0a3dfc2787495a3bcbe302f6cac
diagnosis_20260823/routeA_full/blocks/426664400.json.gz	404332	9dfdabbeb0b9385851b98eb9407a9de693d6227a016d21ce17edb37ed75d485d
diagnosis_20260823/routeA_full/blocks/426664401.json.gz	387390	1327285b812f9419190b51ebb3ee662e716858b2ee3aa14cf9c29a51241b279d
diagnosis_20260823/routeA_full/blocks/426664402.json.gz	243355	53ce26d88d79450d93f2d7d9ab903fd16f034f1094023b139b718ec66327e9fc
diagnosis_20260823/routeA_full/blocks/426664403.json.gz	320598	1c40078983060e7d3630e5faa31005683e09daa955353b55aae206ef9345e4d4
diagnosis_20260823/routeA_full/blocks/426664870.json.gz	229289	302fec96da2062ca57e618df132816d2632efafc4bc6a5c51d803064b5965fe2
diagnosis_20260823/routeA_full/blocks/426664871.json.gz	281947	08209a9ad1f42ba890270d099523673ac745149a0f806821a451377df9c7196a
diagnosis_20260823/routeA_full/blocks/426664872.json.gz	402102	1a96bb2affe678e1c8853bfc817af586a5dee46babc8cab0be0176bd67941783
diagnosis_20260823/routeA_full/blocks/426664873.json.gz	377427	0269fd4f55f5616059d7db37b2f7c272b17166673ca858f5d79565cb23f0307b
diagnosis_20260823/routeA_full/blocks/426664874.json.gz	306036	738fef2cc5c9656853593d678ed74847fffe88fd40e55d0340c440e982671c3b
diagnosis_20260823/routeA_full/blocks/426664875.json.gz	379028	3807b843adbf562d6d5a1b5fa0c195ce5819937fbe13f921c14c17ad66038c19
diagnosis_20260823/routeA_full/blocks/426664876.json.gz	345856	6b824d1a83261360d712f396a5e5421fb385c70dbfa1f2b66467dd4f79514d29
diagnosis_20260823/routeA_full/blocks/426664877.json.gz	275334	1d1eddc718ff0dfa9dedbda2a8376ff890b1fb44a991163e7ee883121aabd1dd
diagnosis_20260823/routeA_full/blocks/426664878.json.gz	287306	efe6aeaacfaaaccc793a97dd84988dde1526728b62f57eb4b592ebb65a293b97
diagnosis_20260823/routeA_full/blocks/426664879.json.gz	244961	63b4e3cdb05b88a9cf09ccd16ea9bb47ccaebfe117f5a5089a5b149edda05057
diagnosis_20260823/routeA_full/blocks/426664880.json.gz	359817	befb4da3b8873ad3c949de98418f6aa5b434f0547a31367e2ca79027b34a3e59
diagnosis_20260823/routeA_full/blocks/426664881.json.gz	353303	d95211e86e1190ac85bda0a240ff96bf44e309343f569672153c8d74d85f7dd5
diagnosis_20260823/routeA_full/blocks/426664882.json.gz	282964	40860d6efce5cbb31f854b07051e8709ac9b28e0d2a6f3f6487703917b855a64
diagnosis_20260823/routeA_full/blocks/426664883.json.gz	237478	7a329c29905ed6c4516db3a85a7858b94412a91a6e31cf20ac3dabefebc11d47
diagnosis_20260823/routeA_full/blocks/426664884.json.gz	389896	675a74cad0dd95c296196976e0fe89a468880e13a5c200fe7b94dba6da19a4e6
diagnosis_20260823/routeA_full/blocks/426664885.json.gz	225494	988c706b0c72d3267f88b25b59326b283de96b7c913e157d57161dc1deb52064
diagnosis_20260823/routeA_full/blocks/426664886.json.gz	198362	729d2a228316ffa188da0ebc6cee583cf0c65357a605b339eb8a60a7059a80b9
diagnosis_20260823/routeA_full/blocks/426664887.json.gz	287762	fc397e6bc47901dde7e4fa5f2402a7dde9638903bbc4ca21c7407efdef351b71
diagnosis_20260823/routeA_full/blocks/426664888.json.gz	338637	4801b83d5cd529ab34173ac93808a174956ea9eba91b1bc085af2b34d33c38aa
diagnosis_20260823/routeA_full/blocks/426664889.json.gz	251302	286aefaa7e8d260cd62f935ffdf9c3d759d502351d658d9c12114dfd02f84d21
diagnosis_20260823/routeA_full/blocks/426664890.json.gz	556846	5286f6b4e974a0fe354bbcd3ec99931653b2d71e82f4d3f372abcd6b20db2c9c
diagnosis_20260823/routeA_full/blocks/426664891.json.gz	222682	85be3779a0ec2f3a039bccf74f6e8f62db396b35e6eb65b5031c871fae3e9741
diagnosis_20260823/routeA_full/blocks/426664892.json.gz	318404	f11fd167b44bfc3991f5691c3fffe56c7b4b64709b11524c025fcf4c3f155cab
diagnosis_20260823/routeA_full/blocks/426664893.json.gz	277170	b7f65933a41deb5b8003108f15f83754612726bd2cc658600bb7f760b2a9977f
diagnosis_20260823/routeA_full/blocks/426664894.json.gz	198657	af95c1948f2a8092a6138f6a4a4c9b93781b3cdcb90f99d64d683dcdaabf817f
diagnosis_20260823/routeA_full/blocks/426664895.json.gz	290577	87e8cf726629fe7317b6be4561193b5acbac26f2af436f06c25f983bdcd24c1c
diagnosis_20260823/routeA_full/blocks/426664896.json.gz	377542	cceda66dde54d43b67b7459202f30e284888f83ab6b475593f16c9389504ed54
diagnosis_20260823/routeA_full/blocks/426664897.json.gz	211359	1b5f250abe4b0a23e18bc6c133691fc37e8cad47cbce92deaa76a812573ebfe4
diagnosis_20260823/routeA_full/blocks/426664898.json.gz	227355	282bc6afbb73db8484e219ba1e8cc9f5c5f37266d376bf07ee8cb551f8f2c565
diagnosis_20260823/routeA_full/blocks/426664899.json.gz	290730	76106ef87cb8328223258cff73900a2c024a2a44d4ada74070aa1d21ec7454a2
diagnosis_20260823/routeA_full/blocks/426664900.json.gz	265668	0ebaddbd19e8eadb8d4626c99bfc7ca5e19b1bb6c32fff62cc5cd5d038bf4f7f
diagnosis_20260823/routeA_full/blocks/426664901.json.gz	249078	84c55187d228921824674afbe297b44a3c6975ff40f4d5b0ff4647ccbed06f60
diagnosis_20260823/routeA_full/blocks/426664902.json.gz	229439	1e763d3797ee4aa01fd7ae84ae4b59479bc2597bf76a4f4d5b5a7590721f143d
diagnosis_20260823/routeA_full/blocks/426664903.json.gz	314434	b02e43ca6922fe03a5e55a7b15da43eace868d757883af85c465e21c25dcaaba
diagnosis_20260823/routeA_full/blocks/426664904.json.gz	423787	253d84b784596f335bd9af8f45f5aab5ee28bf74c46cf91237f32e2fbaf8f893
diagnosis_20260823/routeA_full/blocks/426664905.json.gz	331727	5dce95779883b9125e3bef5cd2b8c00dde69255f63e3cb73eecf6640e19fc07f
diagnosis_20260823/routeA_full/blocks/426664906.json.gz	250922	55b5b2f703372469f8587336e12eb6189c2b8c026d1f52f5fd3b44be237c484a
diagnosis_20260823/routeA_full/blocks/426664907.json.gz	336084	9b5d4c7314d30b94f7ac02414247d7e6ea2a21318671dacaf001ccb6d96ee240
diagnosis_20260823/routeA_full/blocks/426664908.json.gz	201145	6cd8399f0f824620de0ee1b497e52c85a5c434b43814db2c65022fd39571b117
diagnosis_20260823/routeA_full/blocks/426664909.json.gz	178458	8993fb7b569bc1016b53b87dfb3b43e33d75e9bfc0fc3b2c6392880e63f45eff
diagnosis_20260823/routeA_full/blocks/426664910.json.gz	214732	387afaa3e3ad2299d1ed9df0fb121c6b3f49ada9e4cea618e37825993f083cde
diagnosis_20260823/routeA_full/blocks/426664911.json.gz	176495	94fb47d6a92f33cc1c4d90e9c331d07163b4f9afe58215c4afec252ce7a9352c
diagnosis_20260823/routeA_full/blocks/426664912.json.gz	198463	4579a9060becd0f3ebe641b62be411d4ffaf59b054da6ba59ebde2825bcc6595
diagnosis_20260823/routeA_full/blocks/426664913.json.gz	228640	52f87da37325e7b38301abb8c4d9797c3bf8022414c4df68c2a1f0e60b74a918
diagnosis_20260823/routeA_full/blocks/426664914.json.gz	223149	21059398d9c6eed1deff4f0943d878afa16b4c75c6b2e6a9b11acea7b2a49486
diagnosis_20260823/routeA_full/blocks/426664915.json.gz	476874	e3baba04ff473ead30542b1396b56359829224124e8370d224684e1f953cc0e9
diagnosis_20260823/routeA_full/blocks/426664916.json.gz	319469	0f30ce8992cf88e595c4a22c4579dab471f6734cb199b1b50270326faeedeff2
diagnosis_20260823/routeA_full/blocks/426664917.json.gz	233276	a98ab1a1f5004ae9307df6cf3581b847cb759dd074e998b8c70236aa6a52fee9
diagnosis_20260823/routeA_full/blocks/426664918.json.gz	259150	5021ac6ec6d196afa09f6840bdb549b1215e54ea54af7387f3b0d7e9200dfeb7
diagnosis_20260823/routeA_full/blocks/426664919.json.gz	127810	7dcd9000aa6688a0a114ab6694f7ea1e8614d4b99484e2e88054deed1803c559
diagnosis_20260823/routeA_full/blocks/426664920.json.gz	270122	7ed4f73218ad8c3f4a9f46834de5c416b03a761293866132b006edb45a1632dc
diagnosis_20260823/routeA_full/blocks/426664921.json.gz	212165	b30469d7253e976304d1daae2dcf347de1e2ef46ad835fbd3b79cb0a12ddb699
diagnosis_20260823/routeA_full/blocks/426664922.json.gz	261724	c92a7ac8bb7254627b1c13a44d6a31772bc3015e7beb7110fa31d0316d6d4f65
diagnosis_20260823/routeA_full/blocks/426664923.json.gz	158048	9f12feda1d9c695c27ad0366f7551464965ec3c21bea2b04bff3e9dd6befc33d
diagnosis_20260823/routeA_full/blocks/426664924.json.gz	316638	22b54ae526b371775fa5a45714e942c69d5711a885d7f1ea9ef2f43baa0c7e4e
diagnosis_20260823/routeA_full/blocks/426664925.json.gz	223795	590135c5a93ccaa16f45d4739b4583eb7fb3d51838c9f77e7257d7a186ca9393
diagnosis_20260823/routeA_full/blocks/426664926.json.gz	273848	04841e5093c3db2187465e76de684febf362b1c14e7b636e3bf3b3a448f03abe
diagnosis_20260823/routeA_full/blocks/426664927.json.gz	368276	4f9fe09d27ea84050948c59cc682de57ecedd45b5fa052df5c1adc7669b89725
diagnosis_20260823/routeA_full/blocks/426664928.json.gz	214079	5c5f4d3ac0e62c53ef80273445b84338f7fc3b276e71fada0a639abd7fef05b2
diagnosis_20260823/routeA_full/blocks/426664929.json.gz	163228	26ce225d20f6da8da9091fecf81a7319b67a53e1affc0829688b66f4feedd408
diagnosis_20260823/routeA_full/blocks/426664930.json.gz	222850	3f6e336bab9df07e91390a4595b24d6d8dbefeb14a12b4a019dee378261b94ee
diagnosis_20260823/routeA_full/blocks/426664931.json.gz	324696	016b6ffefb1ff20318abc24b124b2bdbe940c284d82ceb72d3f9e167af007b67
diagnosis_20260823/routeA_full/blocks/426664932.json.gz	317083	557c4ce4c26325232d38341b45fbe697efb542834a3201cc54c9f1e6dfb86943
diagnosis_20260823/routeA_full/blocks/426664933.json.gz	225372	3d64dd134cd820c90d4b7ff33a43276ea7dd38a167fe4979169770a992908b6e
diagnosis_20260823/routeA_full/blocks/426664934.json.gz	284871	2b775bdcb9dad179436ff7fc1b087af1f528c9b6b62a556ef1b4b0e2d4d2fa8d
diagnosis_20260823/routeA_full/blocks/426664935.json.gz	337940	3f3792c3344347192ed0d45afefad89b155cfab705a107b0b744af299b2e04d7
diagnosis_20260823/routeA_full/blocks/426664936.json.gz	188423	44f77c14dd638c5fe4a0a4ed1589289b35a108801ad201350c33918540f65210
diagnosis_20260823/routeA_full/blocks/426664937.json.gz	400638	6a05ba92f710fd04f92bc26ed37a05b5e867d0bcf2d1a00e7bfc74b56b76a832
diagnosis_20260823/routeA_full/blocks/426664938.json.gz	339690	83c3e1d1dbcf8cc447e060a7d9a11108a09075e813846e24824be8471d11ab17
diagnosis_20260823/routeA_full/blocks/426664939.json.gz	433312	6d57c7da69ae8e186a3607dc97870679aa577d0f97e254c49fe0ad2a2ad24c8d
diagnosis_20260823/routeA_full/blocks/426664940.json.gz	454124	adbfe690b81fbf39304f2ba3fe84924b0c0a32f11e8e55ce550895b48b976154
diagnosis_20260823/routeA_full/blocks/426664941.json.gz	266167	aadcf5333fde99ebcac2613910029b08a9d291507d4396f9d2dd7fdbdd78cd77
diagnosis_20260823/routeA_full/blocks/426664942.json.gz	184580	8abf6bd27a8688993f247ad25bb4ccf43e30f2ad8f8ea3742e2cb3bf5d7a6fbb
diagnosis_20260823/routeA_full/blocks/426664943.json.gz	192793	f2205fc37916f4f0bca335408dff7d8201283920e8858ebd16ac32ecafc2d2e3
diagnosis_20260823/routeA_full/blocks/426664944.json.gz	209784	ae55a7076f118b09821c0a9125d1a5f67adb773354f6b04bf18ccba97e0785a2
diagnosis_20260823/routeA_full/blocks/426664945.json.gz	204686	595fd0b11dd3f9eefd5ef79cf1686ccc1dfb4a0458818576e8f186da1a8da1e8
diagnosis_20260823/routeA_full/blocks/426664946.json.gz	199227	1d49b6e8285e8513774cfe3cb062dde1c61a15cca093ea948c9db0e2aabc4b3a
diagnosis_20260823/routeA_full/blocks/426664947.json.gz	236618	60494199fbcec040711c37a90b1b5790645451b4cc1af8addf77feae9ecf3e18
diagnosis_20260823/routeA_full/blocks/426664948.json.gz	288184	8ecbf34a3f0557bfd7a5259b428c54a8baa5c1d6cf5af74ca3b32bf215950037
diagnosis_20260823/routeA_full/blocks/426664949.json.gz	225446	f3bf8a5b6e04bab5cbf1272417c7ffccbbc58c27c31c5cc20400fc5e52913de3
diagnosis_20260823/routeA_full/blocks/426664950.json.gz	153738	3846e6f82c10c07206d0ee93faafe40a6b721e6f81401ba99a00cf39fece9437
diagnosis_20260823/routeA_full/blocks/426664951.json.gz	176823	ee2963f5576f7322ad238d2db02bbc01596df0174b2efe1201fae201036131e3
diagnosis_20260823/routeA_full/blocks/426664952.json.gz	247727	05048b8f9b8539bd81aeb478de0edbb487df45d4bca38599e51b2857c2e7fe51
diagnosis_20260823/routeA_full/blocks/426664953.json.gz	279410	f6f47a2c7455dc6d4a674964b510b3a3293d8d93953fd984054d28d976f04572
diagnosis_20260823/routeA_full/blocks/426664954.json.gz	192535	0eb880278a46fee040baaa5212fa79708f40762df36e55e142688dac58d537d5
diagnosis_20260823/routeA_full/blocks/426664955.json.gz	390829	ec45824472a690b44b30b165ce63bfa29b61c82e023d1c428fac0337efd2882a
diagnosis_20260823/routeA_full/blocks/426664956.json.gz	266239	c318128d9beb25245d41f244deb22f588cbfa3324399c983671e797faecf95fa
diagnosis_20260823/routeA_full/blocks/426664957.json.gz	232760	174d5737f17e4f045017ff4c0d9d34b765bd5f8882243050cb3987828238a0d1
diagnosis_20260823/routeA_full/blocks/426664958.json.gz	271664	38d86e8780691c47f9a4be0bb7f32b1d424736f69e39dc7adf2525f7f2e677e5
diagnosis_20260823/routeA_full/blocks/426664959.json.gz	455725	714871fc3b5dab9bb79882d1e078e4638d86ec1a29e64ee5b1d519a6ad3cd501
diagnosis_20260823/routeA_full/blocks/426664960.json.gz	368185	ee0cc7a7013d55ad5d33a11ad3221fb5c8e75a0b4e5799ced7c547d2a4a54234
diagnosis_20260823/routeA_full/blocks/426664961.json.gz	173289	f36509a835a0fcfc6640d1212925823e4a3f1526ca988f0058d7d97491a5961e
diagnosis_20260823/routeA_full/blocks/426664962.json.gz	218532	1368952168679d8af6e82aa179a5f21e5189e3eea2d9918232c000fde0da343f
diagnosis_20260823/routeA_full/blocks/426664963.json.gz	203274	184127c9d90df98846883b326f7aabad5de2b039d55a9ad72aedb244e662869d
diagnosis_20260823/routeA_full/blocks/426664964.json.gz	305685	d195e32fc46258c91b5351c282c9df20afbf39699053908a44f3a7d05a306128
diagnosis_20260823/routeA_full/blocks/426664965.json.gz	213648	1e8b862b644bf46852b9e6fb529d063604d88419555d604102b4cf5329459fb1
diagnosis_20260823/routeA_full/blocks/426664966.json.gz	282994	48baba9ef5908f5a9e120bbd72179b708f4b34e76822fe98e11634944ab21cb3
diagnosis_20260823/routeA_full/blocks/426664967.json.gz	197674	823ac66ecccff972128cdb25790d9b1c48ac71d8c48944ed3aef1b05920195dc
diagnosis_20260823/routeA_full/blocks/426664968.json.gz	204698	061664e9aaa557a916448aca76f77e0eeddca668cdda15658669194b04492cde
diagnosis_20260823/routeA_full/blocks/426664969.json.gz	309611	8cead726466029e70279c9033af31fea244bb3893770974273c8405ce67952d1
diagnosis_20260823/routeA_full/blocks/426664970.json.gz	295375	1eeb5b52c65b8e49249aed7385ab38529caf32e7280208e781a5d09a496f1010
diagnosis_20260823/routeA_full/blocks/426664971.json.gz	424373	8c5ef4062bb58a569bd021e2a63cbdcadfdf61eb9e10064616b829d9fe03853c
diagnosis_20260823/routeA_full/blocks/426664972.json.gz	448553	2878f68194ace415405963c35b1cefe98881152bc97d27739d9814adec0b8713
diagnosis_20260823/routeA_full/blocks/426664973.json.gz	243082	8c3673bfa2896c906a40081dab1b53f2a42dd82bd32d880816a2592ea59ba39b
diagnosis_20260823/routeA_full/blocks/426664974.json.gz	260662	08f5feb1fa3929321c4ab7c6a8b992bd7496f31ba5645e0d487773fca85a8e0c
diagnosis_20260823/routeA_full/blocks/426664980.json.gz	387350	1477acd6aa56c8289f8f2342d34560cf897cae568ec4d3a1a828ef28faaea829
diagnosis_20260823/routeA_full/blocks/426664981.json.gz	353220	0d6de89bff756e4b06d60543493909a4036a7c5245be1df60df203e76948303b
diagnosis_20260823/routeA_full/blocks/426664982.json.gz	519421	4726dd938eca91185782c34f97f919d2646aa824512c56e5dd8719161cb908fe
diagnosis_20260823/routeA_full/blocks/426664983.json.gz	307273	f5eba43da4d300ec36f7a0d06ecd261c7e75e13b2609b95264fb1fca13933069
diagnosis_20260823/routeA_full/blocks/426664984.json.gz	345931	8b3866ab79666ffba796a859cc16a606c34916fa5115736f57709180aca9e159
diagnosis_20260823/routeA_full/blocks/426664985.json.gz	258937	7b8626da565c25cf0d98a6c3576b960854374633177d04690c782999f40337d3
diagnosis_20260823/routeA_full/blocks/426664986.json.gz	286496	4451ffc8be79327f66aef32537ed8e47f6ecea58744158609d10d27a23cf022b
diagnosis_20260823/routeA_full/blocks/426664987.json.gz	330235	bc36d383c49cddd1b4851cd3b518fd96f084514251380a3e4d17741b52d1f132
diagnosis_20260823/routeA_full/blocks/426664988.json.gz	301694	39cfe09e73b26fdeab7918be357da7d746480e752108705d6039f07da175202a
diagnosis_20260823/routeA_full/blocks/426664989.json.gz	284574	3ddd078f572179070a4fd902d798e243c04a895f860b3c69aa6f44a4121bfdce
diagnosis_20260823/routeA_full/blocks/426664990.json.gz	223782	2d2aaeb509cfc9757fd9856f6d6b3e6fb984d69bd63c53994ff6c0e69337e133
diagnosis_20260823/routeA_full/blocks/426664991.json.gz	267806	059b547b7a1f0f29eeb78348eb78c8f0dd59224fec9775e23b613a600c650be9
diagnosis_20260823/routeA_full/blocks/426664992.json.gz	335462	1b9b9f481db7a9192a15bf0c9cbe8aeb5fddc5c1e09392a9061fa5555b8bf095
diagnosis_20260823/routeA_full/blocks/426664993.json.gz	235998	9b86d48b4640bc080f1f7c8963fdeaa8bdd8026ec427a0415b2c04ae8e38c9f1
diagnosis_20260823/routeA_full/blocks/426664994.json.gz	203496	2d856f3be427b8adab2cad1c7808b8e949f444f67cd6c63c6fbcb3ccf5218bcf
diagnosis_20260823/routeA_full/blocks/426664995.json.gz	205669	b8e558d0f31741b0f38fcaa1d4ee35a5b8269e35bcccac7ba6b3e733750b9270
diagnosis_20260823/routeA_full/blocks/426664996.json.gz	200567	44d3e072d8bcb19158024237025b80d1be78ea2bac121a25fb7b6612de0ef84e
diagnosis_20260823/routeA_full/blocks/426664997.json.gz	309357	0ac5d7fc8131226e40538bef6021230d4f9423e3122874c94588b48598f9783f
diagnosis_20260823/routeA_full/blocks/426664998.json.gz	281787	541e9576526eb38264690c4242c8c72dbff352ab825c2187799f0083b4aee387
diagnosis_20260823/routeA_full/blocks/426664999.json.gz	269497	2ed56c874c11791c28f2751eb175813202dedaa50572a56332577819ec4ecf1b
diagnosis_20260823/routeA_full/blocks/426665004.json.gz	485553	af3a59091ab7fc3819e5d43cfadea176dc400ba64466b132e95e2f34f10c86c1
diagnosis_20260823/routeA_full/blocks/426665075.json.gz	344558	4d632d08f689e877e490eb8abf19dd13e52eadc340a9f36ac881e786865ab7fc
diagnosis_20260823/routeA_full/blocks/426665076.json.gz	495538	bb6fee8aee54e3795fc83f51472919137068d9415d65b70147ce74b0ab77e3a8
diagnosis_20260823/routeA_full/blocks/426665077.json.gz	395134	19280d490bd79a8829e8cd8feb3ad59b5580fd3610e03a35dff833335200b47f
diagnosis_20260823/routeA_full/blocks/426665078.json.gz	379427	da409e3212ff6e4949897d57b28b4c5b59ed0711e6c9ac5258d2ec2873dc8d45
diagnosis_20260823/routeA_full/blocks/426665079.json.gz	533702	e288dad8d5eb04677609a438c76fc83d4e46549915bf5f904c3cdcde54c4493b
diagnosis_20260823/routeA_full/blocks/426665080.json.gz	423060	e8703af56a326240d35544d212dbaea17254fc7ee1583c20dc367d8b8978f01b
diagnosis_20260823/routeA_full/blocks/426665081.json.gz	423392	68dc40e6e45d6e926db69461888e40b1c7aacb4bf2a6b381b30d675fbcc0f615
diagnosis_20260823/routeA_full/blocks/426665082.json.gz	371240	86b8cb2db71fad7379044927ceae041250209f65708012795dc144b94543aa73
diagnosis_20260823/routeA_full/blocks/426665083.json.gz	332491	2127897fe0acbd443a3e2b112bc949abd521e33d7a68c4a2e7952ef20e19b375
diagnosis_20260823/routeA_full/blocks/426665084.json.gz	322586	a8c8826fd4515d767029aec81c72b3dd267634139142924f756dfc09f3d0c10a
diagnosis_20260823/routeA_full/blocks/426665085.json.gz	329579	17ca4e8bbdb093072562fe9157ec36a3b573f066169b09d053004ee2cbc57f7b
diagnosis_20260823/routeA_full/blocks/426665086.json.gz	326137	a6d5632c07aa8cf41cb38fb7f69cc676ba688579bd68e187ed4fd23b7e749bcf
diagnosis_20260823/routeA_full/blocks/426665087.json.gz	536902	1905fd07419eb4b8bf5f2890bcadd4897233747ddba3f523cc9771d4896d9bdc
diagnosis_20260823/routeA_full/blocks/426665088.json.gz	623633	64be88f75eeef09fd8301a71584ab5299ad7994877af18930cfd8c1827dbe136
diagnosis_20260823/routeA_full/blocks/426665089.json.gz	464800	2d8023b9a94de8d713ff55d0b79713b91d8651f810c511728609c2a3bce8c09c
diagnosis_20260823/routeA_full/blocks/426665090.json.gz	389431	2c8d25bbd0765bc2d140aa88370ea9e2276a896ef269f3528feb034ce2675d48
diagnosis_20260823/routeA_full/blocks/426665091.json.gz	320949	3e517e0806d74dcc73bcbaa744a7dc507772d20c9f13f0df8d82227e92769188
diagnosis_20260823/routeA_full/blocks/426665092.json.gz	492380	1644cd02de1ba30e6020c78ff4d7968bc13cfd676ab311a1dc5b2a95738d605e
diagnosis_20260823/routeA_full/blocks/426665093.json.gz	370424	7a8b044c582e4a4f1935e2dfa9b429e0e2246b2d6be8f6ea60b1db7c251a562b
diagnosis_20260823/routeA_full/blocks/426665094.json.gz	382380	2e226986d3801e63bdc25ebb0c8b82f689b4f9442b0d0a7764250c40c97fae00
diagnosis_20260823/routeA_full/blocks/426665095.json.gz	406131	d25ac07eab39317d9dbb37945c117364dc6a34cce9a27adc9d4590396d688aa5
diagnosis_20260823/routeA_full/blocks/426665096.json.gz	274290	de0a564914ea2d0a4e6e0f5ac1d35cb526dc213e2763b142c8d4546cd884c044
diagnosis_20260823/routeA_full/blocks/426665097.json.gz	284113	43acf44fb45f0618f5bc2b8e84c8f7ed8fd5cfc0ee98dd3d9778027aeab1e89f
diagnosis_20260823/routeA_full/blocks/426665098.json.gz	315112	9c48ffd01207b6bf5ed68852866ca777ca6c963084487f9943ac2f958bdc8289
diagnosis_20260823/routeA_full/blocks/426665099.json.gz	439852	cbd53ea1de2b9d4a4916cf5c6e1984baebbb2c7edf4133b6f5c9b704971bc664
diagnosis_20260823/routeA_full/blocks/426665100.json.gz	343360	430756eff7a631e4ceae5bec0ce48a52abf8fbf697d4f1d0298d6e71746f5c6a
diagnosis_20260823/routeA_full/blocks/426665101.json.gz	404414	531fea6392aad4946f7a13c7208df20aec05a60f74f1889171d496b2ab19bea6
diagnosis_20260823/routeA_full/blocks/426665102.json.gz	415325	d901df635a4660a12d724d167f7dc1dbf6077f8b53646efc80af23b142b23a8c
diagnosis_20260823/routeA_full/blocks/426665103.json.gz	332265	8a5773d192d4b732a6cdde11c35110b1c2a2e3709a1240af44ffe3030d24df3e
diagnosis_20260823/routeA_full/blocks/426665104.json.gz	271498	19d3ec0517b92d79467a2f1a61b4e48fdd86aa4f1ecabea5cc2f680654e77b29
diagnosis_20260823/routeA_full/blocks/426665105.json.gz	292813	9303d22d9312e94d3345c9be4e1d008edb679230adf519ac7386e757ba35cdc9
diagnosis_20260823/routeA_full/blocks/426665106.json.gz	325349	88b8b668d9c237f11c5d8d497288a375f8a889a35c482855a5ac5440fd7124c1
diagnosis_20260823/routeA_full/blocks/426665107.json.gz	268507	da3a4991a0bd67c28f2a06d86a268b9fade583c7712f80c94b5ee82ed0287d81
diagnosis_20260823/routeA_full/blocks/426665108.json.gz	313214	df5e39f6f10337b1ee39f2fc6f67c280d00605b754202526efc422dc0bc5e856
diagnosis_20260823/routeA_full/blocks/426665109.json.gz	247367	c2904a040b3ee77472af5a40df002c7997e9943705044587d57fc4ff5fbf43c3
diagnosis_20260823/routeA_full/blocks/426665110.json.gz	276673	83df7a7a6d6465d61cec6ed76253f879d4bbdfb8483ce1354548e2673a87b54b
diagnosis_20260823/routeA_full/blocks/426665111.json.gz	407259	0cf7704569d9deb82e20a76781e49bb8f47a145efcea90f78592287fb51db7f5
diagnosis_20260823/routeA_full/blocks/426665112.json.gz	133221	781db2a5f0f2d31c0c9e7e551aaae07618d9d2323a82be477b897d55e3f06c6c
diagnosis_20260823/routeA_full/blocks/426665113.json.gz	356890	961879e1b61fbe9af76722ae105d901c6d0453ec4fcb6c06dc6df22cd38c9b27
diagnosis_20260823/routeA_full/blocks/426665114.json.gz	455647	a4faa3e0f4f064d205d6a423e4a4f5b9737a15cf995fa9a2c8a66742947ddfeb
diagnosis_20260823/routeA_full/blocks/426665115.json.gz	416725	05ef3fb39a76cef4797b99c0cbd573367fb83c5158c0ec4dc875240b82899b4a
diagnosis_20260823/routeA_full/blocks/426665116.json.gz	373896	41a0e837a0c5bd23d6bb611cdd68f146d75115605dfba46549f1dffad7234364
diagnosis_20260823/routeA_full/blocks/426665117.json.gz	298488	38e6f251948739aa9a72b4ccb9b444d4f52ec459c254c2900a8741d5d9204754
diagnosis_20260823/routeA_full/blocks/426665118.json.gz	439715	7833f43b634e22740d5934cfb30dff49302d5f0b5aa2567908db4d9cee8f667b
diagnosis_20260823/routeA_full/blocks/426665119.json.gz	433569	cb8d0a8a07eccab544b5b721c8639e3a10d9c8a48570ef970fe518a8fb62079b
diagnosis_20260823/routeA_full/blocks/426665120.json.gz	293595	0d5e9199d972e6347de1a4f62afd1391a03592377484cbf22109039746e7c9a8
diagnosis_20260823/routeA_full/blocks/426665121.json.gz	368527	6f38a562fba838abcaff822df179fe861ded9a0f596e42a7315e1346f26b62e2
diagnosis_20260823/routeA_full/blocks/426665122.json.gz	319279	1d026c615d5fcdf7060b457b322324b8ca61df9397c6dc335c45cb8d26e17684
diagnosis_20260823/routeA_full/blocks/426665123.json.gz	364647	00ecdb57c9d59257bdb295fa7cf74d4bf3f27df63160e0fb27ad51bc835e8b92
diagnosis_20260823/routeA_full/blocks/426665124.json.gz	546799	7c2a95d495e5a7f388908f9de66dd9d67b1fb5334df5cb3a776b7937648955ef
diagnosis_20260823/routeA_full/blocks/426665275.json.gz	302152	e568f684781d9c93cf3f8037aa69536e3b1077bbcf5606e3d45194a74b7b39ac
diagnosis_20260823/routeA_full/blocks/426665276.json.gz	631395	533b8b0d2c7a93cf07baa9cc81a09ca63eee6ab6d102d142f82dc474bf339cdf
diagnosis_20260823/routeA_full/blocks/426665277.json.gz	546381	0718a95212eebc50059b55f3bc0d0a80c552919431cfd03586f1f225c8136499
diagnosis_20260823/routeA_full/blocks/426665278.json.gz	487112	20d9ab840ec96e38a5bf514b297295985c402d36ddf4437449602790b88f70c7
diagnosis_20260823/routeA_full/blocks/426665279.json.gz	372519	5545a4eeebb3a491af8a7e6b27d3b01cba9e5ee3048b1289b5a7d076c0cfe752
diagnosis_20260823/routeA_full/blocks/426665284.json.gz	401164	82ec90a5f21d8af370f91f41deb1b2e4c3a97ec09df6ab5d9ab946c93f5bb62c
diagnosis_20260823/routeA_full/blocks/426665285.json.gz	345662	86f5c9a550563546dae02c75327b5ee3dddcdefda48c3798ce027ff1711246c0
diagnosis_20260823/routeA_full/blocks/426665286.json.gz	342017	d444bf32ec350bca3f6de9acc232eb5691d2e43203f5bdecd24bb8dbfbdc4fa8
diagnosis_20260823/routeA_full/blocks/426665287.json.gz	351529	9690f3ba85cb4c5c41781bd689917eaf596f3ddc90a5cb7c491041a932dba57a
diagnosis_20260823/routeA_full/blocks/426665288.json.gz	410358	79d54a88a986c8ba674361c468c0989c959ea74756d1c23a38bb61b35165551e
diagnosis_20260823/routeA_full/blocks/426665289.json.gz	416041	47139b92594f31ba57c8937ea453a9a8e4604f9aa63846e16b808fb27b73d18a
diagnosis_20260823/routeA_full/blocks/426665290.json.gz	375047	1f732b6aeb1de12aaaa53424038da8d033b09d734f646fe22ef90404634da80e
diagnosis_20260823/routeA_full/blocks/426665291.json.gz	422858	91d77e81d12ae542f91420740addaae50771895dfa3981a79bfd0b4faa014475
diagnosis_20260823/routeA_full/blocks/426665292.json.gz	344419	45a6e091401191b03865e94d94654a526d0a65f28f1645b7d8ea429c405f5c42
diagnosis_20260823/routeA_full/blocks/426665293.json.gz	289162	0c357c1ccae9bfd50a934be0a89a8c8f818cc1d66874152381b3eb8e9ec922de
diagnosis_20260823/routeA_full/blocks/426665294.json.gz	268974	3d94372e99604714488518220ff8682f18ce7c4d1ad9fda24dc848309fed8e8f
diagnosis_20260823/routeA_full/blocks/426665295.json.gz	263759	4b35c07eb9911c0cb7f3f76ac86baa76d6f89b1f78d1d3590bb6b9ab54229b32
diagnosis_20260823/routeA_full/blocks/426665296.json.gz	238230	458b1c1644a6962997b5f7165d0e66e4fbde7faabed7decd05cf48d797176988
diagnosis_20260823/routeA_full/blocks/426665297.json.gz	260403	40741ae6bbbde9a89a21d5b781b2c67bf3d84fe601473edd1513b10b9e2a3b09
diagnosis_20260823/routeA_full/blocks/426665298.json.gz	227601	e68ec0438496c682b7f5639c78812494901453b9841621131bb2503d07d6c2bf
diagnosis_20260823/routeA_full/blocks/426665299.json.gz	228054	d0870495485df7cbfb9858266c41e94f162e4a4f028bc5649a7f6e3f2313d1b5
diagnosis_20260823/routeA_full/blocks/426665300.json.gz	276959	b5a94bbf519c6c7c80f15994573f99c886f1576b2047819d8b2b4a2ba89eefef
diagnosis_20260823/routeA_full/blocks/426665301.json.gz	451864	46475971013419055afa465bff538666a45871b3f7a6ddc38364ffacc3b8a2aa
diagnosis_20260823/routeA_full/blocks/426665302.json.gz	444254	a8ca64bb856ce4ed0c65afb8efd298c088bc69160d135cf0137c70138365e499
diagnosis_20260823/routeA_full/blocks/426665303.json.gz	516434	368bb8e89060e80e7013fa9cf6eaabf0d436f4040323e9747499b728e49a52c7
diagnosis_20260823/routeA_full/blocks/426665304.json.gz	577749	4c7905cf07cfcff3999c9cecdc62fefac8d417e4b0b33c06e9b59af231a2433c
diagnosis_20260823/routeA_full/blocks/426665305.json.gz	368831	e80aa2d5808b46a2e6cad810117ec78f620ca029fa7ec9f52ee7afc95743a378
diagnosis_20260823/routeA_full/blocks/426665306.json.gz	275003	44f4888ccd4b0cbd5ad74070b964abd9456d1fe76c8246c1938d8fcd0a80658e
diagnosis_20260823/routeA_full/blocks/426665307.json.gz	315920	29043b56d245abbacc486dbfd6cc9c9f45357387fd64de9a541da137fde1033a
diagnosis_20260823/routeA_full/blocks/426665308.json.gz	400062	c6f02ca9c24d92fc7c63c09cf93dd7509b3de9b5b17f92438f55d19a735d29a7
diagnosis_20260823/routeA_full/blocks/426665309.json.gz	307014	9e72f7b80aac5c5727ddfb7af56a9eaad773756233a1219be2b00ed3c7dcbd8f
diagnosis_20260823/routeA_full/blocks/426665310.json.gz	257469	783abf1b54fb1d859c9ab5fe4cb11f78d4e0e168e0912f7cce49de8aeaa483b1
diagnosis_20260823/routeA_full/blocks/426665311.json.gz	247022	0201757d0baf6d747bd736999de0f1b21fc1fb858fa158b9bc58185c69475ea2
diagnosis_20260823/routeA_full/blocks/426665312.json.gz	338095	2647f4d435b3325b4fe80e53c0416fef243ffc0e34873711d1584bd6bcddc685
diagnosis_20260823/routeA_full/blocks/426665313.json.gz	337422	bf04df6ef5aea4fe008af3075ebaaffe0f6f1bec62c41ecea832175c04f3ba4c
diagnosis_20260823/routeA_full/blocks/426665314.json.gz	318988	2ed4802fc06b35a9856f6a394441d4bb659b73b1367e4168b0bd4309369a79e0
diagnosis_20260823/routeA_full/blocks/426665315.json.gz	465811	7a6c61622c1de7091490f5ec9fa4beaf6171bb3110cc56c777d694cea3c49e0d
diagnosis_20260823/routeA_full/blocks/426665316.json.gz	618681	45e24a83bdf680e11ac370a4319e45dceceab249af61409fa4e3bbb7133dc60f
diagnosis_20260823/routeA_full/blocks/426665317.json.gz	565140	74f5b0245f7cef95a1de15efd5973e382e5616d1c7743c2ee01ffdef82d55141
diagnosis_20260823/routeA_full/blocks/426665318.json.gz	397183	7039ab6e884fd748fbc82b526683a22b64d98515c3f5120477d5246e319bed9c
diagnosis_20260823/routeA_full/blocks/426665319.json.gz	380928	c148b9cfe7de913f5b3914e7144679f6136d7a7d849a1b07a10d32b3f7ac2be6
diagnosis_20260823/routeA_full/blocks/426665320.json.gz	344030	55e095fc2e16f454afbee2c15e95d1fede2eef6a44579888ca5cffd084adfafa
diagnosis_20260823/routeA_full/blocks/426665321.json.gz	412768	3f209a0a658f0128bb51302ce30957c5aa7a3615d04f0d2a41ac6fc1bf105875
diagnosis_20260823/routeA_full/blocks/426665322.json.gz	338497	124eabe5489bc46a83a305f222f261d7d7cf0ac3e9c7d490a94d5c864cedde4c
diagnosis_20260823/routeA_full/blocks/426665323.json.gz	384936	e816f356e7696f739a5b39ad49c38666003038c697d06273c750833b3f8f1fed
diagnosis_20260823/routeA_full/blocks/426665324.json.gz	282817	f4b9c5d1bdf244c7746bc4024d50ee38c6b1ff638cef47f04481669344e926c8
diagnosis_20260823/routeA_full/blocks/426665325.json.gz	367425	cd07ffbe349b81fad27d6ee47f0ad716be4b3c4015add596a97c29a99e52112c
diagnosis_20260823/routeA_full/blocks/426665326.json.gz	270239	152f3c630342d934033789aa37b553ab979cf76ee09f3c8a6e6019edb9c0ad07
diagnosis_20260823/routeA_full/blocks/426665327.json.gz	274412	70ecdfc8df3b44e4938d4d3f865cd13399b49ab26070077317c7f016a5f0fe4c
diagnosis_20260823/routeA_full/blocks/426665328.json.gz	306001	c86c22300d581de143b64774ebe1073f40c1e2b2619c9dc67b3e5fa69fa5866c
diagnosis_20260823/routeA_full/blocks/426665329.json.gz	212850	5b8ced26484f2e05c9704ab812a11b43870ca13d843e7151519f259b8f64cd01
diagnosis_20260823/routeA_full/blocks/426665330.json.gz	292031	c660e37c77effecf12bc0ef4155145e539cc11450ddc6140d349a0ca4acd0e9d
diagnosis_20260823/routeA_full/blocks/426665331.json.gz	257246	ab7f194e2673b81a6b6124fe9be1cee63b4d25d594e69478487db27b188f0afc
diagnosis_20260823/routeA_full/blocks/426665332.json.gz	123624	7bfe66a0c68abaaaee7361eb1aae21c6f1b73f7ca6aa515e2b269fb0c1d1502b
diagnosis_20260823/routeA_full/blocks/426665333.json.gz	270432	e759ee81ed96ed0c9e94a4c89e23d82fa61d31077106d092eff919b8a84eeb31
diagnosis_20260823/routeA_full/blocks/426665334.json.gz	307144	f532953e4c7583e0bfe591262b9cc3c4d120304273ac86338ad466b365abad58
diagnosis_20260823/routeA_full/blocks/426665335.json.gz	377006	a5585bf83997a358b3f3cbc12567e331d0003439ef6635ec73958ceb754a7f1b
diagnosis_20260823/routeA_full/blocks/426665336.json.gz	445921	ad04c888cf853e1ca374be4862bcbd78e44f432d9fe9dd9a1b81734d9586e229
diagnosis_20260823/routeA_full/blocks/426665337.json.gz	376940	d063e7e92cf05f52f6c627220bda17bca1376e5e3ab1d21e003936cf97b0d1aa
diagnosis_20260823/routeA_full/blocks/426665338.json.gz	247942	e87ae8c788b18d79fca7c730fdc49f97ba57207969e18d96771f38245ff6e64a
diagnosis_20260823/routeA_full/blocks/426665339.json.gz	338902	c014d3b082d1ce584318932492713b3a5d785f14f054d4cbab737cabdc8aea44
diagnosis_20260823/routeA_full/blocks/426665340.json.gz	381648	54a5e12608657dd8d91cbb7566d90b816466e8ee57add8840926b7c4e685b468
diagnosis_20260823/routeA_full/blocks/426665341.json.gz	290506	8c36fc082e5ee55655a0b9ddee5921b06687148eb06b51db0f5e3ce8378e5544
diagnosis_20260823/routeA_full/blocks/426665342.json.gz	278300	10c7733d8a97300da0e401691c00f017d4232f8f09d45b23f981a85ad0cd542e
diagnosis_20260823/routeA_full/blocks/426665343.json.gz	404527	6b75b217a30ce768964924de9169caab219db7e1dbedb8ba72ccd9df24034bda
diagnosis_20260823/routeA_full/blocks/426665344.json.gz	299036	863fb49d2a53e5d2bd3b9b656bd63b0c62daae5881c996ce014b01af391d3e59
diagnosis_20260823/routeA_full/blocks/426665345.json.gz	357242	ca4ea955264d022cc9b7b835017e091f5dcea4f64747e0cbdc762513a6804b73
diagnosis_20260823/routeA_full/blocks/426665346.json.gz	402069	c69925272cc760ec80e56b752a9d1eab194eb7a664e4f8e7f68288317d3563bf
diagnosis_20260823/routeA_full/blocks/426665347.json.gz	656896	eed35a050ce9c63bdac86b7dc0d111bd25727a749aba620cd2c43a4a3a6047f0
diagnosis_20260823/routeA_full/blocks/426665348.json.gz	290209	3df34dac3e9278e8b3574d78218a14af4fd0f1084ee252d3025eb65dfb71ac35
diagnosis_20260823/routeA_full/blocks/426665349.json.gz	443978	a1134881f576c95f1bddb001b4f6c7c4261eaca90799c3f94305c2a553c7b686
diagnosis_20260823/routeA_full/blocks/426665350.json.gz	312152	dd45e06a322d79c33b09081142e71491d05579a9ddcfabf8f88901391e13252c
diagnosis_20260823/routeA_full/blocks/426665351.json.gz	365605	52167bf1a455a417313ea1b32a1ba725a14e04c54ec18033433e920f5572a499
diagnosis_20260823/routeA_full/blocks/426665352.json.gz	470589	46aca259126a9a3cbd4b953b62bb847bb527ed07db4f3c93fa9dc1e5bcac8e9d
diagnosis_20260823/routeA_full/blocks/426665353.json.gz	271154	583548e20b9201207f96d2b2aba8aaf40006866b78b786435599f96b2f6bd088
diagnosis_20260823/routeA_full/blocks/426665354.json.gz	222469	18f53e94e7b4e0a2f67f4507b3155a605cae624c646d8cde5124da58dc5ecdcc
diagnosis_20260823/routeA_full/blocks/426665355.json.gz	242750	280299b6584452ab798f9174e2a6c99dce682f48b954a3083f3d7a9954d23c65
diagnosis_20260823/routeA_full/blocks/426665356.json.gz	267448	4238de7de9029e089c5a8619a823a4cbd3a54072a5ce08519bb167a898fbd7c5
diagnosis_20260823/routeA_full/blocks/426665357.json.gz	237236	80d0db792449b78b3eb83c027907db4b12c7ef42a65e38e65cb4e83d863f991e
diagnosis_20260823/routeA_full/blocks/426665358.json.gz	212319	0d7c2b0424becfda6188073d2ba6fd91569645a58a2d8094b0e8c1879581cf21
diagnosis_20260823/routeA_full/blocks/426665359.json.gz	310969	f189211912458afbf37d1f37946fa9e21e2607bc96c4f8cf63ebab43352e25c6
diagnosis_20260823/routeA_full/blocks/426665360.json.gz	273894	2d24bbc5cb41838b82c8a45dc88836f7ca5150f2e0241155a8cab9ea45a61525
diagnosis_20260823/routeA_full/blocks/426665361.json.gz	365469	c1ff4a402bec08091b339ee3caff5dfd87f155819141549688eb977e9ffa161e
diagnosis_20260823/routeA_full/blocks/426665362.json.gz	232592	aa85840a51ad934261e115447a8015f16d2388e9e79377a911044d8e4334ad0d
diagnosis_20260823/routeA_full/blocks/426665363.json.gz	242961	47db5f293febb94b9c9bbb628b2d66cf00542d9722174e91a82d531ddf696829
diagnosis_20260823/routeA_full/blocks/426665364.json.gz	260132	dca92ebc077fe1327bec16793d40e54ca246e5a32ba05f4b8988a1f2daeae062
diagnosis_20260823/routeA_full/blocks/426665365.json.gz	274459	5a0e7d872fdde8a297b57c9aa66f979645fe938d74ee37b4bdf0f0a39602877b
diagnosis_20260823/routeA_full/blocks/426665366.json.gz	260265	c47dee99748b90421562147c5fccad3982542f1f4294df0965735052d062c70c
diagnosis_20260823/routeA_full/blocks/426665367.json.gz	249614	acdc15dade0a1b06ffb8b0016e33896e6f479fcfc152e5949e5b4564f2b8b13b
diagnosis_20260823/routeA_full/blocks/426665368.json.gz	355579	e62e69e4dfcf0f1e3e77553f7e00ac4276cd6939ba6ae1aa6064d21bea7ea90f
diagnosis_20260823/routeA_full/blocks/426665369.json.gz	317355	1e7cbe13e3edb9cd55988b8d18f1c905ae5ac51f9403659cfc8ead6eec91a912
diagnosis_20260823/routeA_full/blocks/426665370.json.gz	298315	bd83b4a66fe1c447ee45c397935ce1ffa5eacf75d3c08cbf68a52d18a4333135
diagnosis_20260823/routeA_full/blocks/426665371.json.gz	202867	ff0b72089f57122420ce5e048a23d9383f320c7e0b1418239ae04cd48adc6e23
diagnosis_20260823/routeA_full/blocks/426665372.json.gz	328858	5ba57dbe068a6950208c503d1f611fdb29bff0808f5780fe0f1b745e56a21cc8
diagnosis_20260823/routeA_full/blocks/426665373.json.gz	247125	974e50a73b447fa8632211d8ba749d7ed1c806e8a24d665ae8fd32fd2047cca3
diagnosis_20260823/routeA_full/blocks/426665374.json.gz	253281	5a1cb7efc56ff24f331d36307a970b0d7b3e1f1196e12e107a8aded67b36a5c9
diagnosis_20260823/routeA_full/blocks/426665375.json.gz	189811	a11c2baf6eef76db750eff600f74a33433e6ad098ab88b19e51aaf452424f975
diagnosis_20260823/routeA_full/blocks/426665376.json.gz	377190	86fffa2f13ae094ee55f2128784d2bff418de933b52c31eca65806fef73570a2
diagnosis_20260823/routeA_full/blocks/426665377.json.gz	252748	f4fce5e56dba5ad704dc026ee33c7efa1f9634cc80c677e25e79f184b52308a0
diagnosis_20260823/routeA_full/blocks/426665378.json.gz	275497	62963442a9da88ddcbe6e8645a4e6002395a940d8ef2697d7c9904dd1703feb4
diagnosis_20260823/routeA_full/blocks/426665379.json.gz	381888	7ba3e2aef6f71178ce99a1dac35b80240f0cd35a22e297308092be75e98ba076
diagnosis_20260823/routeA_full/blocks/426665380.json.gz	329165	8cd0577d5ca9c4ee8bf7d86e4f4e0a17a2f6fe9edc6ebdc5019b9ea368d5f43a
diagnosis_20260823/routeA_full/blocks/426665381.json.gz	552044	b3772db1dfe5217d86333af01e165869a047904ea316d408ac77d7a4de9d4c10
diagnosis_20260823/routeA_full/blocks/426665382.json.gz	485659	22bf05825a13facee6dd05c9c6445085a5032a5536a4488f95e24660d895e829
diagnosis_20260823/routeA_full/blocks/426665383.json.gz	345847	1d90b4f02102e80411941c0295818d1049f445fbbd7bbc799635e9df410e390a
diagnosis_20260823/routeA_full/blocks/426665384.json.gz	321962	aeb3046d26b7faf525ce4d5be340dfd1ddd3ddd5c71c0d591706b1267b581502
diagnosis_20260823/routeA_full/blocks/426665385.json.gz	344668	45136b4680ff2b0dbbadbacf74970cd78145f6d85a93e8d1d5b8ebcd9dacf21e
diagnosis_20260823/routeA_full/blocks/426665386.json.gz	291428	1b30b405625b0e0f6f76e0ac9e6c078f469ce99ee2f19c836b366964b383756f
diagnosis_20260823/routeA_full/blocks/426665387.json.gz	263408	79b51158ae1c9f6833e987b69e7283d0f95d75c9e461458dc9bb5f2c61fe9f24
diagnosis_20260823/routeA_full/blocks/426665388.json.gz	453856	e74646a730b9bad22d93af604448acfaa0ce6bbc3ff81c7a4ece1110b74269d7
diagnosis_20260823/routeA_full/blocks/426665389.json.gz	342587	7a3fad3d6d9d5904ea16dc12afe1102058f40cc4a156a16b756895889f458a04
diagnosis_20260823/routeA_full/blocks/426665390.json.gz	233802	c1746ec3e1edcc01a3f975375a2032d5a27216721eac543e262deba381167a73
diagnosis_20260823/routeA_full/blocks/426665391.json.gz	214386	4385dc420e308c5f673a850ffd9cc06102932a4eccea4229f0ac24492d3911f5
diagnosis_20260823/routeA_full/blocks/426665392.json.gz	286886	581fa9b7197045733e2847f4b46a5b4658a26d1657e99aa00f04beaf1056f93b
diagnosis_20260823/routeA_full/blocks/426665393.json.gz	246937	d3768f0e83064af30227d8347adba8141655dc8935aeeb5363b302025f606f24
diagnosis_20260823/routeA_full/blocks/426665394.json.gz	257524	81cb32de96f2ab53f7a91119dce041edec367a4b6775d047142cf48c778c0db7
diagnosis_20260823/routeA_full/blocks/426665395.json.gz	291269	2b0051d350a85143d59641e7aeb45fb9dda013f4c62e23bba62f49ac1476115a
diagnosis_20260823/routeA_full/blocks/426665396.json.gz	431861	f3fc87bf4741565c283e9b506821a7a3bc41f8198588caffc3e3c7a8f1e270d5
diagnosis_20260823/routeA_full/blocks/426665397.json.gz	311692	42409a9a099e5cd1f0913c30648c32a0402f8478d1727f650e498d25db5cdef0
diagnosis_20260823/routeA_full/blocks/426665398.json.gz	327587	6b72a1231c8c350f84f01c67ef9607224d3bfcab1e0036f0ea55b1c24e237e56
diagnosis_20260823/routeA_full/blocks/426665399.json.gz	388470	06c40f1a9e66538bbc06713bf4206b3c06f7fcbd1e1767b97cbc5818a64aab04
diagnosis_20260823/routeA_full/blocks/426665400.json.gz	491714	c6451a026b8d1b1f090590b52ad2b3447c02dffbb19a0d87d66257227a4b547a
diagnosis_20260823/routeA_full/blocks/426665401.json.gz	348428	23ed42bfcae3db8f658c34e0ef9e62efe39b413d9d48bed670c85752a19dbd1f
diagnosis_20260823/routeA_full/blocks/426665402.json.gz	322884	22e429f9410edfb64175a2cf539f682dc56715a078cad4ee4af532fff5c20fc0
diagnosis_20260823/routeA_full/blocks/426665403.json.gz	319010	a0999ff96e347c06924f1f50e123a4f415b249b6f4ca4b436a53eefd34867a64
diagnosis_20260823/routeA_full/blocks/426665404.json.gz	237523	f8eb823e663ffe5b60b209550c40b727a83b1f0efb116b1e99f72b3601d689a3
diagnosis_20260823/routeA_full/blocks/426665405.json.gz	347296	dc0858b7a9a3cddd8075e0836e8d6429b33eadd7ade491f50e0e44185657ec36
diagnosis_20260823/routeA_full/blocks/426665406.json.gz	268772	a5f8431b23d0214473adc59e5f4720aa80fff265816ae6ee248aac1717c6046a
diagnosis_20260823/routeA_full/blocks/426665407.json.gz	327909	5df4f29fca0e194946a0d59477d36234fb7a90b65963cfeafcf2c947d84bbab8
diagnosis_20260823/routeA_full/blocks/426665408.json.gz	225743	b6613494048044e848d00f1a4403de25af0cd3f9d37ce599cd11188b126a0f05
diagnosis_20260823/routeA_full/blocks/426665409.json.gz	364159	41220ba7fa6f8a6d9e2e3a64e01f84073bac44c31bd55b714a01844e806194c2
diagnosis_20260823/routeA_full/blocks/426665410.json.gz	351512	bb493ff5d5971aeed75ad0b51d7081d7d04e1378f36352d9b365a4aa087b684f
diagnosis_20260823/routeA_full/blocks/426665411.json.gz	421089	1928b429e82ab93b56afd81095e4a2f89de3db72a5847031f91703f0a4170fbd
diagnosis_20260823/routeA_full/blocks/426665412.json.gz	410178	b10f3190b56b524513db532a7eb47e569c4dab364ca3d3cfcfef138762307640
diagnosis_20260823/routeA_full/blocks/426665413.json.gz	434584	e94343c589856c357c41a76432bba377d952726041188bd368132b6fcee3a0da
diagnosis_20260823/routeA_full/blocks/426665414.json.gz	494541	38cc0f9251e8ed0805df91bf81b93a0077b22aa093cd0c673ea20a67d33ee26d
diagnosis_20260823/routeA_full/blocks/426665415.json.gz	441173	d421f4ab55f0a6821d5b67f73775373ef2a52e1654674fde00e8e98324efadb4
diagnosis_20260823/routeA_full/blocks/426665416.json.gz	372601	556fcfb8a297556ee36243949d6d8ef3258c80de271e07fa574b594006b48f72
diagnosis_20260823/routeA_full/blocks/426665417.json.gz	308182	75d9bf7a28ef2ccea7cca8f973082eaf36181d11105c245b6ff51edd46673863
diagnosis_20260823/routeA_full/blocks/426665418.json.gz	255226	ef68bb074e21abc1890396082abf4eb9bdf9effc3ef46ce909daf572f98e5b9c
diagnosis_20260823/routeA_full/blocks/426665419.json.gz	316724	182798e0a591628b16bb90c1682e041ed27acda5a970ad75d43489477e84f36b
diagnosis_20260823/routeA_full/blocks/426665420.json.gz	116102	0247987be13d4fdedb9849db9ce55314372194522b24914b6bfce374993112d4
diagnosis_20260823/routeA_full/blocks/426665421.json.gz	467187	2244e55016e10fad47a240b91c3d02f45e0eda8a5ba0b766f99687accf58afc2
diagnosis_20260823/routeA_full/blocks/426665422.json.gz	376408	d76a2a3fbfb0d11595bc0a071c2831a3a91d8d60c63b31ab3df02f84ca9534f7
diagnosis_20260823/routeA_full/blocks/426665423.json.gz	444436	35fb0dbc1528f9964e3adbe64aa58bd658d6942796149bfe1dc08b7f583a4a11
diagnosis_20260823/routeA_full/blocks/426665424.json.gz	488637	4a86b7e9bee4ae0a34d274c4a446be81f6ce72c097f26440ce58c21528ebadba
diagnosis_20260823/routeA_full/blocks/426665425.json.gz	421800	8f25a7a1969822139e7cf3b58ee30cc4f0a6d8f4876f973a925f6b9f420d291f
diagnosis_20260823/routeA_full/blocks/426665426.json.gz	562949	fe9aa316c03826a818b5d7c9ee9ad9dda06ed8d5c615a781cd5f5f1fda86fc99
diagnosis_20260823/routeA_full/blocks/426665427.json.gz	547608	b54279368c815bf6eea1cd34209d88bb498049c3330e7b295d54791f18ddef68
diagnosis_20260823/routeA_full/blocks/426665428.json.gz	420668	48fc216cf79abbcb1c7ad430b677ccb475d3513d2f1d6be46ad6bca74577b3f1
diagnosis_20260823/routeA_full/blocks/426665429.json.gz	550098	05ef1d0e3f4c2947d8b1d430e2a8a1e63f75d70747fc3df272c645db10d6ecf1
diagnosis_20260823/routeA_full/blocks/426665430.json.gz	470743	8d84c86087681073d6f8e7b7c0f087fb77d8a31bf8e5d8cc2c0be9db5178ccab
diagnosis_20260823/routeA_full/blocks/426665431.json.gz	472390	56b2a2c2290ede514f4388c86ce93d3416ec56caf746dace3a3a66f096ff809a
diagnosis_20260823/routeA_full/blocks/426665432.json.gz	401224	a2c9ec3bf5c8394d4a81147238275a1abd77481a74011f959c377b1496f0f6f9
diagnosis_20260823/routeA_full/blocks/426665433.json.gz	429872	e78762d0210e83c714d60457bed2263c8e2b933d5303cfca44d978466592d797
diagnosis_20260823/routeA_full/blocks/426665434.json.gz	474780	9e6d2c787adf4f73c2726f139351da2853e665d4f5b4d976f627aae21339ee31
diagnosis_20260823/routeA_full/blocks/426665435.json.gz	426010	2d510a10f515f8dbe37c15269baea12191e54f929502e3ae1ce426ce442099dd
diagnosis_20260823/routeA_full/blocks/426665436.json.gz	467768	73d6d5b54c95356ddf1eaa73b116f48b991cd9944ed9d1081931bfb418189a6d
diagnosis_20260823/routeA_full/blocks/426665437.json.gz	376660	fa6b4672029fba46f0e6df7f93d48389097d9a73481a715d93409fccd5856f57
diagnosis_20260823/routeA_full/blocks/426665438.json.gz	358696	9a368c7a7f97d5e5e54d5946a4e55d0c5ab88e4f6b97d28b7ef74921506b1cb4
diagnosis_20260823/routeA_full/blocks/426665439.json.gz	407792	a0a63098aabf69cc172dcaa62d078a36fac60802a480b8808db123b923469e6a
diagnosis_20260823/routeA_full/blocks/426665440.json.gz	370436	bfc5daa53bd89e60bf6a4fa630e42192d98440916dbd4294c62978272cc29eed
diagnosis_20260823/routeA_full/blocks/426665441.json.gz	360798	0b71ef2665a88f022da002fe8576353ef9d34b72d92f311ddb92876aea65dedc
diagnosis_20260823/routeA_full/blocks/426665442.json.gz	326513	eeffbd8ed2f791c35cd07ea9e01ce5921357bd92b51a71db2bcadf608f193b5a
diagnosis_20260823/routeA_full/blocks/426665443.json.gz	415602	16b85acd2a7e2ddb6ec6a609a8bbeab73fdb1019269c9edf582c06a94f2656fc
diagnosis_20260823/routeA_full/blocks/426665444.json.gz	406477	eaa35ff6f1e7dbba71f1b2e132bca3d24a3a576919ff9a48cc4dbf9a2a9c6411
diagnosis_20260823/routeA_full/blocks/426665445.json.gz	317576	bce4dc52a1a49e007637461771c0be6c111d06438c06b1182a08233399546da0
diagnosis_20260823/routeA_full/blocks/426665446.json.gz	348802	ebcb70592293ec032a12e371f663631ecb867abca2f7d4eb911c9b5a541c8671
diagnosis_20260823/routeA_full/blocks/426665447.json.gz	267691	9b98eddbef61f41f988f8c33bd40703b11954b9b2c7d0834a8ceaeabaee57f05
diagnosis_20260823/routeA_full/blocks/426665448.json.gz	294366	504724c69a083e36cff3eee068b590f007ed3a7b8f0e10c3812281e628e05d77
diagnosis_20260823/routeA_full/blocks/426665449.json.gz	256725	efd6bdb835d7649dccdf650989d17f6d9de73f0e6994fe01911a86b3a4d49be6
diagnosis_20260823/routeA_full/blocks/426665500.json.gz	408165	be3d195862eeaba2e51f0c3145a3d838f60ed5d38c23e0dbc4ea2ad2eb58ee31
diagnosis_20260823/routeA_full/blocks/426665501.json.gz	383259	2fa46eb3f26c7ab4f19f651365e672205e716ae6309d1b0633b8675f861dd989
diagnosis_20260823/routeA_full/blocks/426665502.json.gz	368996	a7ad69d10dd4720c778301b1b94b86db95c552c9673b5e562052681f08905530
diagnosis_20260823/routeA_full/blocks/426665503.json.gz	295095	8325d3257d4805cd39c0fb35f4d86969f17b386b0a3c88478772373b617f0d8e
diagnosis_20260823/routeA_full/blocks/426665504.json.gz	359154	811590a74c6039778fb95255ea7cb6f444fe8e0a8f471f2c6828a9f0d3283eef
diagnosis_20260823/routeA_full/blocks/426665505.json.gz	376614	6d1c70215cc295fb9039248bf3dfd73f70927e8b906b5d8be56b64a919905770
diagnosis_20260823/routeA_full/blocks/426665506.json.gz	312421	f4a425148149accfedd23532f3c4bb21bd0312a50818fca0b4296b123c968e52
diagnosis_20260823/routeA_full/blocks/426665507.json.gz	391551	ce9423534d6e2f0c442b4702b0bf3ddf7e5d86b0fe0c72d57ca61ac403b98389
diagnosis_20260823/routeA_full/blocks/426665508.json.gz	343875	e5951bb582aba651b4cb72f1d41c3b6cfd5bffefc020290298898e6e8d0417bd
diagnosis_20260823/routeA_full/blocks/426665509.json.gz	354692	27bc9eed0fe72be78506c3431314844d5f10a53268c5cba768e7d599518d2a11
diagnosis_20260823/routeA_full/blocks/426665510.json.gz	403768	9216ceeab94b493466aa3ccc6b9b47bb2783f90c2c970186a7da3145d82234aa
diagnosis_20260823/routeA_full/blocks/426665511.json.gz	379239	da251974cf3ca2db9455a738b56b7314b9e21542a2c9480288d1a522b33fc246
diagnosis_20260823/routeA_full/blocks/426665512.json.gz	326228	7f569f572c662ffe28d356dce201e9c9a28e131f36c4443b5376681968da5d89
diagnosis_20260823/routeA_full/blocks/426665513.json.gz	758806	8fd933caca0a5ce6fa9b1df1be5a2935ee763048f81f0ce7888860c555bb6c39
diagnosis_20260823/routeA_full/blocks/426665514.json.gz	588334	aa05f48f0af5776a38f332bd4a17daab5c8237818de553cc32f6fe33b58d928f
diagnosis_20260823/routeA_full/blocks/426665515.json.gz	514731	b6f51f4987a40d38fda1d32c8a024311eb2fbfd6bca2e669df71a60940c6a704
diagnosis_20260823/routeA_full/blocks/426665516.json.gz	338335	5023ebb2cffc261c4e0ee14c6855e1b811c4f777364fbe0c1ee4c2aad64b66e8
diagnosis_20260823/routeA_full/blocks/426665517.json.gz	353899	3ec6cb067fc4fceca098e009e27d7fbf459b1a16b776c50e280ea87ad839b0ff
diagnosis_20260823/routeA_full/blocks/426665518.json.gz	289153	c1fecf9b8739a0a40c5a441b4455c4ac443f5ae10b5ef487b5f7d3238026dc73
diagnosis_20260823/routeA_full/blocks/426665519.json.gz	378296	f20143b409e792ecd0da6966cddf929382675b574fda3567fb54d7bb86b9414d
diagnosis_20260823/routeA_full/blocks/426665520.json.gz	495151	64829ad770536ecbc2315876517aa90e62d286f0eb08058efc34d528079f7ebf
diagnosis_20260823/routeA_full/blocks/426665521.json.gz	413028	9c3782646e4422f5f867fc0f9070e5dfc39d155c44e2a20481d86fd47ab5e8d9
diagnosis_20260823/routeA_full/blocks/426665522.json.gz	268669	b1584b39475a075c010cc7e68ccaa47e05792dbe0f957bacdf740701574d5898
diagnosis_20260823/routeA_full/blocks/426665523.json.gz	290519	6d2de913360746f77ed1a3635755a6ed987f0516b050ac4be4624db31dfe5735
diagnosis_20260823/routeA_full/blocks/426665524.json.gz	253456	32d1d991973e45e7c4a0218e6199f7db610c5137d2b4fcf34ef69d6b2e41de0f
diagnosis_20260823/routeA_full/blocks/426665525.json.gz	162176	3379f554c85c5589cdff9f830546b6cfa0fe27e73df855b4c89fadc9c5322eaf
diagnosis_20260823/routeA_full/blocks/426665526.json.gz	230850	5d389b6ce0bc612890dfedcf1af43d0a6a547d123b027176db2e4c053972df6d
diagnosis_20260823/routeA_full/blocks/426665527.json.gz	129297	221a23ac4aefe538594d3adf776d886e123775edeef1d0ffcae82f3567a7c8c1
diagnosis_20260823/routeA_full/blocks/426665528.json.gz	516177	e600822bea5bab6ed9dd5f1913b2f183399d10058e0ecb0b42e51aa58c9f5190
diagnosis_20260823/routeA_full/blocks/426665529.json.gz	569237	a90c9821e6aeedaa921cbc53877c50f8f41cbb2b387e4a2a06f61240f8a06d2a
diagnosis_20260823/routeA_full/blocks/426665530.json.gz	464393	86f46d9604ddf43a3d130f116fac6956992f29f60e5d6d5f7faa7e38d52b04b9
diagnosis_20260823/routeA_full/blocks/426665531.json.gz	309461	bbd4b0c4b8145b1c08ed6dbb6a73fbf18737613067bc38fb3a524065ecfb2130
diagnosis_20260823/routeA_full/blocks/426665532.json.gz	361282	f48c14a15103b2643bbd96e5650dbca4f4daa3e3dbd1a1b93d78a64ef4a157e6
diagnosis_20260823/routeA_full/blocks/426665533.json.gz	352887	236ac1cacaf329a46f873dacbe3f5e2024c3bf174ce63429891f087677af34ce
diagnosis_20260823/routeA_full/blocks/426665534.json.gz	356238	d76dbcc7dbd20d1740f5938e64dbb0898e6b4ce5957f27abb6cd4f3bf004e4f3
diagnosis_20260823/routeA_full/blocks/426665535.json.gz	408572	f9cbd14dc95e21c0de862461e9033a06714631fbaa31077bffd682e1c8f480d8
diagnosis_20260823/routeA_full/blocks/426665536.json.gz	323601	b1eb7e3d5b9a770ed259f891a9e24b1c27724e125db08f409cd4e3eb7e751c3e
diagnosis_20260823/routeA_full/blocks/426665537.json.gz	311187	0864756cf285361d69cca2d87b6ba6c9902df7b2a2b14163258a6d90a0d0e891
diagnosis_20260823/routeA_full/blocks/426665538.json.gz	339614	ef70f0f9d0cb363f93a9466d229cf20eed084a4fe2eb4c0b9424b38b9194deb6
diagnosis_20260823/routeA_full/blocks/426665539.json.gz	449570	f49b078b070c44eb3ca7af717fc2707fc82390e7c377a2fa3175cd278fa65884
diagnosis_20260823/routeA_full/blocks/426665540.json.gz	457247	4af14ac6c184503d14583cbb1120b86878ab5c6b3cba7ed00d4cfc03d159e3ed
diagnosis_20260823/routeA_full/blocks/426665541.json.gz	336310	bb2017c6a4152d09ddf8097d560731a5f7ed60d7e30d347d07da17e2c67cbb1d
diagnosis_20260823/routeA_full/blocks/426665542.json.gz	417836	193211847ec9f4109b84e250b5f1670e08eaa5b1e1fa03e3be8d1d6863e159a5
diagnosis_20260823/routeA_full/blocks/426665543.json.gz	236316	5e0cb9ad1de1b8ef674b853e7d2fae84ec7c14dda932c88457ed1c096e16ac52
diagnosis_20260823/routeA_full/blocks/426665544.json.gz	85568	cbc6ce19e375f80fcbab25f2513f1a67fd78d35656b7af4670723f402e0b88fd
diagnosis_20260823/routeA_full/blocks/426665545.json.gz	34211	de9a843a6a79b14fb96c67d46dff5a5d3a7d20c4db0826b3965e75618ccbce27
diagnosis_20260823/routeA_full/blocks/426665546.json.gz	50732	ce7fb9395dfd8af64b5692e048b40e4fa1a39eec6b4c2a0eddf5423ad3885cec
diagnosis_20260823/routeA_full/blocks/426665547.json.gz	46007	92a0e32f9688090d6b99ca288830284393f402fd61f8cba60a14be93876a9e2f
diagnosis_20260823/routeA_full/blocks/426665548.json.gz	522365	ddd5869e498ba444129e5603c3ba15e7bf21f5fba100764fa7915ea68a373836
diagnosis_20260823/routeA_full/blocks/426665549.json.gz	498204	87c4e08df4aad1c671606deaf1b9e42f5896b5e2841fbbdbade91e0ac4f039f3
diagnosis_20260823/routeA_full/blocks/426665550.json.gz	529073	9fb8cee1e091e886d04176fd0f4db13e86b37f108eb1715da3a940056d5f2e5c
diagnosis_20260823/routeA_full/blocks/426665551.json.gz	495156	a134a622e0f70ecf518225c669f82bc92c92da622b1ac9af09a691f6315901a6
diagnosis_20260823/routeA_full/blocks/426665552.json.gz	441943	6ae4c21df4576c4d2ac0a1db994ddc337798423569f3e1ac4175c3bc4b6943d5
diagnosis_20260823/routeA_full/blocks/426665553.json.gz	380078	7686a60e6d32dc9e8b9fdad8db5c8aa4c7d9ae8e35f63707887741f474d9ddff
diagnosis_20260823/routeA_full/blocks/426665554.json.gz	294422	fca749866d15737f08b65f7c326a52354a90aab9e7bd9ac7d45ae23852856ee7
diagnosis_20260823/routeA_full/blocks/426665555.json.gz	339743	dcc052204b5bae10570bb9723706cca716dc6a548d0989ddefb2df41b4e0969a
diagnosis_20260823/routeA_full/blocks/426665556.json.gz	334199	662f5613bd90aa9c46497ba9325fe817f18ef80909c87a2292c8c7e687065196
diagnosis_20260823/routeA_full/blocks/426665557.json.gz	325968	d0d05707b51a418327a20d92f6d80a77a69e2483c5584eb60ae792ceba73e5d3
diagnosis_20260823/routeA_full/blocks/426665558.json.gz	338792	0f0361a5a7a1884685525ca4015227fdfcb616d9fbf151a1d86d0701cfa98dec
diagnosis_20260823/routeA_full/blocks/426665559.json.gz	349361	1f938f347dd28e1cf4f952cf96932c9e854bd59171848558de78b3ec40176fc6
diagnosis_20260823/routeA_full/blocks/426665560.json.gz	365096	1d532db63b79152472b27e2f400bf9993408625ce38a6aa81526454b3d86ce1f
diagnosis_20260823/routeA_full/blocks/426665561.json.gz	321154	1b000ad5da5f83875d5e3446a7e847e30c6caa945c4302246591e4f6235937d4
diagnosis_20260823/routeA_full/blocks/426665562.json.gz	360575	ca21f96c0bdc46092dc0783e20b01e9425ceba27bfe21de1d211c76abc771ff9
diagnosis_20260823/routeA_full/blocks/426665563.json.gz	264487	7c8eb0ecf537e889081d05a8180f88d674c35a04d73eb5c6fd993245b9eb5180
diagnosis_20260823/routeA_full/blocks/426665564.json.gz	335760	511216471654559ed2b4508cf20eb869a463b357435bc97d181fd051e1beeb97
diagnosis_20260823/routeA_full/blocks/426665565.json.gz	227897	0a619b369dbf936bc9348a12769d5e622b78f45567788ac1cc00562096153951
diagnosis_20260823/routeA_full/blocks/426665566.json.gz	192482	d202587aadba4e0e43f1af5979d80a86df3692245d05f3f23f3a8baa9b17632b
diagnosis_20260823/routeA_full/blocks/426665567.json.gz	191436	fda8622eb452d97905c24a650236af4ff7aa635dfd0ec05074f3a4106c58f6ff
diagnosis_20260823/routeA_full/blocks/426665568.json.gz	312446	99754b15e286d0094061fc78799c591382b7a2eca469e1ee386e589234e2886f
diagnosis_20260823/routeA_full/blocks/426665569.json.gz	186162	bcffb3275298f70871bcea0ec646289a3f27b23c29ed964e3a4b5dc4f91cadbe
diagnosis_20260823/routeA_full/blocks/426665570.json.gz	213492	121189665a7ac1f0147440995652e958f4b15b1a440df1d8be90346f74686e20
diagnosis_20260823/routeA_full/blocks/426665571.json.gz	555960	edf4419068b7adebc1b0c8504734aa0e13390b25e87450ba0e7fbb3d415ed805
diagnosis_20260823/routeA_full/blocks/426665572.json.gz	439979	f1a05f9cbdc3ee0de775ac65f6bf0e8c5436164a89207b57054be382cc127e19
diagnosis_20260823/routeA_full/blocks/426665573.json.gz	340125	c46c32126946b2facad40183852ce9fc37e3e297bc14b8e0a0cfaa722ee569d0
diagnosis_20260823/routeA_full/blocks/426665574.json.gz	345234	57d202204f1ddd688051662edceb46c647f0d25c75df8a84c452b55ff9e656eb
diagnosis_20260823/routeA_full/blocks/426665575.json.gz	262974	3311ea2757328d0d15d18afcb2953b88ca9c5df6801d8bfa8aca6bb706c72d7d
diagnosis_20260823/routeA_full/blocks/426665576.json.gz	205316	99db9028ea7112dce466927668264e93bd1490d459ed5a154f05d3c8abcb9f34
diagnosis_20260823/routeA_full/blocks/426665577.json.gz	194195	ba24035ab4978ada80144fd1eadd5247af5d2c3e4f637aa922b6570be16e6125
diagnosis_20260823/routeA_full/blocks/426665578.json.gz	397681	6f2412a134199ba4ef8e384f3242913162991dfd33ad990c325e89e4a6e7c126
diagnosis_20260823/routeA_full/blocks/426665579.json.gz	354672	2fc7529bac59f534feca561ed5141648a08e23078428b6f6f6e560ee4baad523
diagnosis_20260823/routeA_full/blocks/426665580.json.gz	237644	81f0d684963c74dc933e73414a2d1c5aa04937db8327cf1cb68f77a4a12dc470
diagnosis_20260823/routeA_full/blocks/426665581.json.gz	474980	c3171f771b1039fa208570432c9d00f31b66a4dd89bf487e42f187429bc379d4
diagnosis_20260823/routeA_full/blocks/426665582.json.gz	502010	8e73becb56f40d11ebd0da6a6ac22cb55bad7c8305b679c4051a7d92978c8ece
diagnosis_20260823/routeA_full/blocks/426665583.json.gz	536159	e7b1103a05df07930f132e60e4cf73e94467c632036ce3e1a4f16d04e1fdbd69
diagnosis_20260823/routeA_full/blocks/426665588.json.gz	654015	01eba72462938658204e1e2bf9d2531d83f3832ff89bb5b09a23f6ad90d2284c
diagnosis_20260823/routeA_full/blocks/426665589.json.gz	536567	d25bc10346b1ff61d35101f7070382629d3d05efa3257b77994e2d437eb2437e
diagnosis_20260823/routeA_full/blocks/426665595.json.gz	637742	375e0db68ce3f556727f7d32627d46ee5dd2d4fc126fef4deec90053fad55fa1
diagnosis_20260823/routeA_full/blocks/426665596.json.gz	557839	1fb43e827895aa41fe41db7b4e7bb41cd08acc4d77b439a4144ee30a5887ff57
diagnosis_20260823/routeA_full/blocks/426665597.json.gz	505367	843c8642a723274ef712e1c24e319c7b06a747f5c4af5051cfe0c20699e0a912
diagnosis_20260823/routeA_full/blocks/426665598.json.gz	462237	81cfcdf6bcb4dfe01bd542b652edcd8975f241040a41b9792afe4fda1dcc9032
diagnosis_20260823/routeA_full/blocks/426665599.json.gz	440534	248a343209092192de43ddd1027ced8ef2ab67398aa9ef8c0b779ee116f57ae2
diagnosis_20260823/routeA_full/blocks/426665600.json.gz	582641	7665d649954bc60f76d25ee0f40754dde1806c3ef3980a021f46e031cec3e00f
diagnosis_20260823/routeA_full/blocks/426665601.json.gz	336450	36be13a7a07b6f1c71527807cad4d3afa58fb12a4e0e7c9bf277e85c1d3f42f5
diagnosis_20260823/routeA_full/blocks/426665602.json.gz	422756	07f11c56bc24ed29f772ab1f4fd6cac8eea32b1dbbf46c109b125a941a080b96
diagnosis_20260823/routeA_full/blocks/426665603.json.gz	436230	b8a14e4a30f5f50be93006e5db49d89e3665e876161ca188cc84f1c4ef0ffca8
diagnosis_20260823/routeA_full/blocks/426665604.json.gz	445594	cdd62f9884e45c73ff44e268752955fb8d40ba615081875fd3e681d7afb00b3b
diagnosis_20260823/routeA_full/blocks/426665605.json.gz	357308	00c17cb9779d80a2dcd42340b725a3f1265db3cea37d45c38bfe9e38993418bb
diagnosis_20260823/routeA_full/blocks/426665606.json.gz	366050	a85a304bb96dfee16f08f62ebfbc9f77f5866b9f5b25824ecd28d8fcc634802d
diagnosis_20260823/routeA_full/blocks/426665607.json.gz	342668	532adbb568e039149fe46926f2f4de01b39417cf4fb137b258ca2ad93f944e73
diagnosis_20260823/routeA_full/blocks/426665608.json.gz	329473	c88492406108c164ea9222d43acb0db6b7b663a555c1d8c793cf629ae0a18b90
diagnosis_20260823/routeA_full/blocks/426665609.json.gz	317960	c18fbdcdc1c034e364f5472ee5a5c8857e27ed24d4b2b7951705b9d0df854d49
diagnosis_20260823/routeA_full/blocks/426665610.json.gz	440558	9dc5fa07ba54213b05d20a1379ac552589d6fea0035b2adc043cfe666ab5577e
diagnosis_20260823/routeA_full/blocks/426665611.json.gz	430697	17e58c8efed886ccbcd4ebe42b416b2b0a861b4c0a3adea904e16094267ef07d
diagnosis_20260823/routeA_full/blocks/426665612.json.gz	349958	80373a18cb9e47b1bb9adb076d82df333d252c8eca8eab9450d14b6ec8470317
diagnosis_20260823/routeA_full/blocks/426665613.json.gz	418030	d1c863520da165489e648d0b1021e5ea334459003324bd3d7f886efbae7ff283
diagnosis_20260823/routeA_full/blocks/426665614.json.gz	523303	87169c59c434abb28c1cd81c1a21ebd74129350d332da8769159aa7059f8ddf0
diagnosis_20260823/routeA_full/blocks/426665615.json.gz	521560	f35be8388cef54a98771202707910ddf7e73d12bb026d015bb496dac275769a7
diagnosis_20260823/routeA_full/blocks/426665616.json.gz	168902	3f2373075c9c3fb30f3f665ea73bcf25051782afb6b44071f43de846556136be
diagnosis_20260823/routeA_full/blocks/426665617.json.gz	263419	132ccbd2066cc2e62f01f4ef9b949487acac829a60d64ed0d4b3ac9a0140f197
diagnosis_20260823/routeA_full/blocks/426665618.json.gz	169639	02751a1be7ece099e7c5da0f38a1cbbce1a8b9e54ad6dce3c35c93f5fdac499b
diagnosis_20260823/routeA_full/blocks/426665619.json.gz	225050	471e5439f9376394e6dfcae6991e31223565417617b3479904f081aeed26409c
diagnosis_20260823/routeA_full/blocks/426665650.json.gz	377212	68a920231ad4dca77860e27a96129fd1a525ddf9942efb709a192e7f732ac285
diagnosis_20260823/routeA_full/blocks/426665651.json.gz	350704	3d74247b12a8446407d55d33777ca972900a6a4f389fc648d48fbba80ceace2d
diagnosis_20260823/routeA_full/blocks/426665652.json.gz	381378	96d0a05c71a14b9f3ffcc691d7128bb3ca7200f6b0555ff9e44a86208aaddb22
diagnosis_20260823/routeA_full/blocks/426665653.json.gz	436362	9f4c2a41e8ef0e60fd91f10e004d5000a06bb540e296d41677114374d3654d24
diagnosis_20260823/routeA_full/blocks/426665654.json.gz	429302	1ee5a1cb6f0fe9df709a1ecd5a6defc8f7a0c9134fc3cec3e0f5d092ce4fa261
diagnosis_20260823/routeA_full/blocks/426665655.json.gz	516936	30ae98bfbd408ffd2d91cb4256a0af7694f56eb67fb91a48762837b4986ac234
diagnosis_20260823/routeA_full/blocks/426665656.json.gz	490690	fcd0f17b2d03880ef2246a390ff0208faf46b40ef9564d493b7e4a51a2f1b483
diagnosis_20260823/routeA_full/blocks/426665657.json.gz	569591	c2a0d55a171f4d65108f5049a30f27b907124195056870efa9174e4369a6470e
diagnosis_20260823/routeA_full/blocks/426665658.json.gz	368786	f246cb8958d5b31cd7d68c53398159cd921903a7f05755c4c02694f3eebde746
diagnosis_20260823/routeA_full/blocks/426665659.json.gz	504227	6b42f6ec877236110899f2df0ef69b47f4ae497eee252591ec0116169bb937f7
diagnosis_20260823/routeA_full/blocks/426665660.json.gz	278234	4a729ab64e978f0c39e12c6f77ceccae27440d2bb43a5c964b31ad895f4c9411
diagnosis_20260823/routeA_full/blocks/426665661.json.gz	285976	01cba15032fc9e3e6bb08d1089435d515c5c4652a8cda05e0bd527b31326bc73
diagnosis_20260823/routeA_full/blocks/426665662.json.gz	135705	d880869ea9439fb86839e78c0ec267a8267e4a594be9eafdf4023e63be161aaa
diagnosis_20260823/routeA_full/blocks/426665663.json.gz	188953	1a372c97efec6a9960bdd79ed699cd2ed750fff571b32039b827eb3f561d1df6
diagnosis_20260823/routeA_full/blocks/426665664.json.gz	356384	bc94e838ed4bfe7006e9bcc4da9ab8715698f14df9d4d04c7df3a4f129cd188b
diagnosis_20260823/routeA_full/blocks/426665665.json.gz	390072	1cacb7645beb62f969d0b6cf4440b6f4a755613a2eb74f602de7ec7a5d279924
diagnosis_20260823/routeA_full/blocks/426665666.json.gz	534775	130e75e9bc0cabd7ce01084bbd795e5431180d9971d530465849fc39d15acd5f
diagnosis_20260823/routeA_full/blocks/426665667.json.gz	362814	8a120e6147dacab5f2d47cc591fbe1e4e20adc0ccc8a8827ae9ce2e5c66f5c71
diagnosis_20260823/routeA_full/blocks/426665668.json.gz	366689	035b08c1d1586fbcc73f213d9df49627d3d8c76292abff272a2049d658aece0e
diagnosis_20260823/routeA_full/blocks/426665669.json.gz	286346	189e51de8ef7926a131244bc167dcc2a8f1f6072b5e479dfe33dbf028f43ea0a
diagnosis_20260823/routeA_full/blocks/426665670.json.gz	152934	7099260f336d68fdb1ebed19321e6fdba6423a1e1d75dac6220b5f98a4e7a9af
diagnosis_20260823/routeA_full/blocks/426665671.json.gz	295332	48ac6fc3b585ada96c3e4ceb8d2d72bff02c829ce10a8ae684a1159bd8049341
diagnosis_20260823/routeA_full/blocks/426665672.json.gz	270958	dff6891007467cde55336484c34ef8f1c3b76cc2e1b08ef068c491eb4a247fc5
diagnosis_20260823/routeA_full/blocks/426665673.json.gz	238104	54f118c585ddd6a88827bd510825a19fa949de1f85afaad898289beeea0aa379
diagnosis_20260823/routeA_full/blocks/426665674.json.gz	320477	3d910f82f503f275aadf5c47dd2385a853cdd4b36023634a7707d46601effc9b
diagnosis_20260823/routeA_full/blocks/426665675.json.gz	319128	1d72694c5aaa79c43613b76f2dbc1b15f9c7da6c1a9384074f00b1b3ad26d8d5
diagnosis_20260823/routeA_full/blocks/426665676.json.gz	267279	3521c4afdf37f916cb43e9450c6c422ba6588fb1e88db1e6e1da3f91a51198dd
diagnosis_20260823/routeA_full/blocks/426665677.json.gz	298298	c400ae7638dd8073e72b415378a3ff44dc981f31a74ac7350b2444a6b715f698
diagnosis_20260823/routeA_full/blocks/426665678.json.gz	218722	0469f969fc407670eb4d74cf0279973fec333c849d58e60ce342a242dda9dbde
diagnosis_20260823/routeA_full/blocks/426665679.json.gz	223410	4a17cbfae3c9772267fde2cd76dc1d9f16118a917000f6629199c4c331669d79
diagnosis_20260823/routeA_full/blocks/426665680.json.gz	450162	301b3b45f3486d7ecb9235c88955b0566767a37e00f146df08c21af2e4a2b9bc
diagnosis_20260823/routeA_full/blocks/426665681.json.gz	465223	c2be498b77210a5a9a50043fb55de9dcdb86a872b7deabdc0356e908bd267e5a
diagnosis_20260823/routeA_full/blocks/426665682.json.gz	388688	6338230535df6133a7fd114d04c492423a93b3e639178f36fa079ea6e346aedf
diagnosis_20260823/routeA_full/blocks/426665683.json.gz	384653	26f8c34feb87169c8efff85c74bde3c8b6e68662d9e474ccb901b0b6a5bae8c4
diagnosis_20260823/routeA_full/blocks/426665684.json.gz	171264	d512284e91753f58f52539e65969d3d9eb30885c03e39b8dd5e69b8609d212f3
diagnosis_20260823/routeA_full/blocks/426665685.json.gz	237920	25cd929c5d3a9e058ee071618f807356748d801f9887f218fb0532b0d77a2e71
diagnosis_20260823/routeA_full/blocks/426665686.json.gz	377721	594ab6689a663bd30953b0de3dd9a33721ad2cee999b6f24ef3535dcaf00477a
diagnosis_20260823/routeA_full/blocks/426665687.json.gz	279281	1edacb30140669bf7db34f47e62a7222ff84c995cc9997714c0ba00b3ec8aef5
diagnosis_20260823/routeA_full/blocks/426665688.json.gz	277745	163175d580b5a6eabf3af4fdcd2d3cae2d8d15a5bb8933496c139b1799c467bc
diagnosis_20260823/routeA_full/blocks/426665689.json.gz	280860	0df2604639da8d4ef3ee733b702de34097379c8fabd9b120c8a097aa00dc2301
diagnosis_20260823/routeA_full/blocks/426665690.json.gz	271986	3b6fb57742eecc342ba6228e3be5ab876c37b51b4c452be09e41904dd72544b4
diagnosis_20260823/routeA_full/blocks/426665691.json.gz	310425	56cb6434fbb4e7cf59e495cf64bed208016f4433882fba453dc86d4ab58b98b1
diagnosis_20260823/routeA_full/blocks/426665692.json.gz	180651	a616284702d89bc94bdadf0cb62bc1138a0aeef489a8f27aef92e141bdfddace
diagnosis_20260823/routeA_full/blocks/426665693.json.gz	229959	396c7a357e41ba28a2d0da2fc2b3ac7a30ae56d43ea817d1b0f28dc0ea0165eb
diagnosis_20260823/routeA_full/blocks/426665694.json.gz	282815	33ea6e61105e2bc6a19d71dbdbfa49dfe6e927bdfec691cad8e6284e9a1af084
diagnosis_20260823/routeA_full/blocks/426665695.json.gz	331643	074a8e6f3790cb70e4632dd86c5f25885b368beec2598a36d0182288b367b748
diagnosis_20260823/routeA_full/blocks/426665696.json.gz	287742	727574a13ff22cf1d62e25ca1ce173f105cd463b85ae2a221776c0e96fea0eac
diagnosis_20260823/routeA_full/blocks/426665697.json.gz	227559	f087ff7201ffd7dd749d39bc82203654eb74c6e742d371ada6e99d4e91cded84
diagnosis_20260823/routeA_full/blocks/426665698.json.gz	342344	a0a6e38e4a427ba36e0dcd628cccc4c2d033ea963e1149bf96de71a4e05f80a7
diagnosis_20260823/routeA_full/blocks/426665699.json.gz	232554	b025502f699694878adb19a450a869d9b978f79d9f80d1536294a9f29fc0df4a
diagnosis_20260823/routeA_full/blocks/426665700.json.gz	437533	3cabd5e52be76731f4e9a5dfa42e9c0ebac7c1c523553380a2b74d0311506f88
diagnosis_20260823/routeA_full/blocks/426665701.json.gz	303475	f4825127251e40308ba9eeece33a2b63672f07ab6418c99f71e37cb0438d37c2
diagnosis_20260823/routeA_full/blocks/426665702.json.gz	321542	1c804415105487780d68390451563fd5cfec75d84eb7ec3d31d9b9e04496b639
diagnosis_20260823/routeA_full/blocks/426665703.json.gz	242835	594056d4c3df6ab3fad0b863476752a8feb01f2069c1c8933575667ce7bce465
diagnosis_20260823/routeA_full/blocks/426665704.json.gz	330163	166724d4c2e1948ab319e2c2d5fe8c9ce2c76a40fbce5cf9e889b3aebf907769
diagnosis_20260823/routeA_full/blocks/426665705.json.gz	490804	e82b8068649e40c1899146f03ce562eed9949d6afd4133d92ff61d3a842dc871
diagnosis_20260823/routeA_full/blocks/426665706.json.gz	506654	350417a11d9d720789cddb62788093bc55085979b65092bc1baf8c29a293fb5a
diagnosis_20260823/routeA_full/blocks/426665707.json.gz	431802	8eda55d95c36fa73547075761cd84b5458bdfcb93d787d40a94e98ee2057db22
diagnosis_20260823/routeA_full/blocks/426665708.json.gz	243558	f3a076384a97d59284a2d476ee6ed1fd169b560edaaad2f1bcb5fcaf02fb4716
diagnosis_20260823/routeA_full/blocks/426665709.json.gz	521346	9a0a97302d4bb02ddd48da9873f55ab21a932d91dba58a003b518330b68b850c
diagnosis_20260823/routeA_full/blocks/426665710.json.gz	278388	13bc1bed42b9b64825323d38bf36ee5a1f4f43cfed3ee916ea1372847f897a61
diagnosis_20260823/routeA_full/blocks/426665711.json.gz	245897	a012856e3260268ada1789328d94c46d12cf6385d4d4cb855933ece036b279b9
diagnosis_20260823/routeA_full/blocks/426665712.json.gz	510316	2698cc0934bb11f0744bafea9a48e7940648d6264f11fdd3c0629a540c9589d5
diagnosis_20260823/routeA_full/blocks/426665713.json.gz	496669	bfc1e5f9f3821fb071e1189b4c2b46fd5eadda4ff17bd5bb6a83c746c3e89719
diagnosis_20260823/routeA_full/blocks/426665714.json.gz	499627	fa4c180e1c8766b15c2b100dc8c4389d4cd941c97e38d797f205a8e4dd2d40b7
diagnosis_20260823/routeA_full/blocks/426665715.json.gz	421134	f61342614ce9636aa8e8005e709623df91a85a9e0c7bf51a9665d5aa8c3ba8c8
diagnosis_20260823/routeA_full/blocks/426665716.json.gz	433591	af77792f89e7a2f3db307c1a2d55dfe68ebea79181870bd2612da006c113474e
diagnosis_20260823/routeA_full/blocks/426665717.json.gz	357530	9a46aad907ecdc3ced4b904aa6ea2bf18df440ff2ab36120200a08cc4acfe514
diagnosis_20260823/routeA_full/blocks/426665718.json.gz	416441	9a5fe33f49288be0a3f4a676052c94941bd1801f70dbf2f06bdfecf06fddd9a8
diagnosis_20260823/routeA_full/blocks/426665719.json.gz	385995	c1efaa791f16bc701e746c23821937f00c3d559274494a15b7eeec1692e4420a
diagnosis_20260823/routeA_full/blocks/426665720.json.gz	389052	41ba303149c0710cf18739a9b123827fca47d830a708e1e493b279ca171caefe
diagnosis_20260823/routeA_full/blocks/426665721.json.gz	414400	5dd4b5c02d4f8a4555f044beaa002d7b8faaf9bd6163dd83d081d8f49c76d4e2
diagnosis_20260823/routeA_full/blocks/426665722.json.gz	436941	628b64c077ee25203566894a99582954f91ab836713c6a5c24d41918f573cd2e
diagnosis_20260823/routeA_full/blocks/426665723.json.gz	424921	5045f783095e68ab046c09adc57b9decf05d88ecf11b3571a66ee35ae4894d2a
diagnosis_20260823/routeA_full/blocks/426665724.json.gz	501549	73c06359755b98bd995a4777ca94d274fe57bcb9d4a0a91555317fa6558d9f0a
diagnosis_20260823/routeA_full/blocks/426665725.json.gz	326660	d014bf6a8f76e1d3d1ff7ea41b0daacdf52b1f75405bdd074d881b53f320712c
diagnosis_20260823/routeA_full/blocks/426665726.json.gz	401938	c9af97b9fd674aae91560ac2daafaeb5cf121a16b2bca069510316b4b7d2b4ab
diagnosis_20260823/routeA_full/blocks/426665727.json.gz	451177	73c2236529f74631fc3ccb2503c9aff4ac420e68868593459c804c5c2cc6fc3b
diagnosis_20260823/routeA_full/blocks/426665728.json.gz	431989	7f843322e8bc5fc789a6f2a73754c01376e9821ffeb0abad00a27442e6bf38e7
diagnosis_20260823/routeA_full/blocks/426665729.json.gz	450939	e8056983b5436f2b926865c461186807a5c0f42f274bc33ac97bde04fa940f09
diagnosis_20260823/routeA_full/blocks/426665730.json.gz	420084	29017fcde8a2c8709e6bd2c7523c2cf174a50a169260d423aa4f4f6df04c05ff
diagnosis_20260823/routeA_full/blocks/426665731.json.gz	441724	170428d8a0791b2f71542b9219664523d5df98a15ce3e5b92529b56301c61e67
diagnosis_20260823/routeA_full/blocks/426665732.json.gz	403831	5f58d60fd1470f171a4d6a27274a15fa8ff5d22737f628ef1650f942d5687710
diagnosis_20260823/routeA_full/blocks/426665733.json.gz	376986	dec8c017446d8314af22c4248cb3291fd17b08980f737abeda79ddcf4f9e9718
diagnosis_20260823/routeA_full/blocks/426665734.json.gz	398413	81a11e8de566c01487c046f7e239d4059b0a84cf548126fdbc3efe0493850e35
diagnosis_20260823/routeA_full/blocks/426665735.json.gz	352244	355362a4de89e296e1002c29c97b471e95b3a7be804acaaa974a60ab9bc94973
diagnosis_20260823/routeA_full/blocks/426665736.json.gz	491944	9c7b0a39a946f560ea1a4938cfbcdd7a8a62d51abb5c68939e6e780e115fe610
diagnosis_20260823/routeA_full/blocks/426665737.json.gz	441164	fef17ff7f7a1853a99aaddec7214562b0d5605b301ce6cd845f8cd7111943d9f
diagnosis_20260823/routeA_full/blocks/426665738.json.gz	375601	cc189a3c2e0c52572b6d3a5a9237c270053cfc2d11955e0e95f204360662c374
diagnosis_20260823/routeA_full/blocks/426665739.json.gz	510441	41f172507c2fd799805843b17fc83b1a2751bdf74437d8e11bc291561ff3b938
diagnosis_20260823/routeA_full/blocks/426665740.json.gz	366747	90b3dabd5e8cd8b6a01f22da21b8d91f92bd15f6e8edb7e339b36fd0b9b30ff4
diagnosis_20260823/routeA_full/blocks/426665741.json.gz	355206	3cfdcac5bd5bc116d80ce5b00bb4960483d0b05041dc4b2eba39ef46663ff7ab
diagnosis_20260823/routeA_full/blocks/426665742.json.gz	269243	600b32744579943d77221012b86406f900a0d901d7dc2200202408d2ca74ceba
diagnosis_20260823/routeA_full/blocks/426665743.json.gz	303726	68588e8ba1ee2f02acfd6841fcf56074646c97a1dad132c36522f80024355150
diagnosis_20260823/routeA_full/blocks/426665744.json.gz	351188	1f334fb98717bb326e916a00673ddb60abe18e50c29d2795ba71160bd3b8141d
diagnosis_20260823/routeA_full/blocks/426665745.json.gz	365701	037baefae26fd726cf1303e8ac3f06f682b5849dc3ee5de2e3d31e8265ef68ab
diagnosis_20260823/routeA_full/blocks/426665746.json.gz	334681	bd41ebc54c1039947a683317bf4d937f85c65f506d6e2f93459bf1ae36b149c8
diagnosis_20260823/routeA_full/blocks/426665747.json.gz	310327	731e2b692cb822420f3146cb016ea239703d6b01ee5ff604629bc95174b796c6
diagnosis_20260823/routeA_full/blocks/426665748.json.gz	310584	d6c02f112339c9ac289c73f9f8903d0bd44be61deeca3a81542a3a1bc28d8518
diagnosis_20260823/routeA_full/blocks/426665749.json.gz	314122	e2ee70e73ac0cdf06d88c0f540c4dd1f3140f55da79ce1e44fb5247858d093a4
diagnosis_20260823/routeA_full/blocks/426665750.json.gz	305992	728870ee0ee7f9083f592b8db28712a5cc1c2057a67e75c5d285935c0e4b12a6
diagnosis_20260823/routeA_full/blocks/426665751.json.gz	352372	e3d3ba1e42342d938e2f2a852f7755b2cd55590ab7278829daab9567358f7ebb
diagnosis_20260823/routeA_full/blocks/426665752.json.gz	563496	967155dfb2c375797cb441263a8be3ef8c03fa726648376a47a7f706eacf9b57
diagnosis_20260823/routeA_full/blocks/426665753.json.gz	466415	5c883a093dfb1091a89323f82462ea10b1aa62e1fbde9ee13586ea9f51c98ae0
diagnosis_20260823/routeA_full/blocks/426665754.json.gz	566660	17c25f36956e8ffe05252309f64c35358a308a99cddbed56e02bc8b9f10fd736
diagnosis_20260823/routeA_full/blocks/426665755.json.gz	348634	a56e33a3c118e31057a11509bc01869d6bf8c31e14c458628f47a4d85cbd82d0
diagnosis_20260823/routeA_full/blocks/426665756.json.gz	236804	06ec50f7ffca839b9b887a107854498428e3c744d453d8052ff73d0878a87997
diagnosis_20260823/routeA_full/blocks/426665757.json.gz	269397	2061be3dadde9ede4524f784f669e91d307ed8d363a779204a311815450b2db4
diagnosis_20260823/routeA_full/blocks/426665758.json.gz	342172	44d05544a9e1956f8daa4b18cfcb88f47408d14603183148d615485056d98408
diagnosis_20260823/routeA_full/blocks/426665759.json.gz	464925	16d53eaeb98bdfa0a2277ec2073ad168fd3e9c29a0b318bf9fa8f79725e22b39
diagnosis_20260823/routeA_full/blocks/426665760.json.gz	437390	fac8c62af0b0f1025ddd11effa58415c8bf982019e8608e2ee96b75e1fce7600
diagnosis_20260823/routeA_full/blocks/426665761.json.gz	417502	1ffa5036ea70cd131e0bbd8877903704cbf0e85fc4fbe09204ba1ddba474950a
diagnosis_20260823/routeA_full/blocks/426665762.json.gz	479697	157eb6e7b9a5d9f0e34a618e43b59ade6fd2e586174a189ce2a74294930d8e2c
diagnosis_20260823/routeA_full/blocks/426665763.json.gz	410815	cf2a2aba9adf7e321541fe1a194522361e7c4b77eea349341d096ae523151ecb
diagnosis_20260823/routeA_full/blocks/426665764.json.gz	228694	3951fc0c77492a434b86247787ad11fc3506ba2cc8c2d54c5a1aeef4502da252
diagnosis_20260823/routeA_full/blocks/426665765.json.gz	130144	67c9eaab8f266a3e5111dc5a725b22063c652a04bb889ab3626baca281f0367c
diagnosis_20260823/routeA_full/blocks/426665766.json.gz	120654	f64f0a6a7e611cacc8ecffe4c7b14a54027bfea395c49428495379e4a99a58b2
diagnosis_20260823/routeA_full/blocks/426665767.json.gz	198782	8c7b8b3c894656db53a6209b716886a9730ca6b558a701626f25750b3874219c
diagnosis_20260823/routeA_full/blocks/426665768.json.gz	540714	54fc384c695719d58c9f4676743c0854a661562f9ca9b9799dedb8959ee8f8d2
diagnosis_20260823/routeA_full/blocks/426665769.json.gz	471894	439fb383343af20df4406338a9e0f40bf16c6860c02e60d465ac17cb228ce5ab
diagnosis_20260823/routeA_full/blocks/426665770.json.gz	339585	bab6914696cdb627536da914b8823c9844dd51c371d688d2e83252e907c5c8d4
diagnosis_20260823/routeA_full/blocks/426665771.json.gz	424287	76a08bf120aa280f486d88b80e7a98541bf25fbde279be0432fc6cd88abbf25c
diagnosis_20260823/routeA_full/blocks/426665782.json.gz	263820	60376249f413eddfaa6229c2ad76dd68624580cc443765d2a63c848f67173d34
diagnosis_20260823/routeA_full/blocks/426665783.json.gz	435262	2a420ca456d9225f7f0ec24eec0343641ea1c20de84eb99ae10e797a15464e28
diagnosis_20260823/routeA_full/blocks/426665784.json.gz	308355	b00aa90735b0ca8dbf87e904d0dd4683c8e5dff0199eb021eefe688df5b8de19
diagnosis_20260823/routeA_full/blocks/426665785.json.gz	453909	3478335dab752e79fae30717a9b6f589293f52f6ddf4bdd3e0a4a7db3e37e41d
diagnosis_20260823/routeA_full/blocks/426665786.json.gz	409808	f1b97d10f6ccbec7aaecdbc4ec1569330230ea0666f3d6b66c1893fbfa0b0626
diagnosis_20260823/routeA_full/blocks/426665787.json.gz	423023	f1fa427adc811a9bc918e472d4e8e98e2e473dadbf73f780c34659432bedbd1b
diagnosis_20260823/routeA_full/blocks/426665788.json.gz	526576	93df5d5e114e0a2a799a5ccc825a55b2217c6b849bc2ced526145fb55005f57a
diagnosis_20260823/routeA_full/blocks/426665789.json.gz	475265	ec3c53177ccb8fa501816ae8e1d7ecfc447a63a12a320c7658d8941b7edbf439
diagnosis_20260823/routeA_full/blocks/426665790.json.gz	357240	5d8593c491dce2004c2795722b131fc97c3e9631c4a36338bd3061a5ffa5cd32
diagnosis_20260823/routeA_full/blocks/426665791.json.gz	337444	181cde671f419e386124b9b8c608b3dec789d20fedeb527c6a4c1b2fbc824e0f
diagnosis_20260823/routeA_full/blocks/426665792.json.gz	423202	9f0442218fb9c9d5e63d3a6c0bcc02c86c133a3db0339e322d042f18d678154f
diagnosis_20260823/routeA_full/blocks/426665793.json.gz	440162	d52e18cde9f4c4755dada93dcf1d804d28c91a0ca689ee830306cfe8c69c3cea
diagnosis_20260823/routeA_full/blocks/426665794.json.gz	438229	426c7e8d2bc8d224d0a9ffa20a4dd3c71b63e68630d4d14e2495397e1782bd72
diagnosis_20260823/routeA_full/blocks/426665795.json.gz	419969	2b49f7152432dbb780a6a8dea812c9e8b48942715308f33a9d1cf393cfb36e6a
diagnosis_20260823/routeA_full/blocks/426665796.json.gz	402339	4993a1d2f11535be48bbaba2cf924753a11b8c6d9ab2acb1b2d54b0e94078436
diagnosis_20260823/routeA_full/blocks/426665797.json.gz	353597	68a11ef87a521cf0f884047b125e7db19150e55f2eb5171ed8e6144cfdaded9c
diagnosis_20260823/routeA_full/blocks/426665798.json.gz	381395	9e493c59b9efea53e5ef27ac829973df6c4c3acffa309e2c9b3d8c86fb72457f
diagnosis_20260823/routeA_full/blocks/426665799.json.gz	559707	d47bba766f70e96fd4017e0f8f186be4d05354d4d03314cd94f85cc0f21f4b06
diagnosis_20260823/routeA_full/blocks/426665800.json.gz	297285	9d55ec1bd428d3005a6a85aa3407c91e7aea8799c648ca22e42ec2d6b8303439
diagnosis_20260823/routeA_full/blocks/426665801.json.gz	376137	cdae95f2669dfe00bc5739d002c6cacab50c58c80892efb51792b9479aaaabfe
diagnosis_20260823/routeA_full/blocks/426665802.json.gz	384110	fca62a8028a8b97d000c9aa8311f343dd7de715b0306b4a48cf4dbc860a099a1
diagnosis_20260823/routeA_full/blocks/426665803.json.gz	403321	c9ae5185635151e6b506e84d0ce08010afd7aa06775907df3faaa9a7525fb7fe
diagnosis_20260823/routeA_full/blocks/426665804.json.gz	355205	98c99b80eb1e6017a2478893b73033e205546be914c57f4f4400282d8ee5bb95
diagnosis_20260823/routeA_full/blocks/426665805.json.gz	400023	e7553dcc9809d178ff7398cea0b4012a5b26d143dd74c956ce9c0d4376160a07
diagnosis_20260823/routeA_full/blocks/426665806.json.gz	360277	503be90f01d8dc433ab48eb5d444f8a28881382ca55f5c8c412466b0a2e5ef32
diagnosis_20260823/routeA_full/blocks/426665807.json.gz	381219	256fd636e2ebbdf3b0459100dd9216d34b55be9c97403655056b96d6319bf591
diagnosis_20260823/routeA_full/blocks/426665808.json.gz	308838	10ab49886d3af51840dc7da305eda5df940293b4219bc44f170da85d1004f296
diagnosis_20260823/routeA_full/blocks/426665809.json.gz	333370	e403b13cf2b5708e271b05828eb24822c9acf69e84569baeb993a800deef0080
diagnosis_20260823/routeA_full/blocks/426665810.json.gz	281215	efd33547d987ec7e4fcd56e0e7b70f9a1c53001a06038879814a65b342b88d29
diagnosis_20260823/routeA_full/blocks/426665811.json.gz	279679	c0a5806f0f0fc222aff8936317fdf5dbb320f23ceaf21fa4d44e5ea2e9544862
diagnosis_20260823/routeA_full/blocks/426665812.json.gz	295619	e143fd67d31d9cebf4e6cb37ac9a57e1208ead7fcac74e2b7b463648329482a7
diagnosis_20260823/routeA_full/blocks/426665813.json.gz	355671	21bde4fe6c4ddea4b842556f94322c94f8438361c9a1babf307aaffa923a3590
diagnosis_20260823/routeA_full/blocks/426665814.json.gz	366639	c822e673e203202222dfd7f9e51d7f2e66864a6370de49f99488d9a64bc19e43
diagnosis_20260823/routeA_full/blocks/426665815.json.gz	459881	65fc05b00df63c168d233c8d6e6018c56503fd768605ca5b8da0a71a2d6f9e95
diagnosis_20260823/routeA_full/blocks/426665816.json.gz	343130	728ef140ccbf8783453e91c2d94ceaaadb3c9c706551822f1f729e861175a128
diagnosis_20260823/routeA_full/blocks/426665817.json.gz	341635	c011ad102e4800ea9928b7ba2bfb4b0d4e4f69b3bb8a040f4f09ed1916a7e124
diagnosis_20260823/routeA_full/blocks/426665818.json.gz	278655	c8a9ad42148f1bf7b1d0d36ec4f7b59f4e24274c7d387a699880851cf5502a99
diagnosis_20260823/routeA_full/blocks/426665819.json.gz	396071	c311f2cf34dea9c28972be90431195be3b4661a6ebc0976c069d6751626a9af6
diagnosis_20260823/routeA_full/blocks/426665820.json.gz	298446	b7671910b599185df5a06fd6a556290bea1aabcdb2ec23b92df86485e2cbe64d
diagnosis_20260823/routeA_full/blocks/426665821.json.gz	265809	d3d9f9646edc12762a5f8875878d87b41fb7f8f022bfe867793c54ba3483b0b3
diagnosis_20260823/routeA_full/blocks/426665822.json.gz	268472	bcbb54b3a53c5805e22e8738cfb04ecbf084d8a5561e10fccf16b909fa877668
diagnosis_20260823/routeA_full/blocks/426665823.json.gz	291348	3b53efeee5da585408308fc9a7d7a59e28f956f70ae3bd7107bd27b26153f095
diagnosis_20260823/routeA_full/blocks/426665824.json.gz	427407	15a0df02ded5201da1936682e46f4377a547d981e9597c284d52535b47058929
diagnosis_20260823/routeA_full/blocks/426665825.json.gz	279471	ed945926957d41739a8dc5006ed3e378f37091722c39efc98d4a7f929ac0910c
diagnosis_20260823/routeA_full/blocks/426665826.json.gz	412668	92f53d1ea0d5960f3e4ac0a7c8e67b0e0093d4d85ecbbe37495823465383a536
diagnosis_20260823/routeA_full/blocks/426665827.json.gz	304822	bfe7fdaf437613dfbadbf01dc53c77c3f01bcdbe3bc9c4bc727ba0d0fa91c8e3
diagnosis_20260823/routeA_full/blocks/426665828.json.gz	293946	4a2662f74f9173b7b38c6959fac6a161647bab7ff1254566ea3957e22df67900
diagnosis_20260823/routeA_full/blocks/426665829.json.gz	275262	0dbccbcf1bf384b79c5606d405245f2968de475e9e7dcf7510bead1e124bf91a
diagnosis_20260823/routeA_full/blocks/426665830.json.gz	278600	599aabb51062948d3b4c942f74bae3bbee56fc42a30018a9c1890bdaac526897
diagnosis_20260823/routeA_full/blocks/426665831.json.gz	302835	194adbbd969c0ae09cd68edd12f7899ef78ef10e2ac95dacc4a73185070d6df7
diagnosis_20260823/routeA_full/blocks/426665832.json.gz	368227	e0d44af3faafc6d8ac2040ca54f2ef376b64924c292c05922da704724aeca3b8
diagnosis_20260823/routeA_full/blocks/426665833.json.gz	412293	01fd4097f5d159c436b0b935e70ebb856a26ac40f5ced14533e3cc9d41a48b03
diagnosis_20260823/routeA_full/blocks/426665834.json.gz	287652	5819e1aa32f673f9db4ca54a260a230e6035e1f560d843195aaf49148c7aa001
diagnosis_20260823/routeA_full/blocks/426665835.json.gz	244429	dbc47c0b6cf07a3574ac4c1dc5d7b31b6157584267f7a1ea817f6125584be201
diagnosis_20260823/routeA_full/blocks/426665836.json.gz	359052	33d9066f7557dabeec36a7133a93b6ef106651f00206836e013406478961467a
diagnosis_20260823/routeA_full/blocks/426665837.json.gz	389462	29b1364f9d6acc236ebb01ca3247f62846f12053ea8416e27fff3505a5e72f11
diagnosis_20260823/routeA_full/blocks/426665838.json.gz	376083	b76dd0e0589f0a636fd61bb63b5653fbd2b927d6c196d6e4e7298860454160e3
diagnosis_20260823/routeA_full/blocks/426665839.json.gz	373358	1b775e5afd8633543f0826dd97daa71c0d3b1bf9be24b89fdc3038c814baf192
diagnosis_20260823/routeA_full/blocks/426665840.json.gz	386693	c37a76f4c6ed2e7af434d9dc073f7526235ee5422fd8f54bee8b1735dfe440fd
diagnosis_20260823/routeA_full/blocks/426665841.json.gz	360727	6435102614c4a6250d2b22c9897fcdcdf3137dbea637d0fe7b731fea71ba3a89
diagnosis_20260823/routeA_full/blocks/426665842.json.gz	391194	4046ff9b1e00aa089d61064da5dd9d9a75e8b036fdc3d89a66e21cc6c76e673b
diagnosis_20260823/routeA_full/blocks/426665843.json.gz	342945	67a96cf6f501ac861223548ae0ec187fd40fb5d7a1f6d41107a56de3c5f1b290
diagnosis_20260823/routeA_full/blocks/426665844.json.gz	431051	868c130aff8db694c7e5257348f9c5460fc1a8deb4316eb5143d266a99319edb
diagnosis_20260823/routeA_full/blocks/426665845.json.gz	480644	fe24a3a9df55ae4e6e90be643f7488e35980417b6d68f218838d752cded5f7d2
diagnosis_20260823/routeA_full/blocks/426665846.json.gz	374986	5d870c36df1f257ff2af746d133ff10b34778749c214d568c77139757ed4efe9
diagnosis_20260823/routeA_full/blocks/426665847.json.gz	276687	f3eab5adacb41aa34388b34c9fd2ba5ae705f1b86c6bf69570cea51d0e80cb02
diagnosis_20260823/routeA_full/blocks/426665848.json.gz	322941	dcd99ce1773e87a524cb6488d8555ff50004099b7b38ee3137594849ee98c8ea
diagnosis_20260823/routeA_full/blocks/426665849.json.gz	412326	eb5525ff58efc6bbfe9469787580e5782241ce705a935db4981d9da1c06b30f3
diagnosis_20260823/routeA_full/blocks/426665850.json.gz	401547	ee8d37c2075ee8f4652949442a9cc91d109eb5a326563ccb853c01098d98f72c
diagnosis_20260823/routeA_full/blocks/426665851.json.gz	472846	e234afa684f777f6990033ec2c438171249fdfd125730d31503dcf2ba03b4746
diagnosis_20260823/routeA_full/blocks/426665852.json.gz	494498	6debabaf0074301859c0fa44a8522345d543045003666b4a9650e6b38defc80e
diagnosis_20260823/routeA_full/blocks/426665853.json.gz	387020	4573e030bf15ea392bcb5feb6c999ec368d3241c65d35a8ccfc4feac46328886
diagnosis_20260823/routeA_full/blocks/426665854.json.gz	321363	26877229687c2605091f616ac7622bdaf39bd06ab6b86d16d2fd4e497e2f7ce5
diagnosis_20260823/routeA_full/blocks/426665855.json.gz	423130	fc8dcfc25024226204808130e6b14a63fb2fc3088fcac394563488c69323e226
diagnosis_20260823/routeA_full/blocks/426665856.json.gz	490346	04e9a7f08a1b671cd26d6497fb2ac1819ce1852fe0dffb6b081d247796df2bdd
diagnosis_20260823/routeA_full/blocks/426665857.json.gz	286602	fbe0aaa1847602d7915c36a4ffeef6d55e8555e3224db1b312bbf91aae4075d3
diagnosis_20260823/routeA_full/blocks/426665858.json.gz	316083	fc63617fe0d8620246fdf8ecd125cb14763a7d5dff596bf58c7d47f519a08a03
diagnosis_20260823/routeA_full/blocks/426665859.json.gz	219616	947cbfe32bad2b9a6e1f1350178f9458c47e87a8fc1f740952ee5668a40db4c2
diagnosis_20260823/routeA_full/blocks/426665860.json.gz	235988	615c0405ca594fba9dd4d8605132766b464caf35f8dcfce8c04b075244cdc0c7
diagnosis_20260823/routeA_full/blocks/426665861.json.gz	382546	09d3fb707dd5cea34b16058e5f5638f57530d9d0071d6222765e31133a3e4453
diagnosis_20260823/routeA_full/blocks/426665862.json.gz	395937	c0361bddd0f166016b75a122ff8742cdcffb20a3cf0a532a5cb70b0816cdfdbc
diagnosis_20260823/routeA_full/blocks/426665863.json.gz	341984	b698cdf53cd916541ff4412062c146df338ef5e6e2eca49e86d1869d93cef4b3
diagnosis_20260823/routeA_full/blocks/426665864.json.gz	366415	2dc59f381d89bf9f15880480c80e5702a8bb68ff4f67e6ca53eed5a2cf13dc94
diagnosis_20260823/routeA_full/blocks/426665865.json.gz	348660	8c97b6253846462b682def5632c0c11dcdd7c706dfc9edb53ce93fb756848d0d
diagnosis_20260823/routeA_full/blocks/426665866.json.gz	428107	587d28c88244e540eea0044553299e650a14f6a95e03296ba35a3c7a25b372af
diagnosis_20260823/routeA_full/blocks/426665867.json.gz	432788	55c4201154e1a8a5bb4ce3c9e0aa267e5272283665829b7bd076dd92935228aa
diagnosis_20260823/routeA_full/blocks/426665868.json.gz	325992	9340cc95808e57110cc6f98e43144fbca54e45ae6b33ad7bf0a8e7fc50bf7245
diagnosis_20260823/routeA_full/blocks/426665869.json.gz	351961	90affd3dab7a2060034542d25c890798f265811927146844715c006fb8a0fede
diagnosis_20260823/routeA_full/blocks/426665870.json.gz	286610	613988a9ef238b7e55475b36871c42cbad57072fb5220d6c6c703364e6af99e4
diagnosis_20260823/routeA_full/blocks/426665871.json.gz	325772	f33ed4fe91c224fea80b1f92f926bb52cfeacc929f702fe346eff00752bf76b5
diagnosis_20260823/routeA_full/blocks/426665872.json.gz	459072	cb0935dab3851d90e42d8e5b117c9644597c34989cddc099f0f5422018b2964f
diagnosis_20260823/routeA_full/blocks/426665873.json.gz	327144	0f0c1f9659e1893383994253708226ee29f0ba44ad58a2914fec82bc6f9221b0
diagnosis_20260823/routeA_full/blocks/426665874.json.gz	390889	9517722bce241d8d0ce069dd0da0339cd7cc8de350c67021b0e1b1d06b9baf87
diagnosis_20260823/routeA_full/blocks/426665875.json.gz	478802	a1e5180b418d5a9c80c8621dcb115d006af348e278b2f53696fd25ab03ad74bd
diagnosis_20260823/routeA_full/blocks/426665876.json.gz	451967	95ad258aa8ca25228a3bffcfb6175362f573b96d0c2b4ea2ecc9cc66fae25eb7
diagnosis_20260823/routeA_full/blocks/426665877.json.gz	383772	2bdbed01d7e48f8a8f3914247385b560b356c936cfc8c96ada663c8ab3977c29
diagnosis_20260823/routeA_full/blocks/426665878.json.gz	345079	2935e78fde60ae1b7add100a528cfafab483ffd9ee55e4996bdbbf7ab8f52dc9
diagnosis_20260823/routeA_full/blocks/426665879.json.gz	324578	72cd46e484eb35cc526a0f495104ab51e8130c2ce6b89dd25e39698d31be51b9
diagnosis_20260823/routeA_full/blocks/426665880.json.gz	316311	84e52fe95e44463568c00b5d6638099f883e516bbe890af4a613c77e20f1f4e2
diagnosis_20260823/routeA_full/blocks/426665881.json.gz	430801	a419769883c2bd4c4962de6eb8fc97bc31eebecd804ca3624bf749a106914abf
diagnosis_20260823/routeA_full/blocks/426665882.json.gz	533595	92589fc0e2ac73e3bf4d2e9c9869fc4d20dc8ecdf4df9fee6f0e31e2d8e26c6a
diagnosis_20260823/routeA_full/blocks/426665883.json.gz	477264	c960bf747f1039a56e0fe491d7bcec8252acb6cc52af0f623a530db52f76901d
diagnosis_20260823/routeA_full/blocks/426665884.json.gz	330583	1471d060dba9e81c0d661edec20ab77eda47e99be63ea403d00819ee154fc38c
diagnosis_20260823/routeA_full/blocks/426665885.json.gz	344885	c089075dcc8e11f9e3d66ed0541366669387938ae566271ef9a92616a30b6d29
diagnosis_20260823/routeA_full/blocks/426665886.json.gz	349897	b45370510a92204d49f17c9790a0ba79157149fcb8ce6ba57a70da39f4890c83
diagnosis_20260823/routeA_full/blocks/426665887.json.gz	429391	41666f79e8a6d8bcdee89000015c813080d0968f53c4da6dfc1ea6e9fd84c705
diagnosis_20260823/routeA_full/blocks/426665888.json.gz	424074	3ceede4023f14b626a360e20594e94ff47fe00d72aff3bb0dfac2b59369db810
diagnosis_20260823/routeA_full/blocks/426665889.json.gz	379014	7c7b668de014d6bf2d7dc156d059f5c158d60e99ae1e122f9fd5046666b93613
diagnosis_20260823/routeA_full/blocks/426665890.json.gz	350129	fb98b38d5181546b05548a197d490ba118ae0782b3db4691953487a78d12c65b
diagnosis_20260823/routeA_full/blocks/426665891.json.gz	322467	f5442562389b562104127abaa1f6f72386a945e88b41f6c2d37910704a627cfb
diagnosis_20260823/routeA_full/blocks/426665892.json.gz	308228	7461856b5dedbf0ca0af37f20f5bfa1de504f03e09709b2ac9d4b60c8599bfb7
diagnosis_20260823/routeA_full/blocks/426665893.json.gz	279273	5e616b2dbd70b7f36e6e84a807dad431d543e55c16a74445b07b2c2e638d9e5f
diagnosis_20260823/routeA_full/blocks/426665894.json.gz	299008	ba08030aeafc724b240ce1ac55f7a3811ad5fe5cabfa4ba9d2860c8ea9e7655f
diagnosis_20260823/routeA_full/blocks/426665895.json.gz	292592	f058a64abb9648227c7809491681aac67f3f8cb5d1556c8bbbb5355077fab41b
diagnosis_20260823/routeA_full/blocks/426665896.json.gz	395481	7d33e10c890387b2cbb4dbe9f34f804ea181cc105463bb5b1aaefa5b60cbc98a
diagnosis_20260823/routeA_full/blocks/426665897.json.gz	264798	3b13998b88219d6152ceafefe9d2009e9992c3d013453f01f03c56f2acac04b9
diagnosis_20260823/routeA_full/blocks/426665898.json.gz	330170	0fe9d2a363599d123ae827265356154002b2129bca7d6badaccc556e889494a8
diagnosis_20260823/routeA_full/blocks/426665899.json.gz	307335	1630da14276a3854eff6b8069ae141a066722b9e1272d9daff9b21fad0df8df3
diagnosis_20260823/routeA_full/blocks/426665900.json.gz	308608	bbfc8b075b12e486dbe7cbea8306b695a712f1ff5f164940de5caf30cc818512
diagnosis_20260823/routeA_full/blocks/426665901.json.gz	284905	bdd4e823a45a6dcd2c1515f20e5e01f965ce680fe2f3f19053aacbd6cac0c800
diagnosis_20260823/routeA_full/blocks/426665902.json.gz	309175	2cf33f27a1195914334c77bb9a5a203648e4f0b35a2ce179b9667ef9a6ad01d8
diagnosis_20260823/routeA_full/blocks/426665903.json.gz	305877	ce125b61a287a91f67517972bd9b3b5c2e8c2ab3fca80286aef3d30b01fbfd05
diagnosis_20260823/routeA_full/blocks/426665904.json.gz	248986	9ed6d78b65913be7bb107f541ed31a40eac28b79693cdb0039d7c04902936edd
diagnosis_20260823/routeA_full/blocks/426665905.json.gz	251699	d384ba186c2e194bf90a44107af1fbbc1a0d180f17700cbb61015f0debb2e9a5
diagnosis_20260823/routeA_full/blocks/426665906.json.gz	249699	859a9eb88f719ee8653a03aade14f776ea752793496bbcf6733b84a6d3cbd24a
diagnosis_20260823/routeA_full/blocks/426665907.json.gz	269398	8850b71db939dd53250b44e9519eacb58af5cfc9435eed464486a258735fcef2
diagnosis_20260823/routeA_full/blocks/426665908.json.gz	422069	9583f4291cc23056bdafeb2aef442a7055a34b7fb5ea6519a132ebec2821e67a
diagnosis_20260823/routeA_full/blocks/426665909.json.gz	342400	7dc8886cbaaa7d7500e09b78141179722b3d2e00a4c2e8eeff8045aeaef9b15f
diagnosis_20260823/routeA_full/blocks/426665910.json.gz	326153	dc6446a0302f45e44e5b3a66a7efc1ac137fe02b26b0ec44db4c91cab4f35abc
diagnosis_20260823/routeA_full/blocks/426665911.json.gz	432772	7b7b61213109c522d4dab75d4216b65bfc63883b799558aea18e10844c3ae67c
diagnosis_20260823/routeA_full/blocks/426665967.json.gz	223524	9763995c813a07e53a85a6547d730a5c64df940b928f1060f3bdad46b1e4809e
diagnosis_20260823/routeA_full/blocks/426665968.json.gz	345804	e76323d41cc0a96ad5545970fa2ca8e17bcb3f14044120c75ed565804e38ebbd
diagnosis_20260823/routeA_full/blocks/426665969.json.gz	402718	e74a657aac7c3b5c78ae4210b4c2558fde589e4f8f1ffcc3bb7c62ac6fcd5efc
diagnosis_20260823/routeA_full/blocks/426665970.json.gz	498939	4f3c2f24e6b8e31bf0d951d6c2f0ce6add09abc66bd4cdae5e9b1c5a98120c24
diagnosis_20260823/routeA_full/blocks/426665971.json.gz	353158	13abe22d1cf9b123fc8e53ea1662a0e3fc6e1b709c92f3b0a42b2de06cf3d8a8
diagnosis_20260823/routeA_full/blocks/426665972.json.gz	421105	65e76d33924b2baaa25a3e45fc247619b5081d167be896fc22f4423d75dca0ec
diagnosis_20260823/routeA_full/blocks/426665973.json.gz	405458	7d8daf1d6e41776f05d88541b0d99be25b7c226c858d435eb9516c5d67def50f
diagnosis_20260823/routeA_full/blocks/426665974.json.gz	348445	29ca30a40abf7e6232653e90046b869d8341f80aba6eba2bf4adbd402bde50ac
diagnosis_20260823/routeA_full/blocks/426665975.json.gz	369783	f9db0d8ad54d1db22d1b9c9b55055594d2331a2319737fbac2c7add041b75fa4
diagnosis_20260823/routeA_full/blocks/426665976.json.gz	306051	c00c41e7e26594ad7e45b8b45ed9adf7393d84c795d52b676761a92db99c4bd9
diagnosis_20260823/routeA_full/blocks/426665977.json.gz	283879	f596358012c147e5efbc64d8932fc2dcad144079c7bd866581beaa862c49120b
diagnosis_20260823/routeA_full/blocks/426665978.json.gz	232187	5929eeb5375e7167fca71670a477064b1ea039c470eaa21ca31f4ff8d5747e04
diagnosis_20260823/routeA_full/blocks/426665979.json.gz	352057	ae1ca125bfaff09869d30a49f107bb45ec96b8d2188844f25568e7fd570b32b7
diagnosis_20260823/routeA_full/blocks/426665980.json.gz	280300	079b29c25f0c9829c60150333bc6f3d9ba6ba7e368600973cfcd4893d75c0281
diagnosis_20260823/routeA_full/blocks/426665981.json.gz	268276	d998656f98eef44c568b4f001178c292d2d9dfa029cd724cd77372048811c670
diagnosis_20260823/routeA_full/blocks/426665982.json.gz	255671	70f817830ea6928ab42c76535b7444f2902bd3736b576249aa1470986c058fd7
diagnosis_20260823/routeA_full/blocks/426665983.json.gz	297124	b6ff8c52ebb98ea24771352212088091a48c9083e75ab8ffd033e037e0ebc99a
diagnosis_20260823/routeA_full/blocks/426665984.json.gz	386249	59f43eed1b05770dadf516eb0c290e9ae982227601a7a930f0f062de1cad8989
diagnosis_20260823/routeA_full/blocks/426665985.json.gz	305485	becd58276834870ec15b1aba6ab6178811be0b715095aa9b548d7169999d6545
diagnosis_20260823/routeA_full/blocks/426665986.json.gz	426643	10cea392f2bc19c5d58ec6c3eb78f5e3bd5a963f25d3a83fa9330d8cbd865596
diagnosis_20260823/routeA_full/blocks/426665987.json.gz	454168	d72e687d21ace53f4c6eed3a746fe2ca0f4acc83cea61f66514848daba26fa30
diagnosis_20260823/routeA_full/blocks/426665988.json.gz	327040	4a3776757ff27c6c91fbfa8a34c653344e0bc72b6fcb719c7fef0851af33add6
diagnosis_20260823/routeA_full/blocks/426665989.json.gz	394384	08675235cc66fbcf6dda0187eb7398867907ce4b95b3f82f1ac2661d4c0dbfa8
diagnosis_20260823/routeA_full/blocks/426665990.json.gz	409557	ed2500f3190467386ed0d5cbd2cf39ab15ea1844f7be6f79ca61731c93f4e237
diagnosis_20260823/routeA_full/blocks/426665991.json.gz	361719	844a2a6215171a3e15db73e074ca392da833be0d2a033b184babed92895da090
diagnosis_20260823/routeA_full/blocks/426665996.json.gz	490365	245afbfed8beb3e2128659805939e2e7e1c99f3015fae826b1bea89e3173ebff
diagnosis_20260823/routeA_full/blocks/426665997.json.gz	299992	3b78d66e7f8d274ae0bcf4f0b68b66e69c13ed4337a416e82fd99e899fc5a9a3
diagnosis_20260823/routeA_full/blocks/426665998.json.gz	222094	2ada0b333949a2e0133b7a4442fd64cb07ee71522297ceae79ee25983f9bc650
diagnosis_20260823/routeA_full/blocks/426665999.json.gz	219028	1b5e24f5ea73375ff8e7f20fc8ae0202975014bb8ed79d6ff551b3ca3e97783c
diagnosis_20260823/routeA_full/blocks/426666000.json.gz	187547	09807dfc35f6826a19f945154363cbebc6dc9eb061ad459dbe9175eb346c4d63
diagnosis_20260823/routeA_full/blocks/426666001.json.gz	161376	e75ebfa581523f6d8701cc26cee0ef15667dd717e587f19ff4b60130a6554198
diagnosis_20260823/routeA_full/blocks/426666002.json.gz	178003	76e06bb15146086c742d06d8624e53fc09834be06b89d0d8909e63e7b7f3148b
diagnosis_20260823/routeA_full/blocks/426666003.json.gz	249322	790f7f61f4d655641a82a3a9e1d9cbd7e02d93bf1d130226b62ee55fb9254ecd
diagnosis_20260823/routeA_full/blocks/426666004.json.gz	299617	8925021654dd752cbb92de9c37eaa0022647c4aedb1b8f825dfdb9b332ece1be
diagnosis_20260823/routeA_full/blocks/426666005.json.gz	267315	b8ec63974fc7c5eb008f0e9f03919b49f749703e2b45aa01ce8285b2e24d7824
diagnosis_20260823/routeA_full/blocks/426666006.json.gz	274806	c08241e39f8eb713f28a65dce0a89b09a45a67b015e8d026099b517434d232a5
diagnosis_20260823/routeA_full/blocks/426666007.json.gz	379109	557d329366a59d2ab533b8566a85a68b9fd8bcfcd87e25670341a56be315731a
diagnosis_20260823/routeA_full/blocks/426666008.json.gz	416013	386453447eacdc43b6464fe4a1de62539993a3c014cffb798d240639aa56c22a
diagnosis_20260823/routeA_full/blocks/426666009.json.gz	379125	8e934a26e5c0a84cc7d244a685f12e1ef4cd03ed59ad93d2a8b45ca5cc2b02bf
diagnosis_20260823/routeA_full/blocks/426666010.json.gz	370219	f2a62512df08b8105181b7870a040a862ae246bb05b2c4ef41ed178b33b4473c
diagnosis_20260823/routeA_full/blocks/426666011.json.gz	351525	6918a2a72c2996ea58fead6976d7d5a0cd425a92ff794a6d4ee2fa252fd2630f
diagnosis_20260823/routeA_full/blocks/426666012.json.gz	246317	413829c8b566c40aba59d43bb89158aa7b1df8c1d0152247a7d54d0d1c7fcb2b
diagnosis_20260823/routeA_full/blocks/426666013.json.gz	199789	4494f65d6fa87915e7491546bc8c23f72d282c5c1814aafd8d97ca3bf3a2a591
diagnosis_20260823/routeA_full/blocks/426666014.json.gz	425425	a5a83814773a9cccbeb155c2bf6bb3cd84c1ca7e8a2d1413ebbe8b6317d597a3
diagnosis_20260823/routeA_full/blocks/426666015.json.gz	376528	da3c5daf380a8797c93487439be3d1491e3f1bcd2f87c76926d91e21c8992fc6
diagnosis_20260823/routeA_full/blocks/426666016.json.gz	372397	11a26916be9280adf1bfd7089f13187de3a75b2cc482996ab6194b48e518df14
diagnosis_20260823/routeA_full/blocks/426666017.json.gz	322891	c17b62eeccef147108edf0a9a8c3ef9ded78bdd2e12232a060db1ce73124aa85
diagnosis_20260823/routeA_full/blocks/426666018.json.gz	370902	cee10ca21e8b808516f276b86c3a58c7f8df53ea0650e33c64be20971bd4c643
diagnosis_20260823/routeA_full/blocks/426666019.json.gz	396899	c9f91cec0af022430cba3ca4590799e6a1646b1a51ff47a5b1d34b05b8475eb8
diagnosis_20260823/routeA_full/blocks/426666020.json.gz	434597	b7dfe779f5ddb54cc8a7d0d6c61d023ddc65f9da3698fbf6313f2e97ae3253f9
diagnosis_20260823/routeA_full/blocks/426666021.json.gz	418737	258b0957182615fa8ffd0ad7057555c830ab9d7866934d234a8ecde6bfb4338e
diagnosis_20260823/routeA_full/blocks/426666022.json.gz	347349	d8944e287b5a3d68d192fb27d15104742ff11c217b3c393b6ce0446306967d45
diagnosis_20260823/routeA_full/blocks/426666023.json.gz	439835	cbd6da418b49ac529ccb80c4b48151f14d53267110ff2a48a213afadb9083e7b
diagnosis_20260823/routeA_full/blocks/426666024.json.gz	223717	6686558101db2380cf77707e27ef57e3e1877393f59f162afb098ac5d41e8912
diagnosis_20260823/routeA_full/blocks/426666025.json.gz	331920	632d5961de9b229422766f0c36c6838b5c0d9b61e41a1a841ac198ce48310693
diagnosis_20260823/routeA_full/blocks/426666026.json.gz	341215	b129610b8f7746cd7bf842a53653f780039dd8f28fddacb012c57af331df7166
diagnosis_20260823/routeA_full/blocks/426666027.json.gz	287419	9a276c93b522fbbb95b5f0f66b91fc73da4351b6ffb617274c1dacec22bf702b
diagnosis_20260823/routeA_full/blocks/426666028.json.gz	369009	bef48add29ffae69a22efcf6ab360016084a4d05c288ed65d26f10fad63825c8
diagnosis_20260823/routeA_full/blocks/426666029.json.gz	365933	759912be6e00c585468eee469a19351114923052e8184dc0aa1555dc93d0ac48
diagnosis_20260823/routeA_full/blocks/426666030.json.gz	264547	7fdd2cde36844c91b868505d710a368562be66ba4176b359cc916ee83458da59
diagnosis_20260823/routeA_full/blocks/426666031.json.gz	316077	5a57eccd76ae9f8da6abbe80b2f8e2db5977f696de3fdaefb251aee0cf3c75ad
diagnosis_20260823/routeA_full/blocks/426666032.json.gz	308529	ba954511b17eef74852864992d827373c2b843caac126903c8f62703db845755
diagnosis_20260823/routeA_full/blocks/426666033.json.gz	247673	6d093692e2bdedfcdb520387b56dd96edca7c589976f085c5a0c77df00d65f02
diagnosis_20260823/routeA_full/blocks/426666034.json.gz	248033	5d443dbd35dafc5daba982b25142585f1f05f84ab12b84369dc15dd40c44197e
diagnosis_20260823/routeA_full/blocks/426666035.json.gz	391438	71e074d05764057b7d392f7da91a18dd47e76b4271377a1ff5fefa9371a10b99
diagnosis_20260823/routeA_full/blocks/426666036.json.gz	409801	1d511409e446d89833211a3300a06dc1c4f751266d6d7905c4302024a98fda84
diagnosis_20260823/routeA_full/blocks/426666037.json.gz	316893	b72e1faa1a38260610f39142750637da92a9816438545c8e3b16cfdaec591e98
diagnosis_20260823/routeA_full/blocks/426666038.json.gz	244763	c24f936aace7090e289576403572703ae4fa38c861a0088f1940c5a3585aeee1
diagnosis_20260823/routeA_full/blocks/426666039.json.gz	262389	a713b74eeebb9bf309dad17e4275c7ffee24ad5d4f3c9e9670b5f7f2bb48816a
diagnosis_20260823/routeA_full/blocks/426666040.json.gz	276202	90332e95bc305a7fd31d5053e7b5537ca05ad3336e6fa1bff73d1e760c95c52a
diagnosis_20260823/routeA_full/blocks/426666041.json.gz	278682	238a1b0f1d3dbefe529e91fe46b4a4654358f12c31c202b780e4507a78ee9255
diagnosis_20260823/routeA_full/blocks/426666042.json.gz	298610	bf68a2c11cd3b2437f2072393b6e3523eea0c9bf7b3eb6323c7101d3edf1e1d7
diagnosis_20260823/routeA_full/blocks/426666043.json.gz	258795	3fbe3caef6db40cd8fe7420b538d4e4509d73634626d9ebaed08c0845bce8263
diagnosis_20260823/routeA_full/blocks/426666044.json.gz	249920	94782d0197799a5e54e034b678e02dd34acf45649f51c4e0adbde5f34a51407d
diagnosis_20260823/routeA_full/blocks/426666045.json.gz	289073	f3dcafd2d8683e9e04a19082ed6aa28fae7031a01fdbc33794c324d22f431e0b
diagnosis_20260823/routeA_full/blocks/426666046.json.gz	322444	70945277ffc50454f042804ddfe884b00e3dad51afd2ab46a572a77e692fbc59
diagnosis_20260823/routeA_full/blocks/426666047.json.gz	341503	a415029d06f02c361173cb3b61b6cb4c26c38e55f0af401ef10cfe57a2f1dab9
diagnosis_20260823/routeA_full/blocks/426666048.json.gz	510823	03be24e39fcbae3a246fab6738e898ec4abd2db4f934867453fed1f9f55696be
diagnosis_20260823/routeA_full/blocks/426666049.json.gz	324366	8d289cbf7e7024a40c7aacb528941199eeda35c75e9411cf9792fc981e48957f
diagnosis_20260823/routeA_full/blocks/426666050.json.gz	257806	22acb533b68aeee69e72fe567c5a805b70d5cfd8e31cdeb189b2bd29c1b78203
diagnosis_20260823/routeA_full/blocks/426666051.json.gz	297432	178605fe3ebb7a7718a216673f15b584176ee8c6b4cd1c41f103b0615cdac8dd
diagnosis_20260823/routeA_full/blocks/426666052.json.gz	218664	98dc8b8d9ab69eaaabf8f9d66b6a08c51db3fa312ca2c10e2e97a4692f684c31
diagnosis_20260823/routeA_full/blocks/426666053.json.gz	300230	ca352fa61f705d95fc46d2b8e4b3e973d27468a98222645ea187346471d54984
diagnosis_20260823/routeA_full/blocks/426666054.json.gz	238552	a01de2a203cec374895fb428e5c4d46f05db2aa8462ccd16e3d463a3d3b6e3e8
diagnosis_20260823/routeA_full/blocks/426666055.json.gz	274989	7a0e5bfb02a34bcf6c21f2a45f1c697dc87e128cb1983eafc54c223b6e27f444
diagnosis_20260823/routeA_full/blocks/426666056.json.gz	172137	b40a15b67e596c36a2c2941e8f5e0aa4deed8a24e6d0adde9bc8471dd6ac3104
diagnosis_20260823/routeA_full/blocks/426666057.json.gz	235461	a433a54638637a3c2c90785a32a9432201da762930e68615a5e0c07ee10c11c1
diagnosis_20260823/routeA_full/blocks/426666058.json.gz	283128	6bc71342263b27557de1e26561a8c66059585ea198c0e7d4c97586496cee68ed
diagnosis_20260823/routeA_full/blocks/426666059.json.gz	397341	1d0e1a049231fa9da960efe47c5fe34d3832a10be995e9cfc88eee247164b883
diagnosis_20260823/routeA_full/blocks/426666060.json.gz	282275	6a2967d89d9b529dc9cf861593d0b038acc688e8927e6d888a007cbf199d5979
diagnosis_20260823/routeA_full/blocks/426666061.json.gz	293306	d77ce6a9afb39aeb847c3025cfa1b263db4237a3c9552f2b38a625d6516957b9
diagnosis_20260823/routeA_full/blocks/426666062.json.gz	179138	858bbd5264d8bbefcb47c3be7cabc85cecdea63fd18c4f6a84a6988c45cb9a1d
diagnosis_20260823/routeA_full/blocks/426666063.json.gz	216325	915fedc9df76d64c4620579318c2d4f1d50a98d6746eccc3f2cf7bb31861cf2d
diagnosis_20260823/routeA_full/blocks/426666064.json.gz	313251	a9055295751b21802bfbd3fb2669036d7671f16e65ec5aed19c1885743b5b5d5
diagnosis_20260823/routeA_full/blocks/426666065.json.gz	309376	545fc04f5b133464e682e4cd526ae9961fc8f9195064ceb7b53fef7c466f3608
diagnosis_20260823/routeA_full/blocks/426666066.json.gz	478836	1183323e2b0e961f3b4216039a45648b40660d543a8c6fcc5f42380797a92e6d
diagnosis_20260823/routeA_full/blocks/426666067.json.gz	351077	8e8eb33dbda0f92a6209a28d90de57604e9270ae055343dd99079d347db7f3e0
diagnosis_20260823/routeA_full/blocks/426666068.json.gz	331554	e699ef7ea14c8e7358e76c753dc7ccbdfe51193436f1775623769a6fda9c4202
diagnosis_20260823/routeA_full/blocks/426666069.json.gz	475962	a2b53474345f91122288c432b7b59068b55530b6ff3d38cb18f79bda566e6c00
diagnosis_20260823/routeA_full/blocks/426666070.json.gz	579367	1bf051ad02c09d9ba75010189624ad4f93b5919ba84ac10c8cb4ebcba9335dd9
diagnosis_20260823/routeA_full/blocks/426666071.json.gz	446086	50d48838ca487c5ec334a03f966c62c7fbee5cd54d4c709eef63b74b95229fdd
diagnosis_20260823/routeA_full/blocks/426666072.json.gz	294668	e7f1567fde0550877d229768aeffb218574b917a6286fa79968d3e49fec26020
diagnosis_20260823/routeA_full/blocks/426666073.json.gz	457024	52a0171c72b8a91df859febb024bf4790f6570f44c7986e4ba09cb2140605c42
diagnosis_20260823/routeA_full/blocks/426666074.json.gz	416685	22be576ce04520c0604a4fe8d03f91c1758df8d93e98e13744c2b6ae933afefb
diagnosis_20260823/routeA_full/blocks/426666075.json.gz	382815	59c59b9dd7d9c0b31b5a2e0f077618fe4dab76d3d44ae014cf74c1fd5770c77a
diagnosis_20260823/routeA_full/blocks/426666076.json.gz	373179	7a8206b2144f39c12750b7ad2c097f47d3675f62d0a8a66bee9ba9c0715be94a
diagnosis_20260823/routeA_full/blocks/426666077.json.gz	425876	3f9d587984e98e40f38106783690fb1673c61768b890a10f4da05daade3ceeb1
diagnosis_20260823/routeA_full/blocks/426666078.json.gz	469728	ef8f5961932bcf312557e634c7abdab2813f818b877f3506186c1ebda06d8ac5
diagnosis_20260823/routeA_full/blocks/426666079.json.gz	417539	d619d171721927d1c5ddf3b44c1f1596a1c7f1dda84de7dea5a9f90da60e8a74
diagnosis_20260823/routeA_full/blocks/426666080.json.gz	210208	61db12f08f60383b9ed012cfa6131913687f8e01c3d2e5685516a69a0d99b577
diagnosis_20260823/routeA_full/blocks/426666081.json.gz	440611	5eaa8141bc4874d25c9f011cf2a1fecb19120492f9c8a78576c8e7241e61cf0f
diagnosis_20260823/routeA_full/blocks/426666082.json.gz	480398	353bbb1620bd52fbcea68aa4aed37bd48f166f8895ff1e53c424c883905ebf01
diagnosis_20260823/routeA_full/blocks/426666083.json.gz	499153	2333672d8548b8def11f3af7acab21bac1c2c7f83094932d3c4db5dfe3511f37
diagnosis_20260823/routeA_full/blocks/426666084.json.gz	165091	6aeca6dbb054c69faa6d2244d32ef2330c1e2dbb43276e44c8697fa29ce22b03
diagnosis_20260823/routeA_full/blocks/426666085.json.gz	312840	b090bb639e2c26c3e73def9c4eeba1a7bc9cb1e70146d09dd12916ccbb38ede9
diagnosis_20260823/routeA_full/blocks/426666086.json.gz	291548	655ceca8738942e8fbcfa91a657249d2ba833d2bba7230e9f1841f532a738d5c
diagnosis_20260823/routeA_full/blocks/426666087.json.gz	253434	c74480851d966b8bff038c12a35b0547dbc3c73ad7f179e6697742b12051df01
diagnosis_20260823/routeA_full/blocks/426666088.json.gz	115865	3f79be9d79e1f27fc8fa75e90fb4ac59b8d4310d06fb6e9e60c43dc48793cd13
diagnosis_20260823/routeA_full/blocks/426666089.json.gz	356763	41e366aab8275eb152fc03df64d75ab3ab42d8d9c1caaad99fb0a19925a7b5e7
diagnosis_20260823/routeA_full/blocks/426666090.json.gz	461278	de07ae8f9fdf7792aa84bd5d52406019509f604665aed2323b09c7a2a346a097
diagnosis_20260823/routeA_full/blocks/426666091.json.gz	477203	a703482fd90a0af6998f76867b2521ae07a30d094fcc9f36691c490455c31a02
diagnosis_20260823/routeA_full/blocks/426666092.json.gz	446176	fe86999a1efc90e6c87a8d15f46aa235b425dbeff8e309a26cccb2003523694d
diagnosis_20260823/routeA_full/blocks/426666093.json.gz	468993	5eeff242b3593e75424e2b827899b6a1b4f5cdcff143f4b47fae21bc05718e47
diagnosis_20260823/routeA_full/blocks/426666094.json.gz	473498	0f36ae0607aa669fe0d2dc9c1198138b769c10548edd65470d03fa5e5ea52f99
diagnosis_20260823/routeA_full/blocks/426666095.json.gz	550877	1fea8298807af0d8826691ddc14fb7b615e1b803a1e7c5976253f9ee70d233e1
diagnosis_20260823/routeA_full/blocks/426666096.json.gz	447171	3acc56c59a9fce1b04c7b53b7d4336d4ea14acfb9d96814ee1ec1bd3de07e16b
diagnosis_20260823/routeA_full/blocks/426666097.json.gz	394133	6181633c21371a1fda688839bfea6063806a04a87fd32a3472aee3ee5eb0ff50
diagnosis_20260823/routeA_full/blocks/426666098.json.gz	396905	2f155a5cacbf9972cbd5972f544a3cd5e30f799b0a4ec8697e14196e41a8a2f8
diagnosis_20260823/routeA_full/blocks/426666099.json.gz	362515	9cfe016f2116dd7d6944ee7e8556e2ecc1b8f5810970ab94b8f8d2b5972ccb31
diagnosis_20260823/routeA_full/blocks/426666100.json.gz	368693	df174d3ed8670f4928da9a41bad78c1fcd7005a3b77a128bf5656233c4d42b9a
diagnosis_20260823/routeA_full/blocks/426666101.json.gz	365838	aa2e9a0a2b1ec2e21946207f37c9d52066f2ce3cfb202080a1718d3716584f0d
diagnosis_20260823/routeA_full/blocks/426666102.json.gz	367779	ef05b3d22a864928fc6ddb8e3e5dd5ff071376d6a7b5457827f84c2a60a2eccb
diagnosis_20260823/routeA_full/blocks/426666103.json.gz	361388	7782251e67502d7a9afefb983d76f9de50e40e39ac0d08ebb078a73013361beb
diagnosis_20260823/routeA_full/blocks/426666104.json.gz	408246	495c705d0d5213077bf3fee2e2a278f8598526105d7d5ee53175950bd5142673
diagnosis_20260823/routeA_full/blocks/426666105.json.gz	311268	ee984ba70faa0748b96fe1e25127cad4698096279d59871c8c935f160f397186
diagnosis_20260823/routeA_full/blocks/426666106.json.gz	312662	70fdbe43638f19fb37378af56b9997d314152391284ffe45aef40fb07bd47d5e
diagnosis_20260823/routeA_full/blocks/426666107.json.gz	339720	dc06554c1630bbdf9e9a169729cecb9e25d3a1f814272636649601b947f2e999
diagnosis_20260823/routeA_full/blocks/426666108.json.gz	302061	08ca7fd71e68cfd32f49255f9dce081f67307450bb1683476e38a11544d7d7a5
diagnosis_20260823/routeA_full/blocks/426666109.json.gz	279939	6f1dcb1895bcb0886c76b2829b1287bbf58b0b5cb9fd8ae6cee9b81ee02bb759
diagnosis_20260823/routeA_full/blocks/426666110.json.gz	292063	3e238a9f518a21526bd56fb3fc4dbf0d45067a2f0fd9fc55ca17b3b82328a8a9
diagnosis_20260823/routeA_full/blocks/426666111.json.gz	265157	5c9eb434f30d060857f522a085667ccbc965bb3bf3173c8590d7fcdbf2df2a04
diagnosis_20260823/routeA_full/blocks/426666112.json.gz	342773	7645eabc7e2d10578a9f2acb58df8a9d314146c34214d46668f50ab3865c9dfe
diagnosis_20260823/routeA_full/blocks/426666113.json.gz	207533	b1e1dc53fc2076ba7cef33a38559a2507f47548615c5bd0acc55c91a363fdde9
diagnosis_20260823/routeA_full/blocks/426666114.json.gz	312171	a77d6770dec34fc089ac16a10607abc7bbb647922aa55f1ec1cb2db6953ca535
diagnosis_20260823/routeA_full/blocks/426666115.json.gz	395724	b846b442381c0513bb085c7e3de7230797d74416f41ac60c209ed2d0511d216f
diagnosis_20260823/routeA_full/blocks/426666116.json.gz	221690	3b7eb76db8d61706811b30a6cfaad173a48339f58bcd96dc0f1595568e9d1117
diagnosis_20260823/routeA_full/blocks/426666117.json.gz	248736	dcc1c83ffbf05fe726d18bd6bd315d2dc977539af123af22eb1af78d4f778f25
diagnosis_20260823/routeA_full/blocks/426666118.json.gz	315911	52b2d98c1242ec5f211c6d149e457229cd3a1ce4567d7804480e230c3d175aad
diagnosis_20260823/routeA_full/blocks/426666119.json.gz	404348	4e56beb3aaa378f350cbedfb17ed9d1b8dd1c19ac99570d1168a7aeda145ca30
diagnosis_20260823/routeA_full/blocks/426666120.json.gz	306550	1be2d4fe1f682e8235c71ef16801b25ead0f92ef5d2c3bb0359edb239a3f8979
diagnosis_20260823/routeA_full/blocks/426666121.json.gz	365047	2fe2bd053a5d5d053e4f4289bfdaf8a6589903d8aa3c851281e2a1f3691a426a
diagnosis_20260823/routeA_full/blocks/426666122.json.gz	310069	ba1effe0a4bdeb3e179832f6f65cddd7cd33f278aaf4e71f4cc27d2ab7a0a413
diagnosis_20260823/routeA_full/blocks/426666123.json.gz	327568	377a075b46620650d2fc55eaf4b81d08bd8cc675d8e3abd621a2d059318bbd56
diagnosis_20260823/routeA_full/blocks/426666124.json.gz	179369	237dd2a7c5c821cb3f8d7771b8ebfd60a532cd6394967717c5ee49645133f25a
diagnosis_20260823/routeA_full/blocks/426666125.json.gz	279400	311f82b7d19b10e89c67eb0a4e460b71f8c7b3384a4a401468a4141189d6e474
diagnosis_20260823/routeA_full/blocks/426666126.json.gz	269677	127d8f980b19359981d97ab7cafbf25dca3de7e65de3092560296c62fdda327d
diagnosis_20260823/routeA_full/blocks/426666127.json.gz	566542	411e1db8385d23499dff024ca2af6759bbb227d6437461c7e54e072a2d94cdd9
diagnosis_20260823/routeA_full/blocks/426666128.json.gz	205212	1d7f67f5f22414853918b4f987391dfcca44d5518d93f69b6ea63fb373fee215
diagnosis_20260823/routeA_full/blocks/426666129.json.gz	344987	03340c86745bf8ca5b8b43a0e8debd6f45b96f6aed46e9dc12d37d361eec2991
diagnosis_20260823/routeA_full/blocks/426666130.json.gz	362347	586f1ab9ba1676d822991fdec9e7a2e1699c61c140c7578a39e35dcb8c624198
diagnosis_20260823/routeA_full/blocks/426666131.json.gz	363161	76f5be6d6257f12ebf623a77b94deecd82478807b67f326eceb0da5cc5c71413
diagnosis_20260823/routeA_full/blocks/426666132.json.gz	400132	58c612f2b19a5ab52b0c019c074f3a7d11137b65817c4fb84f7551d2382f1312
diagnosis_20260823/routeA_full/blocks/426666133.json.gz	445028	0b8cba675b4df4150f91b122149eb032f555f8f9312cb20a8772fa4283add9f6
diagnosis_20260823/routeA_full/blocks/426666134.json.gz	320524	fe6e9cf673f92afdc3723e195f406c389675aa74ee84ab6d00599c76348a1675
diagnosis_20260823/routeA_full/blocks/426666135.json.gz	375606	35e777951c18e2e777dfbdb707ee3e5dc58f195eff8091bb058b8eca3614464c
diagnosis_20260823/routeA_full/blocks/426666136.json.gz	310067	081fb21446ca05b5933838989b55e52140e1b41043c1fed0fc631a72791d275d
diagnosis_20260823/routeA_full/blocks/426666137.json.gz	344748	de3a6a0b5da45ff9467e82d75356c786b22ac6904835265104af2299b9a4a92c
diagnosis_20260823/routeA_full/blocks/426666138.json.gz	381106	8cd46704580d9539ba63e8b5b82ef8bc7b82b1b2638a4a2e625b3509ccb43fd7
diagnosis_20260823/routeA_full/blocks/426666139.json.gz	493350	8632a26108c0799f1c4ed0c7085b09a24bc817c6d0cdc9d7642d7db8c5af7e29
diagnosis_20260823/routeA_full/blocks/426666140.json.gz	468739	6200b78e102cc0f3e8d01362e5fb9b32bd98772f5784e4cb8768e480d494761a
diagnosis_20260823/routeA_full/blocks/426666141.json.gz	516275	f4830dfbfb9334b9b2996fe117456c8fc91c96dd65f3564b8bd2390fa59ea0bd
diagnosis_20260823/routeA_full/blocks/426666142.json.gz	426866	10680da7c6334bdb3b311e2b1abb1d1ae02b4a7311387aec2d446929a2dd5cfb
diagnosis_20260823/routeA_full/blocks/426666143.json.gz	304676	613fd18795a5130c4fd32fd90d99d551d09e744dbfeb299dd8bea901006b9c14
diagnosis_20260823/routeA_full/blocks/426666144.json.gz	245295	75f322475c47a728f8cef0bb5e6a513d40ff0ba10111e715434f4569aab28d73
diagnosis_20260823/routeA_full/blocks/426666145.json.gz	439666	b6ba7aca7dd2e6f5bf86cc792df6e3d1786fbae7cd722feb97ed85c617b601f1
diagnosis_20260823/routeA_full/blocks/426666146.json.gz	353674	b177839013c841780bc4306ec83581bfa8ebfb0a9c8fe9df19254d5462e78de4
diagnosis_20260823/routeA_full/blocks/426666147.json.gz	337633	57005294af09333b5b82cabafef56203f5106f66d23d28e95d04babdad9b0b8e
diagnosis_20260823/routeA_full/blocks/426666148.json.gz	362796	78f44578918a54d82b710c08500a3b77edf9271992e5064e8293690e1bd1d734
diagnosis_20260823/routeA_full/blocks/426666149.json.gz	391311	f2943538bc84c623b0413a2df801974d4156e8b7a21e245d48021be0530444b9
diagnosis_20260823/routeA_full/blocks/426666150.json.gz	376181	06e5de44ab20fcae89237d9902d7ce8d2814126d460565c5dcaab470022f1491
diagnosis_20260823/routeA_full/blocks/426666151.json.gz	446724	966a9ddca450067c0de46ed6db15af3b0f9e7d05028cc775106393ac80bb9478
diagnosis_20260823/routeA_full/blocks/426666152.json.gz	375190	2610743c82c87a460b0f9169bac16a2c8b8f7e73934ee94b4a94bf09d6908c51
diagnosis_20260823/routeA_full/blocks/426666153.json.gz	303721	dc39619889dc018912342436bf38d083133b98afe4e8c470db4293932e143fd0
diagnosis_20260823/routeA_full/blocks/426666154.json.gz	292809	21f9b7f2088f4a4b718c29acdd6a98344242f0e6ddb7010c91b1f1823801e2c2
diagnosis_20260823/routeA_full/blocks/426666155.json.gz	311161	b417f8124f3bbe41b83bf314b4846f59883d8874389c005d57bcc05bffa89eb0
diagnosis_20260823/routeA_full/blocks/426666156.json.gz	587858	e0f77a19b3d75817e6dfe34d576a760eecb989846b458f8093521604860fa5a2
diagnosis_20260823/routeA_full/blocks/426666157.json.gz	385610	6bc579111369af99af871f0a29f99808509abcdd52e66bed314bbc251a432c77
diagnosis_20260823/routeA_full/blocks/426666158.json.gz	272414	d6399c184f0990df866b06dc616c83435278056b70badd203df03b662d7c1a52
diagnosis_20260823/routeA_full/blocks/426666159.json.gz	318437	a91bd7a71b6cd0d0d9f70e62fe4d21408a6629fe2b805b9ed315d1f9c2725188
diagnosis_20260823/routeA_full/blocks/426666160.json.gz	275871	524e5d84fba50345a311da2b609c7d55ffb2566ba41d4fc122493fc9e5d165e1
diagnosis_20260823/routeA_full/blocks/426666161.json.gz	337791	ec2feef54c2ed389d30db6d5bcc993e18b74e55c423982fd2dffdeed74e886ee
diagnosis_20260823/routeA_full/blocks/426666162.json.gz	314386	87a6baaba096cd18e55b203c68ff84dccb687e463d490c2cf2daeb24886b17c1
diagnosis_20260823/routeA_full/blocks/426666163.json.gz	324702	60fb1738493a2ad9fcd30b8008c1215d71ed8f5c381bb96b067b854dc5c7bc90
diagnosis_20260823/routeA_full/blocks/426666164.json.gz	598301	2e74f06b42d89fb00e037e29b634ec5c56d329ce0ae2fb135611bcec2c62a4ed
diagnosis_20260823/routeA_full/blocks/426666165.json.gz	523976	9bee50ff8a3ee19d374edacc91c9c49ada9430ac16dd4f80569267660f040a91
diagnosis_20260823/routeA_full/blocks/426666166.json.gz	422570	ae7a2df3ef5c9489d6922e60252f7a5114c7e3ad7947e991ba74c1bcfbfa385f
diagnosis_20260823/routeA_full/blocks/426666167.json.gz	311251	6ef49d6e1b14fcf53294e34006c54d1d8adc61dc2386c1be29ec33fa85fa0b8c
diagnosis_20260823/routeA_full/blocks/426666168.json.gz	303828	887e532243b201ef1f4175e33242540d401ddfd3b4ff8b8ead8b37a741e6b14e
diagnosis_20260823/routeA_full/blocks/426666169.json.gz	579421	9c22029b6ae449348a1537beb8db7a64a00d549c2b8b437b8f531eaf2d1f5ce6
diagnosis_20260823/routeA_full/blocks/426666170.json.gz	539716	a202188d6e3fb4bf7be9161a4369231ec5acbbef67ce6de22a083b22cabe4bf2
diagnosis_20260823/routeA_full/blocks/426666171.json.gz	561659	605f9f4819721ca70d5da8c7577c8b2d7c7c0ff59a8c302624e14557dc15070c
diagnosis_20260823/routeA_full/blocks/426666172.json.gz	151967	ed0c562b085ccfeae4571cc2f4c020c3d3866eb8d9d4e47487bbaed9a6b42753
diagnosis_20260823/routeA_full/blocks/426666173.json.gz	247559	dac4c19a6a8cadce157500a4e2bc6bc3ad1e9be5d76b52d6ddb5ce05da9be4ec
diagnosis_20260823/routeA_full/blocks/426666174.json.gz	320061	b042375491a3741376eb0f36677e2995a9d452bf10411c02b03027eb384bf7c9
diagnosis_20260823/routeA_full/blocks/426666175.json.gz	308387	1386bb3cfecd16897dbb5681cc8f2a3543fa2efce917925bba048b3db6f7c20f
diagnosis_20260823/routeA_full/blocks/426666176.json.gz	370322	03dea6ca418f39b3fe0e1b0b2d24daca6379a9ce369ea5113e0a2e48b93ebe8c
diagnosis_20260823/routeA_full/blocks/426666177.json.gz	176459	c8e5b70b77be7898d5e09729da69d859aa54f2d28dbec9b3111c9e3d131ed54b
diagnosis_20260823/routeA_full/blocks/426666178.json.gz	283067	271a2c4d7949e27b3fce11b816b55b9f5046dece8f9df40eb972dc9f65f05d2d
diagnosis_20260823/routeA_full/blocks/426666179.json.gz	440700	ac67bea7d3179b1d7c5e33835c4cf3cf9cc65be8b467d6d5103bf75e89002d32
diagnosis_20260823/routeA_full/blocks/426666180.json.gz	309209	5febb60fd7e6bfededcd6288b392a0b517f01b2342334ac100a004bd35dc5ab7
diagnosis_20260823/routeA_full/blocks/426666181.json.gz	393201	115e79675f6e8bfbd259a76260082d31e430a4c870cd0963566cc6a3aec1cc4a
diagnosis_20260823/routeA_full/blocks/426666182.json.gz	434113	c183d9d0ffe228d7c7c9c8d65570933b318976e3bcc6a5fcad0990a95c997f92
diagnosis_20260823/routeA_full/blocks/426666183.json.gz	458717	9053752929a78f937bb080505d577d74ebd6b6f9edf7f462f0bbb8bbcaf9f97c
diagnosis_20260823/routeA_full/blocks/426666184.json.gz	441912	c120f42d32cf13f2d0678bf053b5fbe9d7580f9e04fad4abeef0f59a8d6c97c9
diagnosis_20260823/routeA_full/blocks/426666185.json.gz	586905	6cd3d2e6436a14a0a3ba2b823a0b433c08bef7f1ef729d510284a839434c1aa1
diagnosis_20260823/routeA_full/blocks/426666186.json.gz	612407	f7d76eea25c74d649917b1d4e3ee316282016e554e1dd81f57b94b74913e9212
diagnosis_20260823/routeA_full/blocks/426666187.json.gz	445371	6fd3a7ccffc157feadddca595f8167f258883ccef1fd5fe75137f2282b4f19c0
diagnosis_20260823/routeA_full/blocks/426666188.json.gz	455602	a8a2c775e23b49e452bf6c436064eff4c6eb53676f81248da6c2104d2e5996e2
diagnosis_20260823/routeA_full/blocks/426666189.json.gz	488540	9997785bee40d5e59398bd6ee6b95f317b70bd0a7f4b78f7223a3d561725640f
diagnosis_20260823/routeA_full/blocks/426666190.json.gz	500086	720c532838d56618aa0074ecbef11b51c897102a6c3d8f260c9ee05515787bf9
diagnosis_20260823/routeA_full/blocks/426666191.json.gz	498874	ba921c91a776accb60931c49f66ff275b9f7d4adee227c9ac4755f3217cafa76
diagnosis_20260823/routeA_full/blocks/426666192.json.gz	626260	07eb0d3bddc39e869c76d5ecd695662abac1d39f7e741778f5215ce1bfc1e505
diagnosis_20260823/routeA_full/blocks/426666193.json.gz	616901	3424068453f32fce6e29d57d3872d4061ded95f04b1b61ef9f83b593a1c1ffd2
diagnosis_20260823/routeA_full/blocks/426666194.json.gz	597283	19c4607e1a9e575073236e2e34def2bfa9e73117a359d4b28c83aa9bb6f97c27
diagnosis_20260823/routeA_full/blocks/426666195.json.gz	573839	823478754fbc932e0673b6105d937cf7b6030ea0420d8e7d9ca315a21804d11c
diagnosis_20260823/routeA_full/blocks/426666196.json.gz	322455	ab00677b8cefd84fc28a9cb0333efd759c3f67af8c65c1d1c50f94168c642634
diagnosis_20260823/routeA_full/blocks/426666197.json.gz	373547	a0c2f6727e0067768925bc01307f2857ede3e802428c1cb32b189ee4a5777a94
diagnosis_20260823/routeA_full/blocks/426666198.json.gz	453865	93838d15dd071756ffa76dd3620f6500c70e7647ff5a2efce59e85d9745871f2
diagnosis_20260823/routeA_full/blocks/426666199.json.gz	447850	3d47640527b19d0fbd98fc6165c8bb63c6588eb0d800d08c4379641b42f08750
diagnosis_20260823/routeA_full/blocks/426666200.json.gz	456791	a6fa8ea1d786c2091c0c023aa85f6258d8885ccbc1123a83d71278735f8ee638
diagnosis_20260823/routeA_full/blocks/426666201.json.gz	504480	61c25387e989c919f54159a84537bacb5f71a81e0dd60b6f488494f1af31efae
diagnosis_20260823/routeA_full/blocks/426666202.json.gz	553657	8a59cfa05daaedfb8ac783617f95baca21638d2a2f986b8f2f9e95c4dd379ea8
diagnosis_20260823/routeA_full/blocks/426666203.json.gz	499484	bab4b399dfba01edd3c811669894e16ef430337e5570091021c5206bbcbcd323
diagnosis_20260823/routeA_full/blocks/426666204.json.gz	681114	358ec577cc5f20e1e49c028e68e911e6a8d6c3ebe45b86a032322887a9ba7ee4
diagnosis_20260823/routeA_full/blocks/426666205.json.gz	654339	019e259be686cc472dae0833b28668f13868098ad33f28acb9442bcdfc1f2349
diagnosis_20260823/routeA_full/blocks/426666206.json.gz	549029	1ed4f1184632a0bdeb503df8c76e447f02ac83eb15db541eb1025926643a2185
diagnosis_20260823/routeA_full/blocks/426666207.json.gz	506724	6c284f706d55ace5551eef783ca149cad233a577e86ca89450ef3079b5cfbcbb
diagnosis_20260823/routeA_full/blocks/426666208.json.gz	468318	327861d1f480a026b57f6d46e702d7a6fe9d34f9606fd4719abcb44666449656
diagnosis_20260823/routeA_full/blocks/426666209.json.gz	465835	d42741889dd7429d4423956624e308b8f9381cb1e84c59711586c5027f2eacaa
diagnosis_20260823/routeA_full/blocks/426666210.json.gz	398139	b8ae23628e2d7282d71666be4cbbb52698fa954bb16273a324e5f31699218c8c
diagnosis_20260823/routeA_full/blocks/426666211.json.gz	437760	8a71de58ada56bccf2e8dd983df77fbd73966a8e911739f8bcd99d88aa5523c9
diagnosis_20260823/routeA_full/blocks/426666212.json.gz	541231	67d28e91b26c3e601f261823625686fb4894f48e2590754447a4a32c5911a312
diagnosis_20260823/routeA_full/blocks/426666213.json.gz	412128	e83ac529025946ee0489f893d96c7762c4f81787f22eac78006a39c9cf0360e7
diagnosis_20260823/routeA_full/blocks/426666214.json.gz	353141	b2122d11f1954c43e4660e97f2b7b26c7d0c2cd453aea0d085ee2eb79f47710e
diagnosis_20260823/routeA_full/blocks/426666215.json.gz	330750	e91d012fc7dbbed5f230521599db338062ae9a82ed19d6903eb57d0b31b6fc31
diagnosis_20260823/routeA_full/blocks/426666220.json.gz	414507	93a7fa66c1382a153fc42f1cc5ac3b0c4b71aa9cc6c9b013c04ba83c4107052a
diagnosis_20260823/routeA_full/blocks/426666221.json.gz	484770	a04ef5d563ca7758f7587e11e5096ff7bfb05e09d693c9fa968412c5e56aa13b
diagnosis_20260823/routeA_full/blocks/426666372.json.gz	297619	10d25d47aa123f011b8a22c2055e903f4144934f11d449362d287ba9e93eb09f
diagnosis_20260823/routeA_full/blocks/426666373.json.gz	325383	9fd36e8b06cf4ffcea2ce5cbb05e7925b6c526787fea6d1ed1b5f574abd464ae
diagnosis_20260823/routeA_full/blocks/426666374.json.gz	332772	5fc84a0d54e869edf9861b9a68e5ae53dffb55787983f2c7b140cc9a4721ac90
diagnosis_20260823/routeA_full/blocks/426666375.json.gz	456423	85702930b33314221986c1f271d313c467cde14612de9f0789a46b8b9aada1cc
diagnosis_20260823/routeA_full/blocks/426666376.json.gz	277679	7ecd58a6237607cac34bda96360308f39e3460df950ab2abdbceb632bbaed374
diagnosis_20260823/routeA_full/blocks/426666377.json.gz	574258	6b80c3fb67579ae00f569778a8f50e2d5e6ce4a4268902a23d88659750d86a3d
diagnosis_20260823/routeA_full/blocks/426666378.json.gz	697014	bd651caa12c67313e43748414955ed938e4ace6f58d5ce2612c0b603f21b1896
diagnosis_20260823/routeA_full/blocks/426666379.json.gz	583150	d96e2b342d6d57c145143205e2a26464e96110fa2abb3af6a2d27e8aeb249c31
diagnosis_20260823/routeA_full/blocks/426666380.json.gz	412933	62da3e6de7dbb1aeb52228aa4bd8269859f19f2c54f77af179c517841a6e5166
diagnosis_20260823/routeA_full/blocks/426666381.json.gz	360899	efcf793f685fd0fb013ea78325613c16f0dcb9f2f11161eaec7d013f6c7a017b
diagnosis_20260823/routeA_full/blocks/426666382.json.gz	455892	90ca6b41cacc896b53ce66ba3d7941b99b4bf94fca8f0568d9baf66d0301860a
diagnosis_20260823/routeA_full/blocks/426666383.json.gz	354007	a56dbf28c9021416465b26264518cf4ddd97b207d25e68eb4eb33ff5c0157d95
diagnosis_20260823/routeA_full/blocks/426666384.json.gz	193573	f19c02292efa63913c7dfab702a45660166793773364ba652138334a094bed52
diagnosis_20260823/routeA_full/blocks/426666385.json.gz	207920	c8bcf8e9dd0e98ad3933ee878541113f94a55f9b560f6531340b3eb220704731
diagnosis_20260823/routeA_full/blocks/426666386.json.gz	395942	51029940e02062439389891a5487ee81d4a9935d029d3b6b7f3323600d9e2de1
diagnosis_20260823/routeA_full/blocks/426666387.json.gz	320211	c1ab4661d6a7da5ab07476ee8d21df2e860adafa9d308195ca2f130da82ab07d
diagnosis_20260823/routeA_full/blocks/426666388.json.gz	333832	c55df0adb87f3c7a4b4a9bd138da1e531c847b76093ca2a1637f355631f197e9
diagnosis_20260823/routeA_full/blocks/426666389.json.gz	741241	4c09747c4061e193108388a997db7a5d3438ef8f3543dafdeb40672f99e4dd1d
diagnosis_20260823/routeA_full/blocks/426666390.json.gz	619025	8dd8987a4fa018fdce3cfec89946a868a01124ef94e8cdfc3e6c0c6d5b8aec35
diagnosis_20260823/routeA_full/blocks/426666391.json.gz	441335	715c775bc5d288212bbfc614eebaa4aaecff5348a03f20086b9b85483c2c0d7e
diagnosis_20260823/routeA_full/blocks/426666392.json.gz	415926	a8b9aeb863f46cd3db98f21969355568c4772ddce6d045cd60d23c50b81935a2
diagnosis_20260823/routeA_full/blocks/426666393.json.gz	397855	b6e33a33170ba9da3cb81bc7b2956dbd6b711cd04ee2a032a1d147162646cd4f
diagnosis_20260823/routeA_full/blocks/426666394.json.gz	377670	996e9f5dd8ae70945d4110e1b8495664e279643343c9f5d39e730caaa3907fb2
diagnosis_20260823/routeA_full/blocks/426666395.json.gz	492257	0849493284f398c225c10faa03839bf9065b97e80041a8eadb7f3913f6edab52
diagnosis_20260823/routeA_full/blocks/426666396.json.gz	414905	1a574364b39eb795cbc7913314b6c744271afd428f697ffcc0c46397b0045050
diagnosis_20260823/routeA_full/blocks/426666397.json.gz	447346	ecabbe045512f85e2054b69655eaa37707e56ac0ee288ec29b0635bac46eb36c
diagnosis_20260823/routeA_full/blocks/426666398.json.gz	379594	e726f1bfdacdf62bd3d9c845ef949861fc9036ad39d0c90ef29fccde2f27ce88
diagnosis_20260823/routeA_full/blocks/426666399.json.gz	423953	0bd9f9a8c742d5924ddc8aae3b760830f1f5e0faf7ef3603c8b5b219683ab28b
diagnosis_20260823/routeA_full/blocks/426666400.json.gz	250531	c26f2b01b5d610bbed5725f4dbd60e6ad9ea98cd20544dda52f321498e0bfe7a
diagnosis_20260823/routeA_full/blocks/426666401.json.gz	295683	6cdda212521ed6e87ed295c7bb7545e2731d8bbdc507d9a23ef14e13ca7e325a
diagnosis_20260823/routeA_full/blocks/426666402.json.gz	218655	51826e8505203cf8c45625141a5d701ff838fa5f2c8008ab5cf4491dac2cdfd5
diagnosis_20260823/routeA_full/blocks/426666403.json.gz	416524	f3a1c080af1507335edbd5a12be78dae9e9493ffdfa0e40bd9ccf3fc2dfeb491
diagnosis_20260823/routeA_full/blocks/426666408.json.gz	547878	d53e959320737d552406f2c407312929ddd519c6f0a06179fac9844c7d943bb4
diagnosis_20260823/routeA_full/blocks/426666409.json.gz	389467	63e5d4e5c1bb4feee6632d7091a1745cd4afa53fe388ffd07abf23f662694d28
diagnosis_20260823/routeA_full/blocks/426666410.json.gz	527716	0715ecfdcea4d5082bcb446d8b32e49593bcaa68ab8b9034e059a3829db64c86
diagnosis_20260823/routeA_full/blocks/426666411.json.gz	396697	74e5a6f7c564ea0119a7904efc10936820e04be509eef3228d7e667f29388ad7
diagnosis_20260823/routeA_full/blocks/426666412.json.gz	267861	a9db488cad86ef47a2b06f1d71997bef7958538fe679fb4c2cb2154347e6c832
diagnosis_20260823/routeA_full/blocks/426666413.json.gz	336436	0c309c18cae86fefedff57fb5e6e406de480fd9c9d0acdb43b33ec63cafec7b0
diagnosis_20260823/routeA_full/blocks/426666414.json.gz	285057	10176ed220ff7ea315692e9c7bf317cd4ca8169276a38cc6eea2f91c057e5649
diagnosis_20260823/routeA_full/blocks/426666415.json.gz	292369	9bef6724045b76178c0bdd765c4ec9e1036d13c46a35b6770bd03530b0939c1b
diagnosis_20260823/routeA_full/blocks/426666416.json.gz	388757	c82e993fbe10fa176a3d387efb0da8155521df576063d3ed87a5904cd53b530f
diagnosis_20260823/routeA_full/blocks/426666417.json.gz	477047	239b409e287ed06965488d9fcf4481f865f12dd9d68c574c21b93e2c7217fcdc
diagnosis_20260823/routeA_full/blocks/426666418.json.gz	341707	c82c17d4b4ad891f74958a7270d963ebfd066020dbc5e74459a8e4386bf17a5d
diagnosis_20260823/routeA_full/blocks/426666419.json.gz	376181	b195b4b8a45c985baf89d2a5f8289214532d71bfc61cd285e17b99c1707fb18a
diagnosis_20260823/routeA_full/blocks/426666420.json.gz	385834	d4f4b76724f73356c2c6111452b6a635e85c3e36359319a8501a2af1afefc5b8
diagnosis_20260823/routeA_full/blocks/426666421.json.gz	256688	19c630da02409a1f9d118fab4d005e44c834f9517425d0135e74a27e37587e54
diagnosis_20260823/routeA_full/blocks/426666422.json.gz	287271	71d160d5bf8abe4421f9c414ba35ba7bb580b15b80325c88a4ba41e2f7854c07
diagnosis_20260823/routeA_full/blocks/426666423.json.gz	237390	750a03572bd04690b48cca4844f6a2c2c15811f5d33612aef3fb5b8fa55c6877
diagnosis_20260823/routeA_full/blocks/426666424.json.gz	335544	24a236d2481129c1f8a65df810bbf45be1f62173e1a829ffd190e1ba181c1e73
diagnosis_20260823/routeA_full/blocks/426666425.json.gz	485263	40b24799000fcea86076cead1568735fbbdbed95da8c81f24893baf44d913169
diagnosis_20260823/routeA_full/blocks/426666426.json.gz	307052	d3b370588dd2756ae9b24dcffbe3483dee010219f8e4f273990f82e3bea67c2b
diagnosis_20260823/routeA_full/blocks/426666427.json.gz	327039	19c5a21ba776e9ae56baba8d1bae0c52ff13d485019eb9a3037d2953bd6ddddc
diagnosis_20260823/routeA_full/blocks/426666428.json.gz	371628	70993ae8506af773262b5a000867cff2dc7e078f48800b4ea0072742688d7210
diagnosis_20260823/routeA_full/blocks/426666429.json.gz	245961	91b15b753ba557ae15b0f29275d1e67093657cd759dd8740340d753eec064fa6
diagnosis_20260823/routeA_full/blocks/426666430.json.gz	353245	16b9c28e7a92b85eae758ee653f3df1601ded59f3a49cf518607acbafd99da0a
diagnosis_20260823/routeA_full/blocks/426666431.json.gz	248009	21c7f801efa7ca7cc950f00df5a5d702124704de4b0823dc12c552691a4689f2
diagnosis_20260823/routeA_full/blocks/426666432.json.gz	435609	ca604e584d395540f4e741d90bfb466195f5f87515a44b26bede0a79c03ffba0
diagnosis_20260823/routeA_full/blocks/426666433.json.gz	471013	68f3e18a64f72441b16e613fba41bfd402be4515cde86ac1eaf20fef957f16b2
diagnosis_20260823/routeA_full/blocks/426666434.json.gz	426152	5f34a6af57cb96f459e9df831d1086dadfc8a9cbbad486cbdfb8abaf72de9c0c
diagnosis_20260823/routeA_full/blocks/426666435.json.gz	345396	5b43fdcd3965679d3a6a624fcad17e90781496e4b3908f9fa6e17c96ae7c2713
diagnosis_20260823/routeA_full/blocks/426666436.json.gz	491491	af24379c7e06d59dcf9dc87b83c5827c126577ba15af082fc911366060177e39
diagnosis_20260823/routeA_full/blocks/426666437.json.gz	446536	8154d5a4a562b195a2440b6fcbb15fe5ddfbc1cf66fa16dfd5f069b7186b3508
diagnosis_20260823/routeA_full/blocks/426666438.json.gz	857006	985a480ef85c113188e1cc77f81c7eaa244fb7f75f4a9716ccb3e653caa7786b
diagnosis_20260823/routeA_full/blocks/426666439.json.gz	901164	b0e224692b70af8cd2aee2c477f4aeb7f82bd19f6c3cafb0089e4fce82348857
diagnosis_20260823/routeA_full/blocks/426666440.json.gz	189316	1bb168c9fc07eddd49a92a610e965cb4ea5bee8da8e9cc176f85f7510d17b98d
diagnosis_20260823/routeA_full/blocks/426666441.json.gz	233631	5d64637376238f1e7cc565771d1def477350f1a547b2d91e4625b63b2085205a
diagnosis_20260823/routeA_full/blocks/426666442.json.gz	208299	d58ffd7cbc059bf4371895f366788d5fe5bc4379c0c583854bcc70061ee225bf
diagnosis_20260823/routeA_full/blocks/426666443.json.gz	296618	96a20afab2f4e6499cb2d787ab1579f1419907466e68edc62b400f992a95eb00
diagnosis_20260823/routeA_full/blocks/426666444.json.gz	453542	5560b76ff405502b2d3ca10e0df861e03e2d61a9f38a69874c668e9b1c25aabc
diagnosis_20260823/routeA_full/blocks/426666445.json.gz	501682	84c4f7250e2e8207a2c3d041d4cde195bb4f89591beaf8f9b812e0d993320948
diagnosis_20260823/routeA_full/blocks/426666446.json.gz	570853	7b8fdbfbb2492e7a17f4647e96cf35ead71b3d84ad187f2973cb66ea578927f1
diagnosis_20260823/routeA_full/blocks/426666447.json.gz	586780	09df42cbacdb541fdf92a4896c27450033e406a03ec91740eb5b7edf3ab43041
diagnosis_20260823/routeA_full/blocks/426666448.json.gz	584316	bacf46a935502ac8f20996c48f4e68243afb1c42da95e3b2cf917a9a1012e5a8
diagnosis_20260823/routeA_full/blocks/426666449.json.gz	586802	2f50e30f488174111e90bfd456606953bf1839aa72e9b4eb292395b6c01866a1
diagnosis_20260823/routeA_full/blocks/426666450.json.gz	486007	753dd99068d56c49285495ae290fe0ba79b231342f2fda6ca373cece2a2e5387
diagnosis_20260823/routeA_full/blocks/426666451.json.gz	496354	f0352294a4d390ffb99300962cd70293caf795720558786029e02ea177487339
diagnosis_20260823/routeA_full/blocks/426666456.json.gz	537124	f90c9f25d74c682c79bee9a98c5709574b39eaf3e3db530f48e6b3e2ab77b9d6
diagnosis_20260823/routeA_full/blocks/426666507.json.gz	198190	d349ee69ce525819bc9883f554349f16093313f0212322a73afabbb5c18954c0
diagnosis_20260823/routeA_full/blocks/426666508.json.gz	354257	42fe1975eefecdce3ba3d72e593fdaf6f4e459041619de7bb7f3c4b21237df2b
diagnosis_20260823/routeA_full/blocks/426666509.json.gz	380874	953f4e2d7b9fe123a8f4f76e6bbbc4da00a592274326e5438143958ea8d92e3f
diagnosis_20260823/routeA_full/blocks/426666510.json.gz	463771	21d5facebd68d9a22740b7db2143d052d2e3e2d1a428ce20ff8dcf5758fc2154
diagnosis_20260823/routeA_full/blocks/426666511.json.gz	350080	46d3a0e35119b9dcd52f4e88de868a5ce659df7b79bb36fdd2fb0ae958539cb1
diagnosis_20260823/routeA_full/blocks/426666512.json.gz	304441	93e2364236eaec2413a664c36541eb59c2a0e8b8ca2dfd34c39d32ccf8e5e379
diagnosis_20260823/routeA_full/blocks/426666513.json.gz	356177	caf955cdb652d26c308d3d10ff0887bfbb0cf860b8d9082b307b3d69519360d2
diagnosis_20260823/routeA_full/blocks/426666514.json.gz	330916	b3e7f5664202a6a11bc4de5696368fb411a88587a4cb5e460a2491cfe5b41aeb
diagnosis_20260823/routeA_full/blocks/426666515.json.gz	454680	c8671e2853721cca1b465fa21969bb192da872aeadcea293ceb90796d2175bc0
diagnosis_20260823/routeA_full/blocks/426666516.json.gz	424220	f2b4216f8490b2e021f18ab40c2ab7a44e795721c72f2967047e7a2d4e818164
diagnosis_20260823/routeA_full/blocks/426666517.json.gz	390440	9e1e3c0ddadbb6b79ab17b6a1023fb553d8ecfa7c490d5e1465fd5c54133fdcd
diagnosis_20260823/routeA_full/blocks/426666518.json.gz	433071	3c9fd1902e2bc440aa965510107a6d7171acc5858432afb3d2f0ce4639c595a1
diagnosis_20260823/routeA_full/blocks/426666519.json.gz	462041	aad5b71c36d4d83df67ec013cdcae76744a2e7bfd5eb8f915cc41f75f944bce2
diagnosis_20260823/routeA_full/blocks/426666520.json.gz	375554	55fdb3e1892a83c0a5418cb2f4069abedbbffaa17a39510bf6cc8d25fa0d9c26
diagnosis_20260823/routeA_full/blocks/426666521.json.gz	329203	de8297edac1bb3c94b3249d8c1c0211ee1992eda934062818c5ef1a97cc9fa07
diagnosis_20260823/routeA_full/blocks/426666522.json.gz	304756	bdfa47e01545f366ddeee98099541b85ede9578c60757803bcd591391607d558
diagnosis_20260823/routeA_full/blocks/426666523.json.gz	268476	57ca10b36260e61bebc71b555e4c6e60645d73df775596149ea842af5564ddba
diagnosis_20260823/routeA_full/blocks/426666524.json.gz	305555	6f7b6e0ad168b9f852f3feacf8c6a17d8decd0d8ea4500295eb02443074c5306
diagnosis_20260823/routeA_full/blocks/426666525.json.gz	338443	7948326fd3f9563e77d1a2021d2ae9ca6a82b95d510a2e3e4859796d292570ab
diagnosis_20260823/routeA_full/blocks/426666526.json.gz	406302	6e806b80dcb387377c3d9825b671cc576dd2b3a370a8c607de1eabd62fb66493
diagnosis_20260823/routeA_full/blocks/426666527.json.gz	470446	f1d74e3c9b02d81f3cc8b81c653dace8f5d3446ba7320e1f407e9c2405b47527
diagnosis_20260823/routeA_full/blocks/426666528.json.gz	462932	e576748e3f05a1466c96209b1e5d0e0d7052600d82e6809d1e102344b8bc8bbf
diagnosis_20260823/routeA_full/blocks/426666529.json.gz	451770	79274fcb6ea4b7a63a5338505bd672411fa54f07043aaa6729e4516f7debe5fc
diagnosis_20260823/routeA_full/blocks/426666530.json.gz	494422	068ca6765e4ec99b67a88e3ad1b5ffc1609861b7e543249888e58a3854a8eecb
diagnosis_20260823/routeA_full/blocks/426666531.json.gz	450663	268c9e4df4fa08c9fedff288b56fe5f5f5bcf3b77929449e5609d07f98330eee
diagnosis_20260823/routeA_full/blocks/426666532.json.gz	502119	43f740d46fe4efcd646b21cd9a48ff1e514c05a0290278c3479539ea3939c644
diagnosis_20260823/routeA_full/blocks/426666533.json.gz	375069	82a5a492843d84b4f8af1f4268f24003cda3fb5371b5810fced626d7b2b2f204
diagnosis_20260823/routeA_full/blocks/426666534.json.gz	362613	99a3a1ce61ef60606df744d7f382497f11585d9a8fcee5a6b6b69bf36eac1e45
diagnosis_20260823/routeA_full/blocks/426666535.json.gz	349857	c1e0b371ec27817b0045861349155efcc952ecd5737ec51d7894110e48d7fbd1
diagnosis_20260823/routeA_full/blocks/426666536.json.gz	343322	0088b22c1e7e3c0352ec34d85aceb3caa0022da3d90fbe7f6b1b6f54a379622f
diagnosis_20260823/routeA_full/blocks/426666537.json.gz	333090	15445b13a3493cda892b99060b41b88363107219cf2f356da0aceee511bdfe18
diagnosis_20260823/routeA_full/blocks/426666538.json.gz	260573	3a11392294cc77d248bd3bcd62419695559df0a31bb042a56c1f74cd6c5018ed
diagnosis_20260823/routeA_full/blocks/426666539.json.gz	313205	427c1a3986ce393458938151bdf70b94e0e2542941053e08b255ef23ab7850fb
diagnosis_20260823/routeA_full/blocks/426666540.json.gz	402320	d93e2fe4fa223fe451089b270b4db1cb1866b4c000f1c2c4ca98577b82e153f5
diagnosis_20260823/routeA_full/blocks/426666541.json.gz	380742	8133e33381bf50a0be7b40e86e6fa6bd9e56f47d8cb8ba5a90f6c8c5a98ba1a1
diagnosis_20260823/routeA_full/blocks/426666542.json.gz	283322	763fd8e8bc3a5367ab32d804adb74ce8722de4d46f1b54cf2f5d45b6b2a91462
diagnosis_20260823/routeA_full/blocks/426666543.json.gz	304338	785b072b54c8904d4efb222fc7fd4119ea08f1f1d3b828385fe5b25e0eef24c9
diagnosis_20260823/routeA_full/blocks/426666544.json.gz	328520	0fa29d41193b2bb9b58b161b0a75fbac85c2a8bd0e7fb0f6ecceefbfe82d32b1
diagnosis_20260823/routeA_full/blocks/426666545.json.gz	304737	9e82b2f03922856e9505b013e8468e13e3125af7850d44acdf99cfe6a7caaa5d
diagnosis_20260823/routeA_full/blocks/426666546.json.gz	267291	b2958a5c87b19bc0b1e5d129e368e08314020c3d31fae0f218da32f24c47e430
diagnosis_20260823/routeA_full/blocks/426666547.json.gz	333135	0ea5a45facb7227e56be6b21ce23c94a049763b970c1be706472f55a41f7bb96
diagnosis_20260823/routeA_full/blocks/426666548.json.gz	505240	e03e9f29aa9f4965e54a161535ccd9a25954301694d7d0f679a67ced90287e42
diagnosis_20260823/routeA_full/blocks/426666549.json.gz	344601	034e040e7f294b436b75dfd5042b9a3ce8d961ee4c9f2f67051a54d22186e490
diagnosis_20260823/routeA_full/blocks/426666550.json.gz	274844	16188d6f9293f4c5539d272ecea1caddc9abe346cef48fd22dee90f1fa36365a
diagnosis_20260823/routeA_full/blocks/426666551.json.gz	392509	1e8b65ae9761823a8bf825815623527510b5eae0286ff5ade3e063076aaaa8af
diagnosis_20260823/routeA_full/blocks/426666552.json.gz	304722	69ae83322021ca782efdb921e00f0e6bbf1b6bcace3fc29bdbe4900a4fe73b37
diagnosis_20260823/routeA_full/blocks/426666553.json.gz	287425	2a51c4b21152ed595ec0f05e7c7ecf12697e4af766984a78344bc2e4d43129bc
diagnosis_20260823/routeA_full/blocks/426666554.json.gz	294260	d80fffca7ba907fb88afb7e9914a6c575f884f1ae0d93792483e0228e3d1bf50
diagnosis_20260823/routeA_full/blocks/426666555.json.gz	247557	04c2e8a5c05d004812dd9ffb509fe4ce4ffd663d0778373d6ea47d3f38580dfc
diagnosis_20260823/routeA_full/blocks/426666556.json.gz	312288	b1ccc3c695caf43d4ed4eaced8a7d4b760f3fcc971bdf8c728eb567c5a38e54e
diagnosis_20260823/routeA_full/blocks/426666557.json.gz	238866	3ffc908803dfcd95d756276bed234b30d5e36879c8f44b846552bc1aad60fcbd
diagnosis_20260823/routeA_full/blocks/426666558.json.gz	371258	2cbcf983f640488cf48006a146eb7cda7d71306d5e8349afb3a2a959f0b4a0ff
diagnosis_20260823/routeA_full/blocks/426666559.json.gz	287972	e71a4c8bacb34b483c0ec2bb7eca905fbe8d32aeab5b06d9f24afa5bf1e01ea4
diagnosis_20260823/routeA_full/blocks/426666560.json.gz	171323	97e650943f87c0bf6ade6e91b9ae529846c455b8f17efd8488b8f69e0c13fda2
diagnosis_20260823/routeA_full/blocks/426666561.json.gz	460793	aa08bf90f4781c9d6ab735081aa8272d19c12e8e9f2699afe4fe35423f510621
diagnosis_20260823/routeA_full/blocks/426666562.json.gz	447392	3b78cdf2a4a1f03f8b0391b9f35f8bbe13e5a6b623e0705ae7244519888c6366
diagnosis_20260823/routeA_full/blocks/426666563.json.gz	336086	c3418e5bdb43d6b279c4ee0e94cfa6dc658784d042d7e4b8002abec44456d5dc
diagnosis_20260823/routeA_full/blocks/426666564.json.gz	414590	183dd3f10e7a706d743745a42e88d9d4e8c4f0a35be01606b68dd651a03be35b
diagnosis_20260823/routeA_full/blocks/426666565.json.gz	399392	f7ead8502e021a21da1b985ee8e94a8470b8a9c222a826148c3ba1c44da11582
diagnosis_20260823/routeA_full/blocks/426666566.json.gz	399783	797d1a794203aac3096d16302db4f8d8b6b998e1bbc5025f5ede3859bf34981c
diagnosis_20260823/routeA_full/blocks/426666567.json.gz	428032	299b467164658944371d36299567406eb1fd79b79aaabee70fe0647f442ac658
diagnosis_20260823/routeA_full/blocks/426666568.json.gz	248677	c4939a610dc2090efd8fd81980e4cc12e4ef1f1592e5fdae067e0aefa9131387
diagnosis_20260823/routeA_full/blocks/426666569.json.gz	316020	fc2c0a222115ffe12a9fe352e8aeb628348a373ca1ab270f92c6c0608622b80e
diagnosis_20260823/routeA_full/blocks/426666570.json.gz	227499	4e406aa8dbbe89ba71173bdbc7531ed5fcfe38bd67fb8bda12344fd2b102adc7
diagnosis_20260823/routeA_full/blocks/426666571.json.gz	325385	57e57e9aff4721501313747e149cc661f92b43b43bd4863e8f58999dbfe8eaea
diagnosis_20260823/routeA_full/blocks/426666572.json.gz	440165	8e66ced07298dc6086c5ee44406a6c3c3a9feab3f7f6c15b648e1a4d433eedb1
diagnosis_20260823/routeA_full/blocks/426666573.json.gz	376928	8ff7d992c629af6ef188c8a2cbc8b9f64f244bb858a15232e5a8f4d7cab7173c
diagnosis_20260823/routeA_full/blocks/426666574.json.gz	390656	41bcff6542506715196ed900a09fc833450f265e1d15750b36398d2407f59150
diagnosis_20260823/routeA_full/blocks/426666575.json.gz	308066	acbc5dee889a20967ee747a9dcdd47ea8a1f164999e5cd2536c11f15ae841b60
diagnosis_20260823/routeA_full/blocks/426666576.json.gz	152236	6752d338114d93d7161b368a5a74a7c985c0407c80791f76ba2d8f64b719b8d9
diagnosis_20260823/routeA_full/blocks/426666577.json.gz	436625	abb252ba9df8a959972cf7a0ee4eea369b591911c4c4544e9eee2aad3d2f8d1a
diagnosis_20260823/routeA_full/blocks/426666578.json.gz	451491	90bce3f0165931576126246d0b8f740add62559e808b7e7412cc69db5a86e110
diagnosis_20260823/routeA_full/blocks/426666579.json.gz	432780	017ccfe4cbaa14c8d13fb95518123eb3114c0551f0f9127246407db158ed8039
diagnosis_20260823/routeA_full/blocks/426666580.json.gz	408341	45cf760b42eeb38b411b0f3df771c25a95901235c22ef1ec0ad8b38530f6e9fa
diagnosis_20260823/routeA_full/blocks/426666581.json.gz	357045	605cf496c0f2ff61257097e978d2c9eb317451d5e17389e2c8027a0b2c8ca05e
diagnosis_20260823/routeA_full/blocks/426666582.json.gz	376384	e613d0e9758849b0296fff187290fd403db8e5753bfc51831115b167f9163e2b
diagnosis_20260823/routeA_full/blocks/426666583.json.gz	307499	039667511d255c7cc94a5b3ece77477d04e6f5e19846247bd731028783c9f059
diagnosis_20260823/routeA_full/blocks/426666584.json.gz	375930	c5874823bb10e2330c838920ac65ce564deac5164f6b38596b3fd91defafbe8c
diagnosis_20260823/routeA_full/blocks/426666585.json.gz	346645	346783b6dff13cc46f1b1dff2ae9850eeaa24ac3d6fbcea3c93d7159c068302f
diagnosis_20260823/routeA_full/blocks/426666586.json.gz	513301	26e0ef4bee9c2d75d87c3626373cc07e54bd32d76f02b1b9b76c831539f90dd2
diagnosis_20260823/routeA_full/blocks/426666587.json.gz	488046	34b72e92215ed7e9f45f2f8921727df7a587e00816beb2300441cb43a49d627a
diagnosis_20260823/routeA_full/blocks/426666588.json.gz	329894	d022bafbd20baf3c27d0bdc49c49039cf5e873a122a2b2551b4e64bb664b8a0d
diagnosis_20260823/routeA_full/blocks/426666589.json.gz	292372	f7096a6a68c563ea8982c2a55a3730dc768b014ef69cf5cc0cd646206c048166
diagnosis_20260823/routeA_full/blocks/426666590.json.gz	250738	f72950577b0715c19a419bf422baeee5ff2611b9ebf01ce60c464c8e8c236c05
diagnosis_20260823/routeA_full/blocks/426666591.json.gz	349211	193514f59697fc99670697bc3c9a5dd97bce0731fe6e5b7cd055181d026add41
diagnosis_20260823/routeA_full/blocks/426666592.json.gz	634179	5089aeeab62a12960a7ba8ad9b42e20af4cb584d38da84819ab7f1dc4d7c984f
diagnosis_20260823/routeA_full/blocks/426666593.json.gz	423605	fcdea0d8ec506bf8025d5f6066de332ab0c7df02388f75ac641f014f12815752
diagnosis_20260823/routeA_full/blocks/426666594.json.gz	332814	2ee1b1bcab0badafc99debb41dd99d73815c20c800924f3080c3bcba0fff4d9f
diagnosis_20260823/routeA_full/blocks/426666595.json.gz	277184	238a7f56a553f1a4c9e3ea6af45765f6df0b579496d1bbd26015d77e2ad8faa9
diagnosis_20260823/routeA_full/blocks/426666596.json.gz	445461	d1a0acade57fa0649d24b4dba53b0289366e3adcc291b30b677ebd8c5092ab34
diagnosis_20260823/routeA_full/blocks/426666597.json.gz	327101	10458ee7c49570121cc052648f71fdd500d26f7f2218fa63fae347820b2323ae
diagnosis_20260823/routeA_full/blocks/426666598.json.gz	247935	c310344d1a0de689077e4183c2f2241283dbcdcd4ff1a9408c3c47496c98841f
diagnosis_20260823/routeA_full/blocks/426666599.json.gz	322371	d58ff35e0a75b28e94eb8a4ae84bb387e9c72fa267acb6db335dd678c617ddf6
diagnosis_20260823/routeA_full/blocks/426666600.json.gz	277028	a7cdde29886d479824d18b09fcec5a151337c8ada3cc868599f4afc1d4b84315
diagnosis_20260823/routeA_full/blocks/426666601.json.gz	226221	d62b26b12a357427e2418118feddee78d2424fc825dc0b2a3fefe46f4d362863
diagnosis_20260823/routeA_full/blocks/426666602.json.gz	231571	e1a97008ba5ed12e21d2253f53f82ca71b372484fd8d576e1336833864b4eaa5
diagnosis_20260823/routeA_full/blocks/426666603.json.gz	233530	96f56e736466fb68440b5a37b34e548671bb932fbbe7f6494b0b494736a829a1
diagnosis_20260823/routeA_full/blocks/426666608.json.gz	502753	3a0d999b228884937d7ff71aba83a365d629dcf8e70fcb85df5bce8593d0bfed
diagnosis_20260823/routeA_full/blocks/426666609.json.gz	406774	5a865823e92a0ff278921e87ae17fd4b59661ca4e759e873e16051bae1e96bdf
diagnosis_20260823/routeA_full/blocks/426666610.json.gz	369940	f9d96775e29247c6017a6accb81c76281682d433f2582cb35953d4338b3b2d9f
diagnosis_20260823/routeA_full/blocks/426666611.json.gz	376127	780e9a477ec8b4cda0a0fff2375350b33ca24247d2c555755f1c8c776fac3ac2
diagnosis_20260823/routeA_full/blocks/426666612.json.gz	311330	49270de86b09eca4456366f042061f72ff5e1827eb776703c56bb87d8d326be0
diagnosis_20260823/routeA_full/blocks/426666613.json.gz	395431	f179bfb2fd3375034e5851f3a4575f2fe38d547e39cc799dbd028c6802ac9f96
diagnosis_20260823/routeA_full/blocks/426666614.json.gz	402504	e65ca3f6530fb98a1cbed3a45ea3c78a2b5dcf5b1179985be770240ebe5caeb4
diagnosis_20260823/routeA_full/blocks/426666615.json.gz	405261	f50867609b1692c608e7e5c09271ef0cd7f16574f71ffbf5d73adffa8d7ed3e9
diagnosis_20260823/routeA_full/blocks/426666616.json.gz	269857	70c932bed1162e790c5b263ad0ff7e3f79a412ebfe7d219d0984ff32b39e57f6
diagnosis_20260823/routeA_full/blocks/426666836.json.gz	183083	c4bb08886783adafa030080f3e07e677c415ca0450d3abbf06c5c86d0aed62f1
diagnosis_20260823/routeA_full/blocks/426666837.json.gz	277591	36cf0e5850e12ae1ffcb0166b871342fa72eb6b66ada74f2ca651615c6e88fc5
diagnosis_20260823/routeA_full/blocks/426666838.json.gz	232050	8dfe5396f0602e56e4d79e7be5136cfdfdc0e3ddbfcdd13e408a687c00e868a5
diagnosis_20260823/routeA_full/blocks/426666839.json.gz	331188	a19315c09c52314f9722e93df3f0003dfda21235211e09719cd036c797a3d5d8
diagnosis_20260823/routeA_full/blocks/426666840.json.gz	307560	d3a503b3c65f27f4c78f8c221daeb789600d644af4a2dd624006d488ab70e825
diagnosis_20260823/routeA_full/blocks/426666841.json.gz	225746	42873c2e74305f2ae50ee9f5e799d04b3792fced83d9e936f1a5e8864268d409
diagnosis_20260823/routeA_full/blocks/426666842.json.gz	189574	75d298da8adddc63abe2ee4b9092126a4a453f2e5f43725700595ce6c870ecc3
diagnosis_20260823/routeA_full/blocks/426666843.json.gz	249877	db22b56935d2c0ff7900f92687e4be34d7d6239e4e365c7815865787e92e4d32
diagnosis_20260823/routeA_full/blocks/426666844.json.gz	255679	a560f7f90bec6517f542a9c13f03600650561a1564eb51b4c2100c50eacd889a
diagnosis_20260823/routeA_full/blocks/426666845.json.gz	225218	a7c1c4d5ae9e6dc3a5d566cef1bd9f75b8c71548ccd0209887018878c01de0a5
diagnosis_20260823/routeA_full/blocks/426666846.json.gz	323323	7875cb9eba16ecb2d03800f9e0f7539d98b68cc3b8f079dcbf86b7e968a40185
diagnosis_20260823/routeA_full/blocks/426666847.json.gz	209571	8d3cd550e6013c65b6c007f08f8ad0164c1d95f6b0239e0737b1949d3540a929
diagnosis_20260823/routeA_full/blocks/426666848.json.gz	227988	7553ecd805fdc7374663822bd46eaa289109aa85fb799582e645a0012812a624
diagnosis_20260823/routeA_full/blocks/426666849.json.gz	181900	10a52e0173178787bb58321fd1b348687c46298192c420aa9b51ad0b49c63df1
diagnosis_20260823/routeA_full/blocks/426666850.json.gz	193324	cda27bdf28c79a2f07090ff7a303686e32c0f280f584d75cfca288659868432d
diagnosis_20260823/routeA_full/blocks/426666851.json.gz	258059	0ff730147c3ef01cc7087154e2aafbd028699bfce75ff552444ab91984ea0e84
diagnosis_20260823/routeA_full/blocks/426666852.json.gz	275217	166ec78dec878bfb7ac39ed5e58e4df5807bb5e91bb773ea9938e67d0eae8d1e
diagnosis_20260823/routeA_full/blocks/426666853.json.gz	180922	f9d7a7497be70c3ce96839c023dd3db884d842985f4f4496aada672b7d72fd69
diagnosis_20260823/routeA_full/blocks/426666854.json.gz	147475	01db8eadf1af8c8fd2ce87889437a39842159fa3a6ed02e3563a3fe553f722ba
diagnosis_20260823/routeA_full/blocks/426666855.json.gz	184772	a06cd0ce2496af4ae0be273b1dab89eb5780d65cc1a0aba7896854d4636b8833
diagnosis_20260823/routeA_full/blocks/426666856.json.gz	343636	5be5c7b1fbd77ccad1184d1704e8bb88e0706916e5a6e79f8af4041c82cc2fb2
diagnosis_20260823/routeA_full/blocks/426666857.json.gz	378998	fca25ba1ed0ca1b9825cc305b39b91cb3b1df5f62da05c80133b43e4150b6bd8
diagnosis_20260823/routeA_full/blocks/426666858.json.gz	265378	a334bc93e455a97f51baafe03c069b66dbc47d61cb09f3fbefa9f895d6899fa6
diagnosis_20260823/routeA_full/blocks/426666859.json.gz	166723	09ab3e9c55c0ff98882e59813c4042a6c106098a15d40a037dc694534a3c6171
diagnosis_20260823/routeA_full/blocks/426666860.json.gz	300296	a01add5dad2762b8f2d6f0c07288e0928976c4ca5d2cf1676fa64002b9e6b738
diagnosis_20260823/routeA_full/blocks/426666861.json.gz	224038	451be2c7250415ff71e09610e6b7ab8ae1f2b6f1b8f22c4a6d843a518ffd3a94
diagnosis_20260823/routeA_full/blocks/426666862.json.gz	173324	887df93ada1cfe1591cbbb208ddc384324f4b8aeb7d300ca620a3007de94919e
diagnosis_20260823/routeA_full/blocks/426666863.json.gz	299915	311ea31e75377b93c7fd37126423698b9db5b15f1a39f44ef5c7702221e0a266
diagnosis_20260823/routeA_full/blocks/426666864.json.gz	287546	7c1f3cb45753247182cfe871dc61fd9ae53e267cd42580008a88651a1a67eeb0
diagnosis_20260823/routeA_full/blocks/426666865.json.gz	213381	ad529a3be2f0003ce4c3b7fef0c427ae3f0c0053b5918825b2821eea195925af
diagnosis_20260823/routeA_full/blocks/426666866.json.gz	192175	db37de50481f8f40f27b8e05996e82f34d23f883412ba9f356e23289aad77d17
diagnosis_20260823/routeA_full/blocks/426666867.json.gz	197647	84ec215d63868ffb85db3438ff441a5566656f50344a3a2a64141f9b520fbee3
diagnosis_20260823/routeA_full/blocks/426666868.json.gz	278371	712c845f73c61c442ba604cb093aadea02d8e528a1beb36f6092bd290b41aed0
diagnosis_20260823/routeA_full/blocks/426666869.json.gz	236372	dd49b5045132e32038c0623680ee8e8639b55775222ec4373ebb35d30c8e36ab
diagnosis_20260823/routeA_full/blocks/426666870.json.gz	315087	cc10cc4cc24ecbbb60ab663e6100bafd428829994bf9df9d3a241249ad97251d
diagnosis_20260823/routeA_full/blocks/426666871.json.gz	290757	6fa16c762a06ade8f91f1774294a63fc9c0655facad11023f905c0b0da2dea38
diagnosis_20260823/routeA_full/blocks/426666872.json.gz	287869	64c6929becb13eed1f74292bff659372072af6530d28ce01f45acba32ce8d572
diagnosis_20260823/routeA_full/blocks/426666873.json.gz	342893	e2ee6d6658a4c605674c6dcc98106e064205fcaa88ec6a9f3bbe2652d2bdb63f
diagnosis_20260823/routeA_full/blocks/426666874.json.gz	341938	f455d9fe1679b360ed9bf6b0ed80d36d808f67aae2e229c2cf9d6750d1ddbb3f
diagnosis_20260823/routeA_full/blocks/426666875.json.gz	323635	85be5633060bfc7837ec7a2bd5ba376908651a97157d5b180296245f61030786
diagnosis_20260823/routeA_full/blocks/426666876.json.gz	283893	c7a861bd222d28bd8aa29546099742b381e093fb2ae91ea0c632ff63b4b1e713
diagnosis_20260823/routeA_full/blocks/426666877.json.gz	366905	e67522b7bdc0458a1e97e05496e49191b66d43f75935dcd04117c58153f24e73
diagnosis_20260823/routeA_full/blocks/426666878.json.gz	235597	66f63e8f584acd19ae0c60e2241774e31ab66c543ed9f0f0b95ff99a9c26d461
diagnosis_20260823/routeA_full/blocks/426666879.json.gz	204360	299cc0fa0ba3aaf8eb540e373730f50d4fc8604bf6803b85c2fed295a33678e5
diagnosis_20260823/routeA_full/blocks/426666880.json.gz	282691	1045c6a9097b03bfb66e3b983c47dd817c1c0fd1f385e2275d31d12099f26b81
diagnosis_20260823/routeA_full/blocks/426666881.json.gz	272565	e7bb559c7ad1f52dfaa988d00b7be0e3a279343c521e620a5c3e99844b2371a8
diagnosis_20260823/routeA_full/blocks/426666882.json.gz	259529	378b822a0774a30b73cd20f77f9b4733b634239d08ba92874c1089bac584de01
diagnosis_20260823/routeA_full/blocks/426666883.json.gz	229331	4d94a471d72bee1524ad22a1ea7208da7078feb0c7d23a6724ff2602a01dfa31
diagnosis_20260823/routeA_full/blocks/426666884.json.gz	349150	7f97f5bbce2720467b8de9e218d7d45a848cce46de9a8ffae84c4ed136cbd342
diagnosis_20260823/routeA_full/blocks/426666885.json.gz	215210	07e6b7c932116f858eef15b57e9ab73d4ae2a32051a6b878159336a476c295e7
diagnosis_20260823/routeA_full/blocks/426666886.json.gz	323164	53fce6a9cff6fbdb3b91a2ea7354672c3dad342942ae1f783a7e2bc8e87af965
diagnosis_20260823/routeA_full/blocks/426666887.json.gz	330193	6e90277fb32b0c7039c21b544454973a84392485435c9cc88bcf381176d31a69
diagnosis_20260823/routeA_full/blocks/426666888.json.gz	191903	9fde16599d67c43f0aa2258304d08ef31331e1375148292892f0be9e8295b441
diagnosis_20260823/routeA_full/blocks/426666889.json.gz	235251	615225940f523c9c61ff92bb23defedd995203c986bf7c55788fcf820faff27a
diagnosis_20260823/routeA_full/blocks/426666890.json.gz	305021	b1267cb863448ebd5406b05bba8aab5888f33b87b90fa3184ae36de96ab3a45f
diagnosis_20260823/routeA_full/blocks/426666891.json.gz	358620	7000c4da6b1c108eb6f377cf1a7810701895e4024d89ee91cf139196d2e2a8cb
diagnosis_20260823/routeA_full/blocks/426666892.json.gz	246740	d70414e2bf04121178e6799546d5306a9da53e04d2dba12ae411a4ee21ebebba
diagnosis_20260823/routeA_full/blocks/426666893.json.gz	347832	ac78752c3d4372e3f59f71922ada698fdb592265e64454147ac1bba9bb82b6ff
diagnosis_20260823/routeA_full/blocks/426666894.json.gz	295515	318a8065cbb41adbfa42b8ef18ff980ca5f83c38520ced74e018fa6a29ed0ba3
diagnosis_20260823/routeA_full/blocks/426666895.json.gz	318401	8a9e6e276d7d18d67603bf37d962b6fd8e857a65c791e4aa2d8b176d03708082
diagnosis_20260823/routeA_full/blocks/426666896.json.gz	190673	b1c14c4b78249ec59c82518c3bab181a8a45e7921755e28dcbc8077d9c800dd8
diagnosis_20260823/routeA_full/blocks/426666897.json.gz	172155	ba31276c1cd87df8f9c68840748709411ed80afbd9cf21a6b6672910768ace0e
diagnosis_20260823/routeA_full/blocks/426666898.json.gz	200229	1aa6de2deaa68af971f1e75e05f7395a1d91333214bf2cd4e09e9133c9fbd036
diagnosis_20260823/routeA_full/blocks/426666899.json.gz	184130	6ea53986d3709d5031dbb9bcfeb1650ca2e199309a10c90e683d31b7d2a2fab1
diagnosis_20260823/routeA_full/blocks/426666900.json.gz	243856	c79f5cfe5fda58f1ef4d4c8f27003ee69090b516f447c5c4e0ff2082b1372dc5
diagnosis_20260823/routeA_full/blocks/426666901.json.gz	212376	c394d0feaa4daf46b29e29c10bdfe0224c719fcd210f946e8a299cf2c9e21aff
diagnosis_20260823/routeA_full/blocks/426666902.json.gz	174716	6f74a2f5553b7ed71f7d0ae174654ea3df35ba6f0c6e11ba0b43aa53d10852d0
diagnosis_20260823/routeA_full/blocks/426666903.json.gz	306606	b69df9d67b8c811695bcd9da81e732531198fdbe6127542cca6163e613c6151b
diagnosis_20260823/routeA_full/blocks/426666904.json.gz	320286	08a716e0b83199c6f3fba4edd80019b2d21ec5e9c82bfc3b9b3d0b78461a1419
diagnosis_20260823/routeA_full/blocks/426666905.json.gz	330717	a8d1252bb0cfed340539447fbde20af841ef19c5c4a7b68377bb5abf39633a8f
diagnosis_20260823/routeA_full/blocks/426666906.json.gz	365310	95008478912de0debabd324d7356240d0fc9ba25e94a78d308487e85ad29ea6a
diagnosis_20260823/routeA_full/blocks/426666907.json.gz	326012	c0ea8d6dcbe11e24c3df5e873da2a638dd4e38010c737d86b6673f6349c1ed85
diagnosis_20260823/routeA_full/blocks/426666908.json.gz	235342	fdd1b8621620652a9f6222ef2900e52861d2411711dbe65ba342881defb66d44
diagnosis_20260823/routeA_full/blocks/426666909.json.gz	201334	f1544291ae9fba1bed31912924a46a5871463afc7a770a6be5ee42e469f363a9
diagnosis_20260823/routeA_full/blocks/426666910.json.gz	211093	63f15cc00066e87847bcdee323c0bd7fbd533aacbcbe3071673c9ddf51bf045a
diagnosis_20260823/routeA_full/blocks/426666911.json.gz	232818	065ab156f682f26039a2d9e99da3ad8bd445845cf1bae458800cf6959a6011a7
diagnosis_20260823/routeA_full/blocks/426666912.json.gz	199040	a0afa14b5f431a6cac45933bbfcd5cdc8615628c6df136ff395a395421a9ba19
diagnosis_20260823/routeA_full/blocks/426666913.json.gz	153054	6776b55d8da0c4e638c58c9d4b87ca8820aff11e1c94ec77b727dd842c66afca
diagnosis_20260823/routeA_full/blocks/426666914.json.gz	257997	24d7ba6538434c3f03fa362eb6f6993148102f4e0f8898fbd682991a1dc731fc
diagnosis_20260823/routeA_full/blocks/426666915.json.gz	144235	1337d18354b6b817bdc37ad5da69217d6fb3a18c8525d16a6a33f268fbd1c3ee
diagnosis_20260823/routeA_full/blocks/426666916.json.gz	236928	c12e63ce7230cc12084e5c849cc2ca0163423dc3973cbced48f6a35f2b70fbfa
diagnosis_20260823/routeA_full/blocks/426666917.json.gz	183767	3ecd1fed917d822055b95108b03d049e87d1c8d2d7ed602f0f75c2467d2ba25d
diagnosis_20260823/routeA_full/blocks/426666918.json.gz	194808	e0b81766068e59a36a5e40878d55d1d0caa3a7bdf5eb3effade9336c1895c33b
diagnosis_20260823/routeA_full/blocks/426666919.json.gz	216324	7754863a65dd7c18058fff24d2b6d598b8b9c55d5c694a9ab54927d630d04129
diagnosis_20260823/routeA_full/blocks/426666920.json.gz	208771	0c45a1f8640c6b6edc9257b277885464ad5a01f88c40635ccb060ccdad8c8f40
diagnosis_20260823/routeA_full/blocks/426666921.json.gz	214748	dbe36f4e8fa8a37e5b9468dbc599f9836a07a601142acd8ac028954aeb9a7d70
diagnosis_20260823/routeA_full/blocks/426666922.json.gz	169121	8e370212d395703b5e6607f7465b2408004302be246f8e2daa19f3ae2fea11ba
diagnosis_20260823/routeA_full/blocks/426666923.json.gz	164594	d31e41e2e71f5d61e39ce8feef60aa17aac0420da554477e1ccb719d4bde3102
diagnosis_20260823/routeA_full/blocks/426666924.json.gz	152725	540c92059749f89e9ad746b9deabd4f6142bfbad4faaee5070df007cbb51dea9
diagnosis_20260823/routeA_full/blocks/426666925.json.gz	222163	7fc8df7acf98a1bfd3e55b6b9dcfb5cf0fa815aef9a4f300be33d9297be98bb8
diagnosis_20260823/routeA_full/blocks/426666926.json.gz	348380	cb08e770dd6315a10d6a9a5ce72418c7c5ffca23ac5274a74b4da67feebc85d0
diagnosis_20260823/routeA_full/blocks/426666927.json.gz	407519	54051657cf89ce8618fa1e3c0b36a46ece9dcdb947c330d81d16a3620b2ab9c6
diagnosis_20260823/routeA_full/blocks/426666928.json.gz	337442	610a924f19189f7a82b0b006cf8b39a790e38d6e58efbb9e2af438b4d8cb767e
diagnosis_20260823/routeA_full/blocks/426666929.json.gz	201858	340f4210b86dd7cb1979e8696ded9ae5540ffbb0a108063fd5567970b49cb93c
diagnosis_20260823/routeA_full/blocks/426666930.json.gz	146207	6d276675dbf22cc728342e58cbaa700a00010971460efe0791c453bca14ae429
diagnosis_20260823/routeA_full/blocks/426666931.json.gz	168188	5185da3447d3efd1eda2d659949867a46202b31f92ac588f6e438fad8b154fd3
diagnosis_20260823/routeA_full/blocks/426666932.json.gz	491786	5de20782796a028551b12d91b7dc30f490db53a61d39a9058e245c7ec5676922
diagnosis_20260823/routeA_full/blocks/426666933.json.gz	181501	7d13ec22c6af17ef31deaa58fe25f11d83debd470ebd2576211bb55dcfa06eea
diagnosis_20260823/routeA_full/blocks/426666934.json.gz	168932	5d427da2fc90c60bd0b684c61f6a73abbdc9d227eabbf9b3558c30a7645a6005
diagnosis_20260823/routeA_full/blocks/426666935.json.gz	161099	5134ce7bf9e7ae828c93ed2daf3c6bc80daf0a34c16affdb71a399503fff2105
diagnosis_20260823/routeA_full/blocks/426666936.json.gz	240889	474fc07f95cb447c4ef46e52eb04fa6f9ec25adbd28d2d79edc67f52f6d69560
diagnosis_20260823/routeA_full/blocks/426666937.json.gz	176824	1336362237ca18bad7c7ca5e70f729d42670639c9f1752d73bc8e8985e26be19
diagnosis_20260823/routeA_full/blocks/426666938.json.gz	178391	e45bcc273d5f56b8237a51e4cfffaf41e6739f5e1f6252967bbd5ca15b362469
diagnosis_20260823/routeA_full/blocks/426666939.json.gz	232785	acc4cae1299d71dc4fccf8e72322b0ddba41b8fcaa429c12486b683aa37a380a
diagnosis_20260823/routeA_full/blocks/426666940.json.gz	211138	1b4f75c9856eb03a075d82fa6a8325766d8ce82560d89c8aceec405b19d3f4d9
diagnosis_20260823/routeA_full/blocks/426666941.json.gz	224839	c474d38a1c3a6da347643a701b63e3ff48677876caf092c5ff4d9bd197ad652a
diagnosis_20260823/routeA_full/blocks/426666942.json.gz	194606	89ddc18322e7d1100e5ec333ee6ed6a6547cf1e74db7d64502faa52e25b90ef8
diagnosis_20260823/routeA_full/blocks/426666943.json.gz	282535	db32be6db6437952b66484a253e79a7a0a53201dd6507cf26107c411ad3f2d93
diagnosis_20260823/routeA_full/blocks/426666944.json.gz	185623	2672fcb0e0681f5d7933a804a72c3e0b25e80c1c6ee1e20368961f3d90a53124
diagnosis_20260823/routeA_full/blocks/426666945.json.gz	332576	992854ce5fc825e68e0d563a605a5795fab916cac6bfb61fdcb1b94b0d89dc35
diagnosis_20260823/routeA_full/blocks/426666946.json.gz	260486	8bc1a4a7cda176fd2237a382adda3f794eaab15a377daeb460ca95ea30974658
diagnosis_20260823/routeA_full/blocks/426666947.json.gz	374413	3cb618ff06b6c418bda8815954e8d75c39577c8f062291de8173b1a56edaf0b1
diagnosis_20260823/routeA_full/blocks/426666948.json.gz	281219	be02e605b191e967478ba3ffc375458e4bb12984bcc0adb713f78007f7e823ed
diagnosis_20260823/routeA_full/blocks/426666949.json.gz	219027	d0b1fd6cf0485a021a32e0019b02ee787d16792577a21ccb711d7f66d186d1f4
diagnosis_20260823/routeA_full/blocks/426666950.json.gz	196213	b5bab99318657f9dace0850e5c92a0c405e3abba2a71f013e583748d3cfab850
diagnosis_20260823/routeA_full/blocks/426666951.json.gz	230697	c8c0381dc0037dab5aaf4bf08e5733a0ce937023f33916b08db94791fac2f657
diagnosis_20260823/routeA_full/blocks/426666952.json.gz	270812	4539742937a2b492facbd6df3500603cc1e1723ece7de681d296fcf5fc22a9ed
diagnosis_20260823/routeA_full/blocks/426666953.json.gz	177790	12f4c0ceebce7001a7b844b21cd55d74287512ac8da05304377d1f1b61d5e92b
diagnosis_20260823/routeA_full/blocks/426666954.json.gz	220899	3e36524298dbafb56b7b2316a4c3a98ca1e80f03ad38c193825d33aa9b9f5b4b
diagnosis_20260823/routeA_full/blocks/426666955.json.gz	288233	e9c46719db38c1040a434214b1ce23d17e037e44931312e678aa504a64a82913
diagnosis_20260823/routeA_full/blocks/426666956.json.gz	250042	d80303d529aed7d6d9fb10a2a325ae291b042f1fcb2311aa228d49fb08174394
diagnosis_20260823/routeA_full/blocks/426666957.json.gz	244968	bd119f2a18a8ee507a594748993f1f8e73ea36f7626fbb044474fe14c6429103
diagnosis_20260823/routeA_full/blocks/426666958.json.gz	186630	a261f05d1bf87269a68b0a3050beb83dfcdcf1886d204aa3ab654a55c083905c
diagnosis_20260823/routeA_full/blocks/426666959.json.gz	178994	3777198a6cb46e57b0b6e41c9bb0f5a4b88ed41ca7ea74f8ef996bfc87f60818
diagnosis_20260823/routeA_full/blocks/426666960.json.gz	187053	43051f5f61d746b3c5f293f873da134df449a3775d9adda7ace619bc84de3bc4
diagnosis_20260823/routeA_full/blocks/426666961.json.gz	248653	c09b8c368f11a8e98ff70072f156694f63bf2f06e7bca695967c8a6ae6dc312d
diagnosis_20260823/routeA_full/blocks/426666962.json.gz	232185	da86cbad0cee334d66b4f631b6cf0deef633636f0a7df7d3226743094a50702e
diagnosis_20260823/routeA_full/blocks/426666963.json.gz	183557	f64278882364038f6e58c9a8fe1f134b576f2452a6bfee916831f666ae663773
diagnosis_20260823/routeA_full/blocks/426666964.json.gz	226467	61f1c9d2a76f2cdea231ae2c7e5d5f9f36221a5a76aa09b0cdb0f016c71e5a6b
diagnosis_20260823/routeA_full/blocks/426666965.json.gz	190411	370dc28bd2ab3278f24368637a7ace883d4778063c18dec4b1e9cb0b3df56171
diagnosis_20260823/routeA_full/blocks/426666966.json.gz	212641	b7dd953c65b9ff5d3019da07c30ea6b11c59f5d64434d8d2814e9d9375e8f708
diagnosis_20260823/routeA_full/blocks/426666967.json.gz	155879	ec21b793167624d2f05bda43fde422ef87af5488889395dbd1ee31e649c1f47a
diagnosis_20260823/routeA_full/blocks/426666968.json.gz	250007	c9fa047b4105b4e2163356a24de426a99d1db15524a55a6bb70c956779d4f5f7
diagnosis_20260823/routeA_full/blocks/426666969.json.gz	177598	013b67aa143df5f9a106c22b891b38ea3ba9d29f8232309266885e1acd36c434
diagnosis_20260823/routeA_full/blocks/426666970.json.gz	334822	20ca657dcacbdc493829a6be16fcdc95aa5546d7f611cc7fa54bd206eef32a73
diagnosis_20260823/routeA_full/blocks/426666971.json.gz	164020	6347f0b2b3b33e0b5711a718255fed48e208badc6d363748e68c96f0aaafa75f
diagnosis_20260823/routeA_full/blocks/426666976.json.gz	420692	f092d1a5644708150137829a330dd776347e724313152ddad13c7011f6d1cd54
diagnosis_20260823/routeA_full/blocks/426666977.json.gz	305338	c47b16fc4e4fa98ac94f4d58e7ca0e76c67f5a30f3bf35c410dc87e8af03b556
diagnosis_20260823/routeA_full/blocks/426666978.json.gz	263311	d3a4d99d83b978e75a11890d2626a047b1dd168c17f82464f9abf245a5bb273f
diagnosis_20260823/routeA_full/blocks/426666979.json.gz	222275	66299e4758af8ea2ff626186026aec09683f509d351a9dd86dd1b61e7e6dd83c
diagnosis_20260823/routeA_full/blocks/426666980.json.gz	430262	6ebb8f4de66fbf03de3df794b73a83198836cc5a7743692fb79a371afcbf7eab
diagnosis_20260823/routeA_full/blocks/426666981.json.gz	218401	1bc3e8c4531bbeb2b6c91556112fc9418d46b4422afcbe61ac5e2cc53e684b6f
diagnosis_20260823/routeA_full/blocks/426666982.json.gz	302250	c83561790b31d054df76459292fb423a80f792b26359c092e039b362444a871b
diagnosis_20260823/routeA_full/blocks/426666983.json.gz	221294	40f81ee68af5fa3843bbae639ee79bdddc6b68165f217a38cf6a12730207995d
diagnosis_20260823/routeA_full/blocks/426666984.json.gz	309081	8b7403d94e021218b298e3397bc9c70b8aab3adb4984f6427d77900d4b344b0c
diagnosis_20260823/routeA_full/blocks/426666985.json.gz	291631	dd6b46aedc14cfbaa665d071ac5c1d0a8350ece0172cb1e1f1c132d765ba49bb
diagnosis_20260823/routeA_full/blocks/426666986.json.gz	230588	3752161b78f71ac95ded663fb2112a85a883213c55fbe02fffb75e18c8a618ac
diagnosis_20260823/routeA_full/blocks/426666987.json.gz	196697	494c0d3cea9926880b2711c9c3193d53f45634d86399fd8015a01835c4e1cea4
diagnosis_20260823/routeA_full/blocks/426666988.json.gz	257454	5d877d3403cbce80c898a171edeb731afa49de9a0685d682ec37959c8195a7b7
diagnosis_20260823/routeA_full/blocks/426666989.json.gz	221312	aab74d3d6f178c865b3443c1b2f40be12392d276593f2aaa9349a845f019a2bb
diagnosis_20260823/routeA_full/blocks/426666990.json.gz	185944	6d5cf51a032d6b82b4054d87da49444a647e3843760f5dd022bfd24f0ff99534
diagnosis_20260823/routeA_full/blocks/426667130.json.gz	128822	4ed90e145dccbac86c0118096134b997ceb47d232370521e948fbdbacfcd5027
diagnosis_20260823/routeA_full/blocks/426667131.json.gz	131844	756c6fc38f21bac34d73132766f186410cbff693b53e3e5d41a4237fead43b1f
diagnosis_20260823/routeA_full/blocks/426667132.json.gz	207050	a1cb9f0c04735065650a502e37a0902aec4f2c17aacdc291719b53d3096929f3
diagnosis_20260823/routeA_full/blocks/426667133.json.gz	153482	1a413bb2b97f2c8dd24b6f066d0d140f8550c6f35398b92620e26e8554ca7221
diagnosis_20260823/routeA_full/blocks/426667134.json.gz	139472	fa688119f8ea3b2e0c287ccf4bdf7c0f6e0e83d0a6a6f6b9b6c3cd7248a128fb
diagnosis_20260823/routeA_full/blocks/426667135.json.gz	157650	5cb8dd53208b8f43e1e4694c3e920290aa9f8bbc845e85a2d5f130d86970e9dc
diagnosis_20260823/routeA_full/blocks/426667136.json.gz	294154	5eaf673b1dc7ee1f424fcce3db73deaaaffd0d3a313f03663e3ccf4a57394b56
diagnosis_20260823/routeA_full/blocks/426667137.json.gz	208699	fe1bc2cd420685026a278b071ba7781f98c6cd6dee66f76166a03441dce2e03d
diagnosis_20260823/routeA_full/blocks/426667138.json.gz	183751	f9e92d38ddd417d21c3eb086968aeff1ba18e2306d4fca055f6e1cfd5064572a
diagnosis_20260823/routeA_full/blocks/426667139.json.gz	245248	bceb818d8d59f6a95f5ec3ca1d5dfe93622c40b487bb98ab8ba6919efb2e3a45
diagnosis_20260823/routeA_full/blocks/426667140.json.gz	198845	183aac0831515a75529ed646179da4a80b03aa3f5d1259f6fdae590f03fd4d65
diagnosis_20260823/routeA_full/blocks/426667141.json.gz	178657	83d65f0cc9eeeb91e653b47ed046d44ece62a6906cca615f6bca86bab588d0d9
diagnosis_20260823/routeA_full/blocks/426667142.json.gz	287314	29c966594d8f009bb63d89f6e3f94c17a5a26847dba528e21f671ae3a01b27e1
diagnosis_20260823/routeA_full/blocks/426667143.json.gz	263404	9df6213a5a142c490242b25bc6eb7df6ff0842d8946c14bde4d21ef25f2142bb
diagnosis_20260823/routeA_full/blocks/426667144.json.gz	175183	530488c6d6b15c99d711c7869b4f9384dcd5e90d963b7da849cb713e4f443a9e
diagnosis_20260823/routeA_full/blocks/426667145.json.gz	180818	141e83f76f50af6d6c7ceb9acc4d491d8413aaaeb92312ce2ddcd903f4f2845a
diagnosis_20260823/routeA_full/blocks/426667146.json.gz	276408	b12c42335d74f010ed7e8e948f19a8a8bfb82870a1cf5f0db4bf9742fdf0c738
diagnosis_20260823/routeA_full/blocks/426667147.json.gz	257664	1ca82514746fd1d9162a3ca2f29bdc8a9561b0c2b02cf06e403e4109cf0f6cf3
diagnosis_20260823/routeA_full/blocks/426667148.json.gz	212422	ed8f941103683fe44a9c0ae1ed28945a1132a4ac65c9c35f3aba0ec1844bb233
diagnosis_20260823/routeA_full/blocks/426667149.json.gz	188698	57d620a80438ee9687984e2df331c09ff9507128ccb3032a2388e2bc0d398909
diagnosis_20260823/routeA_full/blocks/426667150.json.gz	188463	8c67ef6674ed0077f59452197cc120183630b591888bf2d54fd2d912580cf938
diagnosis_20260823/routeA_full/blocks/426667151.json.gz	182442	a1558cbfee450945f8406c6dd3a041f6b34ea44c52a42fa95f389d09a425f64c
diagnosis_20260823/routeA_full/blocks/426667152.json.gz	332612	f6325318aebdf5d85b206f976940ea22e1e1be6ed36b9d7ad0454f5a0bb5ba10
diagnosis_20260823/routeA_full/blocks/426667153.json.gz	196552	30c585a0b8d203669c942509633857dd5239fef90390b960c013aa7c50a76bd7
diagnosis_20260823/routeA_full/blocks/426667154.json.gz	191329	d7fe975123a49c43c5cd121ab8496040387717fbc9f2aeb58088ec8e1246deec
diagnosis_20260823/routeA_full/blocks/426667155.json.gz	331816	8ec263dd4b8d8cfea5098a1cc7675ff0f928ac94b268f94b503ee5cfc7da12e1
diagnosis_20260823/routeA_full/blocks/426667156.json.gz	260778	28c6d83f547f1c7f9a639e0cde7046911720e4fde0ab42d089e0ecf4e2d59e19
diagnosis_20260823/routeA_full/blocks/426667157.json.gz	254467	a427c59b1bd5ce0b4c27f1ddaaabe60db40d8c76e4c2102262ffb0536c81c941
diagnosis_20260823/routeA_full/blocks/426667158.json.gz	198738	d03c5052d771779654aa4291e7d8b3c5e3d3f8ec591bbcdea34a5878a0287cc3
diagnosis_20260823/routeA_full/blocks/426667159.json.gz	191697	fd8937b775710cdafd53fb93e5e614d7b3ba1ecc58ffca853f1018da56a5e9e6
diagnosis_20260823/routeA_full/blocks/426667160.json.gz	241596	258ed21fe48095d6c486e3f90bd61ed993b8e794c9f825f951843c3c993e8012
diagnosis_20260823/routeA_full/blocks/426667161.json.gz	156460	4380be0c7675eb7b1544cde4ee6be81c7060b707c4ca76dd794f32a0170396b6
diagnosis_20260823/routeA_full/blocks/426667162.json.gz	141262	f15f0d1d5c3d95bd39d4244fd1f44ae612e4bea0b9fc1fea49344421c3991ada
diagnosis_20260823/routeA_full/blocks/426667163.json.gz	180259	2d4fb9c4fdc753e3be3ce634dbf01b1fa378483bc5945e2c63654a2522107c70
diagnosis_20260823/routeA_full/blocks/426667164.json.gz	175439	10204194afcdf8998be6af98f758e7c5aa9bf6643656cdd04dbdbc49adc3f721
diagnosis_20260823/routeA_full/blocks/426667165.json.gz	176825	b9e6d9997aa941161ee5471abed93e93f80b72b53c1c2151587cee197783550f
diagnosis_20260823/routeA_full/blocks/426667166.json.gz	155402	4d4f18cb4f568aeef70af80cbf6dc00a14b2d345c3fe4f5d0632ef83fa9a8af0
diagnosis_20260823/routeA_full/blocks/426667167.json.gz	172078	47051169b5f7eacd421106d7bcc56ee3133036ab34640bb69a77b4ce500ebba1
diagnosis_20260823/routeA_full/blocks/426667168.json.gz	273291	b4540b3d3413cc87972bc958273b0cb66d48fd45da65d84d564b2824664c5236
diagnosis_20260823/routeA_full/blocks/426667169.json.gz	262497	808e158443d2eb663b58fd5286cbc714f116d136cfc014ac0e8ef6b730ee3c8a
diagnosis_20260823/routeA_full/blocks/426667170.json.gz	180970	039f8079a52d3edbcd4fb4202a94415e955c30b857c4b6f56058aa1067efc9bc
diagnosis_20260823/routeA_full/blocks/426667171.json.gz	228762	5698e59216bad38392282abfafb62c8d142f0623b73e0e46c39bd25f34f8122b
diagnosis_20260823/routeA_full/blocks/426667172.json.gz	444002	6a4dfb60bd7e6f7677f45365a17ffe237a9c53e66d06730346b34888c7e8345f
diagnosis_20260823/routeA_full/blocks/426667173.json.gz	232415	dee511632b56b1d687f11d4607e29b3bc3411460684a8cb543bbb486bb2dd50a
diagnosis_20260823/routeA_full/blocks/426667174.json.gz	240307	803ec89b714d44b6b46b054b0bd24a18fb3bc51704e32fdb68c57e0480d93cf3
diagnosis_20260823/routeA_full/blocks/426667175.json.gz	247534	249b313dd1bb1ec6fd0883e5f3bb55da19bfef515b9fd3c90632cf6293a85258
diagnosis_20260823/routeA_full/blocks/426667176.json.gz	218667	78b16f5f2da362d926c4f73beec59cd9a21fd2e0740e41cf511441e9d3412490
diagnosis_20260823/routeA_full/blocks/426667177.json.gz	333051	f5a9d4bbf326811ab0357267740a36698f2a6e831b1a3e7e6f55c600ef1c29c6
diagnosis_20260823/routeA_full/blocks/426667178.json.gz	319342	7052ea9b8619da1a05b0e8add6c7e401cca5012f2c6747abcc124392befee2fe
diagnosis_20260823/routeA_full/blocks/426667179.json.gz	608835	4a7601474ddbf3d4778416dcf5105be8844597803b2f7344f08abe4e7ce9dfc9
diagnosis_20260823/routeA_full/blocks/426667180.json.gz	452592	6106228d1402249ff99419b7a21400f3cdb06dd951c6164c5521c0155a431c5f
diagnosis_20260823/routeA_full/blocks/426667181.json.gz	326934	16455a184d4b542c62a22a4b81c09803ac1627b044344884a6b2fbc9081c8123
diagnosis_20260823/routeA_full/blocks/426667182.json.gz	273762	6b747b694c9defc2ca20caba0b7ee2eb4fa96f91de61883a4fa2913d4875c10c
diagnosis_20260823/routeA_full/blocks/426667183.json.gz	228775	19f03c7fc30e886eb334ad950539bbe419193726683b9bc1a718abec8249a688
diagnosis_20260823/routeA_full/blocks/426667184.json.gz	218631	b69d00460cf3b0408ab3d60e7a2c44f98df75a5417c6fef282e0cb1475606413
diagnosis_20260823/routeA_full/blocks/426667185.json.gz	232817	533fd0ac27370b2cf83537f5bc6d11fd21f007d500cddc7f1cd76f7019f7e7c2
diagnosis_20260823/routeA_full/blocks/426667186.json.gz	209960	6b785f257d3f84f2f8cf414f40f3465b8ff0a0d8eea612a4fa42e0f7a2c1e23d
diagnosis_20260823/routeA_full/blocks/426667187.json.gz	230773	86d9918e15c9e1967cd86c5ab8b1ff01fcebb8f290d470a308ae9439ed5a195d
diagnosis_20260823/routeA_full/blocks/426667188.json.gz	276392	d6085a8e7cac4d46d8b9cf01538c1c924eb4e3308d1d669f48467099502031df
diagnosis_20260823/routeA_full/blocks/426667189.json.gz	159962	de9816ba137232bd4aea74c98f7181f24f77006942a27ea6b898fa52b1060b61
diagnosis_20260823/routeA_full/blocks/426667190.json.gz	222238	eefa2c1c33da961207bf86073d2f897a9bbe8bbf13dbe5a75d9fa4ed99212816
diagnosis_20260823/routeA_full/blocks/426667191.json.gz	175652	6f0005338e20df615f0c9ebd8ec041253db509d4c2f9ca4e2f7200bcae4456b4
diagnosis_20260823/routeA_full/blocks/426667192.json.gz	153098	9a45fb3e8a975e5c751f33a0f9e21310a53ad715a1fac570c6f3999fb245daca
diagnosis_20260823/routeA_full/blocks/426667193.json.gz	193472	972c53d221a535061e665e6886dce0ac088f40ef51ed0bed511c03a946877c0b
diagnosis_20260823/routeA_full/blocks/426667194.json.gz	208297	d3cfbc26e4974274a3510bc8bed086789faaca44db5066aa25a667155f11b07e
diagnosis_20260823/routeA_full/blocks/426667195.json.gz	236595	49a8310ce85c62cbebfb00f7a7d718cbf82ae17199d5a7a7d02a1fc742825206
diagnosis_20260823/routeA_full/blocks/426667196.json.gz	233265	86ad4d64766a909a57f20776a55c61016ca7c8d84efd4ae7d0dab1c2da92f7d5
diagnosis_20260823/routeA_full/blocks/426667197.json.gz	212648	5f37049b4ae72db47764da2bb87c53694ecdd83b4c04f66b10a7505ebc5ca84a
diagnosis_20260823/routeA_full/blocks/426667198.json.gz	375403	7cb955b5014599a33cf4ffc7e087a3255d01e5bb148ebcd7b3062ca23fa9e213
diagnosis_20260823/routeA_full/blocks/426667199.json.gz	464313	13429bd6a5caa17f9e074d3addb6eee3b09ccfa6b6076cc59e1745d447dddaff
diagnosis_20260823/routeA_full/blocks/426667200.json.gz	590160	6d51864289ab5d1bd400ec0934f3e69339c612d611ef31222b764592aa9e3e4b
diagnosis_20260823/routeA_full/blocks/426667201.json.gz	364963	a920f76c42d284b6ddb3ff11121906063e9088d63c2ade122a51b493e44e9c14
diagnosis_20260823/routeA_full/blocks/426667202.json.gz	459575	07503cea03165242135eede504607623aa8f3affec7bbb06e69dbebab0b2cfa4
diagnosis_20260823/routeA_full/blocks/426667203.json.gz	335606	fcc9bd04e1c7a262ba6e9c54faba2f43d2267de8088831c1da5a1072e751a946
diagnosis_20260823/routeA_full/blocks/426667204.json.gz	333499	3a5901b94e9975068c1abc0d04460f8c826ac05597611fc3b24bc6a0151d70d9
diagnosis_20260823/routeA_full/blocks/426667205.json.gz	217856	7e28da5f1cb051fb37a6ec370a085cc2561d598c45fc3fbee806d9c5036a20ea
diagnosis_20260823/routeA_full/blocks/426667206.json.gz	204834	62bd43695d428c6df106c744663f43d6194fa4d8fc35b21e7fec64a7af4c2b5a
diagnosis_20260823/routeA_full/blocks/426667207.json.gz	218522	30b5a76c9aec0b64da90a9bf6f3841126146d1d9795fc2fc3b5ce4e062e6f11d
diagnosis_20260823/routeA_full/blocks/426667208.json.gz	157147	c3aec942ed60475ef762b89bb652de5877719c1c221a3927d2950dbd20c607e0
diagnosis_20260823/routeA_full/blocks/426667209.json.gz	187473	c918236e33ca6e5fba6d76548c246699a221f40c30e01233a983ce3cfa2c8f66
diagnosis_20260823/routeA_full/blocks/426667210.json.gz	215066	f7c15f9d7cf5ad3bdef2dbe5a0238c410aa2328ab55eb42ef7a0974be04f942f
diagnosis_20260823/routeA_full/blocks/426667211.json.gz	213785	abb053147b5f28619126c77d2598670af2b69ce81c7437cb1ef64f9d8fc2f235
diagnosis_20260823/routeA_full/blocks/426667212.json.gz	389927	b13c8e7c31f666670c3ebb6d397069fd4cb1a3206dfa575b03d599b5f40e4c73
diagnosis_20260823/routeA_full/blocks/426667213.json.gz	181919	5fbcea9cd1606640bff84bb3456dcde4cfafe3cb05e2e5aca673ddbffd860f63
diagnosis_20260823/routeA_full/blocks/426667214.json.gz	145659	b7200209e2bd8f458d1f0cdc93beab027fc8dee6ce17638d6b5fa3c43479f8d8
diagnosis_20260823/routeA_full/blocks/426667215.json.gz	151247	79a1cc17718ec94c83ab79bbeccac6ae6a16da6befc41474a30ef344b2942396
diagnosis_20260823/routeA_full/blocks/426667216.json.gz	284823	9063807a141b01897d3f68e34dbb777c70d8c167c37c6316a78e3fcb6ea069ff
diagnosis_20260823/routeA_full/blocks/426667217.json.gz	325876	bf4b34ba40f653c1d0de483f705a25b6ece45f053c166c1e6a2fae2f5ad9bdc8
diagnosis_20260823/routeA_full/blocks/426667218.json.gz	277409	6965767d06f207041d92a3fb1184af202b525a0d3971a108869c23b697dda5bb
diagnosis_20260823/routeA_full/blocks/426667219.json.gz	194376	fc47500a95f122e7eecde4479b67bfb129ed2eef211de8f247655ad503e78c3e
diagnosis_20260823/routeA_full/blocks/426667220.json.gz	201030	a16ca25370633173bbb29d64284dbc132db210b4d1e71c08799c9b2ab5ca6966
diagnosis_20260823/routeA_full/blocks/426667221.json.gz	170725	0777da2aee5eb013d0c075771784e390fd4561f2ddac37a25cd6bb53abb17dde
diagnosis_20260823/routeA_full/blocks/426667222.json.gz	167106	19cbcb79fcbcb3d3abdd296a516b13dc0955cd8a27a3b49ab6104c35a97c5a14
diagnosis_20260823/routeA_full/blocks/426667223.json.gz	214497	b84347809ee0584d14e6e68a1446e507c25236d7e8205156977271dfde3d6aa0
diagnosis_20260823/routeA_full/blocks/426667224.json.gz	226959	205c67cc12ee5bd2b20388855e5f3903a108b34c2abcb4354fdcd7f60169fd16
diagnosis_20260823/routeA_full/blocks/426667225.json.gz	227865	c18a4a29b9275375a2ceee143ea5ebadd3c50e3b9e624ffabc5fc5f3e931e397
diagnosis_20260823/routeA_full/blocks/426667226.json.gz	232560	00c0bb522ff6cccd1bb04eb2b5e62472119050ea69d1d93eae98369fcc56a472
diagnosis_20260823/routeA_full/blocks/426667227.json.gz	244345	2d0dacfe56a59d0057d14ebc44c5a70418109b95f2763105dd0d82e3c532477b
diagnosis_20260823/routeA_full/blocks/426667228.json.gz	363372	2538a16401f8dada71d0b54505d5fb999e8a5fbe9ff447162fdc1691de50b75b
diagnosis_20260823/routeA_full/blocks/426667229.json.gz	307249	e2ba07593fb12741bda74ff2f6d70d185c66f448c6b64471f89aa58e193161b3
diagnosis_20260823/routeA_full/blocks/426667230.json.gz	222782	7e423d172d0989cf3aa3bafc8ea592e931ce3da5b8945175e609c2b863e4f96c
diagnosis_20260823/routeA_full/blocks/426667231.json.gz	234494	79a4127860669173d7356ee15765c60ac199921128b2810885766e6324ae1bac
diagnosis_20260823/routeA_full/blocks/426667232.json.gz	184020	d40d9d30e0d3905abf27f6791cfdad198ffa905ed4ec614f818ca25174070e0d
diagnosis_20260823/routeA_full/blocks/426667233.json.gz	168476	31cd88a7fe711cd0bcebaa3339bbcd9cd33751451beac2b777b91fbf1a213b8c
diagnosis_20260823/routeA_full/blocks/426667234.json.gz	215068	0c2999db9242cf47cb8a93f26192b0dfa109526472f173cf3ae91c134ef2c291
diagnosis_20260823/routeA_full/blocks/426667235.json.gz	221257	d19260d5d659e64a6a8391fc1474b5ac8824f5c71f1bd23fabeeed9eeb6f2b5c
diagnosis_20260823/routeA_full/blocks/426667236.json.gz	154214	b8889a8872f3b0b4b68917eb64786e3114edba2bca29caacc0956fae09dac97f
diagnosis_20260823/routeA_full/blocks/426667237.json.gz	197453	2c51b2542f29c5eca5d30b97eaf12167a38527e78519fe0facc1aa8924d21ddb
diagnosis_20260823/routeA_full/blocks/426667238.json.gz	201917	fadac6cdec2d594b390aaed5f1a6e1b103c7c1e74e65c8df47c7279658780332
diagnosis_20260823/routeA_full/blocks/426667239.json.gz	382294	3bac7515102fe414a4d0d3b7a656b011a230ad33298ef57847ac2aad88174d07
diagnosis_20260823/routeA_full/blocks/426667240.json.gz	269067	3aa2ceb803146a8ba0aeb44d1f0cbb1711c3b8becf5468190da0e72ef24527db
diagnosis_20260823/routeA_full/blocks/426667241.json.gz	185594	87ab97491bf3088e29d00b5e1bf6bd2ff366fe67d14c2457e72b199cb775b1a5
diagnosis_20260823/routeA_full/blocks/426667242.json.gz	165329	eb4440e0a0ff3c969023349b9168104019c15dd7a1ef2f57c3778d4c3dede051
diagnosis_20260823/routeA_full/blocks/426667243.json.gz	167876	cd2a8311bf6437fb52874a2a2ce5bebb36789548fe0c91bdf9896fd066184785
diagnosis_20260823/routeA_full/blocks/426667244.json.gz	200016	ac55f7a8b9614797f7440718c12a8545c4402d4b9e9e4fc322806591e889a63d
diagnosis_20260823/routeA_full/blocks/426667245.json.gz	174084	72adc96e9bbc9409b5627ed5b9faaaeb1db7647c960cb4ea3c59885895748dbd
diagnosis_20260823/routeA_full/blocks/426667246.json.gz	161355	da0dff39880e194d4297267702a73f9330117e25e7dc33ad2185fcf1b07bdb39
diagnosis_20260823/routeA_full/blocks/426667247.json.gz	168916	be37328578386fc7931c061f9217c0bfb7d0cda1e82ed88a89326e7aa77effff
diagnosis_20260823/routeA_full/blocks/426667248.json.gz	131266	e891fa0d1d5d098f5d9cf24ff518fd8d168b22acdda8505350dc6875dc4f41e3
diagnosis_20260823/routeA_full/blocks/426667249.json.gz	194506	1cf78aae458d30a4160a27f2a03df1ae89aa66bfe82d62929fdc603b81cdd717
diagnosis_20260823/routeA_full/blocks/426667250.json.gz	225564	8f33a7904d219d701ef1ad4a4a04f864a032e81036ad369860b2108c08eb0898
diagnosis_20260823/routeA_full/blocks/426667251.json.gz	221383	734fdab59ad9726d46a16c914d6f08e135e60ce2ce7b017768e74179175e4362
diagnosis_20260823/routeA_full/blocks/426667252.json.gz	244288	a9dfec15e714cbce080f8bbb3ebdadfa396cc3d3e4825f298c533aa9ad456340
diagnosis_20260823/routeA_full/blocks/426667253.json.gz	207705	79684b3b605b71c637b7a621f8312ccd72402650b7a07d3e3bc7369714956522
diagnosis_20260823/routeA_full/blocks/426667254.json.gz	170216	13debd4a9c61de965e95e4f2c4822ff89e3c845282c996fb6e846d7abada91b4
diagnosis_20260823/routeA_full/blocks/426667255.json.gz	198594	7ac7b65b8dc80a91f650cade3d86e5327d06f90cc60de9c2a7dd0ba7375d8828
diagnosis_20260823/routeA_full/blocks/426667260.json.gz	343698	5f7a0afed8292d8f747cefd78cb4c117fcf2ed24b5e875db8bb9c7e2b81a4a18
diagnosis_20260823/routeA_full/blocks/426667261.json.gz	284925	fd7c05c282e6b4ce99c691abed675b941e170e897f33f8812badeb7d95a35481
diagnosis_20260823/routeA_full/blocks/426667262.json.gz	231115	8783b3184bd1b7b53b808c30a9560c2752d65ad082cbb0b4255b4f3ac40e1bab
diagnosis_20260823/routeA_full/blocks/426667263.json.gz	212674	767525c64c22563351de3fd68530261889d7ba29111049dc2dfc2a467c078a89
diagnosis_20260823/routeA_full/blocks/426667264.json.gz	180641	d7ff41cd6d022821fb9b010c746c960018bb616257a4bbc9f0c8ea84170f48e1
diagnosis_20260823/routeA_full/blocks/426667660.json.gz	245899	cbc28e2e7ee94a3eae8f9b71cb639e8b400dc149ee5dd580806d517dd05b73d5
diagnosis_20260823/routeA_full/blocks/426667661.json.gz	261508	cc212e242591db345cf629e61620736b8d545a94f4516dd919492a5d2aaaf0fd
diagnosis_20260823/routeA_full/blocks/426667662.json.gz	231031	1bd061df66f86b3b0a1b4999e259bd810acaf67b06969aa82bf572495ae85588
diagnosis_20260823/routeA_full/blocks/426667663.json.gz	228524	bf6dace43bb30e7a12e387e93800a260f497417b2dbfe6306eb76d9add5363ba
diagnosis_20260823/routeA_full/blocks/426667664.json.gz	359728	f3b79260360f4e0bb205c8d415aa4356f1b3f45ddd3bb6406e3fc695daa7bb5d
diagnosis_20260823/routeA_full/blocks/426667665.json.gz	302069	d8dbaf55b2f2c36701a6c6c6efe76308fe160e6298a77d5ada805060980a29e2
diagnosis_20260823/routeA_full/blocks/426667666.json.gz	469521	dab52b176d1e1751e8ffe21d35fe28aee60f27f6265bf0126eec166d65d23a9e
diagnosis_20260823/routeA_full/blocks/426667667.json.gz	476843	d8e5647d5be207fcbfc73a8cb7b7274061dff02860c79df7f6d177678d0eb28e
diagnosis_20260823/routeA_full/blocks/426667668.json.gz	365019	1db399b979a204195b7073c395c73aec1a44c5524416c5ddf0f7f8de216437b8
diagnosis_20260823/routeA_full/blocks/426667669.json.gz	335126	0a7f9329248d64ed41627e5f1003ded7a95bcebf65b86e8516eb120ce57ab040
diagnosis_20260823/routeA_full/blocks/426667670.json.gz	243162	53024e56644aeecefa9c88567c37f60e9b3b259485ff5fbab629334d81bba9c8
diagnosis_20260823/routeA_full/blocks/426667671.json.gz	279662	63544385b5f6c0996da083c5d8133f4fe6d22f95f25cb05a6f1992f054f71473
diagnosis_20260823/routeA_full/blocks/426667672.json.gz	410148	78668d2819e4197502a0ea4a369c79c44dac9586b72fc59c1e9f0c203c922e49
diagnosis_20260823/routeA_full/blocks/426667673.json.gz	257099	5688426fe51ec6119a05c19fd3f16c0282cacb0a097d6096f862cfc67584bc1d
diagnosis_20260823/routeA_full/blocks/426667674.json.gz	270259	49a03b3067fe5863f2b5e30f7dfeb05c23a966040e3ce77b567c1340fdd8e301
diagnosis_20260823/routeA_full/blocks/426667675.json.gz	272892	6bd882859370251477d01e22485244973d83a2121ee72a578b1ccc8571087b10
diagnosis_20260823/routeA_full/blocks/426667676.json.gz	367282	657fb13f0dda7ed787ee7c09231295574d29a9ce0bc414bcd8c46d04209a5e92
diagnosis_20260823/routeA_full/blocks/426667677.json.gz	232119	010d9e3223571488400d4db42d9725d3094d5aea61fd943318c94702e9707752
diagnosis_20260823/routeA_full/blocks/426667678.json.gz	168582	60461b10a42ff5bf1741870ea5a8b6f5a0309ad6cae5288774269cd918c612e6
diagnosis_20260823/routeA_full/blocks/426667679.json.gz	186683	0f6992c107ad6417030f198c8fbd69b71336ed0b0f6b74e116bea435774c93c0
diagnosis_20260823/routeA_full/blocks/426667680.json.gz	249488	121c7422e28c3a7762e5ee864455dcfc5d37e2b43317c7b550d0e76a26a1196a
diagnosis_20260823/routeA_full/blocks/426667681.json.gz	253351	da054fd1548e96ab3f4443dfc6df98098b9bf8cae2f29a84066e13aef1c66874
diagnosis_20260823/routeA_full/blocks/426667682.json.gz	334062	344af43adeb3259e7b41a1e2191066a9c758dbabbc7bdd127ae01afc691a8ad3
diagnosis_20260823/routeA_full/blocks/426667683.json.gz	186798	de24925e04ad6fcd08a7f64c4eec87b17b439b3d6006c1215fb61968b78f9767
diagnosis_20260823/routeA_full/blocks/426667684.json.gz	485911	a40b06d0295977dab55b2242e465a018a12833ae89904d3cb7782b6ac7865ed0
diagnosis_20260823/routeA_full/blocks/426667685.json.gz	221221	23012be7ab37072a1953e2acb7f4f8dea03efcd5c0f895a132e3f77f001ef686
diagnosis_20260823/routeA_full/blocks/426667686.json.gz	265824	d49afc181941e0e8a0476260866881b6956abc4efb4b29b4d6d86b95a6bda87a
diagnosis_20260823/routeA_full/blocks/426667687.json.gz	273457	3951814ecf5d9e70cce63715356185ef02419b97624302484c69f45c9831d1cc
diagnosis_20260823/routeA_full/blocks/426667688.json.gz	169671	8c75f17e3ef7bbae7e41c14d57725042a6a96902a035f2f7c8faf0576efea48f
diagnosis_20260823/routeA_full/blocks/426667689.json.gz	211389	1dd876cc8e02e3e6e5613480ba4032d464340daeadd709ff39d47304a6a848a9
diagnosis_20260823/routeA_full/blocks/426667690.json.gz	234654	7a3e8931a5e2837376c340d60835c8a806e7d72ecb803f546642636e151ce9f2
diagnosis_20260823/routeA_full/blocks/426667691.json.gz	457911	6b3f3be61eda7130364624fd91dcb448b08a0fadd0d5099d8d967b477d240e72
diagnosis_20260823/routeA_full/blocks/426667692.json.gz	307366	55077290a2e070ed10686a1f8e10c8a4ae221da5906278650387e12a6a09273d
diagnosis_20260823/routeA_full/blocks/426667693.json.gz	355495	322939c1fb253ec387e8cb8df18cf1a2884c63f4e6e836f839267f8daf8acaab
diagnosis_20260823/routeA_full/blocks/426667694.json.gz	356652	3955aba313d99e7ca4213894dbc3dd2383568fcab0626560da9e84625d53a5cd
diagnosis_20260823/routeA_full/blocks/426667695.json.gz	266579	b4ec4d32e0cd73b4c66507f0a2d69ca98d6c94661feb1f8c1b1df56a764f5df1
diagnosis_20260823/routeA_full/blocks/426667696.json.gz	180095	21103cb09abe0abab9e8d85053b8fdca1cef8b0d20def4ed7776ab0e1163d02e
diagnosis_20260823/routeA_full/blocks/426667697.json.gz	179179	2022d1d371171d38f1e0dc358ad55cc2a1fc089bf89a460f790039bad97bdbd5
diagnosis_20260823/routeA_full/blocks/426667698.json.gz	224057	03aea9ee6752c606845c8981d0133e87290c75ac4d1eb3f877dc760b6bb593bd
diagnosis_20260823/routeA_full/blocks/426667699.json.gz	187640	ecab06ae7df48ee954013b1e6ceaad0bee7cb258e15a8a714bd810e9e467d4b8
diagnosis_20260823/routeA_full/blocks/426667700.json.gz	337375	fbde0a5d807f5a50f995887c60fd72af73293ae4f70968bf647b7df6e1f590bb
diagnosis_20260823/routeA_full/blocks/426667701.json.gz	215570	6b3be86bc186d6d264ab3ef78b2c8d61cc510ef3cb4392fa9d03e5500b504638
diagnosis_20260823/routeA_full/blocks/426667702.json.gz	235562	6ebc576e00fec79d1831f645253768032f7ca3ec0714b5e3d622421bc20e0e6f
diagnosis_20260823/routeA_full/blocks/426667703.json.gz	177041	4a4fd4816921e4eec35ad9f61aa5b1d40b77531df1a3e51bd3a597124fef4a3e
diagnosis_20260823/routeA_full/blocks/426667704.json.gz	235938	cadb2583377ab35243a4f21f1aa166fdde360cb057a0889b0ef01cdd4f6075e8
diagnosis_20260823/routeA_full/blocks/426667705.json.gz	257872	8a1a01aa24a4b6d91efc45d43627f2d9678560a13a99ec6144a3056b1845cd99
diagnosis_20260823/routeA_full/blocks/426667706.json.gz	238587	1be0bc51d34bceab77613f0702f7fd864115403de92f15e08e0895a0c1c928f4
diagnosis_20260823/routeA_full/blocks/426667707.json.gz	288289	760152f27332f6980f841820c8f7bb7baab9756e5bd1ae64a4bfbc7697ee3fe4
diagnosis_20260823/routeA_full/blocks/426667708.json.gz	281283	fa83a9c6b729cbf777f22429c1f0eb1555d0909b33ce793e376665f74eba4898
diagnosis_20260823/routeA_full/blocks/426667709.json.gz	273272	f8af43e8dc22f33d47ec834f3ce7f2d9a86ce076d38e3dc75d398083fa693ccd
diagnosis_20260823/routeA_full/blocks/426667710.json.gz	216676	a8cfbd4baf222accc9345a6113a002ac4b00783afc648f0b95fe2f55d4032d5e
diagnosis_20260823/routeA_full/blocks/426667711.json.gz	201120	efff64db93a786c42efe2d6eda59f10bf91b889ead60c267578da97154f5448f
diagnosis_20260823/routeA_full/blocks/426667712.json.gz	184808	a15e5f161f18fd4291a897adb0627bb551506308632bc88ed4067a1717df11b5
diagnosis_20260823/routeA_full/blocks/426667713.json.gz	300270	79937a77008ad2f8225d73d17b0620a9ed8cea282ee91abe7160d4ae12c605d1
diagnosis_20260823/routeA_full/blocks/426667714.json.gz	198157	bf69fd781e7e33249c84589d7668c517377669a570c63c211b6ba70da0f93125
diagnosis_20260823/routeA_full/blocks/426667715.json.gz	188563	98c43bc29ba2e39d04f8a940ac6d6fa396f47675b5e05952d6690018865e0c23
diagnosis_20260823/routeA_full/blocks/426667716.json.gz	254680	a102385584eefa37fb21f00960f0c7e6831a6cf6ce2628b49d87afc5767a74fe
diagnosis_20260823/routeA_full/blocks/426667717.json.gz	205164	8ac5256c31bc2e363e31db6eb15f06a5bfc531c795b303bb1e8eb99556810d92
diagnosis_20260823/routeA_full/blocks/426667718.json.gz	199426	c6313e79a10d48476baee0db52fbe0dd773caeb6474ac18e06be8e3f17987d65
diagnosis_20260823/routeA_full/blocks/426667719.json.gz	216721	0eb500b6fff73a8badef5264ce9843679b1dffe554eed01e19985d9ce1244fe5
diagnosis_20260823/routeA_full/blocks/426667720.json.gz	170334	f5e18baaf2cbfe0fe21c1b6c14bf659929c505f07519083e4ee3d1337515e1b1
diagnosis_20260823/routeA_full/blocks/426667721.json.gz	217065	7d45eb122c543b0de33585561ddb1fa6cea45a09ece1326566d364f296d4474f
diagnosis_20260823/routeA_full/blocks/426667722.json.gz	284711	9af001f4c501ab671a79417bf33bd10804f194f50fdaae47b89fb4c4865ff724
diagnosis_20260823/routeA_full/blocks/426667723.json.gz	286387	d9c1ab78ce774eef9bec61244f6a4365a5453978bd28c8ab18db287d95b1aff1
diagnosis_20260823/routeA_full/blocks/426667724.json.gz	254997	4a153e20cbb0582f1e08c157f077545c5cc99a9cfd28b443d3c145d96cff552d
diagnosis_20260823/routeA_full/blocks/426667725.json.gz	204096	a6b39bce688f3e702ba6f6079010d467d515906c9a633999cb8335d00a9517a1
diagnosis_20260823/routeA_full/blocks/426667726.json.gz	342201	b2acbb0529b79a75e5d53254683f33904ee38cec9f5e6923d5eeb0e7de7b22e7
diagnosis_20260823/routeA_full/blocks/426667727.json.gz	267925	395085291d8ec99e02afdf1f346abd75bbad012da9e5acab516dbda942a48269
diagnosis_20260823/routeA_full/blocks/426667728.json.gz	420907	d27120524db5b17d00faa9caf60d6eb5b7dd5a556ca88eddd718bd92e8b86eae
diagnosis_20260823/routeA_full/blocks/426667729.json.gz	290168	5ffbf33830b2f2d6aed081dca4b38aa9c68ac6ab0e6c15cc6384166ec5e8bff0
diagnosis_20260823/routeA_full/blocks/426667730.json.gz	258984	346ded1061f27a2a020dbe8e113de18f254caa78448f98dea948f36412c39903
diagnosis_20260823/routeA_full/blocks/426667731.json.gz	226995	c33437bd52989e3777175c94974efce8ad25eb7fa58497154556c4ef42f12c88
diagnosis_20260823/routeA_full/blocks/426667732.json.gz	523262	ded2686ec4ced6530eae12166a654877ad5ff0b9a57ec00761aff810ef54d545
diagnosis_20260823/routeA_full/blocks/426667733.json.gz	455556	dcb13e98a4e6548607e2e64e4c8224c0e183d3a4610f234577ebf5f6e9cbf6fa
diagnosis_20260823/routeA_full/blocks/426667734.json.gz	447600	90b4f0eb3b0d6dd7bdc496d66ba13f6a768a83abaaed4dcffc32a07c07d3307e
diagnosis_20260823/routeA_full/blocks/426667735.json.gz	509451	cf00c5a5160ec6d09ddedae5360b8bfb6b5e09927734e1f16df47d080ead4202
diagnosis_20260823/routeA_full/blocks/426667736.json.gz	405393	58062b6f77de87049737e6bed42dc01929169d4eac3208e85ff343bf74064445
diagnosis_20260823/routeA_full/blocks/426667737.json.gz	327271	256ac996b254283c753352a2d4fa34a76299d8198ccc1c442d544464d4506672
diagnosis_20260823/routeA_full/blocks/426667738.json.gz	308415	17abf0acf27b640bd922e27aaf08b4304c2d401688867fdb595d3ef836bfad07
diagnosis_20260823/routeA_full/blocks/426667739.json.gz	368632	afa9fe488a046f3563cfae7a3c90de783bb00b17ab29e2aca09b2c6af2b5d5fe
diagnosis_20260823/routeA_full/blocks/426667740.json.gz	390923	9388d96fc5f96316a07da2e18c978972662ec0cf10a26d58f11688421c38dedf
diagnosis_20260823/routeA_full/blocks/426667741.json.gz	407742	c320aa1b3441ea2e5dada161c758f5f676e6509bd088fd5dd09fb2289696d034
diagnosis_20260823/routeA_full/blocks/426667742.json.gz	275607	f3c706662966b3b2912aacd0c6c6e036afbf77253e2b6e8423afbb5059c981cd
diagnosis_20260823/routeA_full/blocks/426667743.json.gz	208584	08161c32998a94a4af50e4f614f3722f284747afcfd1b8083e7592350f3221e5
diagnosis_20260823/routeA_full/blocks/426667744.json.gz	303114	79584682e97d64213f17d48c838ed20775f9c1d9018e206b3085c2fd38acd9c1
diagnosis_20260823/routeA_full/blocks/426667745.json.gz	321199	8cc139886557a3c5d1907ea061a6b7032501bb286f71793a74987e0934aeda8e
diagnosis_20260823/routeA_full/blocks/426667746.json.gz	269043	978e74220ed5f913c0bc261cd7e38a3989edb496f502821f139d4abcaab89834
diagnosis_20260823/routeA_full/blocks/426667747.json.gz	309406	22be3a25ab5d337627c7c6573f1f8f0411f0805699995b05fa5cb9dcac76e47f
diagnosis_20260823/routeA_full/blocks/426667748.json.gz	523765	b404dc1f23d23a1f942d93903d80d71df1281dfe83201261ae679ac1d46eaa23
diagnosis_20260823/routeA_full/blocks/426667749.json.gz	457933	9c36991eb4271114ae413fdfbb70b2a468b297136c782576ca23040f0ccd6d72
diagnosis_20260823/routeA_full/blocks/426667750.json.gz	428710	5b69073c52239442d8b7eff9e23cbbb7134b9b689a585400e016d64727d92b82
diagnosis_20260823/routeA_full/blocks/426667751.json.gz	464811	9430e476a9de401ecf279715478f5b167ce3059493d5d2d8fddb48ad18dc473d
diagnosis_20260823/routeA_full/blocks/426667752.json.gz	335799	e5c743fbdf8c219b68cc0f82489b6470a1bea3ad1fed2161174855efd3abdad0
diagnosis_20260823/routeA_full/blocks/426667753.json.gz	384923	414fbf2c756e26b78229bff8a08dff19e49f455472c09ef15a29887bd92a9f85
diagnosis_20260823/routeA_full/blocks/426667754.json.gz	247251	5cfcf76c606d84f34b99850f205a2e00f91a46c26c27610b4fbd753431c6bda6
diagnosis_20260823/routeA_full/blocks/426667755.json.gz	316017	cbce4c5f4e35e38c225fbf335b90ab6e900c0899cfa889ae11680de1e4eeb30a
diagnosis_20260823/routeA_full/blocks/426667756.json.gz	263548	55d6bdc7a24e4fd85adbf4c417f866ec4fa9e86ec6d039fc35bec92e8b7f6ac0
diagnosis_20260823/routeA_full/blocks/426667757.json.gz	324747	382d6dde97e8893338f96beaee82a1b25b5c5fc63c1603420caf61e937177ba2
diagnosis_20260823/routeA_full/blocks/426667758.json.gz	394822	c24d1f21e7ff0abbb98cbf964cad0ae627f4bc59d5fa3f462bf2aa4dd1e12145
diagnosis_20260823/routeA_full/blocks/426667759.json.gz	339382	309f9a61c57d95d83bffc6d704369877b604de0a3073977401123b897149a522
diagnosis_20260823/routeA_full/blocks/426667760.json.gz	636333	7c46d707fcc1b2665fc5a67866c5fef8997e6f5744f8b2a28da736d482aca763
diagnosis_20260823/routeA_full/blocks/426667761.json.gz	392380	b99171886056b57c5e7b77d66b03736421a691c378fbdf3dc1697672dfb359fb
diagnosis_20260823/routeA_full/blocks/426667762.json.gz	376716	909577379c1a22c69070fd48a69584ea49262d5ef7a0aac821e84cc8eca42a5a
diagnosis_20260823/routeA_full/blocks/426667763.json.gz	351626	97d0627cbef50651ecf4213afbe653297306127eda0f209138a3e0ae2dead403
diagnosis_20260823/routeA_full/blocks/426667764.json.gz	328827	1676c4dbf2898ca167a18fce0d0b302dc05b0080673da773067f513b6dac6ee9
diagnosis_20260823/routeA_full/blocks/426667765.json.gz	318032	68000e3ba10835fb4fbdf10830604c8ea0994f76d4ca52667cdebe8a74a515cc
diagnosis_20260823/routeA_full/blocks/426667766.json.gz	189248	447fb1d0566875cef8c6bb6d5b78cf7fe6bfb5ce59b2c1c729c6a408bbdb7a1e
diagnosis_20260823/routeA_full/blocks/426667767.json.gz	274378	50646685d5d9d1a8f5df81efa902c57a638f107bd6ea2217b04de6553290a2e4
diagnosis_20260823/routeA_full/blocks/426667768.json.gz	216401	c909bcb43b2381450c578dcdba6e5d563cb37ba209a41d6d780a08b7a9703b2d
diagnosis_20260823/routeA_full/blocks/426667769.json.gz	298574	bea5741941604971782b9c318e62f3bc4ca70e74a2688d28bf27927a4043edbc
diagnosis_20260823/routeA_full/blocks/426667770.json.gz	245923	22a9b81ad0148d23777e485c60049c4c3e09a7a98e5e0f5ac7d6de7ffe832959
diagnosis_20260823/routeA_full/blocks/426667771.json.gz	303557	87496be1c35b64cab1c4983b11978547cbd73cd6ab5b9ceac7eab271842b1d42
diagnosis_20260823/routeA_full/blocks/426667772.json.gz	418046	6a21634ede70fe1ae758013f95d8e1ec9154fa7b308d6315cb0c7157c4e2021f
diagnosis_20260823/routeA_full/blocks/426667773.json.gz	214359	d84a7352635891a3754f1fb102ede2b7e01819e07cd26386f6e4b52ed62f8bc1
diagnosis_20260823/routeA_full/blocks/426667774.json.gz	187144	7acad4792bfd4a4a97d05a56496c3b34409bd057d109c27d93db133c982dbf22
diagnosis_20260823/routeA_full/blocks/426667775.json.gz	276446	fb08f5b5eecf4032850229a1d8e0a109df8225aee16f548d412f535b425abf7d
diagnosis_20260823/routeA_full/blocks/426667776.json.gz	370170	7b9096bf222e5851bac8c8c03519d9f9eb9c6ab8fef6d73936e8a164fe78ac14
diagnosis_20260823/routeA_full/blocks/426667777.json.gz	281481	99b6f07f1f9d200f0a7786f2461cbc75047748a77aadaf0911de6b46515f50ee
diagnosis_20260823/routeA_full/blocks/426667778.json.gz	318014	aa30b5dc23659f987dca41515db7714fe9c2d8f60979db115667219bab7740b2
diagnosis_20260823/routeA_full/blocks/426667779.json.gz	291407	c70b12616dcb2cc398434f6c25daf797945de8fc2cd93632c6f05999a76580d2
diagnosis_20260823/routeA_full/blocks/426667780.json.gz	249258	83f64a0801f60a2a5d35dad7e78cd22771f0ae1fb34ba22f0d0a29ee79109184
diagnosis_20260823/routeA_full/blocks/426667781.json.gz	241108	3fdcb9b2f6e2303cb72231c3884ebad4146e3313f014e9c91019e58b6259e621
diagnosis_20260823/routeA_full/blocks/426667782.json.gz	189480	89aca075d230583a1fd1904a000946af927dceb43eb75bb436b285fbca278432
diagnosis_20260823/routeA_full/blocks/426667783.json.gz	172415	f9b6dd5c68737fb2931d2c84917d4ea093d1a5ee4bf4bdac826a50e55e2b5808
diagnosis_20260823/routeA_full/blocks/426667784.json.gz	247100	2b96e03fc8424879e626a1a33e3bde59c82d509a250473acd9d05b3f080d6700
diagnosis_20260823/routeA_full/blocks/426667785.json.gz	278113	1e4bb6c1b3f2cb5135d3eb471050a3ee8e2d7bc09cd7bc0358814142d8ede308
diagnosis_20260823/routeA_full/blocks/426667786.json.gz	315318	1cc2cc9d756f3a6975cbaaec97168aef3edb8c321075c958a08ac12de38cbc70
diagnosis_20260823/routeA_full/blocks/426667787.json.gz	312454	ab03127af672b058b14099d46f0396502f205a375266d73aa7335c34ee8311d8
diagnosis_20260823/routeA_full/blocks/426667788.json.gz	181634	440e598918c3efeb4bf282bd4cfb28bc49c13a3fc95b00a22dcc8561d55ebb0a
diagnosis_20260823/routeA_full/blocks/426667789.json.gz	240178	19a3e9c9ff41ade017a9941e4b53a2e713c1fff2a25a9099d7708ea0cbc58166
diagnosis_20260823/routeA_full/blocks/426667790.json.gz	230754	4da34929acc00c41d8369677201b36d2fcb50d08cf625d3c899e4f6d23f464cb
diagnosis_20260823/routeA_full/blocks/426667791.json.gz	276711	678018b941a1b690974b4dbdc4a2c9245376da6b2e899bb35ff9cb073eb1449f
diagnosis_20260823/routeA_full/blocks/426667792.json.gz	182618	9307f2426af1a1d408ac1b969a8466f63150a17be423eec35a3162fbf7a65cfe
diagnosis_20260823/routeA_full/blocks/426667793.json.gz	207634	b47f3941155da49c68d1350d51fbbb8be25fbbfb99ac45a1fe4021dd12158896
diagnosis_20260823/routeA_full/blocks/426667794.json.gz	170804	c0026efce6219f9cb2cd8ea56944eb9b0fc00df241cc7339e5169042b5aab64e
diagnosis_20260823/routeA_full/blocks/426667795.json.gz	177704	0be57a64cb432a9821808ef0fe81d85411c465f3d6d814372280a01f111319da
diagnosis_20260823/routeA_full/blocks/426667796.json.gz	209639	b032cd755cf8bd9e764e41b012d4bab42e69ad9aa1d6c67321ff8253780aad35
diagnosis_20260823/routeA_full/blocks/426667797.json.gz	218894	f92a1b5d8b09d3d3767ecfce6931b5dd1d25d614fd2df64717a0d1c0f7ef7cd5
diagnosis_20260823/routeA_full/blocks/426667798.json.gz	275945	c5ed792596c7445ac679df3edc62488cad6e9a6d49fb4441953f9af7cedbaa2f
diagnosis_20260823/routeA_full/blocks/426667799.json.gz	286638	70e8d44c88476faed91dc990eae93464c57704e6b2426a6c1cdb1bb6c1bdc73a
diagnosis_20260823/routeA_full/blocks/426667800.json.gz	255473	11beda06edd11b7562538feb95308ee984852ae23826ad67997bb7451c985496
diagnosis_20260823/routeA_full/blocks/426667801.json.gz	310941	867d85f2defeaf47cb3f0a8334bcaef7cb33d572feefb2ed2541d61ce4156518
diagnosis_20260823/routeA_full/blocks/426667802.json.gz	319140	d230c3c5a5c2b954c6ca4d308f84321d643d9a36b7bab4a763884e279206058d
diagnosis_20260823/routeA_full/blocks/426667803.json.gz	233660	c2cd35df117c1c24b91e2c501fa30223756452b8b4dd26551a74cd611ceacc52
diagnosis_20260823/routeA_full/blocks/426667804.json.gz	441905	b87f214813ec1298190b592d773326099f431bf1efab27a1656190db74f88947
diagnosis_20260823/routeA_full/blocks/426667805.json.gz	188754	c2565794d44125a6a7dc588bdfa756b091704c535fb6f0e844eab125a8eb2db2
diagnosis_20260823/routeA_full/blocks/426667806.json.gz	182598	b1e6038a394b6e51f962c9dbb510f603b13b011448432dc8f3ce4ff342ea4b4d
diagnosis_20260823/routeA_full/blocks/426667807.json.gz	239813	aae19b9d6716ba4d63a568b8a11f686773ce4c419c9339e769336113e85a6420
diagnosis_20260823/routeA_full/blocks/426667808.json.gz	434678	58392b0ce13f1f2c637761067d46a86c7ec20b468dfadcc14dc0fa075c1f98e7
diagnosis_20260823/routeA_full/blocks/426667809.json.gz	364394	1849f9688c9a39c2ed56b308fa3406d5ba01d82a6e4b5070f6953b81e19cb798
diagnosis_20260823/routeA_full/blocks/426667810.json.gz	281479	71b349631ed4e4b6183e3dd0ba81ba646fad1b3acd8fa1706c72a92d13dd0571
diagnosis_20260823/routeA_full/blocks/426667811.json.gz	415264	398a0fb6a40d96d5f31f06387dd614882e4976cc8a72b82c3db325c0d13e1642
diagnosis_20260823/routeA_full/blocks/426667812.json.gz	307428	0a6a80a9c073c120b4964c54705acbe03e589837145976538ab7eb18d5be1510
diagnosis_20260823/routeA_full/blocks/426667813.json.gz	356770	fb5c067b8f5c464a364fd6301d6122348400e6859390204525354a9ac0824cae
diagnosis_20260823/routeA_full/blocks/426667814.json.gz	215324	98381916f8075c8d5a93db3fe913c85bb604e53409d850c7ab199d2ed33eddf1
diagnosis_20260823/routeA_full/blocks/426667815.json.gz	244222	73870996037881ef62f526ef3a1b2ce1761c08a2d23d31e68c336ace7f45787b
diagnosis_20260823/routeA_full/blocks/426667816.json.gz	209965	a1a5d3734d2536d47907d39f01d904c8cf66b3dd3afaf11762616c074c8d4f20
diagnosis_20260823/routeA_full/blocks/426667817.json.gz	192437	9be57c382bcee6659f859f4c68425684ae2467023ea0915bf44b86beed97a22e
diagnosis_20260823/routeA_full/blocks/426667818.json.gz	230062	f353e7d1b5f54b00e67bd56f4daddc459cf1234b2fdcbf8ac64cd7694216caf4
diagnosis_20260823/routeA_full/blocks/426667819.json.gz	150127	bb1d060171f410408f0433f0895820d53952fe2757a84d54a90b6ea6e6d92703
diagnosis_20260823/routeA_full/blocks/426667820.json.gz	266769	d42fda0e4fee0f0dd9e2af886a52cdf12f5708f0a7e5188c02cedf230767a2a3
diagnosis_20260823/routeA_full/blocks/426667821.json.gz	307209	50f6dce0613cc8bea7ec634dbcd7c86e3ba74625a6f91e7b607c94d488b7e6cc
diagnosis_20260823/routeA_full/blocks/426667822.json.gz	521673	fbaaae1a869d0e683bdb0524861d97dc399868783157d1f3e72276057812476a
diagnosis_20260823/routeA_full/blocks/426667823.json.gz	274668	7cdba025ef67df0527a6a802b504f5d353a2a5d3d3f732c6f55796010d99ad22
diagnosis_20260823/routeA_full/blocks/426667824.json.gz	148707	aed2726c5381d0bfa23e2a68fa6e1f0d18c9a05f68e110f2811b7d41a37bd9dd
diagnosis_20260823/routeA_full/blocks/426667825.json.gz	168368	6016a4d432634a2dba34db16a2ccbe309c081232527e6eb69fbbef83d4e9f153
diagnosis_20260823/routeA_full/blocks/426667826.json.gz	178260	8eb76181f43b5a3d41df5565d17c3b047f9f856b343aba77fc3498d7e2a06bc7
diagnosis_20260823/routeA_full/blocks/426667827.json.gz	165022	78a18df5bd11ab66eeaa4f14cd93487258398bcbb8370bb4c4a428293810bb5a
diagnosis_20260823/routeA_full/blocks/426667828.json.gz	268909	08515fc92168fc947a85b77982d64de72f82b3afdb7c18c708c572d81987be56
diagnosis_20260823/routeA_full/blocks/426667829.json.gz	313606	0d274feb51dbab252149f21a9eca83e79ebc46a39fabfa3f10428306d0bf0065
diagnosis_20260823/routeA_full/blocks/426667830.json.gz	208697	153505bfd63a8fc3afa88fb8159b42fb427059de4d7c8a3ea0a939698be8276f
diagnosis_20260823/routeA_full/blocks/426667831.json.gz	363309	0d7d237969cab69e0759bcc5fffc5fe362b126de9c6b0b514b32a3531d0f4359
diagnosis_20260823/routeA_full/blocks/426667832.json.gz	287596	5d44d477a3e9238dfa9e2fc7b6c1a3020038d7710ff088cdbb1ed9c4b14b531a
diagnosis_20260823/routeA_full/blocks/426667833.json.gz	223770	946761d1d0371d67287d5b1dbcfb1ac9f597180046c131bf1fe1d9a7fde409e3
diagnosis_20260823/routeA_full/blocks/426667834.json.gz	163719	3c90bfc06f52ded3ef5d5760aa850594ca7cd25e5d3399880436ba1108b4a916
diagnosis_20260823/routeA_full/blocks/426667835.json.gz	230661	d463ef238d3ba43d1de22b351aa8a05b13d389f2f9dbca322ada8f03b02ef184
diagnosis_20260823/routeA_full/blocks/426667836.json.gz	331612	e8e2c01d4f682ec5287b221c1c6a4ff2a267dc82c90252b907a6e92bf9d45ca7
diagnosis_20260823/routeA_full/blocks/426667837.json.gz	391138	0d99b31a1a0837712a9d89958f85206c8c49cd7a19e9bd7f17caf5d167f5c30a
diagnosis_20260823/routeA_full/blocks/426667838.json.gz	266037	31ce8f9f651a78c8d002206c787947b421fdb7d985a2877528cc7f7cce32da6f
diagnosis_20260823/routeA_full/blocks/426667839.json.gz	221747	29910b217ec6e518544ed9da6ea8a7aeb2b34933d6c2e24d24644ff97618058d
diagnosis_20260823/routeA_full/blocks/426667840.json.gz	191255	d324a22eb617708579e6714c3346ee9f1fba9782f12d7a3a235dcf2a8ee67c9c
diagnosis_20260823/routeA_full/blocks/426667841.json.gz	391294	b947a11411b230fa4db18f10e9f947a189f1b1b835c8939ab3c11fbafad1bb78
diagnosis_20260823/routeA_full/blocks/426667842.json.gz	230345	1617d5fb2bf91dc9007f41eb38602e72738f8e7cd503524395fb4acca9ae699c
diagnosis_20260823/routeA_full/blocks/426667843.json.gz	308897	890b7d37ec0e1de64fd8c83fe8f6608c44c679853025c2050c575aa9812e7448
diagnosis_20260823/routeA_full/blocks/426667844.json.gz	298872	4011d1198ad5a7651607f4177123a640fe82847aadbcf08a2e82ad245477d5df
diagnosis_20260823/routeA_full/blocks/426667845.json.gz	240452	b2b785e6782a030b0cae6f45b73855a60119398790a28ff54d636e433b0101a8
diagnosis_20260823/routeA_full/blocks/426667846.json.gz	245447	1de005b57961851ee1badd0a29212f7c5e1ca0386006e82a669d15be04c07fec
diagnosis_20260823/routeA_full/blocks/426667847.json.gz	203475	f074d337d643414795ad68edb8d28141639dfa66163553db30df57da72e80112
diagnosis_20260823/routeA_full/blocks/426667848.json.gz	270704	c5e56d2bd8b176c499a684ef0b9505b8e6075f3bc4d4b6f4354c568bbc7cea87
diagnosis_20260823/routeA_full/blocks/426667849.json.gz	248718	c345e6c52bb5bca74142902b5d37dd02d534ab7723d550247ac7b26c7a6896cf
diagnosis_20260823/routeA_full/blocks/426667850.json.gz	189442	63a9f4910896d72ce2cd79b60753f30f2f1113a3b5bdb9b497ceb2426fc1dc4b
diagnosis_20260823/routeA_full/blocks/426667851.json.gz	173467	4ed29573ab1db6adf3f139e248d0157d0a81e94f5f2729d17a69b1465a9932b2
diagnosis_20260823/routeA_full/blocks/426667852.json.gz	239171	f2c761f5e2ec6bd78e181a0a199973f75c8e9a16bf9fcac432dc5bc3d283049e
diagnosis_20260823/routeA_full/blocks/426667853.json.gz	202660	e5ff20f2828b15955afec185d9dbff0dec1c9ebb0994b415f11d0a964dcd9d73
diagnosis_20260823/routeA_full/blocks/426667854.json.gz	242462	975f77a2fed8a100b92392c77c00158f7e8120a0893afaac3b2de7b67e5b9083
diagnosis_20260823/routeA_full/blocks/426667920.json.gz	216568	4a6531c05bbf2c654ed36928824f746ff3015571006600e12f5b13b774a5767a
diagnosis_20260823/routeA_full/blocks/426667921.json.gz	193047	c28e87afffe14cf2b6549d448d1502d737be827d3db5bdff4fbbb26ba151a209
diagnosis_20260823/routeA_full/blocks/426667922.json.gz	315673	e1cfbf7cc478144277bca885af83cb03c350a9ff7a123cb51adf870e5be737c8
diagnosis_20260823/routeA_full/blocks/426667923.json.gz	151309	296f18ec9237d31df39f2432b18036057eeee12b3681fc623adf4338a7b50964
diagnosis_20260823/routeA_full/blocks/426667924.json.gz	265289	fd13634f0992a405112a1ffc8b70e0ec5240fe5264f89338e540c39786e033bc
diagnosis_20260823/routeA_full/blocks/426667925.json.gz	433331	1ec3861e95577be85d2a8459c2f64df93d1e5e6359615be65fa312cdb393ec52
diagnosis_20260823/routeA_full/blocks/426667926.json.gz	444803	3152437948b2cad523803a6fc8b1ebf97842dc02e1ef6c52ab958038f3db11da
diagnosis_20260823/routeA_full/blocks/426667927.json.gz	279692	7e97cec22945b849eb2feeacb6baaafeee75cc5f9e4a1992033e2f05f7fa4c38
diagnosis_20260823/routeA_full/blocks/426667928.json.gz	304049	c0dc6df66ca2f2d9754cc6fa631e4e20c5bd18fd5925c52edf633e950d8f21a8
diagnosis_20260823/routeA_full/blocks/426667929.json.gz	218060	99831b810aded5c48f8b1d80374703c3aa5ad2340d245af9bb33b3c9e1ccb68d
diagnosis_20260823/routeA_full/blocks/426667930.json.gz	313025	c3e6641f9f49234791166cc3899e06e5a3a908edc3c98bb25ca205fd24dbbe36
diagnosis_20260823/routeA_full/blocks/426667931.json.gz	293379	7024ac4cfcbf9cc6ae2036ef31050016379fa55790a6048bacba8caea64df33b
diagnosis_20260823/routeA_full/blocks/426667932.json.gz	221220	2e0bd25a3bb6794c264458ade92dd9282870fc2cc7de83ead91ce91d306ad057
diagnosis_20260823/routeA_full/blocks/426667933.json.gz	172664	bc4676eed8abda3698b72b48c300ee9b37f6da215a63696e8014297e0943e31d
diagnosis_20260823/routeA_full/blocks/426667934.json.gz	157664	30eca7cf8e0cc53350495c34955b1bfbfbf9049e093d00ce6229ef5fa0699a1e
diagnosis_20260823/routeA_full/blocks/426667935.json.gz	223049	417da40927430cd79131c0bb23f064e96d579bb406efe7a141a00e59d85194e4
diagnosis_20260823/routeA_full/blocks/426667936.json.gz	217954	e23103422429e97bc236e77b86264015b6324e385294e442479dbf5a4071d783
diagnosis_20260823/routeA_full/blocks/426667937.json.gz	185705	6a1858587e409338d67cfcdf628a2701c264e02a7485387dc6c0aafdbd8caca5
diagnosis_20260823/routeA_full/blocks/426667938.json.gz	132750	b7f507c52e676866dfc5dc65e16ba09406d7bf1e1bb391d8c47941c6a6831e47
diagnosis_20260823/routeA_full/blocks/426667939.json.gz	170917	b15f6704018f3e53ee2a3769db91ef203d313fcde713c29c75eb138f4a2ffb57
diagnosis_20260823/routeA_full/blocks/426667940.json.gz	314305	76e575a44f54002e7d8835e89c6471935f76e1647eaf81262592a3ff058d2117
diagnosis_20260823/routeA_full/blocks/426667941.json.gz	312076	65e77c194af4d4e51d919c1799826daaf9006f354d1f309866fda90ae8e1c246
diagnosis_20260823/routeA_full/blocks/426667942.json.gz	274167	92645b245a3828380f2891b8b9d3fa60f7f1850ace5f7d81e8889ea3501e8f4c
diagnosis_20260823/routeA_full/blocks/426667943.json.gz	181294	7d28a86364b4c16e30b6dd58ae8112605dc7021d2f4c316e34caa6741b1833e1
diagnosis_20260823/routeA_full/blocks/426667944.json.gz	287197	62510b3beeda4cf7769955604704bb354ceb468c01d2f028488277c873212808
diagnosis_20260823/routeA_full/blocks/426667945.json.gz	342720	ffe3d4b28d8fcf67d5571fda8f05b5feb7649c5fcec2982a5e95028f4654b63d
diagnosis_20260823/routeA_full/blocks/426667946.json.gz	261442	ee4fe2dbb7f7789a44b4e4204915d94511ec09a405b799fc449d3496ef95ce81
diagnosis_20260823/routeA_full/blocks/426667947.json.gz	267666	0f8ae6ca303fb05d21e4f807a65bfb6f5be997faac4d584cc19112c7cf251d00
diagnosis_20260823/routeA_full/blocks/426667948.json.gz	320735	12cba8239103fab452d432297e08f055a960a590f9e35a445d22c390071f3ea8
diagnosis_20260823/routeA_full/blocks/426667949.json.gz	333754	b8b05238b8ff2cdbd750afdcd175180c2148162cc8d8da42955286818471032d
diagnosis_20260823/routeA_full/blocks/426667950.json.gz	303401	4571442fa85a2bdb4b7aa1368d86c201da9111ccf9dc0430cf655415cf50dbae
diagnosis_20260823/routeA_full/blocks/426667951.json.gz	389220	95971470b637915a4a6989c0a93a0b3844653cc8094a46a920ec4944bae3efcc
diagnosis_20260823/routeA_full/blocks/426667952.json.gz	273419	390dc2ba5a8f7101ef6f6a8ffbc848880debf22b37373942f5d086fea3374275
diagnosis_20260823/routeA_full/blocks/426667953.json.gz	383706	252196aaf51c27ae8b06d2aba52807361b88ccc4fb8e4bc16a986432851c5f55
diagnosis_20260823/routeA_full/blocks/426667954.json.gz	310453	c8c43611d03edf47ef7bfabd91c3f8e7b160d3f424f437ee3b4f6a8624310d65
diagnosis_20260823/routeA_full/blocks/426667955.json.gz	344147	09dddf6b3555ae62c90ab389fc2662a94f383ae62bc6c4c737439fb72d234370
diagnosis_20260823/routeA_full/blocks/426667956.json.gz	226526	f5868f9e5e82d1d15108443d8067c3a7262ae5ae05c0a9208843602b83d47012
diagnosis_20260823/routeA_full/blocks/426667957.json.gz	311278	7419ab893033a1ed2e5930e13212d0553f2e08dd215fc0585081c7f307323e9f
diagnosis_20260823/routeA_full/blocks/426667958.json.gz	261636	4a4476ac6b46a1297c5c6d8128631d93dc88feeaa51e9cc9e97e31492b866a80
diagnosis_20260823/routeA_full/blocks/426667959.json.gz	416197	9228d86177efa945be941accd17e9b4a42ab40c21fa564c008fbba1940cf8f77
diagnosis_20260823/routeA_full/blocks/426667960.json.gz	304856	519422e6ba92a55f447fb155ddfc30c52d4bfec75fd1263244cdf1f3fd32e208
diagnosis_20260823/routeA_full/blocks/426667961.json.gz	165266	e350e92856cbb8980cfc4d28f978f5431ed3c89d233b5f15e972d96b5b4a7d34
diagnosis_20260823/routeA_full/blocks/426667962.json.gz	232735	82a3e64870265fb2beabdfbd610a20e65cc18b5e39c4ba7c01a486d0709bb48b
diagnosis_20260823/routeA_full/blocks/426667963.json.gz	196133	eb7106c4413127a8f6d708f1a508489056cd16b25eafefddaa6aeafe9b8f4943
diagnosis_20260823/routeA_full/blocks/426667964.json.gz	276710	1057d768b66bbe5abd756f358f66e01b41e3a0a1b3555302dbb75532480ecd3d
diagnosis_20260823/routeA_full/blocks/426667965.json.gz	185185	180cbb14b5a7cf4774fff187b2fd9ce7f26bfcb4b6556b2eb3a7367c81453ad8
diagnosis_20260823/routeA_full/blocks/426667966.json.gz	175188	d0857718a939671485a9da104e130658c33f94f87596bdfee0f68ff35ba15d9a
diagnosis_20260823/routeA_full/blocks/426667967.json.gz	216715	eeac529f32fdd5a5d8231e7fa51c3146e751f9f2cc0125a4dcd333384c12cfee
diagnosis_20260823/routeA_full/blocks/426667968.json.gz	315189	f4216e486a0e46ec5f1c3901a44f8b13fa11314dae91e01548660d89e46fc749
diagnosis_20260823/routeA_full/blocks/426667969.json.gz	256975	18eb481a57fcc741b0ea73c79d1f5796b97d13bee6c5c5982b14fe1d0edbd27b
diagnosis_20260823/routeA_full/blocks/426667970.json.gz	236969	d516786b0c41c756470be92e4acbe062299ec6a24b090758e38432bc7b7fc676
diagnosis_20260823/routeA_full/blocks/426667971.json.gz	229597	567a6a57a635c6ba68dcea41154bf47df908068b4f45f87443f71d9dc19589b5
diagnosis_20260823/routeA_full/blocks/426667972.json.gz	246124	382d9a1ed42860a0f3be6a04bdfd179e452547f53ce4f5659cd62a23d9625892
diagnosis_20260823/routeA_full/blocks/426667973.json.gz	351423	1c43383f1729416d15504303b575547fdd3f5273b300be6d56378b8d6bc45983
diagnosis_20260823/routeA_full/blocks/426667974.json.gz	203701	ff480005499d2412fcbe59f0c2d03328492396ec8a08cf8700a7d51bc5bfd547
diagnosis_20260823/routeA_full/blocks/426667975.json.gz	204865	d57bee505d52caf76eb2d0af5eb737bc1b16a809f564920319a2b84d0ea16e91
diagnosis_20260823/routeA_full/blocks/426667976.json.gz	311079	aacbc496871ae9b686768f1491b97fe6a9a579de77d4a59cb8d4d1fc95d13acd
diagnosis_20260823/routeA_full/blocks/426667977.json.gz	217088	ec07f580e5495d4e92da35f8e31e0b291fe9a4224d571b4a47c28fa42a60a544
diagnosis_20260823/routeA_full/blocks/426667978.json.gz	335166	feadc0b3a59db845d5031eb56e5195dc4cc35174a402d1273008fc934a255b7c
diagnosis_20260823/routeA_full/blocks/426667979.json.gz	355595	5b98eb507a53a06fa0246cb5aa79304c1c71dd97a3c0e032247392c54703a1da
diagnosis_20260823/routeA_full/blocks/426667980.json.gz	344766	3caee15bf6b2e9798a9f0b157d9e4b57475e4b573847901f7123ab5fcc3eb012
diagnosis_20260823/routeA_full/blocks/426667981.json.gz	157152	74e0ad64c687c76205a8b829213f34880f27826dbd34ff54c65e265e93252b2e
diagnosis_20260823/routeA_full/blocks/426667982.json.gz	177431	b203a0eb64a7db8ac7b27342f30eab5a50db6fe657122d1a5742cd867dc14e69
diagnosis_20260823/routeA_full/blocks/426667983.json.gz	263004	ef72d3a0de84a0478243d1dbc7dc4243f00756e54ee384883fe5672e1bf83db1
diagnosis_20260823/routeA_full/blocks/426667984.json.gz	250661	f0005d2bfa0e64b6d20a768a381c621350c0d1e740a092cd4ea78fd928587a92
diagnosis_20260823/routeA_full/blocks/426667985.json.gz	191616	cee44649e4312cee36305c0140ec86757cb0876f773ee26b35221e68350f2f38
diagnosis_20260823/routeA_full/blocks/426667986.json.gz	202261	0ba854b4acbe9581bce1db190febe8535223a33807aa2c5ab97d4ac2b774f9bf
diagnosis_20260823/routeA_full/blocks/426667987.json.gz	184191	cf44f258d63e2c16bf61f2a743cc81fb23c4ba46a8e2a65d9eb14e0c048ab9e3
diagnosis_20260823/routeA_full/blocks/426667988.json.gz	178000	5371b95455f4aa027c569115be04721e0a50835dd54cdba095d2238275c55c9e
diagnosis_20260823/routeA_full/blocks/426667989.json.gz	206587	0934b7979f75cee10048f5d6936ccc65bb459abf87b46891a3e57437c39e96bf
diagnosis_20260823/routeA_full/blocks/426667990.json.gz	322419	6b96b4f2ff3c671a15ace5b4f1546032c15d4106ca28492c6b7d42bfbcd09070
diagnosis_20260823/routeA_full/blocks/426667991.json.gz	233062	66f822a19a068d17f1d68faa4fdf6bd94da1111edadb2937585fb72af5b9d6ac
diagnosis_20260823/routeA_full/blocks/426667992.json.gz	196957	2f0c9834933f492da7568225f863458054e364a3de33e0d68fd54b3e8c032a43
diagnosis_20260823/routeA_full/blocks/426667993.json.gz	168244	85d21060bfe4ea5091148b936cc29958491cdefd2bb0d65e1c55c04d68063ad9
diagnosis_20260823/routeA_full/blocks/426667994.json.gz	141477	1a3c44817eeb9a346c0b11db4d976ce50871b5b8c9dda4b3a34fec889cb3149e
diagnosis_20260823/routeA_full/blocks/426667995.json.gz	406442	5dfe9152e80defba557d269079cff5fdbcb8225528a1f72b4866c8bab7a5b4d7
diagnosis_20260823/routeA_full/blocks/426667996.json.gz	211045	60fa2b4c1ddcaff089e0d9cea870f0879f1e1a095b21e286f3946963b5958379
diagnosis_20260823/routeA_full/blocks/426667997.json.gz	251345	36fea5623ed4f328fb6886cd8cd7688e6837e658f8274b6a924d22bad8ce10a3
diagnosis_20260823/routeA_full/blocks/426667998.json.gz	197026	6a1332207f45227f8a91395be3494ecbba96e4fa05eb8158bc5efdc105838951
diagnosis_20260823/routeA_full/blocks/426667999.json.gz	265930	69e4cf39c701ddc3dd2b2fbe557d89f2aef86bfb4121702746117293a03f2905
diagnosis_20260823/routeA_full/blocks/426668000.json.gz	157206	d1b9d354c11fcad6f7320460383c1e47ea4e6572481649a5a9a9fd1b412f1168
diagnosis_20260823/routeA_full/blocks/426668001.json.gz	223648	d2e1c0ae1011ed9f8a04831fc646e996499ec0d4a7e2550988de3a49aae90d32
diagnosis_20260823/routeA_full/blocks/426668002.json.gz	259939	ae5f3f28cde6e93fcebfb01a0ff45c085b1b4a955b5a98cc8a4bdde81f180d18
diagnosis_20260823/routeA_full/blocks/426668003.json.gz	444076	43c0b8b29e15997cdf64976e43dcba47c5bc0bbfb39a1ab7d8acf6be88ea7d00
diagnosis_20260823/routeA_full/blocks/426668004.json.gz	378892	c4b79da42abeca268e30b55f3f0c5cee32d0ea0ccf54192faf7941edb58dfa99
diagnosis_20260823/routeA_full/blocks/426668005.json.gz	365797	9bc097bf3b77055ea4c9080c443435de5b2b7e3c88331f1f60806a7c0a9b9447
diagnosis_20260823/routeA_full/blocks/426668006.json.gz	256580	1095f2196c8d542f31238fff84e5fb629313872b75e4664f48d195c71ecced6d
diagnosis_20260823/routeA_full/blocks/426668007.json.gz	175482	1174b4d24161bc5546f30422b30fd9dcabf33fde6755d81b91aba479ee515be0
diagnosis_20260823/routeA_full/blocks/426668008.json.gz	233805	f9a8ad2952f8129a01e30c42f0e254ebd7b7cbdd8b598eef67007a8bb5589fb0
diagnosis_20260823/routeA_full/blocks/426668009.json.gz	274708	b0c0ea68c3d4eee08191335a0fe57cd2e3706b3186105d37b8269c3b77067091
diagnosis_20260823/routeA_full/blocks/426668010.json.gz	171701	decfa740febe6e5ed49504e1ba442c5b4a42f20183698a3461e7f9d21f1f4303
diagnosis_20260823/routeA_full/blocks/426668011.json.gz	302038	a9fb69b5716eac360b723bcb4eb97390280d9658001c33951c526792fc7f4381
diagnosis_20260823/routeA_full/blocks/426668012.json.gz	227041	4668f5aecc74057fd835e2efcccd2c3daf79d029e9cf14ba583c43fd6fe7078f
diagnosis_20260823/routeA_full/blocks/426668013.json.gz	196099	5d85be9c47bd5f9e685c62ed8ca1addb23ffe4f4e9adf0ab6c0f399f59b4e53e
diagnosis_20260823/routeA_full/blocks/426668014.json.gz	211504	26801a0b09d97b00c37643f4f434834d36ff5652a1b71f6571c4ec3ff9a8daf1
diagnosis_20260823/routeA_full/blocks/426668015.json.gz	198923	52fde871fdb4527bf48910432224ec18a360081c8827e26b038c820c8b5bcbb1
diagnosis_20260823/routeA_full/blocks/426668016.json.gz	331581	a4c62ae2d09d5a2f8e82fab45f4bedc4a16bcdd08967ee99287766a69b8d9850
diagnosis_20260823/routeA_full/blocks/426668017.json.gz	239606	3b2944f974ad578931cd4e6730b1914141b5046f0051a96ef08d94dcb2a008b7
diagnosis_20260823/routeA_full/blocks/426668018.json.gz	254299	0ddf4daaa32faaf5c425064e11e17652e321e466b6a1b7b327e983895dfb1a01
diagnosis_20260823/routeA_full/blocks/426668019.json.gz	218679	778797064bcbf1871d58694c680f37c75ba0cf55c607809494cc3c6c668cadd4
diagnosis_20260823/routeA_full/blocks/426668020.json.gz	302463	3da2fc0479f4fa9d72c98a293c16dd0ff9940f5b2dafc5e75a5a822372782e3f
diagnosis_20260823/routeA_full/blocks/426668021.json.gz	399461	c8b6147393f3e1e0cc54020e458e4d7fa400819d69791021d686d7a987b02313
diagnosis_20260823/routeA_full/blocks/426668022.json.gz	504576	12ad4dace9e1208bdfa8113be6485c80140510bb1be9bc0c117e7fe4f9b90e09
diagnosis_20260823/routeA_full/blocks/426668023.json.gz	343286	ffba7b35375b33f294852d7ff3d239a9dff41e24870a599274bad8140d648cfa
diagnosis_20260823/routeA_full/blocks/426668024.json.gz	294664	8f9142b8b43ede98548578ea8c85f4d184cfb67d5d1c60bb0f6a0aa18facb393
diagnosis_20260823/routeA_full/blocks/426668025.json.gz	248264	216c7c3665acd68bc5e19e256deb9880cf7e732d5282834ed30f3448ac911b2e
diagnosis_20260823/routeA_full/blocks/426668026.json.gz	177367	d912fc273642017039033b9f0ae0a428c3f63f3fddf5e9ece2542cfe9a326daf
diagnosis_20260823/routeA_full/blocks/426668027.json.gz	168850	16285267329f2825eac8194e9205d7df41e4c97d77e93a24117d9a8f24a950cb
diagnosis_20260823/routeA_full/blocks/426668028.json.gz	267229	7584ff4b6991cb86b5b6132aae12a1e7bd2a67e888713185efe3d53c338bc405
diagnosis_20260823/routeA_full/blocks/426668029.json.gz	186516	509f10f03d3370b4aa7d6ebc51ec3ed33f1267140e129b4f5178eaa7d52fb6f9
diagnosis_20260823/routeA_full/blocks/426668030.json.gz	257962	10347eb0d7d2213a56013a4e6f87256520e223363cebfe545681662083d0562e
diagnosis_20260823/routeA_full/blocks/426668031.json.gz	244895	ffcad96fc914a6bedf88db8154e84aa393a38eda41692cca95683f224f76d211
diagnosis_20260823/routeA_full/blocks/426668032.json.gz	225912	72b6820024ba0d7c8740a3fb120e52a7c0559b7f72dfa41bdb090a7d28bdde01
diagnosis_20260823/routeA_full/blocks/426668033.json.gz	219252	e75a26b732e14147d79e35b654839dbbae14106757389de6d0cfca9655384722
diagnosis_20260823/routeA_full/blocks/426668034.json.gz	243411	541b7b15b30d2a767b0b01885a979b1135064417abee71d901e747def310e82a
diagnosis_20260823/routeA_full/blocks/426668035.json.gz	197211	065367172a08e9493467e06b49f61c90bbe690d362ad4c3dfca7d40d7f5924f2
diagnosis_20260823/routeA_full/blocks/426668036.json.gz	160665	240e59036db2ca82b1305238bc4f7e83d241ab55bfc13d26b25086ff820da124
diagnosis_20260823/routeA_full/blocks/426668037.json.gz	296309	9fb66371ab0046da5a04fd4de596dfd474756f92420f19be498038da29f44d16
diagnosis_20260823/routeA_full/blocks/426668038.json.gz	233365	dfd9311ab08806360e5413f8f042e240462fd590b975c3b9d7d4172f7daf424a
diagnosis_20260823/routeA_full/blocks/426668039.json.gz	289433	d0449d98b1a6b5aa4964fd77b1d0c6d85e6df873001e2cd144e2370d8847c59c
diagnosis_20260823/routeA_full/blocks/426668040.json.gz	423754	6ee16968433dfb69c2703f489f6d0a22840495062f30e985829557acd3017747
diagnosis_20260823/routeA_full/blocks/426668041.json.gz	266802	60be0ec091139e233fc9ebaf536385005e148470d5341f9df341a29dc3ce178f
diagnosis_20260823/routeA_full/blocks/426668042.json.gz	173945	d4074c608cc261e93003cd84413fd11833f8a9d99f1162253ed8d7193c66c710
diagnosis_20260823/routeA_full/blocks/426668043.json.gz	171899	5fea02a1c2d19b942b2ccd988f6d3a75c455f85d6a2320a8ff126cc2cdaeb852
diagnosis_20260823/routeA_full/blocks/426668044.json.gz	257394	f0e00c56226c7ddddc43f6d53a3a6a65d0f8900c1ab2c86a0061808a39b4e424
diagnosis_20260823/routeA_full/blocks/426668045.json.gz	331938	0f801bf161a175ee0a0c6181dece360d5d792a3b7dc6ecb0d362b03f0265c981
diagnosis_20260823/routeA_full/blocks/426668046.json.gz	205299	40d4318103a9e97d458b78eb5b6e7ec7d1f11b10e42b067ddf68628adefead1e
diagnosis_20260823/routeA_full/blocks/426668047.json.gz	252175	1b9279c964d1a702ceb0eed0c9d040fd8ad8511d45361f0759a6ad01ea15547f
diagnosis_20260823/routeA_full/blocks/426668048.json.gz	281597	370edce0b1bc78d314d9870774841ac1ca3add1bab5e0b198a20f83dcbd2ece4
diagnosis_20260823/routeA_full/blocks/426668049.json.gz	179639	beaf2bd815b3319e01d2c43f6ed8f943b6542223ba486ac9cd11d833d1400672
diagnosis_20260823/routeA_full/blocks/426668050.json.gz	203779	893b749d9bea6a07d389dc0c1548026e00a7d93f694020dc44af219a411118ca
diagnosis_20260823/routeA_full/blocks/426668051.json.gz	183155	bf7f89e4c1fced9860404ca26ebcf50c11e3a4c09197b8bef2fdb1921d0b6ae7
diagnosis_20260823/routeA_full/blocks/426668052.json.gz	184256	4b8ae88034758b0e1b186192e3351a333eb44a11744c8450c05412944386f55e
diagnosis_20260823/routeA_full/blocks/426668053.json.gz	150616	5d7857f2109fff416c63de3d4bbb6e068b045e288546dfd4e3a8a0237c522a3c
diagnosis_20260823/routeA_full/blocks/426668054.json.gz	157561	b5a7a1f3ec73b87e1205bb4a30a248aeaf48dec9fe74c15ce44dcdf91dfc1389
diagnosis_20260823/routeA_full/blocks/426668055.json.gz	158634	764dd477884d236ce8bdb48ce66117cd83982c9165bba203a1202bb1f7ef5f34
diagnosis_20260823/routeA_full/blocks/426668056.json.gz	278260	807cf8a6a364d73beb8dd05e8adeb78de1cf84a51d10428ed25c3c8ec144ff87
diagnosis_20260823/routeA_full/blocks/426668057.json.gz	213708	cdc7701eadba1cae330408ca06ede943104a2ecad92b2c25ae0ead3844fb98df
diagnosis_20260823/routeA_full/blocks/426668058.json.gz	255115	be9845ac102687bc04596fe58163f2f4b9a7b1395e6727b39369041437d89853
diagnosis_20260823/routeA_full/blocks/426668059.json.gz	391617	6959a185e3f4b44965d6d4be65b217f55f4cd6822380ac4393d2f6fb8f1984f1
diagnosis_20260823/routeA_full/blocks/426668064.json.gz	439368	490b968c021d787b85468dc2fad146d0f3b595ac349ec381b8fe559a48d95cb0
diagnosis_20260823/routeA_full/blocks/426668065.json.gz	387496	b61fe7e7d078208f2badf7f67571df7279ba215224036877a96eab48fdea3e5e
diagnosis_20260823/routeA_full/blocks/426668066.json.gz	337664	e8e7a27df94013f5d2b639e6a33751ddbe0c0ab0759cfa8b41c56b1dd7a330e4
diagnosis_20260823/routeA_full/blocks/426668067.json.gz	277445	2f64969953e6300de03059c2e1d3da519b5be27e32ee1a0f21795201e707cd9c
diagnosis_20260823/routeA_full/blocks/426668068.json.gz	307894	61f5dd079a646acbf2a5481a36c0adc03522ab26554f2cb01f48fb1ae66b7a93
diagnosis_20260823/routeA_full/blocks/426668069.json.gz	259922	6617d4f79564642cb3b55e0a3cee4cf03d57f12de6b6095fc40fa36cce98847a
diagnosis_20260823/routeA_full/blocks/426668070.json.gz	251445	63aa4c162db6fccba83d02b648fc771357b9e860bf407c371b1d0272c0a8b494
diagnosis_20260823/routeA_full/blocks/426668071.json.gz	297515	89052cca463ec8a7da00babc8c29c35525d3f8f9c8a440ca6c63f5fc07b65f73
diagnosis_20260823/routeA_full/blocks/426668072.json.gz	237951	e371878f1994fec5fc99f5bcb3f52c9f02e4d5ffdfbdfba992f1ce14afd7f98b
diagnosis_20260823/routeA_full/blocks/426668073.json.gz	236828	6342ee0961cd060b6cd48056f67ba7a609141f80e62b02974aac12b125ffc62e
diagnosis_20260823/routeA_full/blocks/426668074.json.gz	216940	6979a6107f8efb2e5c715cfedfa92389c885e0f3cbed3ec2dc640199a76de198
diagnosis_20260823/routeA_full/blocks/426668075.json.gz	249292	ef9aaa6c76167507fe7d436442d64739a3b9a7d563136bc4c959d89a06610b2d
diagnosis_20260823/routeA_full/blocks/426668076.json.gz	311547	ee58d84d7065bf321ca8e5a2c6d659ee73fd40a646bab866645c7db4253b06ad
diagnosis_20260823/routeA_full/blocks/426668077.json.gz	181329	0385a556d3125ae016b4377f41ef1e385357d9873bc881e9650575db02e114cb
diagnosis_20260823/routeA_full/blocks/426668078.json.gz	169871	cfa014ecb96e155363e951140d60b138ceb940832171440110fa40f78eb20368
diagnosis_20260823/routeA_full/blocks/426668079.json.gz	210152	71fe73581e2330309425621b664ed07a72a8a8f0edd163a4c20c0490522aff68
diagnosis_20260823/routeA_full/blocks/426668080.json.gz	324703	230466350b633fdb2e0725b4fcd6cde42a76d6eef616d7e177b21a7297003a80
diagnosis_20260823/routeA_full/blocks/426668081.json.gz	208381	c6ecec217fce4c8ce2125c26af32d2a2c73a9846e688bca932870fd238377f76
diagnosis_20260823/routeA_full/blocks/426668082.json.gz	283848	c5cca77c2b6d9b52f788ddcd4252c9c51f84d9e20b104c528cd80dc1e020e541
diagnosis_20260823/routeA_full/blocks/426668083.json.gz	225173	e86a50ad36b96e4583388426edae3bae42d7e2066f842b4f4b7ff45a71877f2a
diagnosis_20260823/routeA_full/blocks/426668084.json.gz	172294	67456a63906a1b9ea72ba811f38c055843b4abe6c3cab9efa4d3fdbaac31e801
diagnosis_20260823/routeA_full/blocks/426668202.json.gz	278081	d83fc52533696a373c9b02c75b20baf5b30943ed72fa1db926a3760a0eff541d
diagnosis_20260823/routeA_full/blocks/426668203.json.gz	380593	e8b8d1ab6acd774316db21b3e9944dcd383aedc793417515a997772f7044d8a8
diagnosis_20260823/routeA_full/blocks/426668204.json.gz	267522	567c43b92642963b30296687de7b6e52a5d9f7ebbe37cbafe7b99de05739efae
diagnosis_20260823/routeA_full/blocks/426668205.json.gz	503981	188953d3b8bbe9a4d9e63e140aa130bcc53169de53e0820b1e4c420aab145866
diagnosis_20260823/routeA_full/blocks/426668206.json.gz	439341	2e7f38f04b91ee05ac1c60858ef376a533d8216867c95fb5e2b85f2102ab9089
diagnosis_20260823/routeA_full/blocks/426668207.json.gz	403450	25330a255cc512a1d27a5edb1c28197f90cfebee78611ea8ec75871df9aaf1be
diagnosis_20260823/routeA_full/blocks/426668208.json.gz	357873	76b87c50552c239f1a4a8e1e2e27e83a6f11fe9a550d6bd05d9ac6f57ce332c9
diagnosis_20260823/routeA_full/blocks/426668209.json.gz	261325	4aad033585b12d12e0dbd8f23467e97205fdbfc40a4e19b8422b0b94f4904516
diagnosis_20260823/routeA_full/blocks/426668210.json.gz	301422	85372a780de43f1f19d5072682a12b89c9cb19e3db5649affa0da2f1b3d00ab4
diagnosis_20260823/routeA_full/blocks/426668211.json.gz	190840	ee4afd2c30ab39f3849c368d7bac3d9635c8d939051d9793fcc4860e8b7142a4
diagnosis_20260823/routeA_full/blocks/426668212.json.gz	309077	f7d110cd6c520dfe53631e5b838a5d2fc2cca33099ad05f0b9eed948705e55dc
diagnosis_20260823/routeA_full/blocks/426668213.json.gz	297856	67e29fe72422d182b97e7319c3c430aaa618d3d60aa6691dbf3dd8d37d28f9f4
diagnosis_20260823/routeA_full/blocks/426668214.json.gz	309054	f7b95f026b0eb493d4f7f61c619aa4fe9cdc56c86053fefe26870b2bbfc698c7
diagnosis_20260823/routeA_full/blocks/426668215.json.gz	333665	69e000f9a10886c502da7cd6374a42908df45c42c5250295be519a68b5760751
diagnosis_20260823/routeA_full/blocks/426668216.json.gz	442319	44dd8c1141152921879b036d28d886f64b367f20fdf36e84a28180ed2d42955a
diagnosis_20260823/routeA_full/blocks/426668217.json.gz	212849	94460d13904878565ff41dd783b7dea4bfb7a52e06cbd1d72a15fafeb5460831
diagnosis_20260823/routeA_full/blocks/426668218.json.gz	249251	47364b2aa3ccde28e282763eb74e02cbcec5dfc3b9328b8a605f301766786101
diagnosis_20260823/routeA_full/blocks/426668219.json.gz	239349	f4a803625a9e4f32c5b35d0b999b550adbe686f463d7ff0faf84f5049bde35ae
diagnosis_20260823/routeA_full/blocks/426668220.json.gz	315082	bdfca9d2ca04e90f653c925ae3d42bb1d97fa71b047dc0b23d00bfe961808dd5
diagnosis_20260823/routeA_full/blocks/426668221.json.gz	262553	14dc9d695dda4402d75db1bfe441dbdf4ba1f4cf32466e4e516ba8588ba72dd6
diagnosis_20260823/routeA_full/blocks/426668222.json.gz	209109	e58d438b941310f1374ae4c01bda48dfd026bc37fbb4e577c5184395c9ab5d25
diagnosis_20260823/routeA_full/blocks/426668223.json.gz	221266	fc0b43cae56171c88693beb568b6991e048852a8f05e23ac82945e6c8c31d2e2
diagnosis_20260823/routeA_full/blocks/426668224.json.gz	311079	52ccd5bfc7469964c19f2ee3c156b1432dc3a76a9e50de708091a289d42ee870
diagnosis_20260823/routeA_full/blocks/426668225.json.gz	225397	4f5a1515824d2131e427e53974e0aa9ea8d6cd45375f1e3fd22a0ff51685fed6
diagnosis_20260823/routeA_full/blocks/426668226.json.gz	273515	03188b93c5c28ba34fbe6f22ccf04483193361d8a12747abdafe155bd143754a
diagnosis_20260823/routeA_full/blocks/426668227.json.gz	404994	07d462a20455458b4c598d9e7ba4265cd208ad838da5a7a7c24dcd57159a2468
diagnosis_20260823/routeA_full/blocks/426668228.json.gz	313639	3065a81cc4ac44b6d456a0a02f1608b64c30764eed060054683c00fdd9860a8f
diagnosis_20260823/routeA_full/blocks/426668229.json.gz	240694	abdb81a6d8157b588515b3408bd6af76b06896c8f7d320c0b7cb80375deab5f3
diagnosis_20260823/routeA_full/blocks/426668230.json.gz	211983	dd62348f0a1fbe3010d774b4a7b102bdd66acea1eba23ec7cdb95bebe175eaf6
diagnosis_20260823/routeA_full/blocks/426668231.json.gz	236992	f62e00a1669fd8f845e89a287ba315ad49051e5c46dd6c5727761d0d5371261e
diagnosis_20260823/routeA_full/blocks/426668232.json.gz	261631	1c1347d463e163f1ea34385ee176e5cc7fbaa93887e7dac8132a24312bd0d6ec
diagnosis_20260823/routeA_full/blocks/426668233.json.gz	364290	b559163d2fdbb72f37e7708e410a77c26280c20b8616de695abd4bcbd1c5d62a
diagnosis_20260823/routeA_full/blocks/426668234.json.gz	225008	6a4b0bbdeb755ffda19bbbfcdc25848edb4321f19f3510a3c9b8d9c01d65423e
diagnosis_20260823/routeA_full/blocks/426668235.json.gz	305902	03cf570639c4df36c4c757b367327278cdb92775f62ae88e4efde24ba65be57d
diagnosis_20260823/routeA_full/blocks/426668236.json.gz	350753	577e95e20967ee2144be49ead9e2a33d06221fa31194bd7e9cef6bd726bb2630
diagnosis_20260823/routeA_full/blocks/426668237.json.gz	265246	cb8003d57b285b835768fd7ce88be5263bef9c1aa0bb95601854af3e116d22d5
diagnosis_20260823/routeA_full/blocks/426668238.json.gz	240166	1aae49adf64db066a721c4b80b8b06693f8fdfb85c98d76c5915706b5c5d24bd
diagnosis_20260823/routeA_full/blocks/426668239.json.gz	451509	956ae7671c2edecf0886c0c5464ee4e62819fd36e441308d57d494b8c7376d81
diagnosis_20260823/routeA_full/blocks/426668240.json.gz	223591	aacc0dcec971496889d2778f22b1452ffcfbd8186a1d5a676b54f09634ce55e7
diagnosis_20260823/routeA_full/blocks/426668241.json.gz	176160	030b40b7746b85b7618356625ffd3fda17f9adb3eb7874fcc7c89ba98da3926f
diagnosis_20260823/routeA_full/blocks/426668242.json.gz	158095	39e8614879224c54ce41a5f3ba1ab2eb36fae62733d13c37760c238ac6f66836
diagnosis_20260823/routeA_full/blocks/426668243.json.gz	178052	ad55da45fd71afda32042b35d1be9389da9b96de79c28577d785556703d2da74
diagnosis_20260823/routeA_full/blocks/426668244.json.gz	281926	930b33720154528aebda25b9258c89dba16d56a3befbc4026ca6e485c9558eb1
diagnosis_20260823/routeA_full/blocks/426668245.json.gz	210640	9ba59ea2ba8d38f2b862d60490cf7ca36879cd0b65612a0c913f7d074a2d9d71
diagnosis_20260823/routeA_full/blocks/426668246.json.gz	205206	1edf9fd838a04816f75155607eaf98d32e678f72be49078857a14c9de21ada5a
diagnosis_20260823/routeA_full/blocks/426668247.json.gz	192144	853a75dff47fc40736a89b2d78279d1e02ceabe92e910e09c2c6be5413ab2b12
diagnosis_20260823/routeA_full/blocks/426668248.json.gz	352833	4f05adeb17fe2e842da96f3e2f2644ebf9eb0452b2ba34a15819622d1fb85a99
diagnosis_20260823/routeA_full/blocks/426668249.json.gz	252586	65cc9b69a38202cc549c7dd1e9aa55f115d5d0bb85939c25b6bb8d3382bf1a6c
diagnosis_20260823/routeA_full/blocks/426668250.json.gz	256795	6dd5b74d8aea3a50a8e0a70461ed08cd668fdae4f446588a106d885428446a70
diagnosis_20260823/routeA_full/blocks/426668251.json.gz	194062	cd31f40618ab6b50a5ab02e03c9908d46a13994aa9e45f244d871aabd4e812ed
diagnosis_20260823/routeA_full/blocks/426668252.json.gz	252984	1986e82c58991e406b13f721230aa6c504f2cb451a1d1b05b4b4360744d1b34c
diagnosis_20260823/routeA_full/blocks/426668253.json.gz	224662	a188ab8ecaf8295772f5d23852033372b31e6b2999f8b707440167ecdecc6418
diagnosis_20260823/routeA_full/blocks/426668254.json.gz	208992	33b302bd6c982da474c46a4d8943e3ec15c6e0bc9c07ff1f1c7b91dac57c80b9
diagnosis_20260823/routeA_full/blocks/426668255.json.gz	162338	65e4b2d7a59bfd3ac43cb23f73155401faaddb2d832a3046661590374aa450ef
diagnosis_20260823/routeA_full/blocks/426668256.json.gz	192058	67a38f217fea1ee596981c0c95745b1a9c2f43e83dde328f964490c5ba2e6f7f
diagnosis_20260823/routeA_full/blocks/426668257.json.gz	179155	fa98a1dc1de721a1c413a33073b4e372dea90e57c69d49f37794e8bb5e2dac1e
diagnosis_20260823/routeA_full/blocks/426668258.json.gz	209818	eee62791dce4414f7342552249d526bb98f250077e578c9c0d58b835fe6c15ec
diagnosis_20260823/routeA_full/blocks/426668259.json.gz	164128	59df922f6ba3c9f672547fde37cb6717e42c9e54d12b66da55b7cfa842ede373
diagnosis_20260823/routeA_full/blocks/426668260.json.gz	231928	7bcc47ed1cb88788ce3a094f4b0c9591671736a955704800e655cb0a340a7879
diagnosis_20260823/routeA_full/blocks/426668261.json.gz	238256	69187b8b8611d4de4f63348fd47d60cc7e04b1b7e1b1e4de048a9e6cf13dfcea
diagnosis_20260823/routeA_full/blocks/426668262.json.gz	295164	27a91e952013e0e9686ef8964723233c6d1b35507bdbbe55237bbe480c88b7e7
diagnosis_20260823/routeA_full/blocks/426668263.json.gz	215198	80d4e7e03877c31a117ea7e0dde0c133b365b9b3a96057f267c7419da12c7d39
diagnosis_20260823/routeA_full/blocks/426668264.json.gz	224373	cec0de03764fce33f31b69411bb4e11206e25002cf30dc463d3a9f1781f17d7a
diagnosis_20260823/routeA_full/blocks/426668265.json.gz	182924	dd6d2c722fe3f9c971dd5de23b17716365866fe2c66fffd4f69cdd4200231d82
diagnosis_20260823/routeA_full/blocks/426668266.json.gz	285355	799ea10203a6ac5aee99c02b0108513210978d18734d3b538d9eea325e96a8bf
diagnosis_20260823/routeA_full/blocks/426668267.json.gz	277871	41343beac0e7604bf01bb61336bd8701fd7fe6c9ab48723515eb033b36365334
diagnosis_20260823/routeA_full/blocks/426668268.json.gz	273490	168a6ac85468371396b3e39f95aebdb0e7ac343b800aa338ed94684ae696501b
diagnosis_20260823/routeA_full/blocks/426668269.json.gz	169761	9239e6ace224ad4de2664592dc13bb8b9d01ca0984eb2a82eedce07a32ce086f
diagnosis_20260823/routeA_full/blocks/426668270.json.gz	196600	274753bfdcd4d1a1002d8c0114b1b56e339d7a3cae13cbca1043decba85b1cfc
diagnosis_20260823/routeA_full/blocks/426668271.json.gz	199935	6a688430bb5c084b9762743ed9a3ff94513f8f05d8e9383e1504ee785114f0c5
diagnosis_20260823/routeA_full/blocks/426668272.json.gz	251717	8c5d66b7db608f715901b5ebd77ea9c9504bf95a2bdb1eba3a0ca4ea78380a9e
diagnosis_20260823/routeA_full/blocks/426668273.json.gz	262042	319fd02d3c1d294f0528e4a9a7d91bd789d9b406dd64bf9d22cd43fb1fc9a5e4
diagnosis_20260823/routeA_full/blocks/426668274.json.gz	256559	78711d6643daef3e1dd584b5fd781cca5a936563302340cfb247f652217f540f
diagnosis_20260823/routeA_full/blocks/426668275.json.gz	251059	4dc5a2a54cac0a671c9c94a0fb6809aeff92c08fb2d1b8770b675e2c431290e6
diagnosis_20260823/routeA_full/blocks/426668276.json.gz	170095	ccd86ac8afca4487d1b5cfa78498ed410bd1af85ec1dfe9ef5550d9e3f523711
diagnosis_20260823/routeA_full/blocks/426668277.json.gz	282324	6830f2d7eae3c611861fdf8e32719c570a5fba0b17b9cbd57937955020b15355
diagnosis_20260823/routeA_full/blocks/426668278.json.gz	172918	c08a9433397e8c155e437e387a4f335c4089d98a106a60c836182e6609df640d
diagnosis_20260823/routeA_full/blocks/426668279.json.gz	226326	aecd6313d049226be8b352cb3e868e8c05d703267d7c3bb517e9a165c4975a91
diagnosis_20260823/routeA_full/blocks/426668280.json.gz	224777	04d1a35ba55d636b3f8d5ececc6ab56789a5fcdad2814adb5fd6b50e9f94819b
diagnosis_20260823/routeA_full/blocks/426668281.json.gz	199881	eb827a94609c367c40a26c7700f471c8174877b53809e54b776a2dcd97be3e46
diagnosis_20260823/routeA_full/blocks/426668282.json.gz	188669	fdfd12ab8a122a618389a682320383f7a7a9642a96782e097bccba651d6d0f40
diagnosis_20260823/routeA_full/blocks/426668283.json.gz	211074	67a9a2afdc3d4b3f9b2432d6a71a8561e41020f7bec44c943a7977b8cd50ed20
diagnosis_20260823/routeA_full/blocks/426668284.json.gz	284004	47ad85b28b8788f8893e991d59566e7faf2d65652e681d7a88e0045b9f792fb2
diagnosis_20260823/routeA_full/blocks/426668285.json.gz	276337	5b44036a35953e4c21841e6f8c36f8c9e12b642712686d77cb8cacceea2a3998
diagnosis_20260823/routeA_full/blocks/426668286.json.gz	356910	daf0dff7d2c9a3bbf5a41382d890e5125a459b752006b6ddd3814c279135f580
diagnosis_20260823/routeA_full/blocks/426668287.json.gz	296306	ffccb24e307b337618391b2a3894a30ef37499f4d60c25acdd590eb19bfb5ef3
diagnosis_20260823/routeA_full/blocks/426668292.json.gz	486414	87fd9952b603b82ffb22c085f1caf890815fc61c764c5d6aae2b617381f4e837
diagnosis_20260823/routeA_full/blocks/426668293.json.gz	535128	cb12336004d9cee092876f9e24a4c39bcf9101d95fe8ead565938b0460daced5
diagnosis_20260823/routeA_full/blocks/426668294.json.gz	373234	a8d5c142dffb26917f07d301192eb9a257cd38ad9f9058f6a847055e52f4308e
diagnosis_20260823/routeA_full/blocks/426668295.json.gz	283178	004a002f847c58860c9da7fbfcdfdb81a47c10a5106a128d8c135fdf079ed7b5
diagnosis_20260823/routeA_full/blocks/426668296.json.gz	282498	bd04c31514e095a0df9052db5eb29f19229fa338e8dc3a7cb88a87d0565225f8
diagnosis_20260823/routeA_full/blocks/426668297.json.gz	325178	5dd594c4de43021090455d7e79fb79c852d2891e4237ad247795b0ab7033d84b
diagnosis_20260823/routeA_full/blocks/426668298.json.gz	272381	f7cc536955244e2cd5ef628ca227010c4338aae437766197ebdc2c63bd3db9f9
diagnosis_20260823/routeA_full/blocks/426668299.json.gz	201913	ddb2dbb59f717fd4d0b4df0350381a6b3a219d1c702f58b5ab7ebaa378a6845b
diagnosis_20260823/routeA_full/blocks/426668300.json.gz	244038	13f0a7ffc596b65e33e9b57b97984ee3abec78ca2f36e819ba0bd043cf064893
diagnosis_20260823/routeA_full/blocks/426668301.json.gz	147254	e7183b32e94618c93cda1e47903d2441fe4bf1fb8526d340041c35ca5f2648cc
diagnosis_20260823/routeA_full/blocks/426668302.json.gz	154011	d971aa7673f4a9557f5421d9aa0cc73aa21af2308df9bce0695f099dc2ff20e0
diagnosis_20260823/routeA_full/blocks/426668303.json.gz	200045	97f6700d31e453f42035575e241d76c18d16a86d977419ed325d24099482d886
diagnosis_20260823/routeA_full/blocks/426668304.json.gz	353618	74a14ad8816d62157dfc2f2bd6f6554a23b49f3b8489b3c2b2be61773dab952c
diagnosis_20260823/routeA_full/blocks/426668305.json.gz	216812	cd09291bd8085d7ab8b3ca33cd816202bd2fceeb334b95e5629a25c61f5cd40d
diagnosis_20260823/routeA_full/blocks/426668306.json.gz	313741	1fc80b6903a3dc816b105327c902c15dddaee0d40ac820d77e072a14d5318308
diagnosis_20260823/routeA_full/blocks/426668307.json.gz	240759	cde0abab82ab24e48ffdab631af4ee88a9802ca65053902c076f47f5ed918013
diagnosis_20260823/routeA_full/blocks/426668308.json.gz	438449	2d9a4a2a6115c930f1ce123ba0582f22b3856839b82e209d6ab61bdf38f8d6ae
diagnosis_20260823/routeA_full/blocks/426668309.json.gz	275682	4272d7014693883cc2ddebb9a655429c8bcb39970df9f411520fd95cbd1ff8e9
diagnosis_20260823/routeA_full/blocks/426668310.json.gz	203492	d9f713d1c4c191b94964dc69c70f8dddac0ef90f3caa0c95976893b34ac9f71b
diagnosis_20260823/routeA_full/blocks/426668311.json.gz	222242	de925fecc49d8877140faa13ab74756d2f792268ebd926887775770aa158883f
diagnosis_20260823/routeA_full/blocks/426668312.json.gz	207298	1f5afc1f114ab944092ba4741250e9255d842c8d9d3f02ca0d00309417f4448d
diagnosis_20260823/routeA_full/blocks/426668313.json.gz	164698	ec7fbfc2225eb485be8699c6ea52ddaa0f3841d34bd27a592e37bf1e3cef58f9
diagnosis_20260823/routeA_full/blocks/426668314.json.gz	399976	9c2a4b366bd3423fd4183eb960020610bf4bcf2a6d7c77fabf6c0d5dbbe9ef2e
diagnosis_20260823/routeA_full/blocks/426668315.json.gz	353794	3658771a3edf170765110820381cb0fb90264eb23b16e9f42edcb366db4508f8
diagnosis_20260823/routeA_full/blocks/426668316.json.gz	441231	cb70db208b66a32ea6183961c45f998ae9fccfe7b30d15888b887b33bd6e46b4
diagnosis_20260823/routeA_full/blocks/426668317.json.gz	317487	94564e0e7824e10225cfcc165a0d8eb46b59227188ed82b9704d9373fee4a0c5
diagnosis_20260823/routeA_full/blocks/426668318.json.gz	284152	1b2b729378ba02817b50c517a8469f5c37946680f8e91cccb8692cc12b3c41eb
diagnosis_20260823/routeA_full/blocks/426668319.json.gz	199528	b6f1c9cb43a7e7697c0187b11ec9c7a7ccaedb13aaf098d76f5ae3fd06ae2d40
diagnosis_20260823/routeA_full/blocks/426668320.json.gz	167848	38161563af0243609defc0dcd9108553298d1f0ecf6fa6dd531465e05731f217
diagnosis_20260823/routeA_full/blocks/426668321.json.gz	257199	f30c22bd3f148a630a54a38604397d45d1688e6142ef59257792ed597a19831e
diagnosis_20260823/routeA_full/blocks/426668322.json.gz	166404	a781c30d155295eeb4d83c65578ed162aee29e1aac7ee0e26705637ce4c98815
diagnosis_20260823/routeA_full/blocks/426668323.json.gz	166350	50b2a22b4cd01b9300e477d1db4f99e531058f442cf895cf70ad7157ef377e73
diagnosis_20260823/routeA_full/blocks/426668324.json.gz	149017	24545465663bc5f00f30f1e5c4903a68f41f4730b237b4435d7b7b75ccc3fdb5
diagnosis_20260823/routeA_full/blocks/426668325.json.gz	184516	70606fe1b2912e0cd81f0b6a2965fb072aae12c316a525b80b566cb7c0a0def8
diagnosis_20260823/routeA_full/blocks/426668326.json.gz	215751	617af3ffad4fe715972aa3c62beffd7e198be8d8b982595ef8bed3362b39eb85
diagnosis_20260823/routeA_full/blocks/426668327.json.gz	194545	7484c9089769b794aecfe03f146026ce15a9f897d08bf268086a23818495f21f
diagnosis_20260823/routeA_full/blocks/426668328.json.gz	380311	ff5e7d264d0e76ceb9a8d4f4393ec94d73b83765dbcc1abdf021c9217ff7cd18
diagnosis_20260823/routeA_full/blocks/426668329.json.gz	160882	40905008723ea2d686ddf5130380d3808c37d46778073d45ba079ac728cc4cd9
diagnosis_20260823/routeA_full/blocks/426668330.json.gz	138007	6c9cf4226a10d9a1a51c50275c5315450dfc56b5321ff046777d1ee461a634e1
diagnosis_20260823/routeA_full/blocks/426668331.json.gz	164259	4ae424ab75e95c896f4892a63e78c97a800087437a631a649fa2488005e0b425
diagnosis_20260823/routeA_full/blocks/426668332.json.gz	192414	ab5033441ef3da9ee7c37588ca811c5fe2c78d2401d54ad0e8d2c8a2739af199
diagnosis_20260823/routeA_full/blocks/426668333.json.gz	161601	b66203bb549eff5387bdff3d53431aa40c214fa5632575196fbc9fb84be08c27
diagnosis_20260823/routeA_full/blocks/426668334.json.gz	136451	dfb7005143ab880aaf4f7cd333998355404eb6d1f0f9460d1b420637279088d4
diagnosis_20260823/routeA_full/blocks/426668335.json.gz	190497	4dd03157c429a0f9df69becdff5bcaf82eb463104fff039b62440ce1232189f6
diagnosis_20260823/routeA_full/blocks/426668336.json.gz	266125	9c0e95d90a9a9baa3768a721b95ef1cb56a1408591d325a33a693c3bbc6bf34c
diagnosis_20260823/routeA_full/blocks/426668337.json.gz	141834	b4592cba53f69b286e479cb02fffc44a3755ccaefacae19ffcae50c1adb35ae4
diagnosis_20260823/routeA_full/blocks/426668338.json.gz	158465	e1f17d842c5862d491e67e72149733a241f70db7e651d9cf13af2040f55bbaab
diagnosis_20260823/routeA_full/blocks/426668339.json.gz	270955	2908230c995b01e370739986bc3a1459bd275b040c6a20679e0b8199dbe6bf68
diagnosis_20260823/routeA_full/blocks/426668340.json.gz	264557	f6c7c6c63dc3c1b1cdd45468ea2ccca5d4a6a401d41fd51d9dddabf7f24be1cd
diagnosis_20260823/routeA_full/blocks/426668341.json.gz	131235	68dbec6aac0457defe59bdab83ed4c76d9ee28bdc1840ab206431e682391990c
diagnosis_20260823/routeA_full/blocks/426668342.json.gz	161858	4e9d371e9d2668d4883643e574cdfde576fbd1b36f38e63097738a50bd0ac8cc
diagnosis_20260823/routeA_full/blocks/426668343.json.gz	215301	735b4ec359fdce6686f6fa7f89c1082928ea3b762510018c4c54426bc49e2dd0
diagnosis_20260823/routeA_full/blocks/426668344.json.gz	198129	2989fa47330384a95caa0b2b76eb9de4f8ec2930c4ca728963fb9cd0fff6b914
diagnosis_20260823/routeA_full/blocks/426668345.json.gz	268485	da2060a6f57f28affb9b3c31384b2d48de78ae81a0c859137936f3545245fcfd
diagnosis_20260823/routeA_full/blocks/426668346.json.gz	216499	f4907e1c7fdaa31abf547d3ffa76d36399011039853438d00722b252d59e5c72
diagnosis_20260823/routeA_full/blocks/426668347.json.gz	147795	3f331f17795784203204d770569c6dd5314f01f6948a40ecc8e9f55e6ca2f35f
diagnosis_20260823/routeA_full/blocks/426668348.json.gz	432494	7b1cc5dbaddc6bd15e6baf2bb34436ca73374c7788035c2500a10ab4ec7094ce
diagnosis_20260823/routeA_full/blocks/426668349.json.gz	311941	85e8e9ac873be36d1e2499087d77bf8f14e2f9575b9b3a500214ea53fb4868f6
diagnosis_20260823/routeA_full/blocks/426668350.json.gz	177594	1cb6f68ab290c316a43d136ad8d70fdea7c55d30a8922baa95a49c08dbd8058b
diagnosis_20260823/routeA_full/blocks/426668351.json.gz	193956	c32f2a92c9d9715d382c72124e1ac967b82e27d14b528e0547985550dde39d28
diagnosis_20260823/routeA_full/blocks/426668352.json.gz	354977	a6c4a8134741c33db50a7f2e1f6422fade45a53e5e95790d34c1f89cedc3d993
diagnosis_20260823/routeA_full/blocks/426668353.json.gz	243571	3af054aa5c1271646b2919fc8b4a0ab50a80d8ad30d4d3f6b1e3fcd0c7ddc9be
diagnosis_20260823/routeA_full/blocks/426668354.json.gz	289914	3b3c0d2337198fb44c0701d76988a787381b40219a02ff368a46aad828b2d168
diagnosis_20260823/routeA_full/blocks/426668355.json.gz	265917	4c2f09155106b55786e247811d2068c1712acc348e1b83ff0a22c25620ba00c2
diagnosis_20260823/routeA_full/blocks/426668356.json.gz	211507	a2f8abb0eb0613d93190d859cb3226be6644376fd00a6147703ba6c10a663308
diagnosis_20260823/routeA_full/blocks/426668357.json.gz	229771	a6d4557f80ab888a601488217ddfb78bac89082a1e49b766ef78cdd9ad099a8b
diagnosis_20260823/routeA_full/blocks/426668358.json.gz	202311	3f714630194dd244d5268f17ddd0960e69fc8091e0b53ba3d93516ad403b35e7
diagnosis_20260823/routeA_full/blocks/426668359.json.gz	156059	f3d37f1f541e4c867483a814967a44fcfff90277b0eafc24994ae72ce59ea461
diagnosis_20260823/routeA_full/blocks/426668360.json.gz	531583	5e7c79c7f48a5e2c06dc8f277d5fc4ff06f1c6eb5eded90a90c1dc8de5bbb47a
diagnosis_20260823/routeA_full/blocks/426668361.json.gz	305520	c2b217b12f148a8f91de8e287ea97a68a7173edcca162c8cd69fdaf948e74b68
diagnosis_20260823/routeA_full/blocks/426668362.json.gz	164417	9683bdd0d6b359454de9da6f1e74e1b8622b4e49c18269d464b6b1e4398c8591
diagnosis_20260823/routeA_full/blocks/426668363.json.gz	180442	4f9dd4f3dff8f566636b73cfdd532a6b5ed1adeeaeb72d7f19631c9b95ddae83
diagnosis_20260823/routeA_full/blocks/426668364.json.gz	217350	69157d5be5e2bbefd031a40e9c82a3ab5b0c6892f9700f3d270ccefbbe7dc665
diagnosis_20260823/routeA_full/blocks/426668365.json.gz	155848	b9ec5a0a4f390ae21367f34e55ddab9af9c13da35a7fc9e8f553ec8db90937e0
diagnosis_20260823/routeA_full/blocks/426668366.json.gz	182598	518928b1dc11c5b5191f43d234394569cdd66be2b8c7d51baac859de415f5dc6
diagnosis_20260823/routeA_full/blocks/426668367.json.gz	201763	da2ca043bea7ef2b1d691f1252ab08b782bf50e712970afb7586650bd3baba7e
diagnosis_20260823/routeA_full/blocks/426668368.json.gz	191991	edb93cd38d16f86913c0522b5272104e59a05ffead7ca7f9ab7dd76332aabd91
diagnosis_20260823/routeA_full/blocks/426668369.json.gz	139652	b5f9764a757fe52fb1b9f4b5960745f591982db383fde3245c5630eefaa0a5cc
diagnosis_20260823/routeA_full/blocks/426668370.json.gz	230107	00c98bca03628b6c57292370c804e7b72be8419cf34d027a6b4212f44b8aa672
diagnosis_20260823/routeA_full/blocks/426668371.json.gz	168235	9267f914b96e19ee03a3d82bb48f4f203ededbe6f4e5684dda1414f8a7160036
diagnosis_20260823/routeA_full/blocks/426668372.json.gz	263994	bfbb0ec076709601c459d12b6d4626b02aae8e7eb8067364dc946c22816234eb
diagnosis_20260823/routeA_full/blocks/426668373.json.gz	184404	50243ae706ca7e6d663483a30498383fb94a8b4bb43024fc653a62e7f7eb4c4d
diagnosis_20260823/routeA_full/blocks/426668374.json.gz	170969	f5474268a0140764102670031875cfaa5682c18121beb46bda9fa02d0de456f7
diagnosis_20260823/routeA_full/blocks/426668375.json.gz	142815	1e976f21844e2084047b7bc848089436a76de675564287ccb209ac98a5fadb36
diagnosis_20260823/routeA_full/blocks/426668376.json.gz	166336	c7ccf49560d409ea4580204adfe201d08484443342a2e3e109c35edf511e7560
diagnosis_20260823/routeA_full/blocks/426668377.json.gz	180779	39ff8369d7b0ac7d7aca8254c242eb523c46af600d67ff1e10529d2e1e08e37b
diagnosis_20260823/routeA_full/blocks/426668378.json.gz	177363	17e801e9bf2305ad9336b044e28ed27f5a6e6556c71c42c6d928b8374d80575b
diagnosis_20260823/routeA_full/blocks/426668379.json.gz	268631	1599ded7f2f9b45794b9a9ca01d2aa04d088c17b40a344909dfbc3fc67d0aaf0
diagnosis_20260823/routeA_full/blocks/426668380.json.gz	324743	2b01083e568cb95d0c0f2100bc859d39a79acca8fffb115a45c0d5c79a640708
diagnosis_20260823/routeA_full/blocks/426668381.json.gz	198073	571183d3473a656b75ce162b4f1d816dd0389fa7fee1a9926a5e3fe9346d2140
diagnosis_20260823/routeA_full/blocks/426668382.json.gz	183511	650caceda5508d1c43bad057a96e40d6709c7c899242dbab3daba8383f0c6c2a
diagnosis_20260823/routeA_full/blocks/426668383.json.gz	232783	ee7dc5ac33c80d84aa3273697a17c7ab9403beacfb0872f14a706b916d05ea4a
diagnosis_20260823/routeA_full/blocks/426668384.json.gz	164323	5c394816946d02673c0642a4eb11e0d5951fb01befbab7ba652bfbde4ea3531a
diagnosis_20260823/routeA_full/blocks/426668385.json.gz	186352	b5ff9ace480cbbe8f9f45b3d741e6e5a0f5af97c5da1a312b43f86f9b7188519
diagnosis_20260823/routeA_full/blocks/426668386.json.gz	178163	f588c2d214cccb04c4ad97f7d3781c39f89b856c2248050b18175c3fabe87634
diagnosis_20260823/routeA_full/blocks/426668387.json.gz	246111	19c0aa2e4e9e6732deea6fdcf2a345cbd80e5d751303f9d41840f2a217560ab2
diagnosis_20260823/routeA_full/blocks/426668388.json.gz	213993	285fa84491c972aa6a66655b6540d696464a182f36cd73e33df6293e8bc1077d
diagnosis_20260823/routeA_full/blocks/426668389.json.gz	152358	ec00c614390fd5db117932953642db8b0046c8e459d12a2fec821cb0c271978a
diagnosis_20260823/routeA_full/blocks/426668390.json.gz	144604	90b52fa89cd24122c27a7964b22a060b4227338a51699fd7eca9ed9aaeb7f5e2
diagnosis_20260823/routeA_full/blocks/426668391.json.gz	141897	a2de9fe4ac8db3eac47890e13fe84d32183e7f1b0b0f4c0c2405e3e0eda9f34c
diagnosis_20260823/routeA_full/blocks/426668392.json.gz	178512	12e7d7cbb413ef26fc8a0e69ccd3a74e5ea79166667dfe458c3a9557cf17dcda
diagnosis_20260823/routeA_full/blocks/426668393.json.gz	185656	25e5aa9f9ef543b6c735e0e3b24846f68293dde6df5d11bfc998d40539a54f4d
diagnosis_20260823/routeA_full/blocks/426668394.json.gz	133856	fc29c87f11231ef8a3969285f5e097e2d05eaaeaaeb655169603eec548ee5178
diagnosis_20260823/routeA_full/blocks/426668395.json.gz	135503	73c1bdd1654084f814512e9c3bac2f8695c30e2a61c92166b4b89bf47bf873c8
diagnosis_20260823/routeA_full/blocks/426668396.json.gz	564467	f1c040dc8296ca9322d9c91ac864bf3e684bcf1cf2dd7abdb362f5a47e012093
diagnosis_20260823/routeA_full/blocks/426668397.json.gz	269108	91a6630029531ddb70882fd7069aea3b2c17649c31f9d5ee53f7238ccfdcb6fa
diagnosis_20260823/routeA_full/blocks/426668398.json.gz	361793	c8683bf681a2cde4311191466012da8244a9fbb3ec13a40eb1975d44a7c94d79
diagnosis_20260823/routeA_full/blocks/426668399.json.gz	304911	2c1aefec48b33a74a83b90f747af8853123c0ba2bd52b0e43cd3eb4dda05cbaf
diagnosis_20260823/routeA_full/blocks/426668400.json.gz	319903	1529d79693e4b18a87fcb6a5cf686403d8a5c37e26208db1bcf91a33bf6b1d63
diagnosis_20260823/routeA_full/blocks/426668401.json.gz	355043	eec99e28cbdb3b66e2d30c4b6f5c3a28bc874789fca0af7226c49fad3f2d423f
diagnosis_20260823/routeA_full/blocks/426668402.json.gz	222430	a6471fe6e95a765ab0589b0f07219f3d68dd1d4dcbe0a2750132c90474e94762
diagnosis_20260823/routeA_full/blocks/426668403.json.gz	348102	29a955f422ccde4d14d971c4a14b37e4f9ef8ee030bd64df77a6dbdf4b75da31
diagnosis_20260823/routeA_full/blocks/426668404.json.gz	307008	7acde120a410a582e3e92dfa9b1f01edeea7995cdf00f3370cd94d230b0c1678
diagnosis_20260823/routeA_full/blocks/426668405.json.gz	366543	48aed5605d8f9bb950d6012fbf73e13978970a9c1ce9e64e934055ef8feb388a
diagnosis_20260823/routeA_full/blocks/426668406.json.gz	255505	02a90d5fd8c90b10c4211819b5afa5c149d64b33c9465bf0d39c800fd9def704
diagnosis_20260823/routeA_full/blocks/426668407.json.gz	246855	063c07e665b53e32c684dc7242ba186b1d3181123b78c2b1241f1c46e1698a1c
diagnosis_20260823/routeA_full/blocks/426668408.json.gz	209115	72a8f6c290d4a2d9c76a602206a3f752d552ecdb8428a80c1cc53519d9846721
diagnosis_20260823/routeA_full/blocks/426668409.json.gz	418712	508625770ac40374662be77b8bf299f872ac96e114a094303b62611a43ed6864
diagnosis_20260823/routeA_full/blocks/426668410.json.gz	478469	c5a0c03f4f8f71d923af7b0edc85a2f0fc2b7fbb711a6b26837995fb9e98dbe5
diagnosis_20260823/routeA_full/blocks/426668411.json.gz	349540	61d3ee93919862f8ce8a4c4bd2d49514c716e7262ff47d16ee14cefe22b428a4
diagnosis_20260823/routeA_full/blocks/426668412.json.gz	547570	7977c1ea713dbd4f6cbdadbff326cffca88cba24a39c87ab9f7f9c14b23f4f38
diagnosis_20260823/routeA_full/blocks/426668413.json.gz	480685	56405e10926a7a2f77a4a653ae6d66ff402fef8e3dfff221049d2f5925cad222
diagnosis_20260823/routeA_full/blocks/426668414.json.gz	292818	11c12594718d23febf6643e34b9ce146a4af71cc65b15259149f0cd722d3ae32
diagnosis_20260823/routeA_full/blocks/426668415.json.gz	191461	4caef538a74465724f5f7e46ae36da29fc114dc7e100b4cf4d29848c4c84ec5a
diagnosis_20260823/routeA_full/blocks/426668416.json.gz	218393	ed06fc4ed494d6ac2ca0c7c3ad947bcdb12c6ff22e3a9e9aa3fe9656747953a3
diagnosis_20260823/routeA_full/blocks/426668417.json.gz	213375	c758d0a90a486107eb169c0b791bca144f478e18fd8eff4ecd1481d8904ea555
diagnosis_20260823/routeA_full/blocks/426668418.json.gz	300634	2905cecc01e4bb8846229df318c986fd4f6ecfa716cf335479550e358ca41e69
diagnosis_20260823/routeA_full/blocks/426668419.json.gz	259184	30988505e2be20c8770f00c3826a44caf93f4ec2592fc630f4d38ba07e915abc
diagnosis_20260823/routeA_full/blocks/426668420.json.gz	262860	c45e5b5e3d521ea16ffdc81056938a50ce4f0b037a57f41c851ea7fe2d67d90c
diagnosis_20260823/routeA_full/blocks/426668421.json.gz	388301	e04838c25e25df898aec2dfd43231b8637dd358bb9ddf106615a9da657f9a618
diagnosis_20260823/routeA_full/blocks/426668422.json.gz	375998	0293ae9055ea3eea87274e99aa3c15afc6a16f724027788a0d13996be670bf39
diagnosis_20260823/routeA_full/blocks/426668423.json.gz	177640	9a75ae7ca7f6c3c6383d593ea81e01dc97b791b24f12361815b7cd28866bbffe
diagnosis_20260823/routeA_full/blocks/426668424.json.gz	209309	3bca6ddbea8f4c9fe10b4e16fcdc7f5fd9010e66c1e7fed565800fdd745605dc
diagnosis_20260823/routeA_full/blocks/426668425.json.gz	176238	31e89d0ddebb31e382a63930a3dd6423b35faa32fcaf10490b4dcebbf8111e2a
diagnosis_20260823/routeA_full/blocks/426668426.json.gz	288239	bb448de5a8c2f125e85c3ae11f2c0736f3cdc8d9e1142472e57fcabafff2d6e0
diagnosis_20260823/routeA_full/blocks/426668427.json.gz	320912	c1f93f6f15d396a2d010065aca91a46a5247be5587af2e57e57045e5380687e9
diagnosis_20260823/routeA_full/blocks/426668428.json.gz	170077	3a9810e2d1dd815fab022e399e4146c84edc2a8b396aebd3ec09098c5b36a69b
diagnosis_20260823/routeA_full/blocks/426668429.json.gz	263916	8c5fb6e02cad6600fe0caa4b7a89ed607803f0f627f09bec389cb2a0a13a7abb
diagnosis_20260823/routeA_full/blocks/426668430.json.gz	182269	846e0949c785f71a6c8c922ab6f014168052d974c18b35a9fd37f5aabed825c0
diagnosis_20260823/routeA_full/blocks/426668431.json.gz	203427	36ab86bf0f4b7e9516fb7eb5a372b8e7e71944757f594bb9d226256f3f31bd51
diagnosis_20260823/routeA_full/blocks/426668432.json.gz	289031	d7c14b73e2c7dc2a61b9951e7357330278320bc6797a5e4b981932f6afc13614
diagnosis_20260823/routeA_full/blocks/426668478.json.gz	333306	d0340204fd6ed1d26335dbe2ba25c6fe227ab93a71a48c9009dfdbf9960de64e
diagnosis_20260823/routeA_full/blocks/426668479.json.gz	273922	3b1beb08ce5cfe911e50a530649045ce82d3cf38ad2026fd7d160d0f5a604d20
diagnosis_20260823/routeA_full/blocks/426668480.json.gz	232760	0e4937a266d9b2c8393d9da41f5a0527c51cd0843149fc257dc0b1782564a580
diagnosis_20260823/routeA_full/blocks/426668481.json.gz	200502	86743a1cc55c85a4ab4908dac4ecb895316cb0792fe2dd3c20b68fe2e3b47373
diagnosis_20260823/routeA_full/blocks/426668482.json.gz	203412	52831a87016d84c153502ff04fd5c6eab6ac08223d1982a49278ce67bc58e3b0
diagnosis_20260823/routeA_full/blocks/426668483.json.gz	218278	786cc7793fc1fb0d9fc7eca0697e8f6ce7a7b96656feec251f2663d9fcda7ec7
diagnosis_20260823/routeA_full/blocks/426668484.json.gz	309243	d2096198fd1a2573f1943dcc0f02239cce70402779ada7c35b81938fff80ad6c
diagnosis_20260823/routeA_full/blocks/426668485.json.gz	219315	3f1aa840a4f3570f676db9ddc0986445db7899b7fcf88007d272221a8fe63799
diagnosis_20260823/routeA_full/blocks/426668486.json.gz	206432	ccbf4aa9e4407674cdae175e70efc5c17aeaa80988c48d42e0386dde42f21cac
diagnosis_20260823/routeA_full/blocks/426668487.json.gz	403435	d5d24e7935d54583819c6fce01aa9168f86b4fa6535e395b97fe2a60ab4cbb28
diagnosis_20260823/routeA_full/blocks/426668488.json.gz	360801	1c132212e229665a9cbc41300fd758c7345052844b90870d47afd6507e8bc103
diagnosis_20260823/routeA_full/blocks/426668489.json.gz	198409	95acae554116f948a6403c808ad8da47986dce6e24fb32ef8a8d954e8020eb42
diagnosis_20260823/routeA_full/blocks/426668490.json.gz	231364	0e4acf85b15b1305744bf698141681abec8dda4bfbcf83200b79e501a5873cc0
diagnosis_20260823/routeA_full/blocks/426668491.json.gz	293617	93113169d54fd225a2a92229560687e2bf3ec7d6384518a3048c79d2132c5476
diagnosis_20260823/routeA_full/blocks/426668492.json.gz	206398	c4af9b08c5e5007ae91392ad4a60a442a35b15329f269bfc313832e8ab05a587
diagnosis_20260823/routeA_full/blocks/426668493.json.gz	303485	6547c8428068709cdfe767504d0735918695a4974cecd7b98c8e469a9bfd7a72
diagnosis_20260823/routeA_full/blocks/426668494.json.gz	237089	3cf03635ad98e0e8241e8a2225bb320a2ec23b1a9e6c8760ada92d542b97a3e7
diagnosis_20260823/routeA_full/blocks/426668495.json.gz	221323	38fe1623666d4de3c7d0233bedff30fe130e0978c5c8269cdd12d410532840f8
diagnosis_20260823/routeA_full/blocks/426668496.json.gz	363478	c56a232b709e7664dae2b33894092a383379d37a8da4b43fbdc68daa4b724ade
diagnosis_20260823/routeA_full/blocks/426668497.json.gz	296323	953d000c7374112a2afa7e08a92bc25148b10724e583cfcb50eeec41cbae7a9c
diagnosis_20260823/routeA_full/blocks/426668498.json.gz	196341	b3b5665399a3212e739b8b62e394791fca211895ecb5ca76ca91766d8e173c58
diagnosis_20260823/routeA_full/blocks/426668499.json.gz	252617	3af91fef2871cf9161955b474f5d8ec3b9f32ca05582c79138ab71b75e064492
diagnosis_20260823/routeA_full/blocks/426668500.json.gz	251653	e4141a154723fe1015b0df9e64ec5cb020d9919b3358ac3468ca20037b1e3d1b
diagnosis_20260823/routeA_full/blocks/426668501.json.gz	410142	3679e2dd87b2a51ddf5ed47a75fb8f192a59cc6f473a8dd754e09f8a4d5b5616
diagnosis_20260823/routeA_full/blocks/426668502.json.gz	336998	21336df33416d0af9c32af270f2550a44320ef9cf1923d062a4d683d4de3de45
diagnosis_20260823/routeA_full/blocks/426668503.json.gz	294294	2e0af1d4a80b39ba96da0a9cf704a65349c825dce4ac3bb2fb68de79869c997c
diagnosis_20260823/routeA_full/blocks/426668504.json.gz	275188	792e35f9bef6bd6f5715e2cb68903d7f552d282971d68ca24bcc5b1fe9d2031b
diagnosis_20260823/routeA_full/blocks/426668505.json.gz	214096	75ac6f3023baef76507107bbd8c1d899d8862feaf350b3f66a59f8efd2e9332c
diagnosis_20260823/routeA_full/blocks/426668506.json.gz	267084	e958bf849c76c89cb3ebca4e0cdfef9c35682da748ea383e39a75e63b9aa908b
diagnosis_20260823/routeA_full/blocks/426668507.json.gz	292420	54c3c5d67835cffe84e70981d76128de80047dbc9b67a14c692fac58a2c69a70
diagnosis_20260823/routeA_full/blocks/426668508.json.gz	316756	bd8541dd9cd67fdbdc8513443dce5852404b7dfcdc0755b3417bfffd0b215d37
diagnosis_20260823/routeA_full/blocks/426668509.json.gz	257073	a03f1dc3eb028ef34987b563cebb3dc8cfcd9806abb16200eb2e038b5f3fab1c
diagnosis_20260823/routeA_full/blocks/426668510.json.gz	197601	b5a57ff206306f4940ac4d9c671211454cfb332cce3acb511843501dbe839b96
diagnosis_20260823/routeA_full/blocks/426668511.json.gz	141819	298d69da14d5c1126e662d448bb06e9a0d76addfb09a4653ea36631688361852
diagnosis_20260823/routeA_full/blocks/426668512.json.gz	194271	fcb9fecbe5aa5c309fb77002a5fc7133062019743eb66a3e33d5aa820b8eedb9
diagnosis_20260823/routeA_full/blocks/426668513.json.gz	163291	a975aed3e8402258ba7da0cba1a82de62f151414d9d4bbf7d3334ee179761d06
diagnosis_20260823/routeA_full/blocks/426668514.json.gz	170330	8a66367f9e108759995263e65dba97c90de2cbd38385d1d4959ef69658f58073
diagnosis_20260823/routeA_full/blocks/426668515.json.gz	218951	773bae2c94d1bec98b119240054cab4ac2d21dbd9c95084d1c1f1244afe54214
diagnosis_20260823/routeA_full/blocks/426668516.json.gz	164394	5d5eef139dc513557ee2bdad6a82b602361f2ae716877941fcb505bc1b8e6ba8
diagnosis_20260823/routeA_full/blocks/426668517.json.gz	151691	e89cfa585b04418966ae4c4a5cb11cef123fddc4b175a958777c4a3ce27d9953
diagnosis_20260823/routeA_full/blocks/426668518.json.gz	245654	5cc4d31889eafb93be4ae89786ded88beac01c9149b5c41bae4f3a65335443f0
diagnosis_20260823/routeA_full/blocks/426668519.json.gz	163481	f46c9493a47fcfbffd31cff3751c672c67999d2c6567175cee79056aec572c9a
diagnosis_20260823/routeA_full/blocks/426668520.json.gz	336648	2cbca5cc271d83fa12c354371b03ea351fdddc8dcced5c5dc22727584bedeaa2
diagnosis_20260823/routeA_full/blocks/426668521.json.gz	188690	76355d9574030d6ac489e72a0bd306d986b732fcf04b9ff9ef56e84dd8ca8bc2
diagnosis_20260823/routeA_full/blocks/426668522.json.gz	178590	5113ec1f4f1f360962cfc7833d886cd53854e4ade5d42078104131ee35c74fd2
diagnosis_20260823/routeA_full/blocks/426668523.json.gz	252223	f4da80d7eec4c7fefa561d5187a0d82f0e6d443c406f810e6759777197430754
diagnosis_20260823/routeA_full/blocks/426668524.json.gz	166989	f7a0e67c410f40d51a86d259aab26c2e0ef8a1c6a72871f3a2060ebe6b2e3964
diagnosis_20260823/routeA_full/blocks/426668525.json.gz	178804	ed34ff9281553edd52428f8a5f8cf30ab9a139a363d2fdc1396ce812a8d97f56
diagnosis_20260823/routeA_full/blocks/426668526.json.gz	221685	d7c2a3aa1dd97a71a741a8da868c6f513968a32e550c1ac0efabfd30d885896a
diagnosis_20260823/routeA_full/blocks/426668527.json.gz	219594	aeae74034eed16be4c8fe09fed9b2f00083ee288cd2aff312fb6143522d04ea1
diagnosis_20260823/routeA_full/blocks/426668528.json.gz	258940	d2ca1f5dc79fef988b510a29aa8954582b9956d1a7c128e8de15899333e73be3
diagnosis_20260823/routeA_full/blocks/426668529.json.gz	157504	8ac6f8743714d884c0566842a14db0ecc9dfe234bb12136435a9779f60fd706a
diagnosis_20260823/routeA_full/blocks/426668530.json.gz	158195	0fc4724f2336bed7359ccba087309b3625a44b878830ceb7597dfb9716b0ec8b
diagnosis_20260823/routeA_full/blocks/426668531.json.gz	200558	d50aef12f7ae2c9b0fcb70730e90d10b713f071dde22e90d4e59c8f25f753909
diagnosis_20260823/routeA_full/blocks/426668532.json.gz	226281	c57768cf9874d99c755fa2896997f1775baea90e9783b56ddf2cbf94c8e59aa7
diagnosis_20260823/routeA_full/blocks/426668533.json.gz	163224	5eb2933ce2c461fc0c2b5b8bc3958afa28dab7cd8ded3694b7a5e9b65f2d3ab9
diagnosis_20260823/routeA_full/blocks/426668534.json.gz	200676	3b0ec50476fd1251d031d99643978a30bbce8c887a4cfb814ba2e39effe11eb0
diagnosis_20260823/routeA_full/blocks/426668535.json.gz	169023	16e80961af5f868abd7673c01c7a9461a88b05dbf6b52ebb816868ab4cda3a44
diagnosis_20260823/routeA_full/blocks/426668536.json.gz	188747	ad53d1bb854c8512f726c697fb0d30e2990ce345b082f5fa5638531d07a4e235
diagnosis_20260823/routeA_full/blocks/426668537.json.gz	292893	0730014a73b3f94268705d10e6e5c1f08700188860851706f86fe05bbd75f91c
diagnosis_20260823/routeA_full/blocks/426668538.json.gz	231564	44ce1b52a0d02c3fd4e5ef4223c08f1b0c66f0723180f77dd9bdca83780e220d
diagnosis_20260823/routeA_full/blocks/426668539.json.gz	303124	ab055a6479fb473d7f320ba459a028a50d8e0b19f4fc682602c4419a01b36298
diagnosis_20260823/routeA_full/blocks/426668540.json.gz	83344	3d4db5c90c3ff8800fb05e2c3aa06558110ac665a199d14956de5ad861b052e3
diagnosis_20260823/routeA_full/blocks/426668541.json.gz	262886	ad4ec6ffb32cc73965372426dd36187fba10ef278794111c73a04c1e6ac29bda
diagnosis_20260823/routeA_full/blocks/426668542.json.gz	162491	4dc1ca25c3bbbe9dc2a0ce18e3e831fdaafbcd41e265f49e42a45a8e5de1779e
diagnosis_20260823/routeA_full/blocks/426668543.json.gz	175083	ef917830a6a137aa8fb94815c09c262214d9e9c5f9698f7f8b94409283b284c5
diagnosis_20260823/routeA_full/blocks/426668544.json.gz	291102	ff7da2b825152e2928efcd3eab3136071c9a4cea5fe853a4437ffe1ff6a22a7b
diagnosis_20260823/routeA_full/blocks/426668545.json.gz	245212	ba7d4a6424bcb57ae4cc1c222f00158dfe89cdcd7f818c571f1c2a5fae1dd60d
diagnosis_20260823/routeA_full/blocks/426668546.json.gz	168939	f7dd7722c7100f437d43ac5090acfc3b55a809a2f389117c895c6d796a5caa05
diagnosis_20260823/routeA_full/blocks/426668547.json.gz	202262	4a9a1a656f4c6e2b7e62e815826f479231d92378ab5b5b69892466807464c114
diagnosis_20260823/routeA_full/blocks/426668548.json.gz	301092	1c29bf6f9404ab0c89471b3afd2bbcec4a5af893d33861242df074deb2729261
diagnosis_20260823/routeA_full/blocks/426668549.json.gz	260675	77c19dbc010d79888dc51793b6bdee9273abce763538581b859ff7575f3ce8f0
diagnosis_20260823/routeA_full/blocks/426668550.json.gz	240464	c2ddeb411ec5209d71df7fe4303c51c4b50283c88b49029efead8b7cbc05a6a3
diagnosis_20260823/routeA_full/blocks/426668551.json.gz	211700	3755912752c66a5c8476d6accf7960a3c4b1b8ba7b5d0d0a69f5a85b536b9550
diagnosis_20260823/routeA_full/blocks/426668552.json.gz	233644	70ba487c5b7e9109865ac12a1890bc16fbaa1fb0f7e2351a5459768637085925
diagnosis_20260823/routeA_full/blocks/426668553.json.gz	347158	05bc0f6511d865a0ac3d32c60513676a95b377939d50011a5fa6193e94103f9a
diagnosis_20260823/routeA_full/blocks/426668554.json.gz	253426	ccfb414abb5075230f956f6a407c6af51115e992adc852fe3192374ddedbad1f
diagnosis_20260823/routeA_full/blocks/426668555.json.gz	206578	3802086be1d365acdeb6eeff8572ccaafc7d27058b11413795ae25077e63aa04
diagnosis_20260823/routeA_full/blocks/426668556.json.gz	225134	4294b250a5102119096c65e6784ca5be4f428abc7bdb77f65f1accfe57dadd82
diagnosis_20260823/routeA_full/blocks/426668557.json.gz	229811	7d264a2d3085cb5f79f9437d3e94ba9034f3cd16da854c54377318da4da9e834
diagnosis_20260823/routeA_full/blocks/426668558.json.gz	260528	ba5ea1553f7ed1e9719736682fae7c8ef19d386792dc46a1fccd27bb74e21f21
diagnosis_20260823/routeA_full/blocks/426668559.json.gz	355056	a956860246e6b690610f0adf34f004a3e3297464406fb22fad65c10d168d1012
diagnosis_20260823/routeA_full/blocks/426668560.json.gz	453266	26c041b34f87e6def20708ffb243b12df13d061f3059deaaddc42e268bf6e79d
diagnosis_20260823/routeA_full/blocks/426668561.json.gz	247698	be3f4ce0099b8989c39157c289ebd23416a0b702cacb197093b515f82b3a4917
diagnosis_20260823/routeA_full/blocks/426668562.json.gz	232231	b748716a32a714d0d94f43d71fc07e78c5ff8f388fe71c1d3331b83ef6a48cfa
diagnosis_20260823/routeA_full/blocks/426668563.json.gz	270362	4b5811099a58d74089c11038bb6cb052be0f8098744be4761d844cf20a4118f2
diagnosis_20260823/routeA_full/blocks/426668564.json.gz	162220	5f53c10dee8f7b147567dca822f1bcb02e109b622bd8a66872ddcc1e2e9ec16e
diagnosis_20260823/routeA_full/blocks/426668565.json.gz	256802	92707934ca2b84ec33f208d948509f49d73f221ba5b06a45d7d62bc458d58873
diagnosis_20260823/routeA_full/blocks/426668566.json.gz	526546	72eed138cd551f4e902c11fef2fbe9f648398a47829869c67175d7ff796d2d10
diagnosis_20260823/routeA_full/blocks/426668567.json.gz	298596	4849ee1c3449fa0e88d9137549daa82ee339c3899fe198dee93949301b23b17b
diagnosis_20260823/routeA_full/blocks/426668568.json.gz	287906	c2853d60b186d04620136289650db10a84cc9d1b0195d3496e99322b84fc1de5
diagnosis_20260823/routeA_full/blocks/426668569.json.gz	213065	f6e1f0519fb2456a2116fe1a6e12fbfd2214d9dcf31023b952fdf4f2537378ef
diagnosis_20260823/routeA_full/blocks/426668570.json.gz	294586	c5f6be71a21b26972c24acfabc242fe99018f22c50f9b66db7306d4f25bb33da
diagnosis_20260823/routeA_full/blocks/426668571.json.gz	567253	58ae60e5facce5c29eae97abc05262d2d05906df335a87a7b5480c872042d302
diagnosis_20260823/routeA_full/blocks/426668572.json.gz	568769	dc0e3a864052716e727e8ad5a54b32a43dc367ba6624f0a3b310795f194ceb9b
diagnosis_20260823/routeA_full/blocks/426668683.json.gz	305090	51e03df63c812315afdf2eefff802f809c3782c0d6e975a165574e8333092bc9
diagnosis_20260823/routeA_full/blocks/426668684.json.gz	239607	a4d6d500117b1662901d029b35545eabf490207e64003296dc724ff9d734b80b
diagnosis_20260823/routeA_full/blocks/426668685.json.gz	276366	4fc5b9fcd98d20c78c6c945eb22ed49c268d6c90fa01ba4233163c8bbe16551d
diagnosis_20260823/routeA_full/blocks/426668686.json.gz	473168	ebbb16463de236eec9f9a2a94ec906d825586f2afba3d3440d1da481029d7bf6
diagnosis_20260823/routeA_full/blocks/426668687.json.gz	344225	e2e7c08029b24828eff5ccc3730b2f18dd971dfa65d31f57edfe83ca4ac7c6d9
diagnosis_20260823/routeA_full/blocks/426668688.json.gz	234975	7551bb9df6862e8a71ce56dc5df33692a69c5d58c4f1108b4527bef7cacad528
diagnosis_20260823/routeA_full/blocks/426668689.json.gz	250273	5579bb9c49e4736faed7c83fdd59a4185c95b96ec28ef379b20e89616c42256f
diagnosis_20260823/routeA_full/blocks/426668690.json.gz	332165	48ceb872d560e32276fc920788a325121637ba8235d7161bc39e5be368291d8e
diagnosis_20260823/routeA_full/blocks/426668691.json.gz	408477	35684e55368dce58d705d8f001bf9b6fdf91368c4e42accd24d4eddd5ff6fca2
diagnosis_20260823/routeA_full/blocks/426668692.json.gz	500531	9bd57e1ae361ef620f6eeebad0cac24b2078120e9166336a7c1bebe40f25ea02
diagnosis_20260823/routeA_full/blocks/426668693.json.gz	255881	c66ab3d6e03f707f69c1e6881bb06c31d7e171c5142ba26c413e2d04fafd2f80
diagnosis_20260823/routeA_full/blocks/426668694.json.gz	233760	7a5baf5e93a7ef107ec08526f4214aaf8aa866254a74f7cc2a20dafbba7698ca
diagnosis_20260823/routeA_full/blocks/426668695.json.gz	212078	bfb8a8da0852347e66ea88973bc32a477172373b37b40f9aa2b4967857e3130a
diagnosis_20260823/routeA_full/blocks/426668696.json.gz	207418	d8c6cc41b92a02c7dedcc0ceec57d8f6acf6e97be5aeb66a24242786984b7c0c
diagnosis_20260823/routeA_full/blocks/426668697.json.gz	207257	92393f2cbd264d2dfd4f90dbbd4593b64bf96fbc67a1afdfe1190b79ac56593d
diagnosis_20260823/routeA_full/blocks/426668698.json.gz	288532	0d415469854ec71b927ad43581e59945cb9269ab02ebb3917b058a32feb7d8d5
diagnosis_20260823/routeA_full/blocks/426668699.json.gz	326869	a918451eeeca9006cb8b77a9c9598929cffe3a7f4fb1131172532f8c98d2c798
diagnosis_20260823/routeA_full/blocks/426668700.json.gz	184115	76d641998fb23c859814a743df3c40e183e10039d3f91c7812e584f18c65cc6b
diagnosis_20260823/routeA_full/blocks/426668701.json.gz	295876	08c2387fa9eaaa92490719e9f6ea672cfb72d403cafde20f20cdab78938af086
diagnosis_20260823/routeA_full/blocks/426668702.json.gz	428222	3b731130e59efec99ef6e07e5d643a631cee92620571ee7510036b05914be8e8
diagnosis_20260823/routeA_full/blocks/426668703.json.gz	416503	0c91628190cf11ed38afc1098dd1cbb1e0bf7e032a60c0cff576c6d37b4a9ce8
diagnosis_20260823/routeA_full/blocks/426668704.json.gz	428787	4bc8dbb874a53c2e4f040bf353c92df22cc49c438d9fdd395c701e912b731fec
diagnosis_20260823/routeA_full/blocks/426668705.json.gz	225477	fd03317b76959fe6dc80f5671cc9200be0a58d2c6b5aa8107d2b90be2448f706
diagnosis_20260823/routeA_full/blocks/426668706.json.gz	202260	56c963bc5394568f2442f4369b7bb4ad67426ac00f4e20d03db84ee8dad356eb
diagnosis_20260823/routeA_full/blocks/426668707.json.gz	222848	07fa0453d1a7b450a7900ab92ba1b1a9af24ab1b4f158d6eb30249f817f4aaeb
diagnosis_20260823/routeA_full/blocks/426668708.json.gz	148726	9dd3ee393b3dcd5657ea15155cc12389ce0313b9b05d246420adc5923ecbac7b
diagnosis_20260823/routeA_full/blocks/426668709.json.gz	325518	40472eb494d76df7469a3c1966f1de1d0f21b3b7d71c72575a2f092f3721c554
diagnosis_20260823/routeA_full/blocks/426668710.json.gz	236283	124c87537883b5ca6360a08d8417a20e9937e3759f1cfa1cb9a8ff9e59dd0f9f
diagnosis_20260823/routeA_full/blocks/426668711.json.gz	296525	168f2f52d65ba532fa02995beace0e52a12e8e2555b3031fa0ae6778b720f580
diagnosis_20260823/routeA_full/blocks/426668712.json.gz	435887	38c288d905d2b7d298b19209ca2748f7d8c3c52575b85ba76f0e32f4b64bb266
diagnosis_20260823/routeA_full/blocks/426668713.json.gz	353989	0b48470e02d719d93afdbba301295713117db090b887f7fd2307c71afbe4e389
diagnosis_20260823/routeA_full/blocks/426668714.json.gz	282592	c5b3ef1574ab91bf5298403c64ba83c81f41c88a9f130508067815b8cd01f1be
diagnosis_20260823/routeA_full/blocks/426668715.json.gz	204911	73feeffccaf8b53744c2d21eca18b828fc13fb322bb2b1f9f3fe18a6e752dc49
diagnosis_20260823/routeA_full/blocks/426668716.json.gz	223167	24ca768214f3c9ca116a8beba6af091da6b21691439ebfa59309498c03690973
diagnosis_20260823/routeA_full/blocks/426668717.json.gz	237799	08320d34c3e2cf5e682ca7fbfcb68526d69199f2c016a925b41d727cbb00bee7
diagnosis_20260823/routeA_full/blocks/426668718.json.gz	362605	04dc862d838232d5df15358282c1612d434db9a5ebd8b08b76838de8488b61ce
diagnosis_20260823/routeA_full/blocks/426668719.json.gz	264451	5f6776fa9ee1643d3f3f363a52758339a183fa282824daf5e19d756b3596b10d
diagnosis_20260823/routeA_full/blocks/426668720.json.gz	499067	3691b244fb728ca7e7786d6cdaa58d42a3ab439de1ce2f6f57b73793b3663707
diagnosis_20260823/routeA_full/blocks/426668721.json.gz	443016	10277703cf0251842990ad1d4c733c2ab07b0e93ffc48e349110027e2948067a
diagnosis_20260823/routeA_full/blocks/426668722.json.gz	380071	35acd4638e0c40221ca7eac292efb55fe601cebc4efbd7dd857f9a1645ff93c9
diagnosis_20260823/routeA_full/blocks/426668723.json.gz	467512	b22bbf0d7dc6624e461c89f4860b029b2a305a240f6721e7f2bfc9f3192235bc
diagnosis_20260823/routeA_full/blocks/426668724.json.gz	408449	7b28a829d05f75ebad013f42c24a6844680ef6201f5159bf8858d612a077cf9f
diagnosis_20260823/routeA_full/blocks/426668725.json.gz	404949	5dd4dd29e4a5ea061c7f194d32bee02b61bdb0e6c05e85cfd3d9c99004d5e716
diagnosis_20260823/routeA_full/blocks/426668726.json.gz	491459	0d496f9bdaee73d2f323d6250d2655eb3183925a2fe1e292ca46063f6acd152f
diagnosis_20260823/routeA_full/blocks/426668727.json.gz	403181	c96409910fa93500d910d3f2beb248db034f3948fd5983a9e0abb3b9c9e9c16a
diagnosis_20260823/routeA_full/blocks/426668728.json.gz	449116	6c42c74234377af1c09f04ce7fc4b9930b35517c833686641c18937b5fbf3e50
diagnosis_20260823/routeA_full/blocks/426668729.json.gz	435637	f8fdcbb9533a10c5a10e66dcaea67896115f20de07c40c6b4ae624615082c919
diagnosis_20260823/routeA_full/blocks/426668730.json.gz	296376	ffc054cd53c50258b80b7fb4fbd7908fa6c4ef21b64db1c7ae52fc8ba06b6037
diagnosis_20260823/routeA_full/blocks/426668731.json.gz	351876	7f903cfe2480a02a279855eccab229cd8731ef0af02e1e57dba8f074e2b69026
diagnosis_20260823/routeA_full/blocks/426668732.json.gz	291117	e56eddef1e0448df052c77cb99b2c3c7e1ef14e4bcd970635e8e70920240d810
diagnosis_20260823/routeA_full/blocks/426668733.json.gz	392822	b3617d6d41d6d376b27c31aef8f21a1a9fb3b5c8e834802c999e936ca690f2de
diagnosis_20260823/routeA_full/blocks/426668734.json.gz	462077	ae48a37f4cfffddc70664de967101a6d20049827d7606f7a81afdf063bc55d49
diagnosis_20260823/routeA_full/blocks/426668735.json.gz	362477	80906b848ac67446de9d6a317ac99b9413155d6e95cb7d5f9919c6e236029775
diagnosis_20260823/routeA_full/blocks/426668736.json.gz	250897	9fd167ec8632cf6cf28e11655e2523f258b0a11280f969b3f1f5b19d0e032695
diagnosis_20260823/routeA_full/blocks/426668737.json.gz	263325	6dcfea5c17da106ab736b280cb0193e959b6afa2a2c6428f911844f5c33f3628
diagnosis_20260823/routeA_full/blocks/426668738.json.gz	265873	1677bf9133c2ca1b1a0be5de8c59685f9ba18ec953a3e91a30ad3f901c5c01c6
diagnosis_20260823/routeA_full/blocks/426668739.json.gz	257037	0018f2b76eb49117e4b2643b783060d59cc0c9063c46bb34bad92550725547b2
diagnosis_20260823/routeA_full/blocks/426668740.json.gz	234615	6d20e8b641628d503e4893667d8f238879faa489a464158dfffc4b724b2decd1
diagnosis_20260823/routeA_full/blocks/426668741.json.gz	261458	3e144220f8f41e4e5a87fa1b85fb0cc095d1c57977e56c269bbe30a7d24c04dd
diagnosis_20260823/routeA_full/blocks/426668742.json.gz	277939	b28e4349e955a49af31c16a02627d646ed6a63e95c07805cb4c8d5f2efa1445a
diagnosis_20260823/routeA_full/blocks/426668743.json.gz	627020	6275b804ee91a4cc7587e8e1d424bb515ffa478dcc0c44052b91e267802f97a0
diagnosis_20260823/routeA_full/blocks/426668744.json.gz	467066	285ebaf1f4856b1b197d5ece4ed24c8c3fdb3e541a41ce40fa370fa8a7fb21bd
diagnosis_20260823/routeA_full/blocks/426668745.json.gz	515918	5a3a4fa33a354ad4f7049741ed8245c0a56accc9b6ffce11e71e3ed96d12e92b
diagnosis_20260823/routeA_full/blocks/426668746.json.gz	513340	d674d5899c6481079bf22e9c8c25e6ca5c9c92739c979be16e8710a89e1c8d46
diagnosis_20260823/routeA_full/blocks/426668747.json.gz	457004	e207e8defd247a4368b12610e6fbf2e80bd50b4ed34059a9264fb97a863a514c
diagnosis_20260823/routeA_full/blocks/426668748.json.gz	397138	37faab4ea6df5b2c91a221a1c5650879634741a1194021872460b2f67b2b6caa
diagnosis_20260823/routeA_full/blocks/426668749.json.gz	317579	125aef65c5e7a2807f9d62ed6d46ebb50c3c52f54334b016d9ca8f58371bd930
diagnosis_20260823/routeA_full/blocks/426668750.json.gz	290482	c09c994ef979bc13b34951b9155339698941ea4c9e6c6fa8018a32da95bdf995
diagnosis_20260823/routeA_full/blocks/426668751.json.gz	270892	79a88f85f1923a83124b84d9be368ae56112846e313173771ac0b85335a0a0c5
diagnosis_20260823/routeA_full/blocks/426668752.json.gz	410926	e4a200057bb1acf71393761c7b2ac2f5603859c5ddb24ba1e2155da0f9bf26d8
diagnosis_20260823/routeA_full/blocks/426668753.json.gz	428325	a82915eff9928abc14ded2b7eab443a19c180be02b5947b20ee9b7a527229f4c
diagnosis_20260823/routeA_full/blocks/426668754.json.gz	277839	e27554ffe58bf17426dfef5f0e9ec73a0fe50640f9eb83ee5d0f20aaea1e838c
diagnosis_20260823/routeA_full/blocks/426668755.json.gz	202545	853b8a59772ebbcc16f8272b954b95299f42cc56dbb0baf8c14a06a4bc47e5b6
diagnosis_20260823/routeA_full/blocks/426668756.json.gz	314621	318f0c32faf665fe19ac9c35a038d6080870150bee33fd5724954090f0b64a87
diagnosis_20260823/routeA_full/blocks/426668757.json.gz	299324	33673a9dcb282e4e5fca51e91bc40194eff5afbfae3fc89f1a1f3905d130dcc1
diagnosis_20260823/routeA_full/blocks/426668758.json.gz	328164	67bc682bd03fed18dc10bee52fb30d0d2b51c9c721505cec25afb7e6677a97d2
diagnosis_20260823/routeA_full/blocks/426668759.json.gz	276571	d6380736a186e531f8eda5cc549474c7344425eba7a9549563e1e7d084ca8473
diagnosis_20260823/routeA_full/blocks/426668760.json.gz	403448	36571526c1ddc13af22479a655c4a84d1e1deba8616fed57cfe88e48478d05f7
diagnosis_20260823/routeA_full/blocks/426668761.json.gz	341313	b8f4964b5d7bfe7c124aac2cda0ddbf464b443047fb54a9665d974cebb41cfdd
diagnosis_20260823/routeA_full/blocks/426668762.json.gz	331333	e842492013b92036c73c20ccd82a663794446c29520080d7db55cd84d3f8e750
diagnosis_20260823/routeA_full/blocks/426668763.json.gz	371423	cd6e40e499713fd85dfca3017e75ad4f185f58ab138a620dece33b84392fc3c0
diagnosis_20260823/routeA_full/blocks/426668764.json.gz	314544	c07b1d71a54a0f8dcad5e9d867d3bfe1a357b292a209e594e93f481354aad616
diagnosis_20260823/routeA_full/blocks/426668765.json.gz	311812	d9e6fc9e1df5a964e6ec4c0422c58491a8c365a6f982cbf894f520d98a8ca6cf
diagnosis_20260823/routeA_full/blocks/426668766.json.gz	264536	c34fbf0296a3b2068598a2ce9a85fb6ede8200bb503adbae3c38ac26a45ddfb5
diagnosis_20260823/routeA_full/blocks/426668767.json.gz	274323	7248daa64d45791fe7c767e53ecf64262d179b2f2481e3ba7a5ef3dba43ee7c5
diagnosis_20260823/routeA_full/blocks/426668768.json.gz	396118	ea7d2d6219c4a37411eb4fd1a7c65bfc992d5c03ee47abab04747f7a70b9f0d7
diagnosis_20260823/routeA_full/blocks/426668769.json.gz	345551	aa3b74cee04722aecaa780084d41f6068e22e403cabceb2011c6ec546bd4c390
diagnosis_20260823/routeA_full/blocks/426668770.json.gz	168802	1c76b3abcd8aeb7573f6ae425fb8d9234a3d5cddd612beedb0b7a5fb9870f38f
diagnosis_20260823/routeA_full/blocks/426668771.json.gz	203349	865b1bae9b1e32b41bff7ea991e9f3bca9300995a2301cfce2aa89dd731fdf25
diagnosis_20260823/routeA_full/blocks/426668772.json.gz	305097	f1e627bcc4b4c42c679703828dfbb0ebed546fc71d4a1ee0a554d10338bb0e52
diagnosis_20260823/routeA_full/blocks/426668773.json.gz	304685	2df204319caec7821a097e5fcdc76fafb4750465161969af0235ab12ffb1dd60
diagnosis_20260823/routeA_full/blocks/426668774.json.gz	194153	6e513c9239f73fddefce9327d6d4f86d1c38b1b38dbd405a46447b59095eba84
diagnosis_20260823/routeA_full/blocks/426668775.json.gz	217531	f3d03627ca3f5e49a28e1a7a57b82ee1055854595af26d7c14d65be2cdca4e7f
diagnosis_20260823/routeA_full/blocks/426668776.json.gz	269271	889ff86a49441bcb15cf21f6bd4bbcee13a759280d8b3294a7da8350b7ca545b
diagnosis_20260823/routeA_full/blocks/426668777.json.gz	195011	983efe1eefa3aced50ddbbf985f9c6bb09639527f9f31165fe5d7cc8095900d3
diagnosis_20260823/routeA_full/blocks/426668778.json.gz	222762	c5cdec4e02f473ba39b9f535a638b4a932a06bac3121c1ef0e3ee470a1aa2766
diagnosis_20260823/routeA_full/blocks/426668779.json.gz	159043	16e69d8b682881a0c2303721b688e633b41779bdbd77390320e2cd15248422d1
diagnosis_20260823/routeA_full/blocks/426668780.json.gz	323095	f7f1a5ac9e40e3f9ca41410e217d9198e45e95d7ac8058aef57e9726ad297205
diagnosis_20260823/routeA_full/blocks/426668781.json.gz	283275	8368f19e6909b70a286c217bf1fd1d2f627798feec61e98cee8afad31da05ff9
diagnosis_20260823/routeA_full/blocks/426668782.json.gz	307978	d6fba5b798905f8c14ed1909f8a3560daa566eb187e7872b2fa5373ad6108d65
diagnosis_20260823/routeA_full/blocks/426668783.json.gz	249278	b3e04f27d0173ae4703bb76b0d8aca5c3cf3fb8802f749140af2df84e03de5d9
diagnosis_20260823/routeA_full/blocks/426668784.json.gz	337884	5da227465de156d6895058bb583beb1aaa065ba2379e52273250604e0a2c8191
diagnosis_20260823/routeA_full/blocks/426668785.json.gz	225530	bc852cdc9f603762241b402994363c596eac6304068c60344f2f8892c51bf296
diagnosis_20260823/routeA_full/blocks/426668786.json.gz	360254	0c4a499ae3ee9b80ac4cf06143e270db10ec8d416730a553f45cedd966c5bca9
diagnosis_20260823/routeA_full/blocks/426668787.json.gz	301371	af4f8f5c731a296069ad806e4dbb2f281e37a64183c48dd27507e0f1f628394e
diagnosis_20260823/routeA_full/blocks/426668788.json.gz	177889	dd5c130c7144d80e050a2109ecec34308f33faa9bd1d9b6d5ae3c9dab6dec1cb
diagnosis_20260823/routeA_full/blocks/426668789.json.gz	229426	a9235e8e1fd50bfaeb20fca689e8cfed15c5892096fe717773621cbeebd177b5
diagnosis_20260823/routeA_full/blocks/426668790.json.gz	170583	eb1d7bfd345410e7ca1647b59423a0a57a652aa9bdc85687dfaa0e87817e03b9
diagnosis_20260823/routeA_full/blocks/426668791.json.gz	175544	1dc4cdbb9408883b160bfbf22e588aed62bf8f8787162620540a8e784b004e3f
diagnosis_20260823/routeA_full/blocks/426668792.json.gz	230581	e9ae33091d61d42ec4e04ad439f8fc3f340da8f567c54c6c9f52fe3f4363e07d
diagnosis_20260823/routeA_full/blocks/426668793.json.gz	166343	699e1e8edd2279e43f0dad2694d20d0144e4b15b68f374f31ccb1c11d3c0da42
diagnosis_20260823/routeA_full/blocks/426668794.json.gz	270576	c1521881eac24c1af5e473026d4d5cb743284ebe8a58244f10d13fa9b722833f
diagnosis_20260823/routeA_full/blocks/426668795.json.gz	235269	69a53ee6ad217b2c770fa5aef7befa9ce330de8c3b3d3f7b1c72cbcd2f1b243e
diagnosis_20260823/routeA_full/blocks/426668796.json.gz	192368	814473927af08f127cee1bba767dce3ddf520cc4e95867b3792aa2a705a79946
diagnosis_20260823/routeA_full/blocks/426668797.json.gz	186173	823f2818b063ab6e715dc70c513677ebd4cd40afc589f637e403b95cb58917a6
diagnosis_20260823/routeA_full/blocks/426668798.json.gz	202439	b4a0f7cebf92d52a7f48681af32bd7a3c4beca361f23e89d0d3361767f4eeae4
diagnosis_20260823/routeA_full/blocks/426668799.json.gz	178421	5127f8330e44214915e959322ef3ec1ab2d6fa068abaa2a69ffdcdec80190313
diagnosis_20260823/routeA_full/blocks/426668800.json.gz	304558	1fe15fd37c717b2da9a83ad96e52706ea3a6808da18385fa1269e290d441a7b7
diagnosis_20260823/routeA_full/blocks/426668801.json.gz	300758	192ed21a41c86bdc71026ff23513c8f19da49c5c0b2d14e97b26e724c23b8100
diagnosis_20260823/routeA_full/blocks/426668802.json.gz	388013	2f35ccad5b26147a7b117a2f25e2747a3b04a942dda2ae41c73419b15e46421e
diagnosis_20260823/routeA_full/blocks/426668803.json.gz	318185	ca2deecc3f2f114fcb0db5375e6c049c96c4c5bea1b7fab356ca25d37e88dec1
diagnosis_20260823/routeA_full/blocks/426668804.json.gz	334094	fea30d3ec79d15ff032f141caa5a15618dfee0aa881c137341987c83df1a0454
diagnosis_20260823/routeA_full/blocks/426668805.json.gz	239018	eb58c936fba1a5fdd24b6a8b41dbcfc7a91d4d928fd8247516bd5cf5616c29db
diagnosis_20260823/routeA_full/blocks/426668806.json.gz	271169	482fb1efe350d1a3fab861fa5125e570ea2e04ed5cf9b20974377bdf51b122ec
diagnosis_20260823/routeA_full/blocks/426668807.json.gz	271152	84450d333605c6b0ce869a70c714faa543a00d70f3ebb5b6c6aec7b56019935a
diagnosis_20260823/routeA_full/blocks/426668808.json.gz	294273	fe09547fb25d4259d11b6502864c48e9790c3ba7d3bcc26e985c2a587d23f047
diagnosis_20260823/routeA_full/blocks/426668809.json.gz	200673	15ae7a5c3a56366e64bb379868d341b6945924ca057bff0e58cda6ff750710d6
diagnosis_20260823/routeA_full/blocks/426668810.json.gz	417472	3c1cbe202d3cc01c557ae3ccccfcea9a6348578306075f6b43e891c5fa11b964
diagnosis_20260823/routeA_full/blocks/426668811.json.gz	424018	1e74f6f99ef058209a625b89c5c8688c97fafa2379568c0a0095cd2441dc26f4
diagnosis_20260823/routeA_full/blocks/426668812.json.gz	269844	4f06eb40b9de724d3cc87a0a8ec15850a0b43b5ba4b906eb54d2b1e005dc7653
diagnosis_20260823/routeA_full/blocks/426668813.json.gz	192567	3fb096caf401f5bd970ab86d1d2d3b5be742bee84b1a90423c8bf6da4119d375
diagnosis_20260823/routeA_full/blocks/426668814.json.gz	201755	7ec9577021420bca96fcb109f47f1db33bf2bd4ba3ce5e02e93837a299993caf
diagnosis_20260823/routeA_full/blocks/426668815.json.gz	261096	e0f59c5ccdeb7fd30f2e8d285affd26ccc31407bb6f7142f7da0cae7f3213c1f
diagnosis_20260823/routeA_full/blocks/426668816.json.gz	236815	51c8391ea499b605350a84ff851c847209239416d638378d54ce98db90a936b1
diagnosis_20260823/routeA_full/blocks/426668817.json.gz	164890	c43bf9d8670eb6656ce10bf0113289779c222888e88da15b17f16c06e57239d0
diagnosis_20260823/routeA_full/blocks/426668818.json.gz	173786	3e89e917679f7ec05253b5a10f56da94c7a3a1b4bb7d336a1ad012ff2185baa6
diagnosis_20260823/routeA_full/blocks/426668819.json.gz	169264	c0db053d07de3c21bacb275b8ac3b1266e4a19cec357a56cf6c1a69b750ed580
diagnosis_20260823/routeA_full/blocks/426668820.json.gz	203770	9b500cbce9c9688ede4c9e19ad20942225f2bc9c39df19f2e82ed25ccf5ab388
diagnosis_20260823/routeA_full/blocks/426668821.json.gz	194414	c451430b7593f3426f65b988ad350ec5c644276b8cb4e05399c981922e4cdd47
diagnosis_20260823/routeA_full/blocks/426668822.json.gz	208298	d46d82578bc339dc9efa29f0abe9ae53d5f452bd908cfa72b9e728d91eb3e677
diagnosis_20260823/routeA_full/blocks/426668823.json.gz	277869	3a08c0d7dfe8d47c4aa49784f6e46c6031626d77bea3b4673cdb0a77588f9f0d
diagnosis_20260823/routeA_full/blocks/426668824.json.gz	189842	f1e2128311a254091b4b280151c81a733d17994aa387bfabff46c36374012745
diagnosis_20260823/routeA_full/blocks/426668825.json.gz	182591	42b33f6a6a07a6dbb310909ef5d050955f972c83067bf90a9eb33db94f301a7e
diagnosis_20260823/routeA_full/blocks/426668826.json.gz	182502	e851b42361893e52b7f383c513838c5c33f9c69562f68ffc692fb3be3ebc8f45
diagnosis_20260823/routeA_full/blocks/426668827.json.gz	205327	c364825669be7571580ecf5bdfc7a533246b5b0e0915d5ab09188e92eabd4a61
diagnosis_20260823/routeA_full/blocks/426668828.json.gz	145555	1635f3da0497f34d65c551930ee8d3a4af4abfa4b6ed86d684c71c31c383bdf0
diagnosis_20260823/routeA_full/blocks/426668829.json.gz	188167	897369791a5a61d7c705af7685a5f7412c8b1a749da75d6e0fe53debe8e9854d
diagnosis_20260823/routeA_full/blocks/426668830.json.gz	396554	f92b85879c968c5f3ad0eaaf568362b5843657b9b7f27a48b8cd25185ccb1146
diagnosis_20260823/routeA_full/blocks/426668831.json.gz	304857	dd8af58ceebc9c812568033feb392279357d735b03aa36181cbc981fd8112d1b
diagnosis_20260823/routeA_full/blocks/426668832.json.gz	315541	688b01fec4ce9b27c7d7c4dcb91ee135758a1d93f85bf986bc0dc20d85290e11
diagnosis_20260823/routeA_full/blocks/426668833.json.gz	291860	e6070279fce694ce38c4fe70454fce70c9ac01696a817cff50e19949f3739f7a
diagnosis_20260823/routeA_full/blocks/426668834.json.gz	398013	ad0901e370d3da0974f57b218dda8be5cecf19a8d2e10b81f2c32410d10c6b2b
diagnosis_20260823/routeA_full/blocks/426668835.json.gz	232030	824965b227057d762abd9b7297294934e69f2e5f483789f2d94ebf0bc0cc12fa
diagnosis_20260823/routeA_full/blocks/426668836.json.gz	291221	dde701ab2f650a4a346a49cb8dd8095e95950f54af35bee77139424ab943eeb2
diagnosis_20260823/routeA_full/blocks/426668837.json.gz	286350	c8c6634c73883b8898546643f6bfb8807ad7b654cac0d4ce716e1e775f48a712
diagnosis_20260823/routeA_full/blocks/426668838.json.gz	429030	c331d798b2800ee7995f71f231495158485f31aa70052d8e554d9c66c9ef825c
diagnosis_20260823/routeA_full/blocks/426668839.json.gz	521885	a8ec34a6720eb6cbe0488de15cb1fdb4e8f8eff0ae2caad3557c02e560d62326
diagnosis_20260823/routeA_full/blocks/426668840.json.gz	386472	4ed3c74b3c413775d4410515ca7dcf25836cf53eeeab1a18be63384daefd5a7c
diagnosis_20260823/routeA_full/blocks/426668841.json.gz	318929	855d38fb7a6bfb539474b51b2e97402f87023659908f7af230555bf2e14b0909
diagnosis_20260823/routeA_full/blocks/426668842.json.gz	360025	89bd299e206d54b09e882c4bc3d469d4c7bc88bb0a4e858443b0bac38fadf615
diagnosis_20260823/routeA_full/blocks/426668843.json.gz	215952	29084940a7d3f28b6f50cc3f0bb0b0f7344b5d85004af7a26aa076d88373e356
diagnosis_20260823/routeA_full/blocks/426668844.json.gz	157029	118a73a6ee456db3e0d530951d0c4c5852ee8cb2226136e235f09f7e437b10dc
diagnosis_20260823/routeA_full/blocks/426668845.json.gz	139497	a4e3a54871d38ec9ef0fa9c48b91c614f9bd6ec4d5ae299f6d451b82a5d1e1e6
diagnosis_20260823/routeA_full/blocks/426668846.json.gz	47501	0af1c83b2c677178a09f55ba377d0f10f7bdd447d0c0b754d703012c42ac4dad
diagnosis_20260823/routeA_full/blocks/426668847.json.gz	46776	3249ed40b9d44b79a91d73111a6f3238071a0230d3f57f893967499e128cc4a1
diagnosis_20260823/routeA_full/blocks/426668848.json.gz	296666	558f191ae16f871638d2a299062bd0f7a17cec7f7e709485df3b310623cfae42
diagnosis_20260823/routeA_full/blocks/426668849.json.gz	164395	6df1611c3526fc01870eb318ec287370e5b4ec576eaa0ee3753667ccee7717fd
diagnosis_20260823/routeA_full/blocks/426668850.json.gz	281293	60d914c190eb66464fc6cae70391db15838af3fbbbdbad1a9c5419aae6c01e77
diagnosis_20260823/routeA_full/blocks/426668851.json.gz	524996	fd375548ed5890175ef48b672e20c99c34dc26418f8e918192a0b5c4503c9dfc
diagnosis_20260823/routeA_full/blocks/426668852.json.gz	252934	9f2c062054ed01848fe42fb349ab88659f266114e6bc9442821ccd58b0d6d9b2
diagnosis_20260823/routeA_full/blocks/426668853.json.gz	361907	202124d775fa7a699701dace0da0139871677a75517ddf7bb5092c257065d5ee
diagnosis_20260823/routeA_full/blocks/426668854.json.gz	398305	c9b2a611ab476209294d0deff6f736233916d6ff9fb10fd68cf65e281ba244fb
diagnosis_20260823/routeA_full/blocks/426668855.json.gz	369792	45c09cfbbaecfcce0fd6ea77df573df4ddb75cbd1e400ef7ac72138cdb4a7ff7
diagnosis_20260823/routeA_full/blocks/426668856.json.gz	337435	fda6ef3c5feb7dbcebc31c08162f4f08b2f686b0c9ee9a53dbc6fb44e9bcad35
diagnosis_20260823/routeA_full/blocks/426668857.json.gz	364994	fe4e202a5904fa462578dee7a1d79e710e9546afd8391b283e1f148d7dff19aa
diagnosis_20260823/routeA_full/blocks/426668858.json.gz	359823	a57e9c251992eeceaa9286a6b5eabd60456c16be99f00d91b66c56a1a82c1c7a
diagnosis_20260823/routeA_full/blocks/426668859.json.gz	352961	bb6cca24039952f29d547b89350e0ecd27fe7c0f0d62119094c07fa2402ef9ec
diagnosis_20260823/routeA_full/blocks/426668860.json.gz	351704	9287c549b6af278e6a635ca639bfac68506af6503fa5c9bed301dc2d6fe31241
diagnosis_20260823/routeA_full/blocks/426668861.json.gz	254652	36c88967df647013c884aa8db5c2f0c8eed662c7f42230b16a388193bf126868
diagnosis_20260823/routeA_full/blocks/426668862.json.gz	196419	deeadb3c1a26cdd556ee1b52e8557aeee49079181e44628a3e93fc8af642aa8e
diagnosis_20260823/routeA_full/blocks/426668863.json.gz	197438	d9f052f78958e7d8fbd1d7de69d7ae8f5cf1b9dd2f6f46c87c79416966342a61
diagnosis_20260823/routeA_full/blocks/426668864.json.gz	215425	4e4e16d1a473b53f0acb5b2016f4496d0f2a0b17b1c7b671174fb71fe47dc1be
diagnosis_20260823/routeA_full/blocks/426668865.json.gz	147419	7dd3baa366434bc50ecc14536144ecb465bac3af634a6dd5ac2c0a313ff1bb2d
diagnosis_20260823/routeA_full/blocks/426668866.json.gz	184883	1ecf06564699e3f0c84916ac7b94f38ea4d0230102811e0a2667778ad4c47218
diagnosis_20260823/routeA_full/blocks/426668867.json.gz	192951	21fbb3fdf8f30f4e074362a1023252f7c5be08e93a1c79cf40c242e2381a4c7f
diagnosis_20260823/routeA_full/blocks/426668868.json.gz	454379	ac194f67443462978e056b9d9e808481b3910998aa08db502ec6f192825deec4
diagnosis_20260823/routeA_full/blocks/426668869.json.gz	391651	0d5340f5f5feedabd7a0d3acd3520111b7d38dc1df5ec5c3f08df193a71df942
diagnosis_20260823/routeA_full/blocks/426668870.json.gz	307201	2ed31924fd88c885c0f834184276dc7b23a73af849c21e0d40ea2b1d50017d35
diagnosis_20260823/routeA_full/blocks/426668871.json.gz	204784	8a1e154fba41a44ed50a260573af4f07ca353dcc6fb679cb1b619d4df85dab43
diagnosis_20260823/routeA_full/blocks/426668872.json.gz	326054	b2f37e9f152aa23d7509cb46934f20ab641a5e1e10cf78f515efe486fdba0f63
diagnosis_20260823/routeA_full/blocks/426668873.json.gz	358123	ead698fc1bffe758b609ccc9e96801790cb09a5979aa012746cf1d0e111a74f9
diagnosis_20260823/routeA_full/blocks/426668874.json.gz	297201	df25d2bc91946d8e939a5cab96e0b8fd205d127c09c2eae2249794aebf261533
diagnosis_20260823/routeA_full/blocks/426668875.json.gz	311737	4da453ca1b4770d33b9dff657f6cc2f1673fbe06c40d27e4e80d68c1f0065a02
diagnosis_20260823/routeA_full/blocks/426668876.json.gz	267919	cde1b067079d4d1d7949f0de50915e3d22d70a7e2548051ec961c234e94364e4
diagnosis_20260823/routeA_full/blocks/426668877.json.gz	244364	aaa6a2463a02d4046347c0333b0cf822c9b89b5e1d645c5a33754eee646d4aa1
diagnosis_20260823/routeA_full/blocks/426668878.json.gz	407573	0ae272d5077dcc5e9c2f569b242fa889b25329e24a3d2a0e29ea095ab8348235
diagnosis_20260823/routeA_full/blocks/426668879.json.gz	305462	ccfe8e7c8b31bffbc986387f856c24a0368a9294319ccb72557328a649fe29e3
diagnosis_20260823/routeA_full/blocks/426668880.json.gz	261482	1bd75da9138ceb4ab78da669d1e49ee1933e163877ef17aa22a2289579bd9108
diagnosis_20260823/routeA_full/blocks/426668881.json.gz	190689	eaf24a784ee94b306fa45857175c874b1f1b1da59af2fa24b311490dc32f0799
diagnosis_20260823/routeA_full/blocks/426668882.json.gz	163581	6d9daec6b4d59e026aeb8ef2b4c13ff0096b47b9051c99690c66567c63c1d6dc
diagnosis_20260823/routeA_full/blocks/426668883.json.gz	335606	eb558a3c4d6d979796f77de008037af49823781a8a4e0d1e27109383525c4cc7
diagnosis_20260823/routeA_full/blocks/426668884.json.gz	301853	779f2f8d9823f3c3fadb1ef0a4f118199650368be664c236db1f90c83ca64a70
diagnosis_20260823/routeA_full/blocks/426668885.json.gz	269264	715108918d773ad59fd3cadab966cd6dcd9add33bab3b6dbd021312d580cd18f
diagnosis_20260823/routeA_full/blocks/426668886.json.gz	174858	c90b0c11f37b7b19d0f338bba6c80d1ab24bab867f8a9948130b460ff85463d1
diagnosis_20260823/routeA_full/blocks/426668887.json.gz	148869	88d4ced0cb0d97e3a456007f9d997476848b3bccf976e54a2f92bdfbd171b000
diagnosis_20260823/routeA_full/blocks/426668888.json.gz	216531	2ba7c6db5de165d73c1f340cd03f9475d15f8beb90b0c448c7e99bbacdfa6e51
diagnosis_20260823/routeA_full/blocks/426668889.json.gz	135157	f09060acf58620d21bc3e4406d1c6f9d297c0b133159d5f2ba12a00522a9e64c
diagnosis_20260823/routeA_full/blocks/426668890.json.gz	186455	f5d4ded25b7cd70e615cfc3294a4552d57fa0b1f7ef64c94335f29692c9497f8
diagnosis_20260823/routeA_full/blocks/426668891.json.gz	307468	df1d854b80edc89b5fb6d225b7f0b937bbfc67b8ae338f52bf28ca6dc71c9847
diagnosis_20260823/routeA_full/blocks/426668892.json.gz	223935	e12ffbb4d556f639de514789299348e74ae6a0cac0f35b5d9ed7bdec4fae0705
diagnosis_20260823/routeA_full/blocks/426668893.json.gz	159548	67d3563e033b74de691910359d8a917a0e3f81addaafca90e31d45f7b11c674e
diagnosis_20260823/routeA_full/blocks/426668894.json.gz	226079	9a0634d1f5782ce6f87cec7b239b92d7097cbbb78eb0711ebc2aafc3be3d739e
diagnosis_20260823/routeA_full/blocks/426668895.json.gz	210717	08c586f14d0740b15e38f07c2b5a9b3a0b421fd2fb5513a29f019b21fdf1200f
diagnosis_20260823/routeA_full/blocks/426668900.json.gz	463567	f7beaa8d6f354fd4e175fb8fd84f1e0011ea86d1ab7a3a4a2d24040c3a9a579c
diagnosis_20260823/routeA_full/blocks/426668901.json.gz	182649	e6e01ee4812b92b0f65fd9995150444b34638c4f5a290f5c9516bc0fb948499d
diagnosis_20260823/routeA_full/blocks/426668902.json.gz	270209	ed587289fd5e22ea0d9f718885e8e6af630152c8681124792ae9b7a5baedf760
diagnosis_20260823/routeA_full/blocks/426668903.json.gz	306958	612c6a8299c4c9662f514f0c3899bbd349462372535d4e7e09825780e2f8d418
diagnosis_20260823/routeA_full/blocks/426668904.json.gz	183817	5f703c08d50c03e174ef67b26f20d67c80c131c42dd8b58e051440ef063c3166
diagnosis_20260823/routeA_full/blocks/426668905.json.gz	137757	2c10007a4770a286f09603ed0bf19f268132af58af84598fa625620b8030e925
diagnosis_20260823/routeA_full/blocks/426668906.json.gz	182976	c4493f061d167a68e5ebfd35b9bc8284feeaffe9dd848564f5f2a109af259188
diagnosis_20260823/routeA_full/blocks/426668907.json.gz	147700	ced8422ea27525bfd405cf788c9b27157114d29b4f75a7ff5c5d606091c94d8f
diagnosis_20260823/routeA_full/blocks/426668908.json.gz	199779	254fc8d6863afe1062489bd3e4c2761c06f53412e92d5970f6c5ec1c12ec2bb1
diagnosis_20260823/routeA_full/blocks/426668909.json.gz	146686	b018c52ac0a287e3516e6542695edd374820a348210c4cf4353c448aa4f28dbb
diagnosis_20260823/routeA_full/blocks/426668910.json.gz	157345	de2401459c985f7aceb7371556b0b39c3ff4026094181579fa2bb2d1f376d1f0
diagnosis_20260823/routeA_full/blocks/426668911.json.gz	121090	73b5de3d9d811390a5f68131089d6af4edaf69fc5842900da82b9bdc4b5bd928
diagnosis_20260823/routeA_full/blocks/426668912.json.gz	231224	95cf8b5aadcbda5346a203386911f4552c5d2eec327ffec56fe531014b3725e9
diagnosis_20260823/routeA_full/blocks/426668913.json.gz	223027	19482e9d8da9be10c077e41e9cf47165d8fa16fb124107ada0eef1f87c5e2f6c
diagnosis_20260823/routeA_full/blocks/426668914.json.gz	248396	23d165354aa3083e90b0bccb5c9588f3c6427a430fac9a7f8b857a24a4b8657a
diagnosis_20260823/routeA_full/blocks/426668915.json.gz	273732	072113e33c2470348d6d5beae697ed8151dffae145876130b1f6250dd8a7ce58
diagnosis_20260823/routeA_full/blocks/426668916.json.gz	236312	bf4ae9367e55cfe93654b777fb8b278a719884b27a851d4a5b021eb227574690
diagnosis_20260823/routeA_full/blocks/426668917.json.gz	321454	cb6225b7318b9e1f1e544e110388983c7a1abacf42351329f77d73c85bf4dbd1
diagnosis_20260823/routeA_full/blocks/426668918.json.gz	346156	5ba8030326b7a5e341f7f4936296f5110da236b061ebbc3d54971aa9529dcd59
diagnosis_20260823/routeA_full/blocks/426668919.json.gz	310047	869cce3ba48e16c5b9fffe1d6f04c34ac051b8c621eee081cdb484cd80c32f0e
diagnosis_20260823/routeA_full/blocks/426668920.json.gz	278089	e6fd89e82766779173646f571757e8318851ee6241b06c714fb0886e371266e7
diagnosis_20260823/routeA_full/blocks/426668921.json.gz	288982	424262c602705ecec07e8a5692409f6c2aa2fc2c1669bc0f60ce5783745d7fae
diagnosis_20260823/routeA_full/blocks/426668922.json.gz	222028	4800c5b39e47f677f9010293c50bbab38a4c9357830b8f4143cac014a6be4988
diagnosis_20260823/routeA_full/blocks/426668923.json.gz	207990	dbd9f9c1022ed409273c6fd3654323c8d3adb15052e9c6a7c5d511e491998bfa
diagnosis_20260823/routeA_full/blocks/426668924.json.gz	359636	e5a7a1eb53612341be7a7bf9dc37c21e870ff71ebd3fed524b1c2a8601aef611
diagnosis_20260823/routeA_full/blocks/426668925.json.gz	169822	96bdd647a04e3074644fdc45c2a89968e9c482ee1e74a8b0ed62e680cad39de7
diagnosis_20260823/routeA_full/blocks/426668926.json.gz	300348	e5ce718d53199234d157f336a3ec8c8d4bd01437dbc8d0dcbe03be6cfac4332c
diagnosis_20260823/routeA_full/blocks/426668927.json.gz	234124	0d5c82069eee61ee3cf4530c95a1c623700ae8603dcb65074675ec39a82eb2f0
diagnosis_20260823/routeA_full/blocks/426668928.json.gz	127853	bb7090746767ba221b9ecaec8af5158e27aef7c6bf9aef88f57f491ec26093dd
diagnosis_20260823/routeA_full/blocks/426668929.json.gz	242371	e837f415990041ac943e003f0b7d46ead95860606ff45927918b761a4e12b0ee
diagnosis_20260823/routeA_full/blocks/426668930.json.gz	243296	293729e0d71ac378a4568da58110a1f74f89ac0f5b09f2499f4be72830cd6c06
diagnosis_20260823/routeA_full/blocks/426668931.json.gz	320093	76bf8883cb17ec8b6cb30f4cf03e6ed98e0ab2c6b6f113485088b62c76a76558
diagnosis_20260823/routeA_full/blocks/426668932.json.gz	223692	1621b2beb09103b9d752f5fa378ebe82f9edb7f1bff82fb53af70383275415e9
diagnosis_20260823/routeA_full/blocks/426668933.json.gz	178018	376bb40dbeaf60b85a3093f8bb9b509152f810838ec547698ce46d5a02612b28
diagnosis_20260823/routeA_full/blocks/426668934.json.gz	166038	f4f87978d6c02b076347861a48352546971df2192225788661f22dd0b70e1729
diagnosis_20260823/routeA_full/blocks/426668935.json.gz	234144	9afc66e6afef2efb2609b5acdde0dfb63b9567b17f06ae3c5f688a4512bb72ce
diagnosis_20260823/routeA_full/blocks/426668936.json.gz	450582	daea1f9bacd651194dd3a4038c94d1d4c8c58e2a5b995966ca1ddb3ef4ccf6c2
diagnosis_20260823/routeA_full/blocks/426668937.json.gz	331609	5fd0d286d99900831da8c15e12e239107eb1a2233614006fa85073584dcc9f91
diagnosis_20260823/routeA_full/blocks/426668938.json.gz	208319	1069ca30961372aea18e150170d4d42cc1be889f1967afaa2dd46dec2f8a8f1b
diagnosis_20260823/routeA_full/blocks/426668939.json.gz	168624	16ea27bd958d1b317c16e5a21ca0bcde765bfab4427290ed0117d1a5af958fe9
diagnosis_20260823/routeA_full/blocks/426668940.json.gz	273306	c81dc009a13e3744863b8c00d6b65bdd97cb0589aa66bed694bee1f6e4645ae8
diagnosis_20260823/routeA_full/blocks/426668941.json.gz	205772	ba33e617abc36a8c7fba09bca639f9c7c854798a9c8ac64ca7a05155d8988505
diagnosis_20260823/routeA_full/blocks/426668942.json.gz	165262	143465f34ad3c91fabc18905474e85d54cc1eb8ed307626496271732dea68a3a
diagnosis_20260823/routeA_full/blocks/426668943.json.gz	275798	d8a05fa3925f2c7309bb8da520ce5e1e9c6febd23e8950550f0be8652f2541b6
diagnosis_20260823/routeA_full/blocks/426668944.json.gz	222561	6bec8c0ecb97abf36c41cc8ec5f4b6df8fa0e936b646275393d6fb172d94d7b1
diagnosis_20260823/routeA_full/blocks/426668945.json.gz	207923	12425a7fb392dc26ac892c838e531159fb39277d5282963a27e3403febef510f
diagnosis_20260823/routeA_full/blocks/426668946.json.gz	202676	1b7725819d8c1dad6ed74942d71949743fae3eea757f7ac2dbfbb8883bb2aeb7
diagnosis_20260823/routeA_full/blocks/426668947.json.gz	407911	51e75810f020bace968572f55ce9747fae6aded7f2290dda9761c7f871c7a4e6
diagnosis_20260823/routeA_full/blocks/426668948.json.gz	303216	b01d1cc771557b887cbacfc5ec0282dd33a48254c89785f96f90269218e9da7f
diagnosis_20260823/routeA_full/blocks/426668949.json.gz	267688	348ba657e67d4d7b8b69e366e7438c0b76c2f5b665b312dca4b28cf7ec4a9c41
diagnosis_20260823/routeA_full/blocks/426668950.json.gz	271218	66d7e97897173347cb00661cbcad8ba6b78683513db2fbc8d10fefaeac77b90c
diagnosis_20260823/routeA_full/blocks/426668951.json.gz	297157	29ad162c56287f13f225434df312834f454990eb8cf08566258f31083a2aba5f
diagnosis_20260823/routeA_full/blocks/426668952.json.gz	218702	4eaac77a1f38fbc5369ca19304bcf373bb81e4cc1946bf3cc13ef51cfbf281c2
diagnosis_20260823/routeA_full/blocks/426668953.json.gz	222008	7636c0dfef245f3e7872ec858959a30caf8037971ef24d8bd29513bb7f2afa0c
diagnosis_20260823/routeA_full/blocks/426668954.json.gz	218469	eb3311c125f225750d69b23cf5553526ce8d44461c68405eb83c3488ed9a1ddc
diagnosis_20260823/routeA_full/blocks/426668955.json.gz	325654	31e0e8f3f57d6393dcee8f99f1f83b75ee0d0927843c3897073252ec7866a374
diagnosis_20260823/routeA_full/blocks/426668956.json.gz	188795	62fb3ae6441c5e4304ca61aac0a228e51f564b6b2def0e86eb0d35e424f30aab
diagnosis_20260823/routeA_full/blocks/426668957.json.gz	261465	9d34ad0c45a0bcb8e932295d9e0b7faaa4ebeffb6369dae270e16f0145eb5c6e
diagnosis_20260823/routeA_full/blocks/426668958.json.gz	198853	46045776591ea72e5d11b0e777d669d31e672e92ea0d456b5693fb3a4ce6c31a
diagnosis_20260823/routeA_full/blocks/426668959.json.gz	182680	c782bfffcacc6f2f0846f1834876998bfe70159d2417120bb41dd2879b3480bb
diagnosis_20260823/routeA_full/blocks/426668960.json.gz	212228	6885880d53ebaa769bd1534d6f00489255e4572e71915638c8120dd62c7ccf6e
diagnosis_20260823/routeA_full/blocks/426668961.json.gz	192754	b0ca4244ae8aefb07924c0f986544f20a510b6972e4b1c940b1fb6e3bd007c1e
diagnosis_20260823/routeA_full/blocks/426668962.json.gz	161566	9b7812a86a3cb44183dc5f374149ab7ce93015933545ff58c7b9c2d2d05c3d90
diagnosis_20260823/routeA_full/blocks/426668963.json.gz	198486	c00e4b554ec8fb05eac6f0fe7f997b2e096983326c9ba4c3a109848c0f9fb4be
diagnosis_20260823/routeA_full/blocks/426668964.json.gz	209329	91c5a4bcfe57ee30c6e373c7d22529051714a463c3540bad80bc5cdf237765dc
diagnosis_20260823/routeA_full/blocks/426668965.json.gz	253618	7009421173883c71e133b481435ac0701fab2585eec4e174480a13acc98736ce
diagnosis_20260823/routeA_full/blocks/426668966.json.gz	163715	059d84c0c6a99225b0249df8f43cdb65642db22db18b439d097206755a80a550
diagnosis_20260823/routeA_full/blocks/426668967.json.gz	204000	d6c445f80f6ba6325a353cbe904d59c860ccf9c4eb40b6734d55a370b8326e67
diagnosis_20260823/routeA_full/blocks/426668968.json.gz	256702	0f23e7bddcc155d05536f8a06577ecf8bf33a175ca0a663ce57d8fe320bd9a49
diagnosis_20260823/routeA_full/blocks/426668969.json.gz	334519	9cca345397ab60188d860e94c8bf22266640da6db0f7eaa56d04c590a664e19a
diagnosis_20260823/routeA_full/blocks/426668970.json.gz	219256	d96028e675fdc5bc2bb8c046e3287bfb6d03f4431b80d25cac7e06f3f402246b
diagnosis_20260823/routeA_full/blocks/426668971.json.gz	359535	9bb044dd7bc2b475a13da7de24f53bcbe3de127285dc01cbfde8757d1f33d0eb
diagnosis_20260823/routeA_full/blocks/426668972.json.gz	222104	89935a6d744a82194fd82858623b8de48cde9a3e82b2ed3fc5a6c500c7e8225a
diagnosis_20260823/routeA_full/blocks/426668973.json.gz	152485	5d657911e4ad0030b045cdd272355f84248301e3272782c81ae248a2b5336c71
diagnosis_20260823/routeA_full/blocks/426668974.json.gz	231490	2dc832defeffb33d7396dbeb7779a9246649c62dc46617d14d8fcf043e5393aa
diagnosis_20260823/routeA_full/blocks/426668975.json.gz	185882	242accccbfa07b26626476a47d411223a22e6c9f33ad0ac8e099b29483f171cd
diagnosis_20260823/routeA_full/blocks/426668976.json.gz	139874	33bc9b30d2e6783d4e69d8a8b9a9f100f196f36c3ded14d3d6f4fdcf0053d725
diagnosis_20260823/routeA_full/blocks/426668977.json.gz	164298	d943e340fb6fa79117e19b31bd9547a74d461a2a78758fb489fcf7c5feaa21b3
diagnosis_20260823/routeA_full/blocks/426668978.json.gz	228690	a181b4a3385e03e76aa888adea873675471aee458db272c0bfca01ef2a406caf
diagnosis_20260823/routeA_full/blocks/426668979.json.gz	135386	b9c16c6e09592f45871528052ba7a0f87f87d4da3d489af6f032e21920119225
diagnosis_20260823/routeA_full/blocks/426668980.json.gz	230131	097d921cfad51542e7a20ae82cedac2e04efd592f8e8199f7945dfa77d78d26e
diagnosis_20260823/routeA_full/blocks/426668981.json.gz	230287	d61aee4861a7b716fd57439e84ccbafaa0177d202262c2a8be99bf0087da643e
diagnosis_20260823/routeA_full/blocks/426668982.json.gz	287906	f2fe084a90a859f072c55ac45fa167d895a8a8fef466e25f8e55a0395753b502
diagnosis_20260823/routeA_full/blocks/426668983.json.gz	225906	644767952aaa9efb12e9d4bc5d58960790e84822b7cd459957cf77d7b0d290ab
diagnosis_20260823/routeA_full/blocks/426668984.json.gz	220275	aceb6ba6be0f81e0f4190d377a9b192cf70f1e2a7066205d7561eb3aca5ccf2c
diagnosis_20260823/routeA_full/blocks/426668985.json.gz	383828	cfc38014dddfc008f7283e074218b7ee7d3d5c397b39643f1f5714148068aa18
diagnosis_20260823/routeA_full/blocks/426668986.json.gz	306522	5784b7be05a177b12f2f807d2894391504a61e2ac64afa3f0f67ea27a1829561
diagnosis_20260823/routeA_full/blocks/426668987.json.gz	156591	3f48e2e39bd783a53c554f2a93f0e66bb80eba3f30d9db7ba642ff23a6606d71
diagnosis_20260823/routeA_full/blocks/426668988.json.gz	186706	8a3cb0d441c1f48530e8dcc05bfbda3ec4100f8fb6dd8657e13c3adec6fc0f85
diagnosis_20260823/routeA_full/blocks/426668989.json.gz	241934	a653ba8b11a7fd5dc8b6f2cbda2b8b3b432342d441dfcb6fb25bf72b37a0fb7d
diagnosis_20260823/routeA_full/blocks/426668990.json.gz	183279	c5fbb71cc019bb782483f04f17e6587ccdad9083a14944acc7d9ea2f61d8eab9
diagnosis_20260823/routeA_full/blocks/426668991.json.gz	452306	f00f854f1c297d5b50f720fcd0596678b539d585a92b73228c8aedb5002de09a
diagnosis_20260823/routeA_full/blocks/426668992.json.gz	455280	727763ea20ee07a873f40fe8b5eda7b4b2545c38bfb230ceabf2ec981fb0448c
diagnosis_20260823/routeA_full/blocks/426668993.json.gz	369430	cee1e507f532cec508104fae7ca8faf1d5882b37fc4eb4e9ff79dda5c5a40d96
diagnosis_20260823/routeA_full/blocks/426668994.json.gz	427098	1d52758330cc174f41e197f2e87238848e085cb747f0bff0d8712d02a65ca3af
diagnosis_20260823/routeA_full/blocks/426668995.json.gz	322633	6f04d5ef3fa380b3a13ef913ef929f00fbc2b2d2e6eba7c4e904fa1537594f01
diagnosis_20260823/routeA_full/blocks/426669000.json.gz	515436	69cc036037e3a9e658cc93f8f4835e92a1b73fa79550df26c52b7322353d0fec
diagnosis_20260823/routeA_full/blocks/426669001.json.gz	380753	5447725bdbdbbd6669d9d528677c3675c96668d6ea9e6976a914a015decc3b75
diagnosis_20260823/routeA_full/blocks/426669002.json.gz	404747	f1d0a0e2a413d17d311c988c7f29ff86275af96c4a8fbcd63ab79f8f56305a11
diagnosis_20260823/routeA_full/blocks/426669003.json.gz	360084	a66dd4f774364c60524141268b9d29010fec7b8f91a2bd9c2295b5825ca63e12
diagnosis_20260823/routeA_full/blocks/426669004.json.gz	366114	b83f1240598fa3f83aed401bf6ecf031fdf0550b724929024d8e234ffbc4aaa7
diagnosis_20260823/routeA_full/blocks/426669005.json.gz	413180	304669a50ff5f88c371abcf0b8e1cd45ed777935bc79d125da3fe7897f6ecea2
diagnosis_20260823/routeA_full/blocks/426669006.json.gz	337223	5e5ebe9fce17ed12a3944aebf93f2ce3208049d624d61e1b8ccbb205c3274509
diagnosis_20260823/routeA_full/blocks/426669007.json.gz	252494	03ebcd8bb7b198d373d6c81c0b5611c841a418f190d48fa56f955feacbed7762
diagnosis_20260823/routeA_full/blocks/426669008.json.gz	447428	248fac151d87a571bdf6b2f6c095c35487e22164fd55f0bc887629fc454a78dd
diagnosis_20260823/routeA_full/blocks/426669009.json.gz	333383	372c07f457d51fe9719afad0b711d8be1310c6bdf13ec136db7bcc18627cde0b
diagnosis_20260823/routeA_full/blocks/426669010.json.gz	309022	de1ccccd9a546e497b41253a72fbfaecb90199e950826b53077948b0a8a02f81
diagnosis_20260823/routeA_full/blocks/426669011.json.gz	450459	32f71874a35b4a8d17832cff3f0d35758611d422d926a9a07ee312363f113017
diagnosis_20260823/routeA_full/blocks/426669012.json.gz	368660	f34e771ca484b40dd6a9a5d104f8991ac9380ba773fa5ef9aa40596a974e7214
diagnosis_20260823/routeA_full/blocks/426669013.json.gz	325076	0baae0d0bb14067a2329c3308efdaa9cf8d0940bac6dcff6f8540ac4b97b0453
diagnosis_20260823/routeA_full/blocks/426669014.json.gz	248187	242211d63561359f1ab01565f862c032ce260959de5253755b2fbc0e81b5bfed
diagnosis_20260823/routeA_full/blocks/426669015.json.gz	208313	63e5ee2d10ae93cfb83b27381697765bcb24e2700c0a40aabf00c7133ab35f87
diagnosis_20260823/routeA_full/blocks/426669016.json.gz	184047	7592782fb7412a9ae0ebfd55e6a76945afaed71124d3e4e7d7cdb329e1a57b85
diagnosis_20260823/routeA_full/blocks/426669017.json.gz	289685	2139a49bf9aced8eff36549a3425b138bb49808082ed6294eadbddffe7d5cba0
diagnosis_20260823/routeA_full/blocks/426669018.json.gz	220848	79d599d5bb3e9c5df7d3cf87f6a7b602bdfb4ecf451ef5577ee69de9230677f8
diagnosis_20260823/routeA_full/blocks/426669019.json.gz	467169	0cd5711555bfbf2c9f356e297770063303487f9c41374a56640bcf8423e6eb46
diagnosis_20260823/routeA_full/blocks/426669020.json.gz	437520	bc0cce32331820cd73734fbfbb178ed36563c75ec91538c914cb10352ff579d2
diagnosis_20260823/routeA_full/blocks/426669021.json.gz	270373	1abb13eee4f089bd2476b9d297876ab3130ec3c6714564980fc51686b5713f80
diagnosis_20260823/routeA_full/blocks/426669022.json.gz	225153	c4694dd6b7a62d2353ad231a062350a21e5476f85e3e2f84e53046750afa8bdb
diagnosis_20260823/routeA_full/blocks/426669023.json.gz	319616	629ecca6a8d15f8af50e956d7ba03329a865a01537cca82c777245c9154b2632
diagnosis_20260823/routeA_full/blocks/426669024.json.gz	388084	2f50ee45de68e663b5db2303930c56cf34b6e1f20ca7ad01c152ef8f4c4ac50c
diagnosis_20260823/routeA_full/blocks/426669025.json.gz	250448	09311fb885170b529878afd84eb6a75b59e5c27b0b98d573afab041f6d6b96d1
diagnosis_20260823/routeA_full/blocks/426669026.json.gz	217785	e869d66972f14fc1a5a6d2279290f738c6b12ec72b871b0f35bc81e3375c7901
diagnosis_20260823/routeA_full/blocks/426669027.json.gz	226303	d75ec9c1f047fd5d4268a97c293b948f14859c0d3cdb707ab336c0827146326f
diagnosis_20260823/routeA_full/blocks/426669028.json.gz	549565	0fc03793ca2fba133ef6eb787dcd607093f478b95966573332d6878216347d6d
diagnosis_20260823/routeA_full/blocks/426669029.json.gz	377593	e0859b6b45070b993963ee713f2740b577d95b4f12cbda18932b4d02f9152529
diagnosis_20260823/routeA_full/blocks/426669030.json.gz	249470	b179782fc7d7479ae99929e95d743d1b110e376809393806a32f1409579995b7
diagnosis_20260823/routeA_full/blocks/426669031.json.gz	212888	46ed5d3b99fc9dc534f588e07f5585100bbe9b2dcc2fa8129502db6a16b7e17f
diagnosis_20260823/routeA_full/blocks/426669032.json.gz	260874	eaf84b8ecade1a690a3b1218857bd2699955b776c4c87d105f2999b2cab97f42
diagnosis_20260823/routeA_full/blocks/426669033.json.gz	263168	941e2457a4f54f7c201dad5ff45174b8307a7b900c0e6b1b94d2c91358016a0c
diagnosis_20260823/routeA_full/blocks/426669034.json.gz	398509	b4614709f8a321dbee805f16c7ab61ee3257d57b99827666ae4ffce1b3f676cc
diagnosis_20260823/routeA_full/blocks/426669035.json.gz	235316	94d61d1cf8cdd5cf51f88ff0e0891a0d9cea2abd1522512cb4eb6ddbdb80d52e
diagnosis_20260823/routeA_full/blocks/426669036.json.gz	353914	cdcd7e63d5a33048cd7719ef3bdb81635c146b0cd82bd932fae2ff545b88e873
diagnosis_20260823/routeA_full/blocks/426669037.json.gz	282084	242f2fe5f0b43a1f95af9729488611b258206e8f1680af7cfe8d37b7d188b368
diagnosis_20260823/routeA_full/blocks/426669038.json.gz	268892	b296159bf8388cb4b5940e0f4870e8f06b70a2c3d8745a6cebc8f287a6ea811a
diagnosis_20260823/routeA_full/blocks/426669039.json.gz	197971	4473359e13bec270a3ebc4f2a1e62115951ceb68c5cb0da84795850f5313bd22
diagnosis_20260823/routeA_full/blocks/426669040.json.gz	237543	40da1061f9db93aeaa3812b66bb924cd5c1c0d1a5d20de5d5e9b01d259aae01c
diagnosis_20260823/routeA_full/blocks/426669041.json.gz	331344	79474545fe285b524984aacfac03ef4dbec120484280a71dbe164eb054afc8af
diagnosis_20260823/routeA_full/blocks/426669042.json.gz	389808	ab01af5c577e5f70cff6085de8df2f542247c4bcbcb18bbe02e4f4a3f8295d12
diagnosis_20260823/routeA_full/blocks/426669043.json.gz	258482	999b9f66bb9fca176f625b14e0ada8d15c2a264c91b0711c5366c32c71b2b1b8
diagnosis_20260823/routeA_full/blocks/426669044.json.gz	284042	cba96518c8102dd603d504e122d1589a1c81f9dff3e03cef539088a8c2d40cc4
diagnosis_20260823/routeA_full/blocks/426669045.json.gz	260321	0f286b237fb98d40178e19c764885c04f52b908c93a7621f55240be271d651cd
diagnosis_20260823/routeA_full/blocks/426669046.json.gz	252466	f9a91c58b302c8e4ce24972eafbe091ce9b68179bcf1725898579041bbb64afd
diagnosis_20260823/routeA_full/blocks/426669047.json.gz	452133	5b26b184882ce2e9898b5c88717ed88a1138feab1788ee68447973e70dc2d5f1
diagnosis_20260823/routeA_full/blocks/426669048.json.gz	241212	2f04afeebc44cb57f94b17e5064dbe9d2418c53ff1fd30f9451c2af173109ffc
diagnosis_20260823/routeA_full/blocks/426669049.json.gz	206546	5596bfe3ef213c85287fb62f8f4f4ff7d07b345f31ce43d1ee64534001b15f9a
diagnosis_20260823/routeA_full/blocks/426669050.json.gz	158517	7aeb4d0ae21b494f50f7bf278fdc24b8b0f8ef3435b4903865ac42ee15ecf7d0
diagnosis_20260823/routeA_full/blocks/426669051.json.gz	187253	406223b69cb06a90a585f10773ef0685c63fda5d17b622ceabd4ee8534dc2295
diagnosis_20260823/routeA_full/blocks/426669052.json.gz	148132	c64fca6f870ddc571fd7c43fa2bc4a2885f8144ca2a5a1cfb72449b7b79c08c8
diagnosis_20260823/routeA_full/blocks/426669053.json.gz	175821	b8ac6bb332737b0a2976a91d82503e2960de5df3c75eb896e47ca1b202d28a5a
diagnosis_20260823/routeA_full/blocks/426669054.json.gz	184598	c5a19bc67bd83943bec98d7e57e36c35d03be09df6b924a26d9e3b86d93e1eef
diagnosis_20260823/routeA_full/blocks/426669055.json.gz	237566	aaff0a4b29a2de58ad891f90d7c66ac04c355c049cccf1f49786683f99ffaa8f
diagnosis_20260823/routeA_full/blocks/426669056.json.gz	220381	fe4070060059e339c3346bce31b22ef7b785c20d3e9623571146f0376eac1dd5
diagnosis_20260823/routeA_full/blocks/426669057.json.gz	134328	0b6b56440d4223695bd2a9b10fb7c566108b77ba1518f5f168a39a7cde5abea0
diagnosis_20260823/routeA_full/blocks/426669058.json.gz	208225	9692cd21f93fd88f471909d93ef34d7377aa38bca6f071e7e059a87018da5ad0
diagnosis_20260823/routeA_full/blocks/426669059.json.gz	247970	b2ed0d4814f12da3033b95affb3ef3842f4a94fbdf359819067edbbd9f4303e1
diagnosis_20260823/routeA_full/blocks/426669060.json.gz	197999	c7ec11d0e246d585b37f3e7c29c1cc3cedc41662dcfdc4345ead552e511945d2
diagnosis_20260823/routeA_full/blocks/426669061.json.gz	210435	7c585fa55689e08cc8410de42fe81674f3e5ef3e793a93d857d025a615141d67
diagnosis_20260823/routeA_full/blocks/426669062.json.gz	197500	ce955e81f2010cf348e5c2edf2fc0ce521c26e7db48e3f36ca0890e6c5bff24d
diagnosis_20260823/routeA_full/blocks/426669063.json.gz	154929	69a4f823e712445367991890ecb83a8260c5d4251d11d31b0176f864abee7733
diagnosis_20260823/routeA_full/blocks/426669064.json.gz	346483	3781749611040becc1533d9cbcf5eee664a2b5aa7ed30605dce258639d6c9404
diagnosis_20260823/routeA_full/blocks/426669065.json.gz	292253	734450b8a7fdc182287838acddab1b29c5f6a175eb05e82464f611191c5b2d6b
diagnosis_20260823/routeA_full/blocks/426669066.json.gz	237223	1dfb0633e85a09fd8583c80e812563aa7d34bb2db7f1981336182baa83195782
diagnosis_20260823/routeA_full/blocks/426669067.json.gz	246609	541de4917e6ed3e664284dc2e2ee9114bfdfac9326d3f53fd02ef46964b41ace
diagnosis_20260823/routeA_full/blocks/426669068.json.gz	288754	71eaada2bf8d30b217e18523135e9f10f6f0e518023f2153a08f5cdc307eb076
diagnosis_20260823/routeA_full/blocks/426669069.json.gz	190449	6623884b7f637b22c1323de1447b095a907e4c4c6fbe5137a3f3f8dcef013fb7
diagnosis_20260823/routeA_full/blocks/426669070.json.gz	381766	897ed354954bddbcee4ff9a98370eb25f5b221955452f0a5ff9e9f049573779b
diagnosis_20260823/routeA_full/blocks/426669071.json.gz	246388	63f58031875859faf0f1564199702099aa39f199d43a2bc2eb324a050dcdd231
diagnosis_20260823/routeA_full/blocks/426669072.json.gz	169550	bd2b23ac0e05c8aa08c7d7bfdef3dcc340528a86ae8d8b246fb4cb92af1d228c
diagnosis_20260823/routeA_full/blocks/426669073.json.gz	181368	0f7e95a7d65e93d6d838f6bdd14aa64566eab1182e16609e4b9aa1fcccbb0d96
diagnosis_20260823/routeA_full/blocks/426669074.json.gz	226955	4abf2f021749d5d9cb693bdd8678c8bb89d0faf640069ce5bfd3cde9719829be
diagnosis_20260823/routeA_full/blocks/426669075.json.gz	263529	a460ec0f479dc8f6cdb9366e8f5e3ec292df9cadf34771c811db9e7d98833350
diagnosis_20260823/routeA_full/blocks/426669076.json.gz	300892	84cdc74cf6d4885e3347c62e649acdb25ca3d03a8c1d10aed74ac4c8e6a9ff98
diagnosis_20260823/routeA_full/blocks/426669077.json.gz	217498	2fc1ca214028501e46a8ba9ebd2d75ec902a49c4feebed9ac16fc3144cf4d533
diagnosis_20260823/routeA_full/blocks/426669078.json.gz	164594	2d586cedcc4eace7ccbb523d0e0718fbb8a69fbda4666689275331bc67ec630e
diagnosis_20260823/routeA_full/blocks/426669079.json.gz	270551	52359de644a00dd487935d0ae9d98fa7a883210dfcf796c9ce77dcf0a416afe8
diagnosis_20260823/routeA_full/blocks/426669080.json.gz	249157	2374a94e4857348e97c6d4a9439d15a35082cdb494163c434df142eee2a63531
diagnosis_20260823/routeA_full/blocks/426669081.json.gz	224489	27a9db1057bf4230694cc24de18bd91fcba0bb473da70a273dbf9faceeb0fcea
diagnosis_20260823/routeA_full/blocks/426669082.json.gz	214616	9b6c317ae698877b0247974f0cf36ed9c30aa00d08b8d5d72f594183390b1584
diagnosis_20260823/routeA_full/blocks/426669083.json.gz	197080	a841ec66821bd6ab629c83164c4b95b37c77ded621682a26849ed34aee971f26
diagnosis_20260823/routeA_full/blocks/426669084.json.gz	224047	2f6402680cb1726e613f2f18d14b9abf540de0048647b69cfd4e21410fa5fa40
diagnosis_20260823/routeA_full/blocks/426669085.json.gz	175944	b0e377591c6e6b5c3eb203dfa774deceef723ec4eece3af6816c647de6471c49
diagnosis_20260823/routeA_full/blocks/426669086.json.gz	130714	7d7e9ace007ff6a31c2a2c7df9d92eab1597e45c1dd000e22c9ce82d6d987e98
diagnosis_20260823/routeA_full/blocks/426669087.json.gz	406346	9c80d27ee570bb0e88623481d464ea2d0b402dff46d8bf845dc10c68186f08bd
diagnosis_20260823/routeA_full/blocks/426669088.json.gz	110026	25235d5345396f21ef22ee0db3dddf3d62093dfe216b3419c7439384017a806b
diagnosis_20260823/routeA_full/blocks/426669089.json.gz	165701	2c29c46b9bf62e98965cc437bf5ff6b5f4678211686882cde5e9929c959afaa6
diagnosis_20260823/routeA_full/blocks/426669090.json.gz	168922	8fe5a54ffe3b0a0eae502eb51354cecc53ab10bb2c818c1305ac9a9dbda415ad
diagnosis_20260823/routeA_full/blocks/426669091.json.gz	219421	4494d060d53383c511c13f635368ac5065fce0e1629364c39fe5912eebcc71cb
diagnosis_20260823/routeA_full/blocks/426669092.json.gz	243161	8345b768d2974ebebc39291fc45c16c32b0407831197b45e030ccdca3d7d45a2
diagnosis_20260823/routeA_full/blocks/426669093.json.gz	159100	093c1c55d1e7bcadb9afb3310bdfe9870a817d66a2701e65ac181068515f39de
diagnosis_20260823/routeA_full/blocks/426669094.json.gz	137982	f039fa90df1aab61384393f72ea7f88eb7a61a812000ea78dbf0896f2cc8220a
diagnosis_20260823/routeA_full/blocks/426669095.json.gz	147855	e9d2d9c63e834a1d53db2f51a01c7e3bd4b6b6f0244307543cab1d07c48f0e5c
diagnosis_20260823/routeA_full/blocks/426669096.json.gz	171645	0c924c7f8e95a6a1fdd6f7c3e3783cc55f56bb89cacb5e602451dca180ae2b56
diagnosis_20260823/routeA_full/blocks/426669097.json.gz	237588	b20584a6394fb4d2d5fd90970ed514083eeb3da7302bc3f94a24a2062db42d8c
diagnosis_20260823/routeA_full/blocks/426669098.json.gz	199150	a3aa935dafe7078e7b50149b9f708be97a44715431ac5c1ba2890d48032cd1f5
diagnosis_20260823/routeA_full/blocks/426669099.json.gz	298029	6b44b205ba6454fc9b3a541423b2daf7b816d4e21a07ffbd6c08325291b57d34
diagnosis_20260823/routeA_full/blocks/426669100.json.gz	165838	ba5851cf8a00ae8a614597f7dd160662edea45e29769643efdfabb20e6680720
diagnosis_20260823/routeA_full/blocks/426669101.json.gz	138106	4bf174d7f595f32d9f80ed6488212b02330d6e48f96b2e40802ef0a2ac0192c4
diagnosis_20260823/routeA_full/blocks/426669102.json.gz	215943	d89311ac7ef2453b935defbae1580daa282668197df6e59a20bc872f93aa6a79
diagnosis_20260823/routeA_full/blocks/426669103.json.gz	179919	ef2917551e0b24af5d51706e41d15a0f2e1912f198c38c723a9060700ddbc6ad
diagnosis_20260823/routeA_full/blocks/426669104.json.gz	175941	f2bf355c7879b8b097e3028d9612a18fbe7c8180a004b7425016c5fc188dccd1
diagnosis_20260823/routeA_full/blocks/426669105.json.gz	218508	e9bc0357dd423e173b05077f10023c933f614732871d60b1229d3cfe328114d9
diagnosis_20260823/routeA_full/blocks/426669106.json.gz	227322	3852033266a76c0acf4c0c0db9b721df7d7c426be333f996e354334a1982f8cf
diagnosis_20260823/routeA_full/blocks/426669107.json.gz	452356	5b3624b7cfe11ed767a80eedb3570580385b6b5696d161c76bf3b1883899249b
diagnosis_20260823/routeA_full/blocks/426669108.json.gz	346044	f7369b640a2510a0ae691a391e9258f825edfb1fb65f181a3c0af5f2764b966b
diagnosis_20260823/routeA_full/blocks/426669109.json.gz	278503	935f8a2b2d8f99f7b0d83af15a9ca92b87967a6b6b2ec5e4489c44b9615c5edd
diagnosis_20260823/routeA_full/blocks/426669110.json.gz	137529	d1028d172aeca66dea2eb73d9e428fe8dd9f7498c2bfe4e21b34434a9c984edc
diagnosis_20260823/routeA_full/blocks/426669111.json.gz	136064	7de99febf092e07de624e7dd400524cd0afb666508d58dd190d9c282bcce51d8
diagnosis_20260823/routeA_full/blocks/426669112.json.gz	104106	47109c211c2511e731e16668a42b31e02a6529de7a53b5919ead5ce17bfd1ffb
diagnosis_20260823/routeA_full/blocks/426669113.json.gz	172377	13e1e9ddf93c2b43fd9f14e3a961a3c806d4f737ab544ba8e634b7bd8181712d
diagnosis_20260823/routeA_full/blocks/426669114.json.gz	151743	82623305c2bf6176098ac6fa854a6dc07ce3f7879e5f43dce9a5cac5f3dfbd4b
diagnosis_20260823/routeA_full/blocks/426669115.json.gz	302691	fb9203ce3b8ba8fd4a57d7d48b7664ffa09a20c1127d5a7a432c0d4245ef0963
diagnosis_20260823/routeA_full/blocks/426669116.json.gz	135250	fabb425b19e0752643267b5d268c11f4ddbfe19a49f03aa481011b483ab036fb
diagnosis_20260823/routeA_full/blocks/426669117.json.gz	193215	6b289c82082ab74c6d26276b416a292d190ff51e3fb21036aa91752750bb5cc3
diagnosis_20260823/routeA_full/blocks/426669118.json.gz	262430	2e71df2b28b62f61a03b58938376b80c75dc015f4cb54fd2bd8d299840fd0fd8
diagnosis_20260823/routeA_full/blocks/426669119.json.gz	289671	3bacde9bea789394fdf572601f2587cec590d263792bd8d5048f2f887b7fb78d
diagnosis_20260823/routeA_full/blocks/426669120.json.gz	281729	cfc5ebe9671f25b4da3bd8e8eb09aef135857e457884a690f2b6dcd2de22141e
diagnosis_20260823/routeA_full/blocks/426669121.json.gz	156024	05ade43832395e285f0baa54f251674fc5119372aa18282a56dee488537e0c46
diagnosis_20260823/routeA_full/blocks/426669122.json.gz	153088	7419a861f2ee4e71aa71f21ce3a3d82a29710b0e672ca8051d84b3abcd6c6193
diagnosis_20260823/routeA_full/blocks/426669123.json.gz	126939	18623357736917731727336a5522579d0e0de2003a842cda73a705a8f4bdd619
diagnosis_20260823/routeA_full/blocks/426669124.json.gz	175243	1c5d2df93f938a6c0427204aa2ff059185262137a42adf4fe50a8ffd2ece8bb1
diagnosis_20260823/routeA_full/blocks/426669125.json.gz	144336	8843b60eb5b7223606cd0455d0a5b739276973a5e87a25eda06542113e69820e
diagnosis_20260823/routeA_full/blocks/426669126.json.gz	259231	6ea9847a2785242c5c419625f9824bade951fad2c87eb3999cedea9ab0430246
diagnosis_20260823/routeA_full/blocks/426669127.json.gz	201700	6454e07b0e0746cc0a8f6e86d1dbbbb59d1e9fc3e80d2b69e450e1b7b599f38b
diagnosis_20260823/routeA_full/blocks/426669128.json.gz	266688	d56572feb2258d622c72146b192fa52b815714c21ca5be8c5ac790212519b8fa
diagnosis_20260823/routeA_full/blocks/426669129.json.gz	188599	a10456e45c642dd3456d3051a57eb27c40c07407a0bb39ffe40819a4ac9416af
diagnosis_20260823/routeA_full/blocks/426669130.json.gz	170412	7e2a1d26f8dfc2c9318fed56238b880c90f9b8c75783e6fbcbee59eb3ef6a182
diagnosis_20260823/routeA_full/blocks/426669131.json.gz	150066	15e9836456338367cef8a62a0ea0a066d32b1529c9412aff886140b0f4d9adce
diagnosis_20260823/routeA_full/blocks/426669132.json.gz	179531	62548a9651f24b5fbe4fd821e58027e4036261f9a6fc0ae2fd7e422fe5e1752f
diagnosis_20260823/routeA_full/blocks/426669133.json.gz	150799	2c3487706d255916e11ba965cd6bf8d032271ee86c9fb001fbd10da5abfe708c
diagnosis_20260823/routeA_full/blocks/426669134.json.gz	153620	c24d32c977a1147160d9f063f391c78fa80cb2b24a1440d566d6d6494e47d8f7
diagnosis_20260823/routeA_full/blocks/426669135.json.gz	217487	22c0dc749a7eb8bad142a67b59e2dc5958374df3573e277257ab1d9cbb340796
diagnosis_20260823/routeA_full/blocks/426669136.json.gz	331414	10f961c08c9810c8cf5c9d68e88c9119ba1cd0b114ecf8ed13aa4105f75e4924
diagnosis_20260823/routeA_full/blocks/426669137.json.gz	290641	561c720ed855b883d5595a0d6b07dea2204f75c83fccf8ff1e33c337759f8284
diagnosis_20260823/routeA_full/blocks/426669138.json.gz	181513	063346ef8a058804331cbb7ac06ee0df1e85beac1eb18698d6be648a715e5d49
diagnosis_20260823/routeA_full/blocks/426669139.json.gz	147646	fd916d9cf9992239c922a795ce3874f9394c26476905a5347f54dbd8956e3ea1
diagnosis_20260823/routeA_full/blocks/426669140.json.gz	385342	6cb227d73a498c3597d076de3eea60b09ee0ce9e46548cc5f325b383f4213588
diagnosis_20260823/routeA_full/blocks/426669141.json.gz	300877	5e78819848efc004aa267a70c23a5f3f0a1eaeb3e2c06246cf3a9bf65a20388f
diagnosis_20260823/routeA_full/blocks/426669142.json.gz	360089	93cc7d0ae64c21ff70ce6bbe45b9bc088c313cc40df58fd14bca44795f71ca97
diagnosis_20260823/routeA_full/blocks/426669143.json.gz	237630	9671b6cceece4b2a2e5bab9d1f2adc22e498f961b6d36a0a39d8de503789489d
diagnosis_20260823/routeA_full/blocks/426669144.json.gz	164213	924a44df5363bce580bd262b11e77ade4a04f3cda0dca7c70fe5a261d0b8c6ea
diagnosis_20260823/routeA_full/blocks/426669145.json.gz	251786	ada91382c4b988a93e9db8ada059e64815ef7831138c4de28ed2f5259e2ab71f
diagnosis_20260823/routeA_full/blocks/426669146.json.gz	249943	255ca06bd281012d426f579718bc99f2145d29631af3b457e5d4a9955c9bbe3c
diagnosis_20260823/routeA_full/blocks/426669147.json.gz	326742	8bb3fb4583cd5239ff4bdf56d5d90d5ebaceaf3475f84b6e490e281d5cf7319a
diagnosis_20260823/routeA_full/blocks/426669148.json.gz	338749	1595462105001c54591021f10958e40742d73a78234dd263cadee7f2b25c4aac
diagnosis_20260823/routeA_full/blocks/426669149.json.gz	255857	1284a60330b5163f6f7a13b338ae4043958f4beebc69a20a2281039cf1bae85e
diagnosis_20260823/routeA_full/blocks/426669150.json.gz	293011	4210f1feab312e90c83040a3f4e72bf8c34698fffa1d0600c164dbdeedbe75d9
diagnosis_20260823/routeA_full/blocks/426669151.json.gz	284566	b6cb7f9631b0eada6151efac78a454f7eda85100a49ff35942190195826af40c
diagnosis_20260823/routeA_full/blocks/426669152.json.gz	284733	6ed012273d20605a0d0128e0f5cd08003bf621676dc18f1868cffd71559f0ce4
diagnosis_20260823/routeA_full/blocks/426669153.json.gz	276550	028f3e218e7ca354121d11c742b7716acea3ddf7324c282b944169a587454a65
diagnosis_20260823/routeA_full/blocks/426669154.json.gz	210511	b27087dfca1b5964be9073d1e04fbc63f9e21eef9ecde8a1eb305141461f81df
diagnosis_20260823/routeA_full/blocks/426669155.json.gz	445423	0a169bc673e8ef8e8cce96b8945eca8c75a8415407f32f88506098c0809534f5
diagnosis_20260823/routeA_full/blocks/426669156.json.gz	294359	a2731b21b2f1d423e5aa939935b023c3610118f8c58454e64a5e2b803ff03cd6
diagnosis_20260823/routeA_full/blocks/426669157.json.gz	315004	41855afdbbe17fa6f5adaea2cc87b55ce4f03a4d4d007ef6a65c0ffd2cabd875
diagnosis_20260823/routeA_full/blocks/426669158.json.gz	224290	9601ab262ef981cb74d351430f977e36713e8be1154945311b6011dd335a1c6a
diagnosis_20260823/routeA_full/blocks/426669159.json.gz	243168	f34a4b7540c0c672123822584792732d935770233ba6f2ae8d67094ed4591e76
diagnosis_20260823/routeA_full/blocks/426669160.json.gz	223088	68c1e553b8c632a7486adccba15c466029cad6a1e09df087441a973389633a46
diagnosis_20260823/routeA_full/blocks/426669161.json.gz	192416	b89ff3a90f04b9e39d36049d9516da25e654f86be29b90fa64cfa96f99836b79
diagnosis_20260823/routeA_full/blocks/426669162.json.gz	206532	ab126e55c1b8c6a397772e5385fb3851c879ea0d89a3ef237b23219c5bf648fd
diagnosis_20260823/routeA_full/blocks/426669163.json.gz	312978	935e5ff70b896987d164505baf4136550e79fb4881ddc00a623557898cc13746
diagnosis_20260823/routeA_full/blocks/426669164.json.gz	230103	5620948d32ae93d05fad25fd3ff7e8d01d7e53bae7dcaad9fa8fff9089f99897
diagnosis_20260823/routeA_full/blocks/426669165.json.gz	281461	584bd4b05b7c34f5cc4860c04aa34a794d6c8a03a2a42f2be32114463896aaa8
diagnosis_20260823/routeA_full/blocks/426669166.json.gz	246100	f4bda95190e6b4b17dcea57a50c942569309d6e70804ec660e187d7ecb266030
diagnosis_20260823/routeA_full/blocks/426669167.json.gz	323002	b0e28337fc0a2aec9c84eead4229e0055b13cf6abedd2a8d57d6ae985c041c6d
diagnosis_20260823/routeA_full/blocks/426669168.json.gz	432408	80384cc6087d2ba68198280e04a0a6b7d0042d8ab6141d9970be0002290687f1
diagnosis_20260823/routeA_full/blocks/426669169.json.gz	336617	6c1f6f7c531d480565be5df98d6925aac203cf3f7c0b71440f539126c441ac53
diagnosis_20260823/routeA_full/blocks/426669170.json.gz	536579	32a553269940643636c0fa4931dee2646766758c85cbade01a0fd4a69742ccbc
diagnosis_20260823/routeA_full/blocks/426669171.json.gz	344962	a950fb0ffdd50306b966d167e188b1bbf22445e2621e0ec820358afb04bff16e
diagnosis_20260823/routeA_full/blocks/426669172.json.gz	331650	1f8b93227e305f64a85a3a17a9a45a5380cfef712593c25dd54d5b3ea90e1fa8
diagnosis_20260823/routeA_full/blocks/426669173.json.gz	215033	04038bf9f3d6b4665e1a90401f66f70d2e36843e17ee3ba8413f670fef8aa63a
diagnosis_20260823/routeA_full/blocks/426669174.json.gz	221324	74d39b6bcd93b1be2e6be84e1083a1ab9d699425a1817e12f41f510994e58f0a
diagnosis_20260823/routeA_full/blocks/426669175.json.gz	210829	0bf9feb17c3862b899aa27fb12e1bd1e9c9f65b9f2b58251477b2b8834dd0201
diagnosis_20260823/routeA_full/blocks/426669176.json.gz	378066	8e5a3ffe2de232d466dea0075d59f1978e4fd50436ebda468773f4508ed848ed
diagnosis_20260823/routeA_full/blocks/426669177.json.gz	314893	9e36f8ce622065cbd67720ca28218a2a452aed4585ea01528c9ba4dc4b5d8791
diagnosis_20260823/routeA_full/blocks/426669178.json.gz	291619	5edde337820f7836938b5fed580721c8c02dd376e264db9f56cfe9e706e2d5bb
diagnosis_20260823/routeA_full/blocks/426669179.json.gz	314686	e8b29fd9a538df4badb6a0256eb91e7614323c04587348449d860d0870092d9f
diagnosis_20260823/routeA_full/blocks/426669180.json.gz	224329	364604fa387112b5aeb250b277d28bd9253aba4fd85f735a8f3899873c45c428
diagnosis_20260823/routeA_full/blocks/426669181.json.gz	320114	81ffec3e813b42e7ff5db29e3de9eded4e7643c47f4e7e6e55b5b9a30673b958
diagnosis_20260823/routeA_full/blocks/426669182.json.gz	420683	4760d4100119095b287f5aaa1c4182b58aa1bdd3fc10b48a9f504906898595c4
diagnosis_20260823/routeA_full/blocks/426669183.json.gz	445913	5b57c0a2058135b5d84a3feef2331c99b63cf50775f547beed947d02cbb1ad58
diagnosis_20260823/routeA_full/blocks/426669184.json.gz	350050	5a3a8d8c5d4511090615a4c18f7c72cb6c18ac56c12eabfaa961bbc503bfc59c
diagnosis_20260823/routeA_full/blocks/426669185.json.gz	274206	4601e5f73665da2845c17b9281c0d18d68ec8a114fc95efdf57f6eebdbbb8ca2
diagnosis_20260823/routeA_full/blocks/426669186.json.gz	201577	14b01d1d1f3f0bcdbc1430c6e34cefb44c60a065bdf1f54a63c2d579b5f91efd
diagnosis_20260823/routeA_full/blocks/426669187.json.gz	375508	0f70bc82772f58a493c0fcbc807bcecbc595490af10ff5ca84bb551739d0857c
diagnosis_20260823/routeA_full/blocks/426669188.json.gz	394784	b331c32f0de72ac9fe5b148b2d16046476e6372589c339faadb497408375e117
diagnosis_20260823/routeA_full/blocks/426669189.json.gz	194402	5379b041a3ce07ea3df2ab13538f2f90011668b6bf7ff01412132487fff686a7
diagnosis_20260823/routeA_full/blocks/426669190.json.gz	246453	22b9281f8e8ae3f503221c3b2301ef33a37e6bb98a204e129b1a5453751c2e8b
diagnosis_20260823/routeA_full/blocks/426669191.json.gz	219547	c70de63413bf1d7cd5da247437b00f1f6b1820316ef64f33a8458903802acd4e
diagnosis_20260823/routeA_full/blocks/426669192.json.gz	355163	8c0802d95c610583b3ce2e9cf6fd90e41642e758ced6430beb4658ea32540dbf
diagnosis_20260823/routeA_full/blocks/426669193.json.gz	183100	74b9878791ea0692d8da9b5dc7dc963665d30e0288612af8e04e364872ca11b9
diagnosis_20260823/routeA_full/blocks/426669194.json.gz	254435	5c70aa3688eb9f5ca761d302aae0f5a60248c37ceb1be343122e9d4337bb5fa5
diagnosis_20260823/routeA_full/blocks/426669195.json.gz	455688	9d3db1e5444ef1cd753020bb84e80e3f1b0b6fe9466c9275b824753dbe9a5062
diagnosis_20260823/routeA_full/blocks/426669196.json.gz	355749	0154ffed11767d8bcde173649941da79c372cd23ce22ea25a182a202c60a336e
diagnosis_20260823/routeA_full/blocks/426669197.json.gz	354216	f40240d300b7b90981b8f9404dfed0e012a47d27439cfde192c4cdca2db27d80
diagnosis_20260823/routeA_full/blocks/426669198.json.gz	218675	e42f2aaca5e9b2f05c05104f8595d6b993c903086fddbf8bbc9f66bfcb197680
diagnosis_20260823/routeA_full/blocks/426669199.json.gz	246110	725d389b4559e1749f9c3afc7480f8068ea6e5314c22385e6fee64b2e040e57f
diagnosis_20260823/routeA_full/blocks/426669200.json.gz	398490	721378568270f85aeca3f0d2b9b6b635993f5404ac05023bcdb4fafa65c844c8
diagnosis_20260823/routeA_full/blocks/426669201.json.gz	467183	efd244bc1422ca6e7e2c5bdc45edbf81542154addc2815dda7371fdc32833aec
diagnosis_20260823/routeA_full/blocks/426669202.json.gz	359165	0f5b0851d55b2597335c9cdce51ab34ef2fed2da8817de588c0339c4443516b9
diagnosis_20260823/routeA_full/blocks/426669203.json.gz	225936	49b1502a203afc3ea53a3d1251e6563f800252fe4ee5a585dc7c6cef50896271
diagnosis_20260823/routeA_full/blocks/426669204.json.gz	192643	ee1ee9ad0b0b1b57353f14b52fa71e2cf108da7841cd183dc8e0e73cc34eeb57
diagnosis_20260823/routeA_full/blocks/426669205.json.gz	214457	6fb98078fe24c32c4cf4f7c2f67536a493a205a2df66958899364e177056a0a8
diagnosis_20260823/routeA_full/blocks/426669206.json.gz	284122	09ae8adc60df39f63e51d25c1470bf459ad2a5562819921e9b70251ce96c7435
diagnosis_20260823/routeA_full/blocks/426669207.json.gz	395680	eb862b8187b780defd4952e085f37d6107495f94b3d2750759da6e335820d9ca
diagnosis_20260823/routeA_full/blocks/426669208.json.gz	246394	4a54c74b8bbb5d13a2eb857da3eb72a416fe0ee4f67097ff1032759f0ea2aa0e
diagnosis_20260823/routeA_full/blocks/426669209.json.gz	281644	949efe6e75537f3aeb1e24e78517c900858baa57b623add727719828eb2de62c
diagnosis_20260823/routeA_full/blocks/426669210.json.gz	390087	0f18c6456249ca913393fa5a2d9299666aae9d462371d07c9d09fc29264fc49e
diagnosis_20260823/routeA_full/blocks/426669211.json.gz	420593	5c0359648bf3ecf7db68dcccf0af2833c5e8f6a797d1570ecc8e777cf76d4c3b
diagnosis_20260823/routeA_full/blocks/426669212.json.gz	321848	038216a0e6f13a2c55c2287ee63350c46c56976cb781c8abb29da1d3e3e06ac4
diagnosis_20260823/routeA_full/blocks/426669213.json.gz	341359	fa15e384ab9f2d6d764d9784db9385087efd6168352b4b98daa8fa29d77066b1
diagnosis_20260823/routeA_full/blocks/426669214.json.gz	227597	6c6944f53019a23996222b687087ac049b23853b95a9d5cd80e8ef8853683d7f
diagnosis_20260823/routeA_full/blocks/426669215.json.gz	229756	5134ed4ee21cc2affe1e0df3f8e60fe9961b7d2b5eeea0be2586a9c9a4dd8730
diagnosis_20260823/routeA_full/blocks/426669216.json.gz	166201	871c040cf902f5b5353742365be0f7969b1feb5ed6402381ec352470761b17d5
diagnosis_20260823/routeA_full/blocks/426669217.json.gz	259489	9120899a71f75aec5a0f396948771626ccb8e8485671979af3f5fdd488396e40
diagnosis_20260823/routeA_full/blocks/426669218.json.gz	265662	eca8d161c909242ef34160df6e901abcef6fbfa6639af09899cb3f3e8cc67a05
diagnosis_20260823/routeA_full/blocks/426669219.json.gz	413540	bb374ff3e2a5a4d106abcf88abcd2f2e5cea5fef43f9fd58388a55ef804c691e
diagnosis_20260823/routeA_full/blocks/426669220.json.gz	376183	cd82790830f31bd99c9346404a50c61878b9a354e549b049e8eea097ad668336
diagnosis_20260823/routeA_full/blocks/426669221.json.gz	244962	f05e14ae53a2c11adeb68f35d45d50728fc6235cb831c23d437c194ac006112e
diagnosis_20260823/routeA_full/blocks/426669222.json.gz	172273	fea5b90c7d5ae0c987d6d6124ed528a36d1b55d0fe7f0a7110bab4c9bf62901a
diagnosis_20260823/routeA_full/blocks/426669223.json.gz	170474	37f75b76652ba2cf526d3ff0dee8da813d6a9e988d159973b7b998574d6cf446
diagnosis_20260823/routeA_full/blocks/426669224.json.gz	197503	2a368e8b3ac83b010f4f8a06f2fabf63b4167cce5b9f66cb4a79fc388744be00
diagnosis_20260823/routeA_full/blocks/426669225.json.gz	149980	08a96ac9ed68cd984a52269c67ca6c0a7a4785c5769b22c57ae60184be76a4ab
diagnosis_20260823/routeA_full/blocks/426669226.json.gz	222261	b6bb75daa7520edb4fa65959f9ddd0c956a1a971aea9845ee712aa18298538ba
diagnosis_20260823/routeA_full/blocks/426669227.json.gz	178336	e46d6c7ecf3890b86b7fb00228c7af73683be33d9883e268142135fffe5f3e62
diagnosis_20260823/routeA_full/blocks/426669228.json.gz	218987	df9f8dba5c6d73302ae02b3811d002e7f394ddd7c7ab0b44436c80e368714831
diagnosis_20260823/routeA_full/blocks/426669229.json.gz	158795	738294374f5fe4abcab2e3cc994d26292258bd860280ff1df370172699c5053e
diagnosis_20260823/routeA_full/blocks/426669230.json.gz	196569	648a5b3c9bd49584816f679612fa135e73830ef6de28bf9f541f5e50842f8d2c
diagnosis_20260823/routeA_full/blocks/426669231.json.gz	196620	a2a0f48392261e1929d944ecb288af4afae49390a0c7c18710b052e5248a1a48
diagnosis_20260823/routeA_full/blocks/426669232.json.gz	220353	d8aad694eda9fba1cafd47e7ce365999eb469e6cc22be041a51a967676bb5469
diagnosis_20260823/routeA_full/blocks/426669233.json.gz	138492	ec779daebf9c331f8ee55859dae7c0364aa6118404fb7834967786c7301d1333
diagnosis_20260823/routeA_full/blocks/426669234.json.gz	352191	6e21d2189844b04cb6df24a424aeb9a607c233d2d5ac44148d31f43fbe8799c2
diagnosis_20260823/routeA_full/blocks/426669235.json.gz	215782	c61bd5b3d048bd33c20d246420c18cc978fc02b192e1dd4d4039d510daaa24bc
diagnosis_20260823/routeA_full/blocks/426669236.json.gz	185779	c3ba952ce9c837edc437e8c224653c37d871d05ee2ce2dbf067ebe9f14bfcdbd
diagnosis_20260823/routeA_full/blocks/426669237.json.gz	185538	2de045203b7598349572373c95f03ca3b0d523cb934119259a5187b5123d690a
diagnosis_20260823/routeA_full/blocks/426669238.json.gz	181033	5631e426dbba1edf6da6fa4e390d914fd3368263ac885fa0fed60ff74fd49acf
diagnosis_20260823/routeA_full/blocks/426669239.json.gz	251091	97dee8289a7cdc2a408c9750f1c7ece14302d1652540f067ec61f5504a8d7449
diagnosis_20260823/routeA_full/blocks/426669240.json.gz	248240	260b4f74ad30811059e0b03564026977da1d84ba1b85864b5188540befed7077
diagnosis_20260823/routeA_full/blocks/426669241.json.gz	292103	b08e380f834d55e6d9c333a3bd1d6138493eadb9b54cc6af81ec92337e228a4c
diagnosis_20260823/routeA_full/blocks/426669242.json.gz	322479	598e8d03a3826b762fcb818f3307c830812a498243420e53852a404c9883b9db
diagnosis_20260823/routeA_full/blocks/426669243.json.gz	319026	f40955cdb86aa0df6b07e66dadb07ee5444811306af6596a275f47a0c7b0c917
diagnosis_20260823/routeA_full/blocks/426669244.json.gz	356870	935e25813bf421ddbfe379e363fab50d7fdc50c37a65d9c1489908e4fe824d52
diagnosis_20260823/routeA_full/blocks/426669245.json.gz	499321	aa57aa7d4d18453a8cbdec47e1a20e9e115021cd27b207ea32e61cee2cf2bf35
diagnosis_20260823/routeA_full/blocks/426669246.json.gz	471089	183616ebee2e26132b3702f61574f05942240e19f9db2373ed9bea2a45719043
diagnosis_20260823/routeA_full/blocks/426669247.json.gz	312913	382d49bf021fde80345a85c95690f4296533754a6ad40543962b62b9286469a8
diagnosis_20260823/routeA_full/blocks/426669248.json.gz	437755	47516b7d94e0065de30755ffc2433905fd99c51ca7be975215da4fb6e27f301a
diagnosis_20260823/routeA_full/blocks/426669249.json.gz	334924	bf4dc045f5455367f9e8dc5c8d40e4d118c2eda370b72562dc2ea52f6739a2e0
diagnosis_20260823/routeA_full/blocks/426669250.json.gz	220156	b77a2eaf2408e29c73026a53b5e214ba61f01ea8314e3530c4ce04d4c1bc5b61
diagnosis_20260823/routeA_full/blocks/426669251.json.gz	216385	3cec1c05d9d3e70511e3f6e759ca4a04ae8aad981c14be3cb77a5f7f774e7ea8
diagnosis_20260823/routeA_full/blocks/426669252.json.gz	251448	274d28f20f26f41eec6d8727e4789678211b518007dd986472c732fe25400269
diagnosis_20260823/routeA_full/blocks/426669253.json.gz	212582	c810c11c33162d08c7976227a66590bfdd1342e4802eba5151070cf93de05e0f
diagnosis_20260823/routeA_full/blocks/426669254.json.gz	186713	ef2a2e144ba5830798e4a4baa2fb132f83a08e53c79f16cbd195154c19db680c
diagnosis_20260823/routeA_full/blocks/426669255.json.gz	249631	1991b810cdbea09e534d55d6c15c76a187efdcc5d0872112f89f3fe422cf7dc0
diagnosis_20260823/routeA_full/blocks/426669256.json.gz	325973	ba85e84fe78c731cab195474080420bc8c0b890a705ce94f2203b29cc0cd4338
diagnosis_20260823/routeA_full/blocks/426669257.json.gz	320731	eede3f92169686320bf4147657a6f8cd98b5805e481a0640278fffc2bcef9b4e
diagnosis_20260823/routeA_full/blocks/426669258.json.gz	226045	9eade524ef8954f667acf67e287f88c80be71b88d72fd4282de882f2f402dcfd
diagnosis_20260823/routeA_full/blocks/426669259.json.gz	347463	650ad1451077771dafadce1396fbd2431dac4ca065b705e7b8ef2041bca0d0c3
diagnosis_20260823/routeA_full/blocks/426669260.json.gz	332078	174705429ab6b04bb37a7efd740fe8de5519024be7358ee35ed116ecf00ee1d1
diagnosis_20260823/routeA_full/blocks/426669261.json.gz	251391	86c719f5b4a45d5cf0679c55c45409568402ecf964e1b9b223438f1524f9bd59
diagnosis_20260823/routeA_full/blocks/426669262.json.gz	307974	817226e8061db72f828c63ebb2549e2eeef1b78569ce69be8b40f3da807d4a4d
diagnosis_20260823/routeA_full/blocks/426669263.json.gz	336571	abaff370239f7287e98989b1d2761c3fad2c1acc49375cfc9ce1d9ef26b16f1f
diagnosis_20260823/routeA_full/blocks/426669264.json.gz	436232	ee486bf685b5f582a15fbeef16a777507d702e326ab569db26cc5a2e4b2c461c
diagnosis_20260823/routeA_full/blocks/426669265.json.gz	332670	e4380cdad545f0d10f11cb1aa2d5949d06a8e5e812f699bfabf2ba14128315e3
diagnosis_20260823/routeA_full/blocks/426669266.json.gz	439446	c9b321d539e508277be22a5ebf54727ba3ac26362bbab957d3a50aa372ce7e20
diagnosis_20260823/routeA_full/blocks/426669267.json.gz	382913	626987b3384f363a2aa5ec8b7957dc105f7f2313ddbb3c1d9302bc5643b3f26a
diagnosis_20260823/routeA_full/blocks/426669268.json.gz	367105	c38bb4a7a3810e8bb19c23c7b621e7347ff9a51203a11ed29eb79ec72cdc3cdf
diagnosis_20260823/routeA_full/blocks/426669269.json.gz	565963	7e93cc177098366686174d8bedaf10643581184bd0d3b5d7a771263add046410
diagnosis_20260823/routeA_full/blocks/426669270.json.gz	563251	d2536a5574456ea681d6f93149cc1200c654d6f81329555b20e664a41f7abe57
diagnosis_20260823/routeA_full/blocks/426669271.json.gz	493617	614750bb7ec8c19734a942ce15aca9287cc7faec04943c7f9074d0355a2b6a63
diagnosis_20260823/routeA_full/blocks/426669272.json.gz	112736	d8d82b8b2929cf778d36666e0e6b6a31f9f7be9d37cd52f50741119f8d56d2cb
diagnosis_20260823/routeA_full/blocks/426669273.json.gz	279000	86c13ba377d5045970900362d204769b748019c673324e56c0887bfff417bf15
diagnosis_20260823/routeA_full/blocks/426669274.json.gz	351232	9c6786785d880265345e61e4178cfc50359642ec24e638eb1c64211ec5f77119
diagnosis_20260823/routeA_full/blocks/426669275.json.gz	339599	2b2f2e301e214f35a10d8f77658dc467bd85946e3449bc96bb496a263e3f0885
diagnosis_20260823/routeA_full/blocks/426669276.json.gz	383306	549885c467e4c14170cb8cb82f613d734f2e3633fd09e1592d4122886cfddd9e
diagnosis_20260823/routeA_full/blocks/426669277.json.gz	414717	b6230ce53c675627d9b7eab25ce671d2f3ae837f0de8618f343054cfdc0c35ee
diagnosis_20260823/routeA_full/blocks/426669278.json.gz	338845	810ee96e9df481226ec627b15f4e0f999e7657708f0df539bdaca33e83c88df2
diagnosis_20260823/routeA_full/blocks/426669279.json.gz	360515	9760ff12839c141a4c2cfaabcb1f8b504783d646806d72b894eadfab840f40e3
diagnosis_20260823/routeA_full/blocks/426669280.json.gz	334387	1110b54e6575522919e462d903312f81599ec766a54b1bae4a384c4d6bed2ebd
diagnosis_20260823/routeA_full/blocks/426669281.json.gz	301685	e540c5f8011c1a477a96f4e7df233a460822f9e3378e81d5bcb4bad7a9cef478
diagnosis_20260823/routeA_full/blocks/426669282.json.gz	341164	3520637139c4895479438638cfab142c32e25f06e803f2422ae735aca039b547
diagnosis_20260823/routeA_full/blocks/426669283.json.gz	447771	f71d9ed1641b6b4bd877b674dca9a58f4f24fdfdd2efde0c3036356a3cb66ed4
diagnosis_20260823/routeA_full/blocks/426669284.json.gz	305917	5622df809525c0e92b5ad517e135d34c97e00de3995c907ff564132e3672273d
diagnosis_20260823/routeA_full/blocks/426669285.json.gz	295762	af1fc05498f2ea62b4224333b85e700e4dfa02c1cd4d6fed2f3c9c78a7501124
diagnosis_20260823/routeA_full/blocks/426669286.json.gz	419786	c5163bfe190f96170cd3d57eb1d8482fd10ab1b99c8391346c6f83168db2cc0c
diagnosis_20260823/routeA_full/blocks/426669287.json.gz	366714	7bd640e41ce375b46a3f5e274757dbe459d612ebee792b57461c35947aa385e9
diagnosis_20260823/routeA_full/blocks/426669288.json.gz	410002	5fd24d17150709576b22140599a0a8129c0a675310e1cfb2c8f7b38e433f19d0
diagnosis_20260823/routeA_full/blocks/426669289.json.gz	411728	348753a18e95f43dfa28fca24e3c2affabfa8e951867dbba60523863d2f86451
diagnosis_20260823/routeA_full/blocks/426669290.json.gz	249842	b2f3d030fd7413aff98c51d06b1a35208244389e4b66456287176f373416326e
diagnosis_20260823/routeA_full/blocks/426669291.json.gz	193757	35142537fc9d19f2376669ec5a589388e499cdea2520500bd51f36ed6424503a
diagnosis_20260823/routeA_full/blocks/426669292.json.gz	234526	62ab01027143e1d60de96d4c7c1f34cc7a008b00d78d419a83befc058ab0cbae
diagnosis_20260823/routeA_full/blocks/426669293.json.gz	267196	b48019b00bcbf60c6c66a99dfa6aae4649c65df8ef909c1cde7c1b1cf8c89e48
diagnosis_20260823/routeA_full/blocks/426669294.json.gz	207085	df244184a6af2d98b2313299fbeddb1521b0090731d7e98ab3296cb32db28cad
diagnosis_20260823/routeA_full/blocks/426669295.json.gz	306591	e7ff78d5f67263208f58d032fa742f1dec48bec2e68e5e8a39d0583272351a50
diagnosis_20260823/routeA_full/blocks/426669296.json.gz	296266	dbdee81b1aac025daccc4795b873cc5c2666b720c001ce409baafd110e0323d3
diagnosis_20260823/routeA_full/blocks/426669297.json.gz	236093	d129d6422e75307bfca758b7a341466fd813cad8f79076d496c8a4911fa041d4
diagnosis_20260823/routeA_full/blocks/426669298.json.gz	231563	b4feac13fcc67625da69350d4fb053552ce4ac1f0b4e64628d72b9aee67fb2cc
diagnosis_20260823/routeA_full/blocks/426669299.json.gz	205728	7f0a28095d1fc1ec3930fad1463d2009e8fcbcf848d5ec4dd39713d166bb316c
diagnosis_20260823/routeA_full/blocks/426669300.json.gz	247881	b9e66f8c2c82096cc3c69358c4a7ef2612ef63a903f5556db90dd54dd6d09a53
diagnosis_20260823/routeA_full/blocks/426669301.json.gz	207917	92bcb22c2892e9039d2e59ca323e6877b6061734ba7c99043a6dc1a254cb4557
diagnosis_20260823/routeA_full/blocks/426669302.json.gz	180019	3fcfd2ca811375e1a03019df5b7f9764792d1de26c0d93f56568bd9b210da023
diagnosis_20260823/routeA_full/blocks/426669303.json.gz	243770	119cb851ea52e1a2c2d5663c6318d77d2ff5d1dbd111240eed609691a1dafcc8
diagnosis_20260823/routeA_full/blocks/426669304.json.gz	440195	a6203b16f2aeb01d60fb98f6efbe29ececd9f8472cbb2b88e6e6130f3ae976c5
diagnosis_20260823/routeA_full/blocks/426669305.json.gz	332690	99f616b72fa4390520218508543fec51d553b5a670911cc9c454c0555d1e71b3
diagnosis_20260823/routeA_full/blocks/426669306.json.gz	175128	bc65eca3aeec5e7281d47cfae275f9dc3a9e6b06dcc030190210d64d11a6419c
diagnosis_20260823/routeA_full/blocks/426669307.json.gz	186462	558ef68872a2fcef169b34dc677c0dad3ca94d0055fbf6c478777591f5234c3f
diagnosis_20260823/routeA_full/blocks/426669308.json.gz	249974	1b28ae8f420e516887e00ca7a02ed6b354b667f29134134aac785aa42b8f25df
diagnosis_20260823/routeA_full/blocks/426669309.json.gz	290970	eb1cfb3673b4d4fa61fb929327c6ec27a9708dbbcd0a97bed0ce4c506a86940a
diagnosis_20260823/routeA_full/blocks/426669310.json.gz	232975	c501fecc8df3087b94497ca6794ac3956a11d2f6e8fafafdf871f39f817dfd20
diagnosis_20260823/routeA_full/blocks/426669311.json.gz	207962	c2db70f5108cae6ed4222a71bac85b0746228f57750d16282877c2759b8bf57e
diagnosis_20260823/routeA_full/blocks/426669312.json.gz	326751	eeb2608f1370049432cb6bb54163ac98826596842ff7d4a115702da71d9c88e8
diagnosis_20260823/routeA_full/blocks/426669313.json.gz	245812	9fea43c57d7b1ed995aa473c91fcc80f71f2b65192c276efb072bc8d96d4822c
diagnosis_20260823/routeA_full/blocks/426669314.json.gz	271497	8278602403a2e3e28b6332926e9405b5e1c48df2c53e17855cf64a93c2d7a932
diagnosis_20260823/routeA_full/blocks/426669315.json.gz	227856	62ec6a1bfcdb5deceb619ad0aa1101058944dc29d003229a94cc533e832fab99
diagnosis_20260823/routeA_full/blocks/426669316.json.gz	196004	8d0396fe2ee210b6cfc4f6c58008a21527d5475696a93e4b67b5764df2d11564
diagnosis_20260823/routeA_full/blocks/426669317.json.gz	214249	747a614c086441116247c01dc8a4e824901ebc202606b4769add44acc29ed003
diagnosis_20260823/routeA_full/blocks/426669318.json.gz	241502	6dc1a82c02d8190b55fc9925b3986d9e3682e56c2a80aa88d7644b95a57a6dcc
diagnosis_20260823/routeA_full/blocks/426669319.json.gz	223606	bf46efa2d1b8860689e005bbefc2cf499ae6415f661fb3b61e74836deed0eed8
diagnosis_20260823/routeA_full/blocks/426669320.json.gz	268072	48dc7883a6a88d78ac5874d7e9410cb065f5f5fd781da848be742586660fa228
diagnosis_20260823/routeA_full/blocks/426669321.json.gz	269487	1266aa81178747bbbfd0c503db82c6380ef466525f8186dd878467686bac91e6
diagnosis_20260823/routeA_full/blocks/426669322.json.gz	269353	3cec44764548122f75b992f9da7562bc6276b2c8ed276242053e91222ce5a2e6
diagnosis_20260823/routeA_full/blocks/426669323.json.gz	242302	4835b43f7e7872ac02253088bceb6ae44b7216cee9668c1b098c8f137238eeea
diagnosis_20260823/routeA_full/blocks/426669328.json.gz	437716	f36ebbc9a921689e98ab8ea14dd2b3cc72576cd807a03b91804da6fadfe3f29b
diagnosis_20260823/routeA_full/blocks/426669329.json.gz	377706	37fcb4f8137eeddd4a3adff0673a90fc0827cd62516419b56c5abcd9e357bb4a
diagnosis_20260823/routeA_full/blocks/426669330.json.gz	537264	b3551cbbcfde97a3bb898a223ee92cbc7eb9bfb251f76edfcf7ae725adb13db2
diagnosis_20260823/routeA_full/blocks/426669331.json.gz	349616	abe875b4dee87c94a649a41debb7bade90d7fb8a5c77881f73820f8e999507db
diagnosis_20260823/routeA_full/blocks/426669332.json.gz	414682	14af210639ad15e793188e8e000ab0858ccfddd2fee1da5cb578a295f9e2072a
diagnosis_20260823/routeA_full/blocks/426669333.json.gz	344423	1b1c3bccc5dffbb6119da2f003670e95abbb7cb04505505d184ee8609e322c0a
diagnosis_20260823/routeA_full/blocks/426669334.json.gz	353385	78fb22944f0d21b533cbb1c9692cdac333e2aec74fdbb8af76b103185408da10
diagnosis_20260823/routeA_full/blocks/426669335.json.gz	402849	1a8aa3fd518b7f4aad9e0290db8a6590af5dbd80a263408d91fe5bf01493f2c5
diagnosis_20260823/routeA_full/blocks/426669336.json.gz	277388	f7d9d638e0579d4551899f2da00a53a50d940a4061202328d6dea2a61b7738da
diagnosis_20260823/routeA_full/blocks/426669337.json.gz	379120	c42199374fa1d0ff82658c2c0e6d870a6db37b0502019af79b0da6ba3ce90f9f
diagnosis_20260823/routeA_full/blocks/426669338.json.gz	374869	0b98ccfd212dd03c9f807b3fb781e9d616d9814a85815f2b0e0b386e7af93d3c
diagnosis_20260823/routeA_full/blocks/426669339.json.gz	463479	a7d637745187187afd0c25950846691c7f7a603ee549a3ac8a1b48580bcc365e
diagnosis_20260823/routeA_full/blocks/426669340.json.gz	373825	5a8f85787a2f541757a872ebe90882bd8fbda6870ccb9abca2d9bff5aea59766
diagnosis_20260823/routeA_full/blocks/426669341.json.gz	452685	06761903bf93e7838d4aa3182bbb975866ce5b968ac62f048033d9bbb82bc26d
diagnosis_20260823/routeA_full/blocks/426669342.json.gz	372437	bbeb0951c680cf325e17e175d0019d1c7d373e4671d377804fd97513e2317f3e
diagnosis_20260823/routeA_full/blocks/426669343.json.gz	290911	fb109840931291cc598d271213f38c7f7a0d3753e6aba42ba4e3436419f55ae2
diagnosis_20260823/routeA_full/blocks/426669344.json.gz	321945	af94e5286e20fa4a964fa8d3f401e4d772d8e695b4a2ada91db76ccece8a2c66
diagnosis_20260823/routeA_full/blocks/426669345.json.gz	426685	c22ecee1ea670a98ae6a1e12f513172412c3afe1f9d092c61f7e43297ff45557
diagnosis_20260823/routeA_full/blocks/426669346.json.gz	360255	2ac499ae41dc6ba4042b1b627d80e65b8c4ba92bdfd6421cd5455e23bc443339
diagnosis_20260823/routeA_full/blocks/426669347.json.gz	381583	0514f2808c1eb059e82ec27969904db412cce957136594fe3fc5fd383e4c78bc
diagnosis_20260823/routeA_full/blocks/426669348.json.gz	321061	a0d4094dc025f8fd337cf9846642c114971ff371697be4b91549d3bad368b9ac
diagnosis_20260823/routeA_full/blocks/426669349.json.gz	299954	2631e20d0b950e3f8f312fd37fb7673d327754b1f12eecaf07d511815e7c96c2
diagnosis_20260823/routeA_full/blocks/426669350.json.gz	308471	cd789729c864c331fb8f6f4e6998b17e27ccfcd2beb4f5c28fc123e2029e00c8
diagnosis_20260823/routeA_full/blocks/426669351.json.gz	551151	daaee674473381804c9170b358218b8e6a837c724975a1ab66b6aad072d7b70b
diagnosis_20260823/routeA_full/blocks/426669352.json.gz	586605	7701061beda58faeca7357eb00b793be57161d562a9f417a3e00b114463ec5a2
diagnosis_20260823/routeA_full/blocks/426669353.json.gz	361943	0324893a6441e50c8d1f2b39dc81fcf6d9be2b8ab3948757995faf8cb43193af
diagnosis_20260823/routeA_full/blocks/426669354.json.gz	301481	f07e502ade4dedd9bc45957c7ba9dec1901895f581222b8fe9a90f490f094b8b
diagnosis_20260823/routeA_full/blocks/426669355.json.gz	373525	5cb56e3915339fed66ff4a141519c9c116872af25c65910c9e739ad8321da3c0
diagnosis_20260823/routeA_full/blocks/426669356.json.gz	307035	dbcd6a141ed2bd41d5d08b67088e46907c240bfde936cbd7a9bdb5bd29000ff1
diagnosis_20260823/routeA_full/blocks/426669357.json.gz	298351	7aa9a9044d7487a35288da391835ff395bca0afec6d7e75f51a3b3d6467f43d5
diagnosis_20260823/routeA_full/blocks/426669358.json.gz	260159	ce8a70a665a06a80c9fd78c88c9553f9013be2e8d4d8df546d9a1e36ced6065d
diagnosis_20260823/routeA_full/blocks/426669359.json.gz	208575	6b3d87f5566091c90a5ab477b039c1e4433ad9369ab69f7fcef1f557f3552891
diagnosis_20260823/routeA_full/blocks/426669360.json.gz	252493	6ed3a96cda5ea0050fafb4a79674af8694ed42e1166a0b1c2218b4dc2db58c55
diagnosis_20260823/routeA_full/blocks/426669361.json.gz	273762	6df8d7cb5cd329e50702a2b38275559553a32c7d225fe61ea24e2551c5f3d2b0
diagnosis_20260823/routeA_full/blocks/426669362.json.gz	211710	e6071403863993470a7e29b2bf2598eb8b338a73b5cb1848271f6cb98bb948c9
diagnosis_20260823/routeA_full/blocks/426669363.json.gz	299735	64d1ed18677b4c9514eaa87cd8fd4141ccca67846aba5057f0652acebd29aed1
diagnosis_20260823/routeA_full/blocks/426669364.json.gz	177147	c5aace3871a9129ee583c189e183ffe5e02bcdd94b32c4654b986cab1c047444
diagnosis_20260823/routeA_full/blocks/426669365.json.gz	319066	f4d55f4fd0a7d005911cbe9238c2b1f2c9b1db7989d64345e649b10715b9c39d
diagnosis_20260823/routeA_full/blocks/426669366.json.gz	377953	0d649eb01b855c24096eeb2324416ca2e6b22a50fed0cdecb693855a62b0e256
diagnosis_20260823/routeA_full/blocks/426669367.json.gz	296507	59a4ca60795863e03159813f8b962441fe77e8d3ffd72ec9a81c3f85ccb86d42
diagnosis_20260823/routeA_full/blocks/426669368.json.gz	321352	47e8f9a7be932853f791624a76659f9741f3339849035f3de0140fbd88e8d39a
diagnosis_20260823/routeA_full/blocks/426669369.json.gz	307061	f1694f5317df84c8ab7b8927d9fc100b1f915c1e10516d1fe56cefe319cb1d1f
diagnosis_20260823/routeA_full/blocks/426669370.json.gz	319226	6b6820a3389de183b792eced5220951128d6e062b6782136c1e79752fb58efaf
diagnosis_20260823/routeA_full/blocks/426669371.json.gz	294895	f8ca2eb009ec14b98d5f1e4dc4ee4f9dafd8a33189cc4c44454514fda89ced4d
diagnosis_20260823/routeA_full/blocks/426669372.json.gz	492406	fd03742233f524af13cfb431569b4a38d1d0facb9b0b0bc0e293e45c546454cc
diagnosis_20260823/routeA_full/blocks/426669373.json.gz	373445	80fd05a55b028b47dd89d266cee65a19f61283e50ac594c87ad4b6fc08356833
diagnosis_20260823/routeA_full/blocks/426669374.json.gz	252373	6dbd36428f49eb4fe4af8992a4e5d71a1067f200fadc840fa525ed98948e2d32
diagnosis_20260823/routeA_full/blocks/426669375.json.gz	416094	cbc402d4b5917458334ca17ecfcc3a16168fb04824ab41814b1ce24d1cb207f1
diagnosis_20260823/routeA_full/blocks/426669376.json.gz	313770	b6f2cebf39f25b38414d5fe7e6176f4294f8d78208b873dba34942cb12a0c00a
diagnosis_20260823/routeA_full/blocks/426669377.json.gz	334774	579a5d92aafc5ed8bc44a0f50555d269a20ce51bf54db7b6bca683b8d99f048c
diagnosis_20260823/routeA_full/blocks/426669378.json.gz	313874	c03ba72cb5e9f57f07c37ada2b7d77f0fb6b96b2d5bd4ea84c1d07c114281aec
diagnosis_20260823/routeA_full/blocks/426669379.json.gz	275745	5d50a30a6a711c0caa6f3349bb4438ab6ded18ab1393efe749eb9b114b7ec6c1
diagnosis_20260823/routeA_full/blocks/426669380.json.gz	285597	51d57019d31d9d6d64ffa04f348a2faec9ec7953794eb2404e31dab4bd5ff75b
diagnosis_20260823/routeA_full/blocks/426669381.json.gz	228871	2fc6bc37c5da44edd43bb1c99004114aa11800e2362d4e814298e138d7ce82dd
diagnosis_20260823/routeA_full/blocks/426669382.json.gz	206621	829c1af3afd948d0db1c0f80bc06419cee0023be7c45b549c0f77db5afa02502
diagnosis_20260823/routeA_full/blocks/426669383.json.gz	218357	49101b5c5c8940836f6147d93df8defc6f9d4fffb80b4ed0ff84c573dcb35cf9
diagnosis_20260823/routeA_full/blocks/426669384.json.gz	266583	12f4021b3a694b236fa533273344230a292f9d4c2cde5eb6a0a975ec7c45f556
diagnosis_20260823/routeA_full/blocks/426669385.json.gz	216727	de7f8b327f55faf8eacdcaa61e5e69170aafe2fc42b0c8df68ae862eb8d0d1e8
diagnosis_20260823/routeA_full/blocks/426669386.json.gz	203234	6fe3e3730578eea62bfbffa7d4ba73f37602fbae024c632b44893feaeda85aed
diagnosis_20260823/routeA_full/blocks/426669387.json.gz	212060	d680b1d8818b4810b88454efc644239d80cba44fa40e73f80177a3b52b0fbcfd
diagnosis_20260823/routeA_full/blocks/426669388.json.gz	235223	0d84b4bd5261c176c806db790630ed84ca0379b4ed6d06b95a4fd54e5c84c12c
diagnosis_20260823/routeA_full/blocks/426669389.json.gz	244012	959351b57695cab9f53991d781fcdd900891b49ad589127569a4d5c5f813a48b
diagnosis_20260823/routeA_full/blocks/426669390.json.gz	348291	104aad708cf52d28d06720e85dcc41d439c1b8957327cd93f72ee9a8f850c803
diagnosis_20260823/routeA_full/blocks/426669391.json.gz	258588	ffd3dcd6ae6070aed62946721249ff43e00cf41782a07daa94d530113e63c878
diagnosis_20260823/routeA_full/blocks/426669392.json.gz	385455	d0a06085afb301d1374632d254c50b744a64c7113f84dd5b01b713af427dc161
diagnosis_20260823/routeA_full/blocks/426669393.json.gz	236753	5c8c8e94f00ea025a6b2a3749fd371dc394977e9307a111b4caad0faf90ba283
diagnosis_20260823/routeA_full/blocks/426669394.json.gz	189258	101d95dabc26d50e759d43125e9b67005962588ea384edf202c274b3c25283e4
diagnosis_20260823/routeA_full/blocks/426669395.json.gz	253016	eb6518e5c40a4a875d8f6828e9c0cfa1c0867ce35882d49ae8763ea8ab4d15b7
diagnosis_20260823/routeA_full/blocks/426669396.json.gz	454215	57a3fd026c624136a1d8175ba3cfae03d1ccfd6a8023cfb0c044dc2e094d54cf
diagnosis_20260823/routeA_full/blocks/426669397.json.gz	278129	fd74712b5f2d90e70f057d22e7d2b340de051221257faae92651be30ea3df249
diagnosis_20260823/routeA_full/blocks/426669398.json.gz	221786	1e82c72604848ec05db0b25d5b6eba29f5764843199c8cce73d2b34d7eb649ce
diagnosis_20260823/routeA_full/blocks/426669399.json.gz	222165	c8bc5a59e0194fcc841fa6acf76f17cf50a386f1d8e15fb3e9f6cec9f2fa4746
diagnosis_20260823/routeA_full/blocks/426669400.json.gz	266956	579cabd845ccb7aada8e24f2ea86bd5cf27744bf58ae58bab4f4f4468a32ffe7
diagnosis_20260823/routeA_full/blocks/426669401.json.gz	343556	ec43e67889210b065020561b46719abea578368e2c61188403fc7477396ed0d8
diagnosis_20260823/routeA_full/blocks/426669402.json.gz	283153	02cc4fb50fdf745eb8719b92c667d068d11706a60079198fdd428345660445c4
diagnosis_20260823/routeA_full/blocks/426669403.json.gz	495012	b13e0b3772a5c2f1dc4b7fdbf1a4f84b84c058c5ef4b0620ef1d134444af9e73
diagnosis_20260823/routeA_full/blocks/426669404.json.gz	513211	f2e47948bee9e3968e16a88c7c6074988407c9cbce0c75bb16a01eb1db9a7886
diagnosis_20260823/routeA_full/blocks/426669405.json.gz	436423	7f47ecdaafb7e452a8cff437da27ad2efae173448e93a9213a143cdbd11f1fbc
diagnosis_20260823/routeA_full/blocks/426669406.json.gz	295419	b3552ceb860dae3cb17a6d2513463aad2474f57742b17052c5c08e151006cd93
diagnosis_20260823/routeA_full/blocks/426669407.json.gz	402791	d3717a9bc958b574a2470db11c0804c2f34f8653d627443f257e6670a5ea745a
diagnosis_20260823/routeA_full/blocks/426669408.json.gz	220689	054da613bf4c069e1265799ee2a772993b2040394ce1945b84d10038a04d68fb
diagnosis_20260823/routeA_full/blocks/426669409.json.gz	216908	a692f733e6ef7c808f397b0b2f1473973393cdf6442bbc1e69264bc7bc8a8898
diagnosis_20260823/routeA_full/blocks/426669410.json.gz	295320	3dba6936533b0c5b72a2ad6b1793bc25de34f4440f2b1b2718214fa1e17e30d8
diagnosis_20260823/routeA_full/blocks/426669411.json.gz	204285	fcdd51005d8857fae165dc0552e38bff1efda8f51ad0aef5f704b38a66df6cb3
diagnosis_20260823/routeA_full/blocks/426669412.json.gz	220774	ba6a3dc0e3408a87c6174cdc1a48c12e9d1f6a4c8d4395c39748dd506029aaa6
diagnosis_20260823/routeA_full/blocks/426669413.json.gz	254628	bf35c27296965c4891e90a244ae2dfb006ee38549254df3e446b07d810fd0adc
diagnosis_20260823/routeA_full/blocks/426669414.json.gz	206229	466541f228a85996f4c6cb2b455ad95758fc0dcc7caeba851ae1af63d4f74c60
diagnosis_20260823/routeA_full/blocks/426669415.json.gz	254646	a50f641e73dc1aa31ae73d4e9ab08aa82463dc9624501766fcc69a05a0e1e321
diagnosis_20260823/routeA_full/blocks/426669416.json.gz	328057	5999a344a3a72c29898de3123cca4a6e66f3630dab56c457f44e256f437b575e
diagnosis_20260823/routeA_full/blocks/426669417.json.gz	382422	29e3c53b73cbe2cf9bec943071f48a94768264285632a8abddd8fd0f09c47f2d
diagnosis_20260823/routeA_full/blocks/426669418.json.gz	303631	a425acd854bd03d1c505dac1a3b889188c6f9538fa4b5b8b366d293b02f7a36b
diagnosis_20260823/routeA_full/blocks/426669419.json.gz	491591	97dfd7e61e7983cc84d48ff2a36daab3291c2056bd40f86dcbeef746c6d94004
diagnosis_20260823/routeA_full/blocks/426669420.json.gz	331524	702a36833add61a4a3f475465345e375e74ba782e57cd06f7feadb3200463529
diagnosis_20260823/routeA_full/blocks/426669421.json.gz	350722	19efac5fdf04449e0917bc29aa52f4be0206f5a2846d6a0e0aad64a110953661
diagnosis_20260823/routeA_full/blocks/426669422.json.gz	291306	144fd86f90b1028f06bf146c863370c189fae5806fb2b9cc3e56a6a459a84535
diagnosis_20260823/routeA_full/blocks/426669423.json.gz	360092	572c4b311db4f1314fe7d160024d2fc40c662e8872c0a5cc2042022f8a4d835a
diagnosis_20260823/routeA_full/blocks/426669424.json.gz	340208	bba4bfee6a95ce77306ee4a5ededd89df57f730b891ef26963fa0a0288c0c63e
diagnosis_20260823/routeA_full/blocks/426669425.json.gz	392306	6f91ae14d2991bc4f452f097cac10368a729f04e6f2389bf4188b5d716bff211
diagnosis_20260823/routeA_full/blocks/426669426.json.gz	354769	1a0146833d9ee7338ada90add9c93384cdd1a444d55831bdac04a233031319cc
diagnosis_20260823/routeA_full/blocks/426669427.json.gz	339487	338de3a55b1fa80a94cf2376c9d2ad33fad9cbf47dbc96d52c9b0d6961b870dc
diagnosis_20260823/routeA_full/blocks/426669428.json.gz	388432	ca819bb8b19f915bbcf713dc7a2d1d91b1127c117131d5edc6b193d340892484
diagnosis_20260823/routeA_full/blocks/426669429.json.gz	373064	74dd5ed9c746f545e537c025d524a9fec43e628f4460ede2509c18022666e635
diagnosis_20260823/routeA_full/blocks/426669430.json.gz	313436	80a36ab561a149907989c0d0fd1de468b1804cd222aac86ed882b9536d64d41f
diagnosis_20260823/routeA_full/blocks/426669431.json.gz	300094	035085826d9f61a0ff15c513988af82f19c1d385b198fa40ea2e9162bb4c443e
diagnosis_20260823/routeA_full/blocks/426669432.json.gz	248555	e061b9538153de96b0ec76963517a4906f9e137343cc812e152e0cfc89fd26d6
diagnosis_20260823/routeA_full/blocks/426669433.json.gz	251804	4838e91272ebe5a1fdb74c8c8ca37bc5b49d4c89699d6b490af3dde69e1ed115
diagnosis_20260823/routeA_full/blocks/426669434.json.gz	249457	5abc148ba338dfe00dfb6704d40dd2741bad2d6a402c55b83d7b95fc56bd71e0
diagnosis_20260823/routeA_full/blocks/426669435.json.gz	223779	1f431d9d427ddd37f84a9f15a57bec2ea7b3bba197ff33d5c586231324d57953
diagnosis_20260823/routeA_full/blocks/426669436.json.gz	288141	0e5b859a652fdd4767db67645f8470a32acce8786ea0ce12d37908c0bd67be1e
diagnosis_20260823/routeA_full/blocks/426669437.json.gz	281207	8d627017f6f1f8a58a2238a6423133de91841c62e44cec941dfabfd04f11d5fd
diagnosis_20260823/routeA_full/blocks/426669438.json.gz	272835	d1ffe50bb6ec9d0d4fc4fd602f1c352f1b87fe90baab1ad08b6b6a0d0d704f4e
diagnosis_20260823/routeA_full/blocks/426669439.json.gz	279114	55aaf34d64910d4f9290d8e5783b07aa17246a813380a97ada995fec1fb58199
diagnosis_20260823/routeA_full/blocks/426669440.json.gz	329987	7be0ce650f41d5518a7640802a27ac084d42adbe54dfcd1d00aa057d763b1f6b
diagnosis_20260823/routeA_full/blocks/426669441.json.gz	221623	fde1f9a9fa0693ec3fe402c878394607afaa19f597c109a6df7d6ea50f818c01
diagnosis_20260823/routeA_full/blocks/426669442.json.gz	310944	06451f432ec1e2a91e4c4cb09b92346d6476bdeb2a4d705b05b3557f8735af11
diagnosis_20260823/routeA_full/blocks/426669443.json.gz	247518	a114aee38aaaec6edfd6a950963bc1863c2d44174576fb8fe7849463c263a44b
diagnosis_20260823/routeA_full/blocks/426669444.json.gz	230818	b8779acf03b0784061f2295e998f29dbcb0a45d29ebea9cae70d8a71f156b7bb
diagnosis_20260823/routeA_full/blocks/426669445.json.gz	213607	359d670c21b1e64deb10bc11808c480e25aa0fd243aa126e9ea9ec773f829958
diagnosis_20260823/routeA_full/blocks/426669446.json.gz	247525	acafcf93ce06e101a20017f8c1252c7e500c8d852d222b0a827f293a7793c796
diagnosis_20260823/routeA_full/blocks/426669447.json.gz	269905	e62b9178b13cc7e638e74dcf04f2ef354d8e40c5717cb451e0e56f6800e33f79
diagnosis_20260823/routeA_full/blocks/426669448.json.gz	399048	67cd1750959e762b7e07d77c82b0f462f537070dfc84856f6ced98e6d8a3b4c8
diagnosis_20260823/routeA_full/blocks/426669449.json.gz	310957	520dfb61e3de6f04347a561e0417f21654328e82162c50073f6bfb279af3d4b5
diagnosis_20260823/routeA_full/blocks/426669450.json.gz	237261	e4b354ebcbf6381fffa22e34e6de630e744306ad861c31b4d43b037a01977224
diagnosis_20260823/routeA_full/blocks/426669451.json.gz	339034	484194abcf51ccf965484ec2d76f970cf9d2ec1fbcbadd5807f71541eb6f5e9e
diagnosis_20260823/routeA_full/blocks/426669452.json.gz	294554	618086835a3d7df7bf7a9bc0bae03895f4a16d84e25dcaea9046f82383dc8cb5
diagnosis_20260823/routeA_full/blocks/426669453.json.gz	192417	549b6bc2ba78f8cc379f1ab7202453e998f11c08ecb96613792d1882c9caec53
diagnosis_20260823/routeA_full/blocks/426669454.json.gz	276164	f8b89e3aa0c348d3d56042bf0494d564e996e1dbe40fb711a9fcbafb02d9a8f9
diagnosis_20260823/routeA_full/blocks/426669455.json.gz	278275	20041279ece0163b8838bffcee6f5f3e040a0bf4c62b91f6f273cc2060a100e4
diagnosis_20260823/routeA_full/blocks/426669456.json.gz	376702	6ddb052427a87daab6e723bcfec5b4c75c9ffb0e59effc5977bcfb1eb3a5dc87
diagnosis_20260823/routeA_full/blocks/426669457.json.gz	423549	d12fbebc89c5caf03515bed2b7f0433c0588a2815e9555c474ec3b286392fe2c
diagnosis_20260823/routeA_full/blocks/426669458.json.gz	355395	475593e7af8b05a2ed3782b422dd49fa0812d7a5921b4491393875403990fae7
diagnosis_20260823/routeA_full/blocks/426669459.json.gz	258031	49f38321e042f9c30541464b41839f264f6270d4a899b0619e0f118dc1b5c0ef
diagnosis_20260823/routeA_full/blocks/426669460.json.gz	301242	6cb43f97d8571416e26881a70626ee6239de92ccdbe0a81401e94525d887d0a0
diagnosis_20260823/routeA_full/blocks/426669461.json.gz	249583	481ed980f364072be19dc3f1771d6d94852af9751107213cdf036a7a218fc62c
diagnosis_20260823/routeA_full/blocks/426669462.json.gz	245234	ede3faac584162d324b5e8cf60ab6887e6c4e8cdebc345f1b78aa9f859642e81
diagnosis_20260823/routeA_full/blocks/426669463.json.gz	230564	0c99ad1491817e9cee2c09541d0c4b6ce38f4a2832249ffcc110f531accf69ed
diagnosis_20260823/routeA_full/blocks/426669464.json.gz	245455	ca7975943c9a239f4c1082f1a9ec7d4269ca89fc26264ecd4f210a35332967af
diagnosis_20260823/routeA_full/blocks/426669465.json.gz	195361	9f02e16c8ae13a898fc1a0b57203369f442faac8855fb329c002f8684a5da5af
diagnosis_20260823/routeA_full/blocks/426669466.json.gz	219890	aabbd499196dc3847fceafc21444361b6674acc7836ccda50accaf52415f2ac7
diagnosis_20260823/routeA_full/blocks/426669467.json.gz	255796	78fc34c6463bc8f882c3c4057542fabc3103ff2c8fee5f65fabf8f92900edcfd
diagnosis_20260823/routeA_full/blocks/426669468.json.gz	177629	013d07ea99e696b18bb21b3efee4105f7b73c823ec50285b04cf51bd564d6467
diagnosis_20260823/routeA_full/blocks/426669469.json.gz	164282	df79435840fc16c5f47d185b76213c6fc6a0e7d2c317bcbb65f62fdc5caf228e
diagnosis_20260823/routeA_full/blocks/426669470.json.gz	179341	1edc0b1147f6f1e3ba4e32aae74cc4d050615d25cbf98a96523d08182402769e
diagnosis_20260823/routeA_full/blocks/426669471.json.gz	204343	d43b13c9095ecca2992f02d58b0c9bce7439416e095d93cc0ac7fd7561129853
diagnosis_20260823/routeA_full/blocks/426669472.json.gz	239777	b72a4e71982dc0bb0a3b092beb246bc3cab76341e01cdfa21c7709e65637c39f
diagnosis_20260823/routeA_full/blocks/426669473.json.gz	219302	d351f1c567e225bc6cc03ef760b00cbe8d2ad299db98f187b82ac2bc03146f7f
diagnosis_20260823/routeA_full/blocks/426669474.json.gz	211840	c2d692c9b3ae95a230a68ae3e7b21a9d54057bc8ec67230c5b709041ec730264
diagnosis_20260823/routeA_full/blocks/426669475.json.gz	259665	98efa483567a60fa770792dbe6c90cd0fd4fcead4ae77c0a59e484f48f8ba237
diagnosis_20260823/routeA_full/blocks/426669476.json.gz	509722	cd1357ecbfc767cb84355275429439527dede11bcaaedf3be8a1dc12f9e2a53b
diagnosis_20260823/routeA_full/blocks/426669477.json.gz	314924	75a82fe35d9f60bdafa0d7b81ebafc376453b586784514d4bd4bc98c00f86a6a
diagnosis_20260823/routeA_full/blocks/426669478.json.gz	244405	a869141ab2671ac9429c4e5489806ba7ed167d51ff8e6dd5b5565e11b8212a11
diagnosis_20260823/routeA_full/blocks/426669479.json.gz	176096	cceaaa9eab808d9d326523c80a45230e679bed77e2b81f14341100f895952056
diagnosis_20260823/routeA_full/blocks/426669480.json.gz	184590	14a4abe177bfb46e27b8a225816b4585be02ba3b04e49138bd88bd1b49ee00be
diagnosis_20260823/routeA_full/blocks/426669481.json.gz	257151	acce75292047bcc39b5c49239516805c48058a39287fe912bc5d92711926089c
diagnosis_20260823/routeA_full/blocks/426669482.json.gz	432320	2dee287414f77f286d04b09492a5c343402f5dee08f69f51f85e5985c6e7d872
diagnosis_20260823/routeA_full/blocks/426669483.json.gz	312813	a0df568d8c0a74d18152a642ac709eccedc2cfa2bd729756ab5e13923610740a
diagnosis_20260823/routeA_full/blocks/426669484.json.gz	176036	52d78f75c2fbbd27c353dfdfbad7cf2e18776e720c3c58152261334d39ed4b7f
diagnosis_20260823/routeA_full/blocks/426669485.json.gz	223868	f5f4ae89b7727ad004a0af1687d903b9117e5cecfaa5990cbfcafa37b93067e6
diagnosis_20260823/routeA_full/blocks/426679350.json.gz	199579	347f4efad4666a0b847a1244af717422927da324c8f20d31182d2bd4a427b1df
diagnosis_20260823/routeA_full/blocks/426679351.json.gz	264882	7418e0c4f83b49e5dcf8dd59d6ee814a95501d78974c8a6d985db2ecd6faedd9
diagnosis_20260823/routeA_full/blocks/426679352.json.gz	339329	9b0a10f4d9cc1268516e07fb43b682b6800217dce5eb2781e621c5dfbe46510b
diagnosis_20260823/routeA_full/blocks/426679353.json.gz	197873	0c4f4128a7c99971fb8236c222598420c1cb90f49cbbe62a0f899a8dad7fb64d
diagnosis_20260823/routeA_full/blocks/426679354.json.gz	267866	289fa7c74d6bb50410c62f8c32fcc8c5221e734624e28a3d29045ffc9ef2ce53
diagnosis_20260823/routeA_full/blocks/426679355.json.gz	246487	e3a49f89e6752bf2158f09ea85a27c90c3da207689bcda0b7b3df25860fde0d6
diagnosis_20260823/routeA_full/blocks/426679356.json.gz	270608	bfef83de14d4071efe8b4cf30ff4fee27d7098b17012aed1376b1e06da5f61ce
diagnosis_20260823/routeA_full/blocks/426679357.json.gz	215819	07a43295d927eb16b621f29ed4eb52db29370d5ed39823ba21e85c3dc213bba7
diagnosis_20260823/routeA_full/blocks/426679358.json.gz	264035	6e3074eb9fdfd2c1e050757de321fbe8a76a723ce0f010841b3d12d3fbaa0e81
diagnosis_20260823/routeA_full/blocks/426679359.json.gz	262572	c8b298cfce40c39f2df769d22552a271f0a0c3bd739d66e219c813778c1a4d27
diagnosis_20260823/routeA_full/blocks/426679360.json.gz	299241	fcc0ad73113043acd3e76cb8667ca9a3210fac7064a0b762a124398513b36276
diagnosis_20260823/routeA_full/blocks/426679361.json.gz	213523	9216bb7086cd804f370e240cd71aa1d344c93e69a3f81d75defd41843e32e267
diagnosis_20260823/routeA_full/blocks/426679362.json.gz	348442	8a3a3120040f91779e3bec9b168073440b6823bbee7231271c448290ae075fe6
diagnosis_20260823/routeA_full/blocks/426679363.json.gz	273722	3795533accbaf97dd0b76d20715849457981f998e79569e0e3d760fd9da746b1
diagnosis_20260823/routeA_full/blocks/426679364.json.gz	295975	88941370354099831c79d097501d47f85268fbc0c0c1280d41da7d6da961e7f5
diagnosis_20260823/routeA_full/blocks/426679365.json.gz	349621	d12f7aa762d39ecac7a7f06f1919b2978cb8eee112a0c55eb439b90c2b636c5b
diagnosis_20260823/routeA_full/blocks/426679366.json.gz	270056	b58dec1e23fa83277b02e4fd3087f0ca3fb650d8ff814791b4fa92524936e14f
diagnosis_20260823/routeA_full/blocks/426679367.json.gz	247737	6670071adcf0b2aa87fe4be462420633e56202bb092e773c3cb11929db5dc3e3
diagnosis_20260823/routeA_full/blocks/426679368.json.gz	269844	eadc148b2fa149440a953b3f42ef738d9fb7e76cd6d5b76e1d128558427a5aae
diagnosis_20260823/routeA_full/blocks/426679369.json.gz	273709	8182c8ae6835edca495019393667f287e3dc1885421d71a85075d5baff63cff5
diagnosis_20260823/routeA_full/blocks/426679370.json.gz	209669	c3e9915b85eb27c7898be25493727aea07b2354822b6872b14861086adb76bf9
diagnosis_20260823/routeA_full/blocks/426679371.json.gz	263129	03ca43234b625b36d0307d7b6e6fda9a0f91e9d6425a917cf845e20fac1eb65b
diagnosis_20260823/routeA_full/blocks/426679372.json.gz	214762	17fef50f8eb5de4c38b6507bfc6d320aa380c68d129a2064ecf0be7a2a1dce53
diagnosis_20260823/routeA_full/blocks/426679373.json.gz	256591	9c78f96780945b12cb5c9f28d1bc9ba6f0bcf632496bd4613f3765bccc6a744f
diagnosis_20260823/routeA_full/blocks/426679374.json.gz	228045	1747800cbffd79b0108016492a0007728e3efca2aae4a4a118f1a0925153f7fa
diagnosis_20260823/routeA_full/blocks/426679375.json.gz	271011	0a3334e54454e17dba62cd0271194dafd44d45c54a9224a7ee41339dad158017
diagnosis_20260823/routeA_full/blocks/426679376.json.gz	293614	18f4ecfce03aef49b17c3cdc8ff9ca2d0065bb19d7cd9d20bf8ddaaef4d67abd
diagnosis_20260823/routeA_full/blocks/426690651.json.gz	222258	5d9c2e7c12477fe3abc19b3a6fa9a0228de00286900a60b27eeefb5fdb1b78bf
diagnosis_20260823/routeA_full/blocks/426690652.json.gz	335640	a24126d641f36103d9072f85311ff90490bd550c7b6634f56b0e93cb6d5d15c0
diagnosis_20260823/routeA_full/blocks/426690653.json.gz	256965	4336a6104d082bb7fa42c9de8555eb96eb5b9d0aa1e239faeeba3698c9e664d4
diagnosis_20260823/routeA_full/blocks/426690654.json.gz	167399	c9514a1bc0ba692dc53a2920c6de7c29462e7ecbc2cf806701c07281b88d681f
diagnosis_20260823/routeA_full/blocks/426690655.json.gz	165446	f72f9e022a18aaaf94e0a086baecbe3e1ab439e1feadfe1655c6655e36661c4a
diagnosis_20260823/routeA_full/blocks/426690656.json.gz	245667	08210fc791dce4634d06f52e0f21b4e7673f1d8346180854feccd6c340a1e9e9
diagnosis_20260823/routeA_full/blocks/426690657.json.gz	156129	df346bc4860512fd1785b18e330dab2f6f13f7314070d89806cb973e5df66f65
diagnosis_20260823/routeA_full/blocks/426690658.json.gz	211642	f5f46e136efd28a24fcb615006e04d2261554fb796c91e70bf9066afdf8bdf05
diagnosis_20260823/routeA_full/blocks/426690659.json.gz	229358	99c0b33da2a7c092731d0ac2bb22a3719a2fd2421e49f3ec12eb75c26d85a864
diagnosis_20260823/routeA_full/blocks/426690660.json.gz	180478	8825f2c3c95e1d19190b7b924e067a7cf53852b5c789e82ed1362e4502c7e9c5
diagnosis_20260823/routeA_full/blocks/426690661.json.gz	149920	6329d6816511e1a10529e70f80ba0c070f3a23886486b1c05420fef75aa85a74
diagnosis_20260823/routeA_full/blocks/426690662.json.gz	131978	81110dd97dfdbe27fb74ca390f1664b8e5782feea7594ee80e22bc755c0e2124
diagnosis_20260823/routeA_full/blocks/426690663.json.gz	125379	037033bc2264c42648053634d64642a7e83ad0782ea2b0cbda9cd874cba3b8f8
diagnosis_20260823/routeA_full/blocks/426690664.json.gz	225658	104973c52f4d5e2a2b82d360b71cebdfb8cc4ba9ef7a907add68661df87afde3
diagnosis_20260823/routeA_full/blocks/426690665.json.gz	161280	6d5cf571308800bb15f2acce24f4e46e0cee68136f9823c3eb352c6261b50e7a
diagnosis_20260823/routeA_full/blocks/426690666.json.gz	130440	a13871649e949e767be231cb627a4b676fdcc106886fed14668b5388864cf479
diagnosis_20260823/routeA_full/blocks/426690667.json.gz	140968	6ba959c08f16a7a61a62a2c4f30b8bbd2843b2b111ca400e4cd8aa256b98b9d6
diagnosis_20260823/routeA_full/blocks/426690668.json.gz	125621	3e51cd947b7f907c7258bf7cec4932b2a9b7006fe07dab9b8099c76867b4ee33
diagnosis_20260823/routeA_full/blocks/426690669.json.gz	118881	c4889064beeea6fc5f8637d37b2feca7e35eb5a4e8aa370907e4e40d45df5f30
diagnosis_20260823/routeA_full/blocks/426690670.json.gz	169616	d0ef0428d2b76923b741d845f10c1823008ff8337ecc8cf233435a675849153a
diagnosis_20260823/routeA_full/blocks/426769096.json.gz	133423	152de632e009a951fa12b7cbc45f9cac06ebc1dd6174340a3a2c37b3401abf9f
diagnosis_20260823/routeA_full/blocks/426769097.json.gz	133507	0a8963d27091e0cee8993ab0005bfd35dc3d0314012abd23d08eb19e3490f632
diagnosis_20260823/routeA_full/blocks/426769098.json.gz	120359	38c5089f99ecc3023419ce673a0a2649a2c057f5bf5d4c5312815f2d8768b42b
diagnosis_20260823/routeA_full/blocks/426769099.json.gz	111775	0a96e638cd7d39fb95099a12ce4a86ebb3aefb2016fa318bfbc1931eb7c58c87
diagnosis_20260823/routeA_full/blocks/426769100.json.gz	160872	410aefd25f88f75bfc64e65e9c440d4f208a650088277ba32a5c0e06d9f84421
diagnosis_20260823/routeA_full/blocks/426769101.json.gz	176909	08713f2ffabf9a0d100381d4378a23e1f941ea35c38026d585a796368be6c72a
diagnosis_20260823/routeA_full/blocks/426769102.json.gz	122182	25196356fc6371687e83df6189ff8db43339900a390f0f5bd9d6ec93198c983d
diagnosis_20260823/routeA_full/blocks/426769103.json.gz	178882	c50ef8cf68a4463420c53a03799b53977ab0ad104cc8e625affb80b264dc8723
diagnosis_20260823/routeA_full/blocks/426769104.json.gz	134181	c85a52583c9628253e235cda2ae9f4571c6ed6c645d80ff4de82700b635b1718
diagnosis_20260823/routeA_full/blocks/426769105.json.gz	129260	e51d0132fa2fb077751242189ab2ed33634b0871dcc7fd7d62d78d5b83e0938e
diagnosis_20260823/routeA_full/blocks/426769106.json.gz	161308	65dafdb69b56cc0fc170b9b4e575aa92f269fb597b451c3fd37f492e7d9814e8
diagnosis_20260823/routeA_full/blocks/426769107.json.gz	119285	89fce8c294882826338352163c63966383a4ac10d294f936eed4075d4aa2c442
diagnosis_20260823/routeA_full/blocks/426769108.json.gz	98609	09b8370d6e2e610140e73267daa83a848bb247c853a59314872d3bb8e99d616d
diagnosis_20260823/routeA_full/blocks/426769109.json.gz	102145	ca77a33647b90aeff3accfb1b78be09def63bbbaa37a40408e9a58aff6a3b6d6
diagnosis_20260823/routeA_full/blocks/426769110.json.gz	139611	007ae01a1e6cb0c3bc7f54c236457b89177b9488e85da59067ea054364fcf8e3
diagnosis_20260823/routeA_full/blocks/426769111.json.gz	160823	681fee4a745ee44c702383fc225878a8e1c40a9ea9739304d9ef6561b92c1f74
diagnosis_20260823/routeA_full/blocks/426769112.json.gz	145447	6d51ae4021f19bfc3ac0a307633125d2254e2ac2e0c78fa2158f142720d20cbf
diagnosis_20260823/routeA_full/blocks/426769113.json.gz	113573	fa5f8456cb50c2ecafe462d22a7b992f8ef90ddffe587277ce266312b49c5e1d
diagnosis_20260823/routeA_full/blocks/426769114.json.gz	252198	2904a288d659212436129af2d730d87e9f11dbc19f39077644f78d415d80cf5e
diagnosis_20260823/routeA_full/blocks/426769115.json.gz	238408	3f8931bb5495a26e8c214122a710bcdeca46808522e2375f1803b859eee67035
diagnosis_20260823/routeA_full/blocks/426769116.json.gz	498068	3cc062f2c8d7a95fe14b8553d11be14cdd43aa1408568db1cd4bd330ceccccca
diagnosis_20260823/routeA_full/blocks/426769117.json.gz	169533	be051f97b24b973b9dd287af7260e63ad5b6306faa665b43dea7252f5d0f2740
diagnosis_20260823/routeA_full/blocks/426769118.json.gz	107640	a8c5d7b8277ebefd68c09485b7573ce7fc6a993be4df4dbcc34f345df7a1d0dd
diagnosis_20260823/routeA_full/blocks/426769119.json.gz	144390	3a651e526aa983e979d8beb4f0a2fdf92896fbc232d93992ebde93bab366bfab
diagnosis_20260823/routeA_full/blocks/426769120.json.gz	110088	56bef9bfacb5340633c68dd9374304001a9dc7c9067846e581e61cfc18310e98
diagnosis_20260823/routeA_full/blocks/426769121.json.gz	105754	aeb19341ecd310311ac141c80b74e77d7537395ad896cffc4181156309908374
diagnosis_20260823/routeA_full/blocks/426769122.json.gz	107281	e1fee9330678cfd8b0ca1f75578b659533b5bd56c7d01003045fe1f4d82888b8
diagnosis_20260823/routeA_full/blocks/426769123.json.gz	110679	4ee05917e85e93b71f39a08fe2f7f3d46e5d6fd88aed226ffdffb86376dea774
diagnosis_20260823/routeA_full/blocks/426769124.json.gz	176389	d4548894fa1c5143782de85305524d78df333762772cb1a0446d476033d7fac6
diagnosis_20260823/routeA_full/blocks/426769125.json.gz	202064	dbf0698d26dc153870a11cf9664cf8a66a2f7be796d61ff63dbec921f66fdba6
diagnosis_20260823/routeA_full/blocks/426769126.json.gz	128393	1b9a1ea4371f257208accad0e11e2ccd940a0b7a4f1e4561ae8e82afc8c45fd6
diagnosis_20260823/routeA_full/blocks/426769127.json.gz	145774	2057025e3dc984fe9b440ba624ccc279d416856a8b2d136cf9f0da7a169f0111
diagnosis_20260823/routeA_full/blocks/426769128.json.gz	123123	03f94567c203403755958b5c080564bdbb3cc52a241cc1d82824a5b72d417f42
diagnosis_20260823/routeA_full/blocks/426769129.json.gz	200634	b4162528e4f5b9206a277b378086006730215c8a7f6bb7174c8e890391b8c48d
diagnosis_20260823/routeA_full/blocks/426769130.json.gz	125851	3ba10eb6ab406b8d03c51685a18a6026d4b89ac0e5e0c772fb04faf21a94e3c0
diagnosis_20260823/routeA_full/blocks/426769131.json.gz	168495	7efc98f4564774ecff01061e4a21888b6c73a0fdae8cd326b09cc7ccc74f81df
diagnosis_20260823/routeA_full/blocks/426769132.json.gz	152935	cf9286252345851cc9d516bd47855f2b2a9c54b25cb66a533042bc81f0d6e585
diagnosis_20260823/routeA_full/blocks/426769133.json.gz	102477	e8551e9cf3e89bab6fce709d56946779acad44e25e2bff846e4800454a0e7789
diagnosis_20260823/routeA_full/blocks/426769134.json.gz	124892	bb195d11e2f85deb9e80a79b554215a362402f8da81db71a3b2538ef5b7c15ec
diagnosis_20260823/routeA_full/blocks/426769135.json.gz	125190	93dce9e6c135b8fc00cf65c8d46295890dbc97bd82e6476ed5417f8ddeddc4ed
diagnosis_20260823/routeA_full/blocks/426769136.json.gz	201250	47a7600affaee671ec50778329697641d933a921a8939f1ea747e2b1e329e722
diagnosis_20260823/routeA_full/blocks/426769137.json.gz	107500	969466d43f06fb098d3163efa28348ba61f25165a08b2ac59b8076e13a8770b5
diagnosis_20260823/routeA_full/blocks/426769138.json.gz	160073	28086a40122317d8dd9ee8831daa6dfd70ac68709b96908826410a275ab774ef
diagnosis_20260823/routeA_full/blocks/426769139.json.gz	153353	e34a3a05501bd7dde108eb3cd6c883b4aae6146a6ccd04e984c0802ff76736f5
diagnosis_20260823/routeA_full/blocks/426769140.json.gz	244823	ab2840264cb67df936eea5eb84d53d4f3a11d9c3bacf46929a10530fa64f9493
diagnosis_20260823/routeA_full/blocks/426769141.json.gz	152143	67d49734b30e8269c2a72838440eb847930586972bd29a29e0024d9f51a4441b
diagnosis_20260823/routeA_full/blocks/426861133.json.gz	390915	febf2d89c8f3981fc7c5d858fabbe30622d3cdc99eb2f3008a7d23b6dacaa71d
diagnosis_20260823/routeA_full/blocks/426861134.json.gz	214291	6d7bd53b3b8a4540f82ca5961f12b08100b48376084040d6d1c3c601e10d40f0
diagnosis_20260823/routeA_full/blocks/426861135.json.gz	216598	64b04b304357817584b368027d9c23190a0b5565d9ce8b832861d1107c62fa92
diagnosis_20260823/routeA_full/blocks/426861136.json.gz	210570	5872a88ff5e2d1fb5059dcb6ee3fabaf8e6e0968f72be49193104b5023f257e3
diagnosis_20260823/routeA_full/blocks/426861137.json.gz	217162	77985146e478e520250ed0c0a3bbf30230cdc7394389e9185b2b582eaed8f207
diagnosis_20260823/routeA_full/blocks/426861138.json.gz	226441	6d047ba17f68310ad8a1bc43ad0f958bcae22b89b1d1b2f94134cd47f63c7487
diagnosis_20260823/routeA_full/blocks/426861139.json.gz	170829	7189dd046bcd778944282eee513b577eb421d8256a3ce44e5d21cf4851a3cf2c
diagnosis_20260823/routeA_full/blocks/426861140.json.gz	284477	3778f8888a7613657bada2d25188f5027e53a03659144db2fb92e76bc1413bb0
diagnosis_20260823/routeA_full/blocks/426861141.json.gz	348128	6480dedafb9a09d95933c9a5b54eeab82f92181c9505129ae79cd74d9a01c3cc
diagnosis_20260823/routeA_full/blocks/426861142.json.gz	204901	d435c74c2e4b0b444672394225a62e7684654977ba0f96aa7d3f749420aa1af8
diagnosis_20260823/routeA_full/blocks/426861143.json.gz	250886	7a2ad328b9b89c4a0679a67e7205423e1090fe724d7e299e16691ef2288b1e13
diagnosis_20260823/routeA_full/blocks/426861144.json.gz	124144	7cdd22d45b519ca2ee187b476a5a9c0bf6fb5ffe2eb5de792b33c4a40334d5b2
diagnosis_20260823/routeA_full/blocks/426861145.json.gz	240012	0b8adc9bf0c86510552112643f269a67acad91502b1defc0ddf14daa221cfc05
diagnosis_20260823/routeA_full/blocks/426861146.json.gz	275276	b267fdf6af0be9d32733cde44976547fd1be3b0e44fd91721f61492fc660b63e
diagnosis_20260823/routeA_full/blocks/426861147.json.gz	311700	65a1b469d7ec7837d2f3c1ec41aa1b47e292f63f4b23b5477a73b1828fc360b1
diagnosis_20260823/routeA_full/blocks/426861148.json.gz	258062	a22ac789c7cc732a64006d576d178d4a8b3932e4aa03ecc078242232eedac289
diagnosis_20260823/routeA_full/blocks/426861149.json.gz	264390	81ad876cd40fb384bccc4a62db0b1f11c497811c438e21c98d01b8e98352a6cb
diagnosis_20260823/routeA_full/blocks/426861150.json.gz	205215	5c320bcf8ade9921586b19f5ff6172b8e4699a8c3756c0775770e2dcae73abfc
diagnosis_20260823/routeA_full/blocks/426861151.json.gz	208671	7ab3ba289115cc65b25a529cef480535108582ecd2195115ac9b096ca63a6f8f
diagnosis_20260823/routeA_full/blocks/426861152.json.gz	132120	1ca3bf9add95366c198fa2e78a8af528c1a5d5e3b618eb210305eb201ac7c27d
diagnosis_20260823/routeA_full/blocks/426861153.json.gz	126433	3b02487be55b5c18108ccf5d2adfb6879d3d7594ddbb9cd84f64c462ccee6ee9
diagnosis_20260823/routeA_full/blocks/426861154.json.gz	364084	d88c234e34d760e053f524d16f6beda9db5a4a12f1a8696ed6a9af3b7f2d6ebd
diagnosis_20260823/routeA_full/blocks/426861155.json.gz	191400	abfda7c2c0ce4c6eb2c13a9b327ad55949a3d145cee9e15143d4f2b92143ba9c
diagnosis_20260823/routeA_full/blocks/426861156.json.gz	214533	199b1c92dc3535d0fdfa7e676737024a2ea7a2add058be3d432f697e02cd8e0f
diagnosis_20260823/routeA_full/blocks/426861317.json.gz	169172	50562bad6490280b9c2bfc4074d0e1f30115af815c3d10add2eaef079ddcda1b
diagnosis_20260823/routeA_full/blocks/426861318.json.gz	125510	12696000b93bf895b3b3a4e2fe686a9a1f404ccb6d7862f548491633bf8d591d
diagnosis_20260823/routeA_full/blocks/426861319.json.gz	162115	f486dd4b25eb3ec0078549a38099a8c78c715f84743f3680f5d0392bdc30f4ee
diagnosis_20260823/routeA_full/blocks/426861320.json.gz	290165	4182691b5ac755d647f2c1a2ac670cbdeeb07bc2d90c2b82d15ffcde8a1f3174
diagnosis_20260823/routeA_full/blocks/426861321.json.gz	203278	0074ce3e34c98e098bbb14623c0083a8e8d1e14421f44deea963e2ae24e60e91
diagnosis_20260823/routeA_full/blocks/426861322.json.gz	197433	1882954505870b274c4c552e386179d0c98f5ed1bc9a66f6029cdda68a681d0b
diagnosis_20260823/routeA_full/blocks/426861323.json.gz	248868	99bcc4c91e304734646e557016ac2471488a9751d818414635e643db18916c56
diagnosis_20260823/routeA_full/blocks/426861324.json.gz	140327	73fcceef577fc733bff70f5e27d82c39ade3b8908574e889e4c0b49784a8e5c7
diagnosis_20260823/routeA_full/blocks/426861325.json.gz	164550	03cdb73c3f3a6b534cc5d3278ad794a8494681e096550344e2b538ff97c11353
diagnosis_20260823/routeA_full/blocks/426861326.json.gz	206059	401db173117d42dd23287fcda0fd10b0277486177cc1b094bcb81d85573abb88
diagnosis_20260823/routeA_full/blocks/426861327.json.gz	184006	9d803bf5d5a8ff6783cad8a95f674b93e81700f0167ebef5101be16e1c3e5369
diagnosis_20260823/routeA_full/blocks/426861328.json.gz	191116	64ba9d98e9564041dc7b3179e7b5264b55765e691102bbe300de06638184bfef
diagnosis_20260823/routeA_full/blocks/426861329.json.gz	146730	9d87ace71e2599194fa619861a51adf7cca9d35763109e6ec1bc51cda5ceaa00
diagnosis_20260823/routeA_full/blocks/426861330.json.gz	163555	a4049462ed24200197a72d8e748956b6915c3e63454bb323236ba4876d1991d3
diagnosis_20260823/routeA_full/blocks/426861331.json.gz	494641	1c033f8493bee83a0cbbc395f5cbedf767ae353631f8afedbc047632fbdad408
diagnosis_20260823/routeA_full/blocks/426861332.json.gz	325106	f221441eac25a13a8e6046c7920cddb7d10ebc17487028f3dc2b89e0a562bd91
diagnosis_20260823/routeA_full/blocks/426861333.json.gz	152253	f4bc06cf4b7e6c03d6392bc475bcccf4e80f1fec55b1b7cc90b7c427b9e783f2
diagnosis_20260823/routeA_full/blocks/426861334.json.gz	370291	e43d6c34de6f5ad0e9956361c200e07632212aaa05891a5f75d0dc2a33982e76
diagnosis_20260823/routeA_full/blocks/426861335.json.gz	275174	0319d3906d4729790ba9fbb75be1c1a55c9be9dec300a20f02fc59df372cb660
diagnosis_20260823/routeA_full/blocks/426861336.json.gz	205465	7f35673fa406dfbf18bc2ff96f3ca700190bfb4696cd9c34a57704a98e623274
diagnosis_20260823/routeA_full/blocks/426861337.json.gz	368221	c5e08365ee2d835cb1da5966e703bb82c7b22894d519d3088f029357f28f0938
diagnosis_20260823/routeA_full/blocks/426861338.json.gz	212605	2017403ebbc001ecf911929531be0e757fe35baea24189308d0c2726e49a9ef1
diagnosis_20260823/routeA_full/blocks/426861339.json.gz	158568	b88df77f55ec6defe8d0f9e670ec317eed942b0835708312ea50d7256fd9b4f8
diagnosis_20260823/routeA_full/blocks/426861340.json.gz	186288	e276ffbbff265dc15bd0149f424a753f51635eff42953356d31c77c92421aff9
diagnosis_20260823/routeA_full/blocks/426861341.json.gz	166084	92b2560dde8eee1da93b3966f2b609cf2401d78ce09e222b3090053b19e2be2c
diagnosis_20260823/routeA_full/blocks/426861342.json.gz	180173	54c3f58f63e0cd68cfbe1883b0e2f253c0c22b559682d7fd55bdfb0fd68c30f7
diagnosis_20260823/routeA_full/blocks/426861343.json.gz	340484	dae02806402b4fdea8cb87cad9f098b02c0c981caed4068c92a81a62dc5ef16a
diagnosis_20260823/routeA_full/blocks/426861344.json.gz	221637	2d356540ee81de425f8be829726ce10b62bb5c6149a9a228938a8f6073c19ed9
diagnosis_20260823/routeA_full/blocks/426861345.json.gz	197498	f7f8b609e4c750703a78cdce0fd328981ef41ced23efc8d0fd59b0487ac7a047
diagnosis_20260823/routeA_full/blocks/426861346.json.gz	159408	d7e270fab926c640f37200590ef5073ef9267c697fe198ef3c66267aed1a75ba
diagnosis_20260823/routeA_full/blocks/426861347.json.gz	363259	e4219d42116acd1709274310f4267a97753eceb6ea33b8abd7316dea61f0f6ed
diagnosis_20260823/routeA_full/blocks/426861348.json.gz	355796	002ba4c040c34ead4f386dd7cb7cd6faf4de3df1484ba0eb3d7fed05d0ac5291
diagnosis_20260823/routeA_full/blocks/426861349.json.gz	302666	1ce6d90c4ff3263f65d5bb86d6915a72469101f2844c3bdd66875d10ed665baf
diagnosis_20260823/routeA_full/blocks/426861350.json.gz	196024	f783193d84f560495ea8e179caf19b94ec175ff87e9259bf4d7fe279c0e52cea
diagnosis_20260823/routeA_full/blocks/426861351.json.gz	209237	d1139cea8ef9c28b9d18109f03fc10ec5c2aedf6808a7c97dab820cd03b25d32
diagnosis_20260823/routeA_full/blocks/426861352.json.gz	284488	4817ac4f445f75321e007ff069c3028e96069b5e8a82ec94e00909552888222b
diagnosis_20260823/routeA_full/blocks/426861353.json.gz	115040	634f883888c5e4155002aaf8c13146cece697464d41f644c6fbb1cc79e1d5367
diagnosis_20260823/routeA_full/blocks/426861354.json.gz	143595	62a1515eb374b6f676834e013471cf3d16158c49ebc0360cdce651efdab07a00
diagnosis_20260823/routeA_full/blocks/426861355.json.gz	184746	0a3a8339e870c1dc4dad24b1963aec729c52919180983a75e8241ffbc4968b89
diagnosis_20260823/routeA_full/blocks/426861356.json.gz	259105	7a69c88de6606dc0d47754be18fa533d55ff6f52e36036d2db56664a3cfb5bc8
diagnosis_20260823/routeA_full/blocks/426861357.json.gz	213076	151006882e3bb01410e9aa47c9bd22c08404bda656337fda19571fceb345fe82
diagnosis_20260823/routeA_full/blocks/426861358.json.gz	257347	6325735cf37765b556fde67648455ecec1f380ef766c7efda61d23776580ba76
diagnosis_20260823/routeA_full/blocks/426861359.json.gz	362204	ad636d922e43deb873c95b14743519e0a273c0b226bf210b2436074846df906a
diagnosis_20260823/routeA_full/blocks/426861360.json.gz	295944	2b0d99bdf90fb47fed14f8d79d0bc1935ba193a40419f945590e68f72eabf0a8
diagnosis_20260823/routeA_full/blocks/426861361.json.gz	233602	2ccd9b97949ecb931859f09440ea95e733a38402d91cfeed8b2dd249fc7983e4
diagnosis_20260823/routeA_full/blocks/426861362.json.gz	398165	699bd4fced4d5ef55398a18bb5055c16458b89957be52141aaa33bf9c4e29b73
diagnosis_20260823/routeA_full/blocks/426861363.json.gz	575114	2bfd46bd9ffd7ff8fac064953ca4592adb1349d708b3131ecd33893152b459c1
diagnosis_20260823/routeA_full/blocks/426861364.json.gz	466951	2e82eb10438e2070f21dd63a4de434fd0f2623877f877508da437d3ef6a8788f
diagnosis_20260823/routeA_full/blocks/426861365.json.gz	712092	470a9543ad0a339359c047763379576e6d01870cc2d8f65e1899a8623e4a8ac8
diagnosis_20260823/routeA_full/blocks/426861366.json.gz	458795	9fb585beca5709a383857433f8d899c6dba16b0c2d8f5177241160fd8fc76369
diagnosis_20260823/routeA_full/blocks/426861367.json.gz	482706	aabc2696b1fbce39f4b2eda839ec86adb2ea7f97c03f2490cc061ccfaa873805
diagnosis_20260823/routeA_full/blocks/426861368.json.gz	322628	6a40b0467ffededad3b1710cef4933657dd336c7eec10092ed29c6a4344ec06c
diagnosis_20260823/routeA_full/blocks/426861369.json.gz	335097	fe2519d61f05f7a327935ce574d159d4a5149911c99a66be0b88fb1691ede0de
diagnosis_20260823/routeA_full/blocks/426861370.json.gz	314345	21315ec6102d9971b0a1560dd5564b57cd314b7e2aaef2d2b43cc336f2f09b56
diagnosis_20260823/routeA_full/blocks/426861371.json.gz	350421	4c1b6f66c7b614bed8c0539e1641d897ba6d42724e6e4278f18e7180aabca735
diagnosis_20260823/routeA_full/blocks/426861372.json.gz	445665	c24bde3efe94db49e641dcf6617179849ac552fb5bdbd750646d0401d5a9d78b
diagnosis_20260823/routeA_full/blocks/426861373.json.gz	341331	cc628fcdbf114a77dd214e2d8e46edb70f43bc505f7c3d04638c307048a37f8e
diagnosis_20260823/routeA_full/blocks/426861374.json.gz	613730	f83f15e95beeed3816fedb15c96b17feeb14f4586db44aea70a321e866ed874e
diagnosis_20260823/routeA_full/blocks/426861375.json.gz	369938	dc00f9cc02d2ad9aaa1e627d6dfe87b5ff757bd1123ccc42c62f6f33e9b515dc
diagnosis_20260823/routeA_full/blocks/426861376.json.gz	252253	671dc3daef72710ad7e43d72d08b178967640207a960cd40d078726bf20c8b2e
diagnosis_20260823/routeA_full/blocks/426861377.json.gz	210127	94d2bef58042a6d18aa9ba9ad5d629d394bdc50a06a098f1b26e13b5233e1758
diagnosis_20260823/routeA_full/blocks/426861378.json.gz	248581	83e0cab1dfc3e85fca79a50d891b36986970994ac41137593989474d2c954372
diagnosis_20260823/routeA_full/blocks/426861379.json.gz	163813	79054bc489f0e99a7f98dff3c3d264ddfbd425fc6d4baff969b3022d828ce8aa
diagnosis_20260823/routeA_full/blocks/426861380.json.gz	218812	7ffa0bb2ce7d35c2f712ea497548ae2402c2acbd11fcbb03d574e4c0a8769cf7
diagnosis_20260823/routeA_full/blocks/426861381.json.gz	253185	373e7dd8f639972e6cb0e577fd798f4d1ed9e4fbbdf43828c372e66704db5ac6
diagnosis_20260823/routeA_full/blocks/426861382.json.gz	222128	1bd742d04e8a3c08120f39f65b26f0276fc6ac7805e7b2b7d04f2863a0a6b860
diagnosis_20260823/routeA_full/blocks/426861383.json.gz	391006	561dccb33b5b6e9c7c3eec0f4dee4cfd518bc865c5ebe35ca800dfa1d2a3bdb8
diagnosis_20260823/routeA_full/blocks/426861384.json.gz	210466	447888cffcdface4aaefdc1eaf27ebf06491241ab22409f6e2ae3d15c8ee8357
diagnosis_20260823/routeA_full/blocks/426861385.json.gz	323066	a1a83785ef9758af8d575593f62e882708bce8c4a102c7edfdbd8c921775614b
diagnosis_20260823/routeA_full/blocks/426861386.json.gz	421148	423727c70b5ffce22c8d265487db8d469ade4a0bc04f1bab3f61d5a4c4a08e5e
diagnosis_20260823/routeA_full/blocks/426861387.json.gz	479074	c09d08b957cfc28f4e18fcbb181362c7c2f1e0890fa9a94d542e3159978f2326
diagnosis_20260823/routeA_full/blocks/426861388.json.gz	504970	7cf864a8e8bf224974ce990634a15b26b40eb97646e058005643d14d3e585709
diagnosis_20260823/routeA_full/blocks/426861389.json.gz	458662	101930c709eddb1355b953a1ff2d0d8189f523fd7604e37d85682cd867e68663
diagnosis_20260823/routeA_full/blocks/426861390.json.gz	425344	74ae02a4a17861372492b39585da4f4371a3be5abd5913f878d856866a02eea6
diagnosis_20260823/routeA_full/blocks/426861391.json.gz	368267	2b989ea9fd19b96088db30efed824c62c9598a606c3b6d638d33d1fdfa9aefd5
diagnosis_20260823/routeA_full/blocks/426861392.json.gz	393744	d169481709051d970ae63ea3322c572b12522193985165e342b7cac97345aad5
diagnosis_20260823/routeA_full/blocks/426861393.json.gz	313383	3eb74b7a1fec15e3a9a7f3bef2e2b2ab3bcb75fac5310447a44374ed9ae183ac
diagnosis_20260823/routeA_full/blocks/426861394.json.gz	333235	a7d2b99c917391a4432ad8df3442078de930e51494999114fea1b7803d3a275d
diagnosis_20260823/routeA_full/blocks/426861395.json.gz	318108	2a285b78f18495b09e0197c7a702c3182a4e0db8a94629ccf23aa6fba380ce97
diagnosis_20260823/routeA_full/blocks/426861396.json.gz	331352	969bdffd7bca2ec20288f9d06a7bb0a81bb74125a3a168de462b350dd108e7d8
diagnosis_20260823/routeA_full/blocks/426861397.json.gz	202046	af92f184e97ebd291157012802272009e631aa386ff7681838bab8d95d4fec14
diagnosis_20260823/routeA_full/blocks/426861398.json.gz	150458	383bdb8def581afab18363ff50741be34e2cbcda5d63ed0df619945204dfd5aa
diagnosis_20260823/routeA_full/blocks/426861399.json.gz	213278	8856d57f11ebb2bc69f790a8b7b30ce25dd67ab2d5caf1d14fde2e7e5dc7acdd
diagnosis_20260823/routeA_full/blocks/426861400.json.gz	166723	9e61c6872d43d63cb8737193975a5f4c8e69aa85128a5003e263818ff1cec762
diagnosis_20260823/routeA_full/blocks/426861401.json.gz	188728	391d7e619079a74c1de6e2cc2413215e93a15be6ccb11f5db6375d94f29c510f
diagnosis_20260823/routeA_full/blocks/426861402.json.gz	223834	2cdfe7d2e4d842f13b8d99ad25391bc67cf2db265066f3a462179aeca98102ca
diagnosis_20260823/routeA_full/blocks/426861403.json.gz	364655	a0535947d44d56b0d1792161bc4fdd4661e5e97e55b8dd03b4704c9c39275b48
diagnosis_20260823/routeA_full/blocks/426861404.json.gz	213595	9f768e59145206a8bad56cd736efa8018555ff3c07f93b3e4e933a0b2699f765
diagnosis_20260823/routeA_full/blocks/426861405.json.gz	348110	bf3e9a768e27ea0106e451ef600d548c03d1ec894dbfbed5d9ca7f9c582cb734
diagnosis_20260823/routeA_full/blocks/426861406.json.gz	314254	b0f6108376e059142e831fe4a318f0628fb405e0ac308e1c5a833ccbfa492b5e
diagnosis_20260823/routeA_full/blocks/426861407.json.gz	300467	947147eb7e5d1d7950edbb771e75c4f095a01c3e6396c1978d810a0650455997
diagnosis_20260823/routeA_full/blocks/426861408.json.gz	363699	347646f69e29101e87975edeae73a76b1f4912c32084036649dc6d36778ecd7a
diagnosis_20260823/routeA_full/blocks/426861409.json.gz	266039	af8960614a69388e82fd8e9db29f1611eebe0c62cee3bd8ce0725a475104a676
diagnosis_20260823/routeA_full/blocks/426861410.json.gz	178174	b2043fe69878d9e954a244190fd0f2f820a497e310b65c3afb03ceb9616b4fab
diagnosis_20260823/routeA_full/blocks/426861411.json.gz	138570	b816cf975bdfce7c6a24af0f79169bf9ed9567e44ae84f2c187a5724d50fbdaf
diagnosis_20260823/routeA_full/blocks/426861412.json.gz	210841	d62b39e72418e76d572d9516820dcb91f642d0e22bf8e945a980c3600d98a0aa
diagnosis_20260823/routeA_full/blocks/426861413.json.gz	209441	a654b9725d9d876862102b5d34ff320a13083e0d7c544804c3ba8465b8d8055c
diagnosis_20260823/routeA_full/blocks/426861414.json.gz	193509	d04534ec7ff45a3f5c4ce01be1767dfc2747d014ed6483a7b6bc92d63ab08a40
diagnosis_20260823/routeA_full/blocks/426861415.json.gz	353263	633df0abbee278279384115f9113d0efb821ab183c2d8968463e9258e618d094
diagnosis_20260823/routeA_full/blocks/426861416.json.gz	195866	f056e0321789c2adb6983632d96d292fd595eaf44698b9cb9e6d1dbc80d261e7
diagnosis_20260823/routeA_full/blocks/426861417.json.gz	181767	bbf9d264c94d3be4a956b4778d428441d464851f3a0387b0ec4111f738a5b9b9
diagnosis_20260823/routeA_full/blocks/426861418.json.gz	185726	6a3af5fee8ca59ea5bb38272505a89341ad7e29abdf97a5b304d20a221d5ff06
diagnosis_20260823/routeA_full/blocks/426861419.json.gz	402488	a5dee29e3f7430e8f3d2da3f42df05b43d15ac60a7de96359fe9b819c6865995
diagnosis_20260823/routeA_full/blocks/426861420.json.gz	433545	16ccf1ec925f369af1016f5d190085b5b43e536feed79bc8574997fc0db8ba3e
diagnosis_20260823/routeA_full/blocks/426861421.json.gz	288353	c7f836c6cce3003e22b05c73ece070461aca0a5208f3cf233d32c9d438b06564
diagnosis_20260823/routeA_full/blocks/426861422.json.gz	466460	650d4dc7ea61e013cceb41875cfceae4c31090fe6518241b9b906e701a573c49
diagnosis_20260823/routeA_full/blocks/426861423.json.gz	388448	1c5c7298567c31a1c6c1bf88a21c2c6ec8dcedcd5c91f5aa8015fcf689343f9c
diagnosis_20260823/routeA_full/blocks/426861424.json.gz	302875	4cd42ddb993d69fe820a993203c82f2cc8f1ed168605413c344b409727db8bdd
diagnosis_20260823/routeA_full/blocks/426861425.json.gz	264627	a12e95fde6eb0f96a16b235d065193087e5c18a37917f4871329898552df1f0a
diagnosis_20260823/routeA_full/blocks/426861426.json.gz	307355	72345eff23839cbacacd46890b0355dc2185ba6e043ed08deedc0be2284d96e5
diagnosis_20260823/routeA_full/blocks/426861427.json.gz	255298	16c2054ddfd1855953ff51f4983d63053774e33ea893f2419e3e6ed4e328da8b
diagnosis_20260823/routeA_full/blocks/426861428.json.gz	311655	fd356a34b950f9ea183e488ebce750d04eea0a5ce909e2eed354bcce229fe3ce
diagnosis_20260823/routeA_full/blocks/426861429.json.gz	269144	2d578e607f53eeb51a159283c54cbda3e6ee03dddf7dd040ae5239f6daa8720a
diagnosis_20260823/routeA_full/blocks/426861430.json.gz	306296	c35f741a3a13122ea9358b6b8f09f47d882c4e8058090db4ff818e16c0487a79
diagnosis_20260823/routeA_full/blocks/426861431.json.gz	387160	b4019ac430580416bbea346f139680ffc53258c288b621914f7caa06363e1f68
diagnosis_20260823/routeA_full/blocks/426861432.json.gz	292182	a6835587661a1353b6fdcf43939420e2837a4faa804b24fed6c1439ea49b82ce
diagnosis_20260823/routeA_full/blocks/426861433.json.gz	226267	1095f2add8aa6b44cdb3d0b41a5c7a3c137e8be951116d6ba72dfd0712167294
diagnosis_20260823/routeA_full/blocks/426861434.json.gz	261988	9ab0fdbdb014cefb20852f4b7554922406d4ced275c6e74140cba59053fb2559
diagnosis_20260823/routeA_full/blocks/426861435.json.gz	218285	56c163e4968d9756bd3c6eb2dbbb58912ef5aa30c81a3b5e3ce1455138ddf65c
diagnosis_20260823/routeA_full/blocks/426861436.json.gz	263759	01d7cd41299c9eea31b60ecd0116ec2c24c9543196a9035e12ffdc71b6803f34
diagnosis_20260823/routeA_full/blocks/426861437.json.gz	219806	f56ab619be36c15ed0c9d4e87671aa582ae06e0ea888bb65cd580b73c2c44296
diagnosis_20260823/routeA_full/blocks/426861438.json.gz	182118	d760d39376b826d9077a1a01f2ee4163306f40f6b43b7349f23159a880a35a3f
diagnosis_20260823/routeA_full/blocks/426861439.json.gz	273394	55b19aadcb310425d987b7f9f17f9a84a187673183c7aae985238a215bab35c1
diagnosis_20260823/routeA_full/blocks/426861440.json.gz	279050	680cc7267f7d8812ec52a9f62a69ba064376bc0c7e67a9e5e03f4c7b88febe35
diagnosis_20260823/routeA_full/blocks/426861441.json.gz	437011	a3d0e8fec10714340eb4819da4db556cf6448224a1a463ab58cf4f683c8a78e0
diagnosis_20260823/routeA_full/blocks/426861442.json.gz	189954	14bfa74d6101d2317ce07c6c2c7a37e95b634f5f56fe9e509b590f0e81171e11
diagnosis_20260823/routeA_full/blocks/426861443.json.gz	166561	0f1ea486054d28f8ea2dddd68fdee9a744a3328e4f78f27818b8c1b1a1482b02
diagnosis_20260823/routeA_full/blocks/426861444.json.gz	316243	154caf14d860a63654bd16d5a194c45b005d03266e7f0ced3e876c591631fc61
diagnosis_20260823/routeA_full/blocks/426861445.json.gz	198307	4e84f32affae24cafff8c5c01ea2e10bd242ec1020cfa2005545cd5139a6ff8d
diagnosis_20260823/routeA_full/blocks/426861446.json.gz	169673	ed80c21b5083856c524e53ce53f4c4bf6209028a9e04c656f2466181bcb3c8d5
diagnosis_20260823/routeA_full/blocks/426861447.json.gz	226016	049986ad63d691484d9e57702240b758ad28d076ee2dce11afd314d993767ee5
diagnosis_20260823/routeA_full/blocks/426861448.json.gz	223078	d7d730fb2032e9749791960e5ba23c7723f33512eeb29faf7069310809c5a1f7
diagnosis_20260823/routeA_full/blocks/426861449.json.gz	161883	fb7cb015ae888822b4324a61cd925b308d9540501c218e81e8c38c1578edb8c0
diagnosis_20260823/routeA_full/blocks/426861450.json.gz	193879	08e8697f89779cf93cc251188d9b885c7e3121b33a4f62886bdbc244c1fde920
diagnosis_20260823/routeA_full/blocks/426861451.json.gz	176832	08f08f00de3292fef6668c869232988c2f99178bdcfae7dd74317428f24e303b
diagnosis_20260823/routeA_full/blocks/426861452.json.gz	243575	fe438cab7f38d17c77cae483dbd9683c98db86aec19249bcd00f155b27962edc
diagnosis_20260823/routeA_full/blocks/426861453.json.gz	334489	2a34426f604e64a91e9c539aa1167dc2f8620aa482cb75ecf8ce0b3bbb6403b3
diagnosis_20260823/routeA_full/blocks/426861454.json.gz	283628	ff856d4e6e5082926d0bfb25dacc8df603c3ede580be7e94ea2f2485c6d9dfc5
diagnosis_20260823/routeA_full/blocks/426861455.json.gz	435486	a41eade532e4566f0786d981de57b05d2996c95dc7b86ea3b9a4353fd0e5446b
diagnosis_20260823/routeA_full/blocks/426861456.json.gz	221493	0c06ccc100c705bc22aeb7107f776221cd754fdaebb150253b33e024760eea7e
diagnosis_20260823/routeA_full/blocks/426861457.json.gz	247162	bf462a8ee52d14da2dbf54f5ca09b25a9230ad9f7ce175494cb4c77534500dd4
diagnosis_20260823/routeA_full/blocks/426861458.json.gz	260461	f3d3297d78b6e2854bcff8704cf4c56c7e48a1e12ab8f45e7c032a8b89181837
diagnosis_20260823/routeA_full/blocks/426861459.json.gz	359258	318b3e109907d25688f86d8712a68871d5c4c2b5a27688793847747591017f6f
diagnosis_20260823/routeA_full/blocks/426861460.json.gz	314645	d8ad0c806e3cf0273faa051a7e0fef299f1c4bca492769a11113ba3d33834919
diagnosis_20260823/routeA_full/blocks/426861461.json.gz	355110	3ed641e9c91276bcf7ef51ac5da9dca9dbf2592e53faaf586abfaee312188801
diagnosis_20260823/routeA_full/blocks/426861462.json.gz	412352	3ccd34867d14c01cfef6e3e69455706475bdab0669d808659e873fa5c97890b0
diagnosis_20260823/routeA_full/blocks/426861463.json.gz	325499	791580a39533d947777338072cf818ff60064f0450b03c6a50a46558ae6e80d3
diagnosis_20260823/routeA_full/blocks/426861464.json.gz	270770	44934770b4c8a84e609d8869ed40d0e57b4f7c0ae4744ace852fbe35dd47eb8c
diagnosis_20260823/routeA_full/blocks/426861465.json.gz	407924	f314a1ebf20055718a1914885638d38f164d9ea4d7404c73e62e59b4ccfc0f67
diagnosis_20260823/routeA_full/blocks/426861466.json.gz	349325	f26f82593328a4770a89d124fa7d789f9beb0f0ceffe34e77e1e2c2b83cdeaa7
diagnosis_20260823/routeA_full/blocks/426861467.json.gz	349009	21852a331dc543940a38716e67ee1ccbd64b722a25992921df4ebba63b28716c
diagnosis_20260823/routeA_full/blocks/426861468.json.gz	367273	5c0ffed06fabd1691b7b3440db2e29535d4be73f64dee4378e3ded7cb7c3fb0d
diagnosis_20260823/routeA_full/blocks/426861469.json.gz	274334	6b1e148eb17e0ade2c3baab1cc449d85ca7e34e9b8b3ba6b992d93020c31e529
diagnosis_20260823/routeA_full/blocks/426861470.json.gz	255450	13c7091b6b6af4fc1643cd5bf6b9f90fb234366a59a71d88bda4ff7d34b31481
diagnosis_20260823/routeA_full/blocks/426861471.json.gz	203415	8f8ea244d4d84820a7268199806f21c7224cfa16653e324690ee51fe7d79a4bb
diagnosis_20260823/routeA_full/blocks/426861472.json.gz	349360	03d32a6a09259a623879841e09ae30ecdd1466e3d70f6af0d710c2c9b9077552
diagnosis_20260823/routeA_full/blocks/426861473.json.gz	200245	fb1af463da2fca5d6bbf163be542fe3dbaf8fd788fe4140ef56eade87bf20438
diagnosis_20260823/routeA_full/blocks/426861474.json.gz	180623	0eeedc612bc26b1fefc41c874ce87db0b1b5c13ee74096146d52a461420f7264
diagnosis_20260823/routeA_full/blocks/426861475.json.gz	163196	5198ef88210b238c9c6044466da62411e36e02da54d64d389cee1d5522aa4b62
diagnosis_20260823/routeA_full/blocks/426861476.json.gz	188759	047f7a4f670bce0b9deea8cbb86653dd1240fad384ca46bd775bebe3de240f92
diagnosis_20260823/routeA_full/blocks/426861477.json.gz	193154	8137fa84d6528186378e12a710e0c920880f95ac11100294d99ebd0875de110a
diagnosis_20260823/routeA_full/blocks/426861478.json.gz	216233	511d409090b91799528dbf940e4aeaec9a334bb059061d2540402c7d4f7bd7b5
diagnosis_20260823/routeA_full/blocks/426861479.json.gz	131814	689fcca24da3966322ee89505915ee57cff0c5118f4662e79cb6a2ef1dd16943
diagnosis_20260823/routeA_full/blocks/426861480.json.gz	233710	e4fe76128a6f43220ed6339d5bf064483fde9bbcb1b3b982f1f786011c80c28f
diagnosis_20260823/routeA_full/blocks/426861481.json.gz	223428	f3a622193898e78a19740cb5ffd4fcc57940f40453d313cbe9c8a975e46cdc78
diagnosis_20260823/routeA_full/blocks/426861482.json.gz	179503	30f0481b618059e9fa6d9f840e563c9d4520e77491f87d0df4c1d12ee2d68701
diagnosis_20260823/routeA_full/blocks/426861483.json.gz	144336	a215efb488a6735cb9af1ea6ee51bfb871395a56817a13765705d6e29fb1e43b
diagnosis_20260823/routeA_full/blocks/426861484.json.gz	221673	e3c6b56c84b68ed57a3aa83842b2655ca7d62e27bc8675c0074a81549731f646
diagnosis_20260823/routeA_full/blocks/426861485.json.gz	231415	f264794708f8ef99e3105ebc19cc1d7c1780cb9c25b84a8716dc4ba18291da02
diagnosis_20260823/routeA_full/blocks/426861486.json.gz	433206	e04f204ba0e1a9caa5961ba2c62c0241e36d03a9d284e311c219599e19499045
diagnosis_20260823/routeA_full/blocks/426861487.json.gz	251459	a3396d69aed205b6ad1647db0b9938aba46f5bd07f68c3df7d82ba710ac094a8
diagnosis_20260823/routeA_full/blocks/426861488.json.gz	224804	97466647d75b364348c24f5f3f2d2756b9ab5a295da1233af0ed308a876f5719
diagnosis_20260823/routeA_full/blocks/426861489.json.gz	145808	213612e642855fefee3e9dfbfc2db9211330aac6540bd599e9ea0cf44236c069
diagnosis_20260823/routeA_full/blocks/426861490.json.gz	242090	6c89b0ddd926b8ade4d8eca27d5533ad4e5f13fa343c0961ae915ee001df52a4
diagnosis_20260823/routeA_full/blocks/426861491.json.gz	230398	a4218ae4fc162253c650b68866961145b26cf14c5b08ce286b8c782509fae145
diagnosis_20260823/routeA_full/blocks/426861492.json.gz	331299	fb57e761ee4fe402c4491d4fddaadef77c01e88e496017891ffdf06350dd0eba
diagnosis_20260823/routeA_full/blocks/426861493.json.gz	232344	434846692ffcc5a698aee745dd0f165f8e85e3dae32d3b5c5a55f02b1d91a18c
diagnosis_20260823/routeA_full/blocks/426861494.json.gz	184931	7a9d275fe80cfbc551f3f7fcee293f0998642eb8f36fce77d75c07acbcbc5d34
diagnosis_20260823/routeA_full/blocks/426861495.json.gz	184487	90e123209e4fa04ff0e72632309c3132144cf6d78b3c7c1a98ce6d69b63e009a
diagnosis_20260823/routeA_full/blocks/426861496.json.gz	334291	99575228ed73c7413f58b2f17303d9fa74eda2994de3c90b78f2ddf8c39e7fec
diagnosis_20260823/routeA_full/blocks/426861497.json.gz	388582	e18ff3fe0b5ec1a8fe8b7269319c89a2e040424e60ed27f5c5be314b5cd91d81
diagnosis_20260823/routeA_full/blocks/426861498.json.gz	499083	93e16feafeb3114ad645894d263f8b98b1dbcc125d41104938151f1ea8b0e6d0
diagnosis_20260823/routeA_full/blocks/426861499.json.gz	325758	2bd404a7c32f8e06925959da1c3c6a82df47153e4b1624a44dbfa3c26906c142
diagnosis_20260823/routeA_full/blocks/426861500.json.gz	230154	5dba11d96dd890c002aa804e098eb91433d979a3867e4fa12169fe20289f475e
diagnosis_20260823/routeA_full/blocks/426861501.json.gz	246611	3eecc7bc5bf45a883acdf40b621e4812546024db192996a1acbf606bd925c1cc
diagnosis_20260823/routeA_full/blocks/426861502.json.gz	410519	97b785715c9ef0b6a6b6478355869095b90be5caf744e2940ca6880fb22ff75a
diagnosis_20260823/routeA_full/blocks/426861503.json.gz	231131	4d6631d0549c2bb13e7ad298ad13fe8c66440de3b82f33683267662d11ea86ff
diagnosis_20260823/routeA_full/blocks/426861504.json.gz	311438	c99b0a13f590a5351e6fc064b7e3ca8edf58747bdcc3c492075ce86cdea6875c
diagnosis_20260823/routeA_full/blocks/426861505.json.gz	174231	a8e524f8433495e725356d0f41d81eb00a4f25a46ad9c2cb88d4352186f6d4d5
diagnosis_20260823/routeA_full/blocks/426861506.json.gz	210382	9ac306fa19e597210a6d127ac4c352f75266e74152cfb52095fd9c2aafdbc70a
diagnosis_20260823/routeA_full/blocks/426861507.json.gz	163821	8dfbc45205195dc92d4b725d1d48104a68a91e1242b36c7834c026f2a0afb964
diagnosis_20260823/routeA_full/blocks/426861508.json.gz	236937	ba418e83a183eb98a4c0d4be16333b6356fe74a4e2bffbc29c5f8174eb7bcbf2
diagnosis_20260823/routeA_full/blocks/426861509.json.gz	338552	dc2d15a6f260d8c83e5cfb04c614855917904e05d807b538525cd37d38d54c0f
diagnosis_20260823/routeA_full/blocks/426861510.json.gz	273713	eadf9f9d9f90dd1fb46cedfd8399e35c4ab4abeec351ffb1dd2bb5b8b803eaa1
diagnosis_20260823/routeA_full/blocks/426861511.json.gz	345926	11ea24020e3653b6a164eaf2e31262263d3b3a96dbb10bdaacafe9c5fead437e
diagnosis_20260823/routeA_full/blocks/426861512.json.gz	363204	cbe6c08e9ee838fd32a2c02da3f1d18968632c468d5d0059f0be2ad6f7150264
diagnosis_20260823/routeA_full/blocks/426861513.json.gz	223821	38c35e75b99d364c968c30a7300bda4f0e43769694cc09b6fb5f44062065e9cf
diagnosis_20260823/routeA_full/blocks/426861514.json.gz	174698	904df15b85cdecff9039e5934815281219f6aa072cede8bfdd52edb36082d198
diagnosis_20260823/routeA_full/blocks/426861515.json.gz	152837	3446f5d7c408dcb0bbd9dfbbd45ffc5941467b89ec80254d93c901e1fc5a6326
diagnosis_20260823/routeA_full/blocks/426861516.json.gz	194292	e402d58c031b6b9e2c5b9b78974781107e20ba52d9953a8907dc3051a5b34b20
diagnosis_20260823/routeA_full/blocks/426861517.json.gz	393884	ba07468441064be7810f63d037893f9197a6caf262ff720e4801cf98564ea1d9
diagnosis_20260823/routeA_full/blocks/426861518.json.gz	269352	50856761a5a7138b8c26d7e0d17cac9b19219c91a5c1c9df8386e2c4defb2e9c
diagnosis_20260823/routeA_full/blocks/426861519.json.gz	265364	c45c40e88a7368f832ed358061c4e9bdde7066ee1e320d61e744d243d8d78311
diagnosis_20260823/routeA_full/blocks/426861520.json.gz	229596	f675d73f09a2540833abbf40fb33b21463d75eb7f45cc216984abd7e9fb77159
diagnosis_20260823/routeA_full/blocks/426861521.json.gz	174220	235675077fee74cd2bccf307fe2df6caa94a0cbcccd1dbd7feb47d976e605fef
diagnosis_20260823/routeA_full/blocks/426861522.json.gz	193247	57a01d0ea11db5607eabe520ebf3429564e7c0d20115c59300063bf5a46465d3
diagnosis_20260823/routeA_full/blocks/426861523.json.gz	250922	731981c8c23a655d2aaff1e0e180b127acd8ae7c704833c3e9bb40c2f11c2411
diagnosis_20260823/routeA_full/blocks/426861524.json.gz	261627	559ea7bdb59e8902fe58d2379a56b790a6cf2f03afdcd53ad89f11b909ff589c
diagnosis_20260823/routeA_full/blocks/426861525.json.gz	169355	2cb4f6866a1223d1abe5ed9bc423a9203e51a81e0bf935d89650b2f1ea8cb078
diagnosis_20260823/routeA_full/blocks/426861526.json.gz	130862	ad32daa78268316e09e88d8b43a121aac6ffdf8979e653e5907276ba99efe102
diagnosis_20260823/routeA_full/blocks/426861527.json.gz	161530	184a2496f541985db6089b17234233a503c05f39324f33801a40443fd250a492
diagnosis_20260823/routeA_full/blocks/426861528.json.gz	298026	b5bfddae39771fc4b259fa283766bc846e42c200ab8266728877afcb6efde541
diagnosis_20260823/routeA_full/blocks/426861529.json.gz	296658	20b4718b9f9f2391146320ef9ff903f481c7fa691d3131f8ea43f870e2886788
diagnosis_20260823/routeA_full/blocks/426861530.json.gz	193931	f6b901592229470518b4e78c7f14a095be1613a084bbce221a7622c308d7d2c0
diagnosis_20260823/routeA_full/blocks/426861531.json.gz	174116	2b1e12d297712e7bf016f037a741a4df128de43ad6750a5ffab9fb5119ff4b87
diagnosis_20260823/routeA_full/blocks/426861532.json.gz	202105	47fa457dca0d0350182745c93d70d5b95c7568a591cd81b83ef644ee9d652eb2
diagnosis_20260823/routeA_full/blocks/426861533.json.gz	177622	e82df54a3e59731746defa7d3dfd200fab0df4d23c03e12261fab2aa1f884d87
diagnosis_20260823/routeA_full/blocks/426861534.json.gz	202611	686321eb4f69dea349a55b8eca1a90c8fabc54baeefbe1d4573f4f89d96606c4
diagnosis_20260823/routeA_full/blocks/426861535.json.gz	152109	146e9215cd3e89bd615fc3bf6cedcaf00de2e825bba3604ae63dc284a8f101cb
diagnosis_20260823/routeA_full/blocks/426861536.json.gz	201902	e17dd2f3327ba2ee13356db2ee00550ca86c32a4f1e0943bc9b2a617b0b68bff
diagnosis_20260823/routeA_full/blocks/426861537.json.gz	154491	1a14d9f75e90a3fc03962464978190c74b3646af69e4eef66929c804b2c2e51e
diagnosis_20260823/routeA_full/blocks/426861538.json.gz	154601	96554e4fb73f473303eff9fc9dc754f56868dd34a25a4a1e793dc452f5d9c997
diagnosis_20260823/routeA_full/blocks/426861539.json.gz	261352	9a927712d37bd48b8168f6675a614193f29e1dab7e363715286f0d171eaef531
diagnosis_20260823/routeA_full/blocks/426861540.json.gz	201503	4bfdecfeece79289a887293bbba8e14b81328776e8aca8f895ee98130eae06e8
diagnosis_20260823/routeA_full/blocks/426861541.json.gz	253595	71f04e0f3487d4e6d084457a757d44a06ddb472c1e6482f33fc36090d4fe5298
diagnosis_20260823/routeA_full/blocks/426861542.json.gz	246746	f2595c8af8e7e393f780b70d8d2c5af7c663d9f0b48dd8177ae5ad5de427a5d0
diagnosis_20260823/routeA_full/blocks/426861543.json.gz	195948	13bc766bbf5e0e3795f0b9086148209ed3ec5fc365b82256f1cb753b6edf165a
diagnosis_20260823/routeA_full/blocks/426861544.json.gz	180094	8df993ef1edeb8ba237c8c352864888f2a299c0f674e86ec106bb3be2cd02570
diagnosis_20260823/routeA_full/blocks/426861545.json.gz	186652	e970621ac7556bac12eaece993b8eedd72b57d51d82d277c0e5daefa96871672
diagnosis_20260823/routeA_full/blocks/426861546.json.gz	168965	35c3c84bc314250a92a60bdec45c7593835279826bef02f604c9b983aed17e66
diagnosis_20260823/routeA_full/blocks/426861707.json.gz	471880	d2ac88de85f9b9cc66b83de9f1ea838a4ac706d7cd55b8dafcba4ae42d985b2d
diagnosis_20260823/routeA_full/blocks/426861708.json.gz	456373	0fc23ee47100873ec25e85e5160f9ff5f5818406485837c572e8ebfb551a71f1
diagnosis_20260823/routeA_full/blocks/426861709.json.gz	341786	a9ef590d5f64f8d08a95a1b93caa7cdf86d08cca9c73a1eebf2e681ec3f0567f
diagnosis_20260823/routeA_full/blocks/426861710.json.gz	291117	c99740b36adec7a7eae659be9bcd8a2408fc2a8d44174e08a9549cdf5806a658
diagnosis_20260823/routeA_full/blocks/426861711.json.gz	274567	a1139ac444bc9ee36512ece0dec41117f6bd387c8bd4f5a1036262e04260690d
diagnosis_20260823/routeA_full/blocks/426861712.json.gz	388068	a850dd1a268debe2b072406f6b5b1d171d8a1c12041cda357e17ac8cc1ce8d4e
diagnosis_20260823/routeA_full/blocks/426861713.json.gz	505289	587f7c90ce3207ed9e5a5e0cea5d1e02409c95fc7b413aa593352136e55798d4
diagnosis_20260823/routeA_full/blocks/426861714.json.gz	460014	ab849e023750cae2422c1fb04bf548ce612f9142a5a6c8d235263384a5d840d7
diagnosis_20260823/routeA_full/blocks/426861715.json.gz	539246	fac3c1d66a94b48d0b2ad52751f6a6dab1538f7382ce22a58868c5709fc1695a
diagnosis_20260823/routeA_full/blocks/426861716.json.gz	363864	3be8c2e4aaba226bdcd24e46fabce70a811aded756270c6aa760647b1491c1d5
diagnosis_20260823/routeA_full/blocks/426861717.json.gz	362243	dd1293ffff280d259e81f4e5bfb8cf5160688103b6326fca1555879d9aa49ec5
diagnosis_20260823/routeA_full/blocks/426861718.json.gz	343762	75ac17a854f095d9d51627450bf44d404f95e59b94e88372ffa3d05f8b2e943e
diagnosis_20260823/routeA_full/blocks/426861719.json.gz	344796	eddd175c9693ecb701f938a55ca66e82d8e5df08217dbedfe2460ad4ac2275e9
diagnosis_20260823/routeA_full/blocks/426861720.json.gz	286695	00ec96a633009b085870212b1449cf101ece514abf4fb0dad02698ebb0794997
diagnosis_20260823/routeA_full/blocks/426861721.json.gz	247087	44baff3544ac0ae49ca24bd3bc023d4da5ffe340724e269107c47295b393224a
diagnosis_20260823/routeA_full/blocks/426861722.json.gz	443971	bb134f011383f5fc3e0e4bda8d6d76641756d9a1035e0e183b4280a8b1177914
diagnosis_20260823/routeA_full/blocks/426861723.json.gz	324837	a84ae7a9c0ae6b52fee1d36cb69a7d9df0d4ceab1aa7d3e22d643d3261ff1d3d
diagnosis_20260823/routeA_full/blocks/426861724.json.gz	312570	0425411113a58e0715ad14b60d80ce3d6095fdf9dbe9bb69cacd23646ade4f50
diagnosis_20260823/routeA_full/blocks/426861725.json.gz	280181	26608cd8fa53b6a53909a2d663510fbb88231e9b4830b56b76e60a83d25eb6ec
diagnosis_20260823/routeA_full/blocks/426861726.json.gz	256172	33c271081ac449d70224c3231603b34df7298f1b86c57ffe2e30e49338d6a39c
diagnosis_20260823/routeA_full/blocks/426861727.json.gz	213900	d37e8ccf1f85f20e88c96040f02fb3063563f6b447e576d7ab47632e898d4cd4
diagnosis_20260823/routeA_full/blocks/426861728.json.gz	174886	4b2fc9e14c0242ead7ea43bf62ab858fbca2c2cddb2ea7c38e72c0e84d3cfc23
diagnosis_20260823/routeA_full/blocks/426861729.json.gz	544909	8f81105cdb1805a7da555fd5d1bf76e5b4c678e594e89f3ce0407c37ca982077
diagnosis_20260823/routeA_full/blocks/426861730.json.gz	358926	ef129a21927861cfd6a1f36c94ab7c475fa899af1b90b847d0eda1adb6d25d07
diagnosis_20260823/routeA_full/blocks/426861731.json.gz	553623	ac54d4afd90f5b80e32c10b5cdf269e06125c81dea50f34244b0f61748d51db3
diagnosis_20260823/routeA_full/blocks/426861732.json.gz	484818	7a9115b42e477eb39d94f2b55490a2b05402b4617f79937afbbc15cf1185fa03
diagnosis_20260823/routeA_full/blocks/426861733.json.gz	392380	7db0c611d1b146f4ed7b7fea6519aa85c79b2005c28b4899821588cbf2dcc09e
diagnosis_20260823/routeA_full/blocks/426861734.json.gz	475938	bc50bc787585ff869f14730deb342a1d17c5e5296b28c1f1dc217abcfcc6f1bd
diagnosis_20260823/routeA_full/blocks/426861735.json.gz	465638	f588e2335328a9ffabe8e9bd378b277abdf073b86ff0d15c81f9a570d3d603cf
diagnosis_20260823/routeA_full/blocks/426861736.json.gz	671242	a8fe870f3bf2262121e8e598e06b0c287878bd3747483e1718bfeff94ea04d1e
diagnosis_20260823/routeA_full/blocks/426861737.json.gz	618366	4a870995da5d337bbd6eba907389134072b4c4effa06c4ef6baef34120dfab79
diagnosis_20260823/routeA_full/blocks/426861738.json.gz	564016	1c9cbb6a04479a314a7731d1d1126eb9f4590cea6287eab6ba5afda0b9b08cf8
diagnosis_20260823/routeA_full/blocks/426861739.json.gz	593724	c45e89c55b227d0031c228e042a9783fd037fbb8507b5cb127255aed0b821e3b
diagnosis_20260823/routeA_full/blocks/426861740.json.gz	350449	2266b66de878de9116a221442d3f73937a7be5bc08cdcb599c1d57747e87e265
diagnosis_20260823/routeA_full/blocks/426861741.json.gz	342000	98a0bac0e780c55e6fb3063c6577ac64072fc9d4462709b042b8729fec2504b4
diagnosis_20260823/routeA_full/blocks/426861742.json.gz	263075	682e13e5df78388f1bbdb899798f73eaf08b427cc120eac94359889dcadc94ff
diagnosis_20260823/routeA_full/blocks/426861743.json.gz	389753	de2c60e990fe1931e4bce5c9d9292f38cbc7487e18d22a69db38bdb30ce812c8
diagnosis_20260823/routeA_full/blocks/426861744.json.gz	62661	3dcb4db1b374e9b89dfbc9ae108f31684ec2edc0f5a1b08618f2764e87126127
diagnosis_20260823/routeA_full/blocks/426861745.json.gz	91009	b0c341fdf25fe5166524eb1f1eddd2056cb0d92bbf3764258e66c4ff963c3107
diagnosis_20260823/routeA_full/blocks/426861746.json.gz	106233	874936502699b188ebf04e7a0066ce531fdf69e9c1a6a77d8fdfb9997ac43285
diagnosis_20260823/routeA_full/blocks/426861747.json.gz	118281	37630706f4c8aab89959877c670ad91e1184f43070714e5bbce354dd88f45541
diagnosis_20260823/routeA_full/blocks/426861748.json.gz	278590	1ca174716c7d458fe4310f48ef3aabd5bda413af58d36ff857af65241111cd87
diagnosis_20260823/routeA_full/blocks/426861749.json.gz	360950	e3f1ffdcbf4ddd0cc596cf346e1b5214d59cf1357ac4fa0a6327a5c7e328a279
diagnosis_20260823/routeA_full/blocks/426861750.json.gz	365329	21aa0a09c3754bf7576eb1dc477489d1a59f241343871616caa85f169ec2fb94
diagnosis_20260823/routeA_full/blocks/426861751.json.gz	597682	e8046f738faca6ccf9ca9e7035f29c4b2e79250eeb7874c4f78ee3aad0d6c38a
diagnosis_20260823/routeA_full/blocks/426861752.json.gz	393010	308f303b99981a2d0c48cfedada4254e821e47554426d1840900c798e5e69f24
diagnosis_20260823/routeA_full/blocks/426861753.json.gz	417583	14ed08cf1c82aa99b34e2857ba58b7b82a08571084214eef635ba7c3e685db69
diagnosis_20260823/routeA_full/blocks/426861754.json.gz	293676	e2ade00594c1dc58a022419d666681455338ca689c794b26d1a3cfbc0fc30e5b
diagnosis_20260823/routeA_full/blocks/426861755.json.gz	552182	3d30870541cfec64d7026d5c0767fa32ae8213daca4492e2e59d40880bbe6f58
diagnosis_20260823/routeA_full/blocks/426861756.json.gz	286456	85153b40f060aa4d48b24d295c2f16b7c38a0e935dd6c25915e4aaa21d37a0ad
diagnosis_20260823/routeA_full/blocks/426861757.json.gz	476905	ac5e4bc52c959d72bf4665813b03eb4e9cf1c939967031cadf9ceae2837fd02a
diagnosis_20260823/routeA_full/blocks/426861758.json.gz	606291	c8cb8dcfdfe840f5ae88d0cdae0736a6e44a74b5d7fb5875c245e5d2d7c4631c
diagnosis_20260823/routeA_full/blocks/426861759.json.gz	485749	8639415566e9e3215a4082393e588fa0b014b54d709b82271771804778819e9e
diagnosis_20260823/routeA_full/blocks/426861760.json.gz	453344	1f906064996ab0a113f8e2963ef40bafcda66e9bf8d5a664ffccad806fad5b20
diagnosis_20260823/routeA_full/blocks/426861761.json.gz	552517	ed76d96418246f2e735d206428cddf7ae2ea7424cf1927ebea341f392e2dc7cc
diagnosis_20260823/routeA_full/blocks/426861762.json.gz	724808	8e0ae02137da1ee76ea833c5c9462d07e357fc50a655f5f21971fe9786374b6b
diagnosis_20260823/routeA_full/blocks/426861763.json.gz	665061	6b9a00ca862985902282dd22c9f5cdc9f36650eeb9a996e36f5a8c385aebeee8
diagnosis_20260823/routeA_full/blocks/426861764.json.gz	578253	467de83ee90fdf7585918e2718a21ab846200c76672dd95aa9fc5aef87181216
diagnosis_20260823/routeA_full/blocks/426861765.json.gz	581336	684b8679c14fc8b443f1e42abfb5e34db0ba3fa1e4015b9ced93657b2680389c
diagnosis_20260823/routeA_full/blocks/426861766.json.gz	507087	a6d52a957cb88b6b67f06e0350bda1dd8fce27e4a2aec12753af3399d9370934
diagnosis_20260823/routeA_full/blocks/426861767.json.gz	503330	cbef9085e7a432dcf0f73abaa78de27527eaff632022351507fe72f95a745760
diagnosis_20260823/routeA_full/blocks/426861768.json.gz	386911	c3a465f21d477235418a6db78cd6ecc4fd1d52e3e1e0ea3897fd583d86e117cf
diagnosis_20260823/routeA_full/blocks/426861769.json.gz	342484	08835467dd7997e017631ec37170e3945d1cdf7f005559627aff57846e598d96
diagnosis_20260823/routeA_full/blocks/426861770.json.gz	387312	d1db885b3d07020360a89ac4593bc2a8314fa880cab6fece886b8e06eea71acd
diagnosis_20260823/routeA_full/blocks/426861771.json.gz	278869	7cdb0078030d2de45487b95ac01792f6da5a7ef298fbbb577863b0e965db9d2a
diagnosis_20260823/routeA_full/blocks/426861772.json.gz	485235	c41bd55a14d80ddb9bf19836ea1984bbc831a6dedef41ed4292873d7f041309b
diagnosis_20260823/routeA_full/blocks/426861773.json.gz	475320	b695bf6965057eb98c2de9219641ba3128a0c23422fa8debf109978bf933cadf
diagnosis_20260823/routeA_full/blocks/426861774.json.gz	531783	4c1617f811b87736014f992f757f11024d32fc6091dd67f74444e05642b54762
diagnosis_20260823/routeA_full/blocks/426861775.json.gz	304152	6286734c2a88f1d8b7367b14cbf6a11e39f84fb3da1e60fa83215d692fe68723
diagnosis_20260823/routeA_full/blocks/426861776.json.gz	313066	7cf3dd9af5e1fa5d20035258c795c3dc72411811e2755e6d94468c2f15a32618
diagnosis_20260823/routeA_full/blocks/426861777.json.gz	263115	1b97e3e2e09518c88f066ba448338185308b90eb3713e55a78bf895c6dc061f4
diagnosis_20260823/routeA_full/blocks/426861778.json.gz	204783	f03f28ed6d8b8e83839328d26dc266bfef73b55fb4fa0c850dcdb5ecb39e729e
diagnosis_20260823/routeA_full/blocks/426861779.json.gz	332343	385526a7856838b2a35fb8e0e2e1f329cc385a3c3cb67c6c15fc8f5dc5db4904
diagnosis_20260823/routeA_full/blocks/426861780.json.gz	245055	b536e291079b27b5fb800d6d3d2491e5f79b0fbaa7bafc8a9d897bd392076f90
diagnosis_20260823/routeA_full/blocks/426861781.json.gz	327322	e63c32312fbe96010a493c0cce885b354f106b6d2a49a2332adf144364319dc6
diagnosis_20260823/routeA_full/blocks/426861782.json.gz	333661	486e418ae28032b104f58355ec1d58cbed1f91160699b2ff8d005a87cf69d983
diagnosis_20260823/routeA_full/blocks/426861783.json.gz	262723	0a09e4cb417e18f9fe4eed9c7bf37975f1dac8b1a06cc5c8decd2cbe1654dd30
diagnosis_20260823/routeA_full/blocks/426861784.json.gz	362977	06528fa8e540a8731aefd1b6ae43ac690389d35738b6524fc2e77cc7174fc4e1
diagnosis_20260823/routeA_full/blocks/426861785.json.gz	338461	7de0dd09080723b254aa0665a0874e6b61890e9e5a263bae9ca754298b0aec40
diagnosis_20260823/routeA_full/blocks/426861786.json.gz	395342	299622492515753c107d71a4a31566201b7fabb0dada972edcbcf7d95dc7fb1a
diagnosis_20260823/routeA_full/blocks/426861787.json.gz	363281	16e5349371cd90ee4dbb6165a75bdc8f2b1eb388e86b404913d342cd26e67a40
diagnosis_20260823/routeA_full/blocks/426861788.json.gz	346857	3d000d926032b46d5b4b70b4d51c70fee4b8d4849213adcb6e8d95fbb6cdef30
diagnosis_20260823/routeA_full/blocks/426861789.json.gz	405255	c022b7070c4b12960cb985c9abf9fab73b1debadf265dc65d9ff68a7aa7c5d45
diagnosis_20260823/routeA_full/blocks/426861790.json.gz	329429	9200f975e61debeff55e49dabd878dc9db63a8d96a081cd213d9afa170f4b93d
diagnosis_20260823/routeA_full/blocks/426861791.json.gz	291962	1105226ac0d9584f897a05e107a48be11866be0aef687a044ed5a4a6e37e98ab
diagnosis_20260823/routeA_full/blocks/426861792.json.gz	323055	ea674a89bd6c208c83491441f55afb4e20a8303eda0db2fd99bf1c7f2ffe6a3f
diagnosis_20260823/routeA_full/blocks/426861793.json.gz	221041	9f67ca3a0774275ca5ee1e1399e572b66799e15e8c5b5f907ae91880592c5132
diagnosis_20260823/routeA_full/blocks/426861794.json.gz	348353	63fe5d7465099d6130a83309c301e8070c30111ff057c706d9b74e72dc09e306
diagnosis_20260823/routeA_full/blocks/426861795.json.gz	239800	dc6c7d341da90fda9ab6c998003aa79d5321717c3efb5d48e1f92fe58460b864
diagnosis_20260823/routeA_full/blocks/426861796.json.gz	269084	554b0895483dde2b70960587e88b95557b07ba31f3a6e86b0e162b895f6103c9
diagnosis_20260823/routeA_full/blocks/426861797.json.gz	305281	92b48307bc3d1e0186f97deadcabbc3ccd827184d8d47543bd158e648f04c9a5
diagnosis_20260823/routeA_full/blocks/426861798.json.gz	427491	a8e814e4ce1bfff6ccf48009e25af548112ddc1b031740a98ad73687d5994171
diagnosis_20260823/routeA_full/blocks/426861799.json.gz	335657	a4b5991c9b683400bcaa556246a2754e01e53174f34d176d1f317481f6bc10c1
diagnosis_20260823/routeA_full/blocks/426861800.json.gz	277993	531bcd0fcd4ce4601985cdb3cbb068e9126482b1fa5fe8633d1226a22a4a4557
diagnosis_20260823/routeA_full/blocks/426861801.json.gz	338473	523d97c0040263c4afc9a4d8aa441ae485b2e1bc8739e49ddf1e5a9c78fae596
diagnosis_20260823/routeA_full/blocks/426861802.json.gz	283203	b29f7ce46b3fa51f811e25b71c951f242e170c53e7537f538fa7c7b1580d9b37
diagnosis_20260823/routeA_full/blocks/426861803.json.gz	332395	ec875104cf7b57b8eb5ab50f084e0f68a1031e8a6d5be788d8447693cd40ebc6
diagnosis_20260823/routeA_full/blocks/426861804.json.gz	310284	c2f2b4a6247f9ccf7e94600f33e3dfcc3c4c0dcbbaa93bcb5b84f200472abe2e
diagnosis_20260823/routeA_full/blocks/426861805.json.gz	297238	d769812314ed1496cea3706493a5d3b94f5b95234f8eb76b37aaedd2c2329e0e
diagnosis_20260823/routeA_full/blocks/426861806.json.gz	306417	cbbfc19cb435455451a0428318ed18f093ef37da7841043682541db369c7aee0
diagnosis_20260823/routeA_full/blocks/426861807.json.gz	340179	c7a5e1957539ff9a7c3a54a0fddc9ed48ec9b1723e914e70189828da67af32db
diagnosis_20260823/routeA_full/blocks/426861808.json.gz	240760	c8a20ec88a287855b8828d584d4f2d924981d565df930de3d561f244ad9d2ae8
diagnosis_20260823/routeA_full/blocks/426861809.json.gz	183234	ad312a7f14df83cff27f059aad3284d41a948e0f7606ab1e112f75c03dc9378f
diagnosis_20260823/routeA_full/blocks/426861810.json.gz	398054	719438f4dcf26c74710d708664d3839de253d2d4268d8a36532873e830fb7750
diagnosis_20260823/routeA_full/blocks/426861811.json.gz	260761	57fb92f34d889fa03c513128290be10fa192aec054dfa0e8335752827542e9a6
diagnosis_20260823/routeA_full/blocks/426861812.json.gz	368327	ed50f8835960211b53f66d350aec4788ffafbacc7f9c1ae00f0f7c7f7313c77e
diagnosis_20260823/routeA_full/blocks/426861813.json.gz	653088	a69bd7e729d9109c45f56e1c391a62e818f8a42193b979afb044f08b9530931c
diagnosis_20260823/routeA_full/blocks/426861814.json.gz	417295	51d300a167be90bb8598d5d31f9b1e62e2cb7fa801027dc0546ef44d6a698148
diagnosis_20260823/routeA_full/blocks/426861815.json.gz	397357	768d7712c0a702624aa4cf94af32aa150a134e0298155b2c2ffefa17a62fee75
diagnosis_20260823/routeA_full/blocks/426861816.json.gz	413647	847cc4b9f3638dceac1f03f1673fcfcc4e42fb62cb588848053ffe7731ecb77b
diagnosis_20260823/routeA_full/blocks/426861817.json.gz	385825	7fae672c48c0e5dc52303c9e87ffbb0e0f02e6ccf9c0146e39543cdac83fad23
diagnosis_20260823/routeA_full/blocks/426861818.json.gz	265654	ec5d3d410f419e860a1817f70183ca3784d7121e0fbac464e846835a2c262f3f
diagnosis_20260823/routeA_full/blocks/426861819.json.gz	294360	1100fa669d00a0e6309229092c81c80012b597bd94befe55c3de52a078dde348
diagnosis_20260823/routeA_full/blocks/426861820.json.gz	278031	fd3f8626eb961f0f0143fdbafc6f94c6e7e363f3aaa360fdd8f891a166bb3c59
diagnosis_20260823/routeA_full/blocks/426861821.json.gz	176829	70b8d74e45d964c0b694f48384b74fe66f1ba6c6f564f23aa5f6a514722327b1
diagnosis_20260823/routeA_full/blocks/426861822.json.gz	358072	93248cf3c807685ef45af130075d2e2f155d157e82382251725d3a0c37cf3ebd
diagnosis_20260823/routeA_full/blocks/426861823.json.gz	326239	58cff2ff6b110993745865fc87d696ef9cf95086b0fab2a0acb92085d2babe3a
diagnosis_20260823/routeA_full/blocks/426861824.json.gz	358140	c2f8a3569ea2e1c281961ebbf9162ad7516ebb0b887977c0196928e23e7c0ebc
diagnosis_20260823/routeA_full/blocks/426861825.json.gz	400111	b3c286b500db77f0b1c36fed9a9b522f032ad19c3201dc68fbcc4749f53ad02b
diagnosis_20260823/routeA_full/blocks/426861826.json.gz	496595	8650f7fdea0cd36b23c0f19d9117e48e38e7eb7a671d32c876ac6686ea5688ba
diagnosis_20260823/routeA_full/blocks/426861827.json.gz	333449	3efa3cff30c41ba6def1a79332c0cdd84d3e8ad3633ac1058590060faf5118b0
diagnosis_20260823/routeA_full/blocks/426861828.json.gz	276884	ad80b27517d214f387f6bff3fa0d924172a34c0ae464aa0aa7a6e68a87288db0
diagnosis_20260823/routeA_full/blocks/426861829.json.gz	297122	1f8e168cc8e49d07cf124b4e60a7f40ac38e643775a402532e8858aedcf66f75
diagnosis_20260823/routeA_full/blocks/426861830.json.gz	242164	443365261df385f43b8373dd1980f5bdb1426d1e24b75a90f10cd5181f1f2789
diagnosis_20260823/routeA_full/blocks/426861831.json.gz	343548	1f20c7ef191bcbb6a777c2a27aee0269fd5be3c9194c3abf577f8424ab323318
diagnosis_20260823/routeA_full/blocks/426861832.json.gz	353733	671856de67973ebe3fbf2fcbe9f90ff822d86bd41ba45d01048743ec799e0002
diagnosis_20260823/routeA_full/blocks/426861833.json.gz	251942	b18602686409921049b3e46db8cf78b20b9f6dc976f4cb4723fc8c25ed8c1a68
diagnosis_20260823/routeA_full/blocks/426861834.json.gz	425218	a798b3088720992eae1e015becc77a6fd5402d3909d818a2b42931c9e5a80e01
diagnosis_20260823/routeA_full/blocks/426861835.json.gz	376506	065d8c22dbfdb1d354ea76c0554507e39ae8b86e3c402728b731c1460be15267
diagnosis_20260823/routeA_full/blocks/426861836.json.gz	463171	83d9cd5bdf198e0a464c79e5692e821cfab32eabbeef6fe6bb7da86b8e45776a
diagnosis_20260823/routeA_full/blocks/426861837.json.gz	301382	73b8915dbbab625af0c493994563df01872044411d3e4d0eb7220d48bfbaa552
diagnosis_20260823/routeA_full/blocks/426861838.json.gz	366328	52b80f2f6535b170ba2d7e5c06e87a3ebb7593ed755622a39258adf2087dac0a
diagnosis_20260823/routeA_full/blocks/426861839.json.gz	288172	a305d94a00cafe7c9f6e8496b08e4fccd001b3feb0883dffbf0822dc9ed320bc
diagnosis_20260823/routeA_full/blocks/426861840.json.gz	464223	2627087dfbde56e37cdf33eaa535d5c0a8adf99152b1d057ff926f41ce8faaa5
diagnosis_20260823/routeA_full/blocks/426861841.json.gz	320112	057595d0a14b79dd454c7971ebafbf82d135b719b240ac76366f3fc51ce9a586
diagnosis_20260823/routeA_full/blocks/426861842.json.gz	450046	fec455ee0dbc15b092e4deecea3f81d954ff1d749ff3e66e9763698b7becca68
diagnosis_20260823/routeA_full/blocks/426861843.json.gz	427846	429479544b0077d0637af12d024d34dad6ec2eb8271be615ebabf2b7aaaf5fef
diagnosis_20260823/routeA_full/blocks/426861844.json.gz	309997	0ffb64868ff6263042b7c2460d1fa42a934d46885960cc0bbf64a74412367796
diagnosis_20260823/routeA_full/blocks/426861845.json.gz	293993	9b474a345063125097199f573c67e84bbce8f714a725008f5a5f14eda936d8e4
diagnosis_20260823/routeA_full/blocks/426861846.json.gz	330406	0d8db2c90ca7c4dd88921770d06f5097fb31d246d5806f1c4db1dd23cddf968f
diagnosis_20260823/routeA_full/blocks/426861847.json.gz	301582	6b22c0d9ce6032c7430e88b4f7e77851cccb3a9ebc95bd85a6bf336e8462e66b
diagnosis_20260823/routeA_full/blocks/426861848.json.gz	465795	f65a76827578c79b134f875c6c900adf3a3384e35ce493e05849604a0bbedda0
diagnosis_20260823/routeA_full/blocks/426861849.json.gz	417475	3ad12e2f5e2ec4ef8e0bfb25808d604389b54afe13691d8787e7101bb1e189c5
diagnosis_20260823/routeA_full/blocks/426861850.json.gz	463670	77f504d65cff244829fec362d3666bdbe6e1e2c5717153aa4b527ea2821bce69
diagnosis_20260823/routeA_full/blocks/426861851.json.gz	365202	5af4caf285fbcfa3296fb6871ff8698c28ecd613d752ffa7b1381da19037ae08
diagnosis_20260823/routeA_full/blocks/426861852.json.gz	165427	910a8949f72ce106e9cca430c054974c9d5badc43d7e70156e8c5856342ef382
diagnosis_20260823/routeA_full/blocks/426861853.json.gz	219904	ba3677e1655acb52127dfcc1b22a97ed619646699e9e9573292eeb4b0b760baf
diagnosis_20260823/routeA_full/blocks/426861854.json.gz	186126	8868aa8caaccffb9f11a4187d37bda0ec916107ca43a4d40e99dabc174ffd76e
diagnosis_20260823/routeA_full/blocks/426861855.json.gz	316875	c8f651bb1b20457c2b74cb1287a2af08ea8a388c67acc73b473df8ecb3515945
diagnosis_20260823/routeA_full/blocks/426861856.json.gz	256575	f2056f4e47361e9fe2b83c47b6b91459266b7383efffcf4a62101df357960cbd
diagnosis_20260823/routeA_full/blocks/426861857.json.gz	327073	8aac1f57e03c7bd831d6ec2cbb3f6aca2727dbcbc6efd73b4a5e435c96d89a77
diagnosis_20260823/routeA_full/blocks/426862104.json.gz	339036	faed7c68053340411e8852f9f6f3788f8e18c544ae0aa2266e153a5df062a424
diagnosis_20260823/routeA_full/blocks/426862105.json.gz	241783	37bd7815873bcac714afc6c10edbc09638148d9a4d22f316936cd680332de27e
diagnosis_20260823/routeA_full/blocks/426862106.json.gz	201528	d87068192bd7f7b017429ed41d55c013f98465eddaf36ee6beddb3910ba36e5d
diagnosis_20260823/routeA_full/blocks/426862107.json.gz	197559	0323645a1d617b0c46dc8e665a410fdbe01acb667e1a3e04fb4daa9ad0efee58
diagnosis_20260823/routeA_full/blocks/426862108.json.gz	263556	5ddde9e8ff1774fd266ef354a6a42ebc9186cf1f210e8237ed0c5f741091d9ae
diagnosis_20260823/routeA_full/blocks/426862109.json.gz	412338	27cad2b7482e521c6cdf4a81ef78e72e64221e477eb8b2ce8939631645abbc8f
diagnosis_20260823/routeA_full/blocks/426862110.json.gz	364447	65c637eda7745d82e114bac30cab1e9ccb944e8d305e592a63e77090c56b74c8
diagnosis_20260823/routeA_full/blocks/426862111.json.gz	438094	97ac2ef7eea7970a19b68242916306170d6efec97bf60786aa742b2491a9a7bd
diagnosis_20260823/routeA_full/blocks/426862112.json.gz	98256	f131324da41f8f6b90b53ec8decdabd3d8fbc177f7dffc2f3262543a25c76188
diagnosis_20260823/routeA_full/blocks/426862113.json.gz	482780	ed5c233d469654bd31dd8497124817c033db0358919dc2b7e398ec5a2fef66a7
diagnosis_20260823/routeA_full/blocks/426862114.json.gz	500345	2b43c8e09d7b952c18729000bd227c3c0b91fc18c6046cd2d67e3e5a6d0f517a
diagnosis_20260823/routeA_full/blocks/426862115.json.gz	394314	621bfb787900c787a010a6b703fde717453c3115b8842f23f6126d3ffd535e79
diagnosis_20260823/routeA_full/blocks/426862116.json.gz	436193	77e74c4af6b5eccb539739a2c054cae0e9f19b8be92eeaf0b07073e878a46514
diagnosis_20260823/routeA_full/blocks/426862117.json.gz	377205	d8b461e0dc3843c0ceca3497475b7f608f55dbefa93c9a0e7e7458cd4dabd64a
diagnosis_20260823/routeA_full/blocks/426862118.json.gz	324002	bb2ee69c0a02cb86492cd924752cbbe77f37bdc30f346a3fee78c54ba9d92165
diagnosis_20260823/routeA_full/blocks/426862119.json.gz	370682	7f42cfc91881fba3c1d5d75f624a6190bb0c806b9f96d39b2ccb89c345bcd6d5
diagnosis_20260823/routeA_full/blocks/426862120.json.gz	227620	296e98921a7268f6ec3ccf1e1761e4f502d99425287e8c074f3933cb13422093
diagnosis_20260823/routeA_full/blocks/426862121.json.gz	193825	95f223ce13f0341c1444897ad673da9e082532773e8b3b5bd318dea6c7f1dad2
diagnosis_20260823/routeA_full/blocks/426862122.json.gz	216888	3d9abcdbd4c434ddec15bfa2c8918e4b615a1526e18917fd5c457d567ceabb36
diagnosis_20260823/routeA_full/blocks/426862123.json.gz	242562	795e1aa30b4d67af0baa243b97f67da74a7c9334bc2c3478a4727348684f0a5c
diagnosis_20260823/routeA_full/blocks/426862124.json.gz	293812	d02ff67ac7c5ba71d1974ae4dad182bc109215b688f0b8dd322d498243eb7f36
diagnosis_20260823/routeA_full/blocks/426862125.json.gz	200891	c705bc2445146551ca0e35ed9608bed6ebd71e5f719bd94f3abb9b7a9420888a
diagnosis_20260823/routeA_full/blocks/426862126.json.gz	204771	ed06f4f2dda25d3920a55a997022927354dce8e7db7d4e9ad0e6d39705db038a
diagnosis_20260823/routeA_full/blocks/426862127.json.gz	328498	57011419ff614a6dc31c15dd756363413190fa399af65a1741ffeec42dc605e1
diagnosis_20260823/routeA_full/blocks/426862128.json.gz	335357	f2980652e6696cea75b50153e7a1461d7538a5b1d224d4cca6134e24e2cd3810
diagnosis_20260823/routeA_full/blocks/426862129.json.gz	240269	9b9873928411d3898eaf9746ab91207e2b07856cdc8b8dcd7d874b2390291d21
diagnosis_20260823/routeA_full/blocks/426862130.json.gz	241888	5301e90db9dc08e3fa9b1efe39aa64a2152212f423145db64c733364ef2522b9
diagnosis_20260823/routeA_full/blocks/426862131.json.gz	346297	074c1f25c7f2647ffc6be622d1ea13b8fdb1e38cb4ed9fab82d70ce6428f7b61
diagnosis_20260823/routeA_full/blocks/426862132.json.gz	263095	e8c31a8c8caee2db4e75c4e3af08b9f8d6be80412535ad425022ddd3dbf06d69
diagnosis_20260823/routeA_full/blocks/426862133.json.gz	254626	2e938210294a352debc63673d8cb9da65a85a213f503e2dd38225f22a9331d6a
diagnosis_20260823/routeA_full/blocks/426862134.json.gz	308168	79a5b4042bb15f3f632b9540928e4d2e4253a58c2e0eb799576de5b1a14929c6
diagnosis_20260823/routeA_full/blocks/426862135.json.gz	331223	4ae17668636e063705f0c9416806c2d3e4251373d178697bd69f7421118d0c23
diagnosis_20260823/routeA_full/blocks/426862136.json.gz	278768	902c127b390a75f698b34106bce3fb39372c8ef122484d45f203bbdf074cca95
diagnosis_20260823/routeA_full/blocks/426862137.json.gz	509655	406823c8271eed18ff6dc27c747db88378f6d0978f845cc0763b229217b1a62b
diagnosis_20260823/routeA_full/blocks/426862138.json.gz	455569	bcb374930a06bc753276b5e5a42a9b90d027c8812bb6914c6db5cbe14faa213d
diagnosis_20260823/routeA_full/blocks/426862139.json.gz	547249	f80c9e602c4916d5e48ab26e14d643518007ca0a3cd60d8be65b52947fc982ee
diagnosis_20260823/routeA_full/blocks/426862140.json.gz	621091	6d1ab8a98873c63dec6fd50873466fab575570c0d22e363e995f20db1d882200
diagnosis_20260823/routeA_full/blocks/426862141.json.gz	507978	c0465a4ec376b2cdfe1fb4abf958b584967bc3601dea998d181125ae24a3cbd2
diagnosis_20260823/routeA_full/blocks/426862142.json.gz	333395	7287d198a9100293e1440eb8a8cd9c0e14ae56656574d6328a63dd027a414666
diagnosis_20260823/routeA_full/blocks/426862143.json.gz	374058	c52288dbbd1f023510ff1a60aac115c7376172838b411d409de11acbf291fda5
diagnosis_20260823/routeA_full/blocks/426862144.json.gz	331074	71a1438175244cc66c30a483bcfb48449d12a490c9685b88e8fab6131d56a9e1
diagnosis_20260823/routeA_full/blocks/426862145.json.gz	358212	5e8ab8515ac4cdc697b7c4fc654ff5446689eda96b699d7ae2f6fb7415a3c34a
diagnosis_20260823/routeA_full/blocks/426862146.json.gz	252597	8972e8f5b207a56e9aefac1977d74cb32c85df7cec3b3d7c38017f1218bb56c9
diagnosis_20260823/routeA_full/blocks/426862147.json.gz	263960	860f9fe29d48367ca8831f3f5cee8ab02926640fe69fe69389f8b6e99ca15dfc
diagnosis_20260823/routeA_full/blocks/426862148.json.gz	358831	3d2ad043434355a628d2b003baab6ee9b1c0e4349646d6121c82fb0274124f86
diagnosis_20260823/routeA_full/blocks/426862149.json.gz	243386	045bb30111f2833551bc9cc29cc9f3f67a651e3ef04804b457fa1d34b5721aff
diagnosis_20260823/routeA_full/blocks/426862150.json.gz	384473	b71e8c388c0977722de809ca8a364b0b7d82d801e54c5efd4efa2501c05212e5
diagnosis_20260823/routeA_full/blocks/426862151.json.gz	237078	a4f40fd231df174cc06f81622591a767d96d3eba6b577c439fdb35111959408a
diagnosis_20260823/routeA_full/blocks/426862152.json.gz	288318	9f73be16ee1cb5cee0ec72629ebe5392951611fa9dcc3f5f615b44d058b76a1e
diagnosis_20260823/routeA_full/blocks/426862153.json.gz	346958	df530ebe3d9f77ee500164665b3291cfa4b7904969e65ce4251f1feaeb692da8
diagnosis_20260823/routeA_full/blocks/426862154.json.gz	500173	3efeafbc35ac2bb954be40a5e5dc9066e5319b888435700ef5ef3dddf4c7bc52
diagnosis_20260823/routeA_full/blocks/426862155.json.gz	342812	426c0a42c3604cda6c885cf3ed82a0ee7ac16829155dbd4fbb0119cc6b8f3c2e
diagnosis_20260823/routeA_full/blocks/426862156.json.gz	426743	fdcc3cf97e05890e11e745042febc27e809a2f77ee426b76986ceab4e7b99523
diagnosis_20260823/routeA_full/blocks/426862157.json.gz	283372	f8b0a5e7612e895b92fed15e86a41ccd87b1e346366e082e534295e119ab466d
diagnosis_20260823/routeA_full/blocks/426862158.json.gz	250945	bdf78de84dd0a24c7d2a71ef25b9e81da59fd15c543eef020da7028a509b55f8
diagnosis_20260823/routeA_full/blocks/426862159.json.gz	218200	1179fbefe69e001d48a5acec496e28999a4f53adcba6bf69700faa20ec545c0d
diagnosis_20260823/routeA_full/blocks/426862160.json.gz	283894	e606297a7a20518d35e637c4ed82a7b95c6675e9d021c9b3e44ffacfe39bd187
diagnosis_20260823/routeA_full/blocks/426862161.json.gz	337792	255d8f9754f7f4c77f95fb5b57be87ab71a4a03a5e53264de675a191063535f0
diagnosis_20260823/routeA_full/blocks/426862162.json.gz	231677	0e61fcd60ad1bc7e64051c5c341c0c0c8878962ca34abba8d373b2bcd978b1a4
diagnosis_20260823/routeA_full/blocks/426862163.json.gz	456408	1fb8de2ce873b1e5c16389d17f5bb2f153f9f440e59c377dc28d5e41a03248c6
diagnosis_20260823/routeA_full/blocks/426862164.json.gz	267971	c377772e937b60ca32f71bdaa32739535cf2235d46f656ac107b0b0e7481bb8f
diagnosis_20260823/routeA_full/blocks/426862165.json.gz	310648	f52aac93d20897fe785cd7795a045a5a4d36721f2887278bc2be95c449cc59b3
diagnosis_20260823/routeA_full/blocks/426862166.json.gz	240289	266076c3ee849bd4388fa0c05d7d8fc53cd761453750311a3fb798a9f88c6b2f
diagnosis_20260823/routeA_full/blocks/426862167.json.gz	362629	de069b149e82f36ad980abc547825d2a038267adbc2ac0588dde37e43fa3cf05
diagnosis_20260823/routeA_full/blocks/426862168.json.gz	271421	2bb8e3956d2c00277c94645e2cd97850e01ba934cd2d1d2896d361026e7806d0
diagnosis_20260823/routeA_full/blocks/426862169.json.gz	344721	3dea94bdae69fba2f98f927309210af15e4781807880b2a24e6ac6d4a01f711b
diagnosis_20260823/routeA_full/blocks/426862170.json.gz	218547	2ecacd3a3fad3b072a69bba634a67372353a79e24be74145703747a2c73c6325
diagnosis_20260823/routeA_full/blocks/426862171.json.gz	372574	1b6bf765763984297f9276a2e4aff501e31960d16b57edb6aef31e2afd38fed9
diagnosis_20260823/routeA_full/blocks/426862172.json.gz	205085	679a550c568d22aabda86b1c0a901a46ed45970f2b3e8346d96a0ea8f261b06f
diagnosis_20260823/routeA_full/blocks/426862173.json.gz	327353	f3124307aeca05934014d954671031a0b8f06c86b11042669ddf1e23532883bf
diagnosis_20260823/routeA_full/blocks/426862174.json.gz	263368	ee012a05902d69a73a2babfa1a183a0e34600fb727b8d0907de157ada0aa3564
diagnosis_20260823/routeA_full/blocks/426862175.json.gz	358672	3f7e259b648cf99a809d57437dadc7b7ab0c50d52db5c29ba5c4bc520de170ea
diagnosis_20260823/routeA_full/blocks/426862176.json.gz	271530	da3cddefe170dc119c2de65476d68459fd6edc082499d4a14f68621a96cae4e4
diagnosis_20260823/routeA_full/blocks/426862177.json.gz	267087	b7d3d7de8ab1893e509160b256cf262ed19bdc9921c915a01bd35e2fd6a47098
diagnosis_20260823/routeA_full/blocks/426862178.json.gz	381441	1a04c8bfa7db0067bf82d7307c7c89fd2a9a2e8c6f80bfb1a0ae59d69f856a8c
diagnosis_20260823/routeA_full/blocks/426862179.json.gz	336088	1a3d86302806335705ac4c8ce58deec3b1707b90ecef4458be4f49eea38305b3
diagnosis_20260823/routeA_full/blocks/426862180.json.gz	258137	d4eec39e2bc18793afdfabcf2c4990a841a2fb7187f3846e94b13b6814d27e5b
diagnosis_20260823/routeA_full/blocks/426862181.json.gz	230962	aac861ecfaaae227e4d3f0104ee63e4d1b1acb841607cf3c5d9a8e658b76d440
diagnosis_20260823/routeA_full/blocks/426862182.json.gz	326496	eab71422568d690fefcbee9bf4f15b607cb7535ac087aff35e7734508ce04dbd
diagnosis_20260823/routeA_full/blocks/426862183.json.gz	266915	6f97c22f8ac9d5f7574244767bf385159c186d9340a369ae81979ad90953864d
diagnosis_20260823/routeA_full/blocks/426862184.json.gz	220046	0ba281f6991b56eb72b80023d138930542872f5fc464bb04a9975dad529e00eb
diagnosis_20260823/routeA_full/blocks/426862185.json.gz	195469	4532fd0cb2c67528629fdeea1840f2c8b9236379a9632f4fee2eb14a71d8d2da
diagnosis_20260823/routeA_full/blocks/426862186.json.gz	269983	ef6092ad5077d5243ee20d01a6068a7b86cd7ae363534183b3f4049a210dc0a1
diagnosis_20260823/routeA_full/blocks/426862187.json.gz	240651	229b19b6e14d98f358c7ac488cd7cdcec7a2cab57d7167e5ce77ef97c0b62ce4
diagnosis_20260823/routeA_full/blocks/426862188.json.gz	280600	c7666bb347fa087ad5d397195fff71a441faba90ee2e7c581fcfe55fedf9edcf
diagnosis_20260823/routeA_full/blocks/426862189.json.gz	351150	4b40cc631966165f4ede9cdb2646fda4a14fc92cd30fe437f6c7bf3e83531cf6
diagnosis_20260823/routeA_full/blocks/426862190.json.gz	198592	5a0d32592c07f69d3a335fc7768de0ba9ad8d370c659a681fff36b3aac494365
diagnosis_20260823/routeA_full/blocks/426862191.json.gz	169286	52e901c5d06bc7101d89f1564224c35e529e9e8c1843e7fa35b657861101114d
diagnosis_20260823/routeA_full/blocks/426862192.json.gz	157849	9c9f890ae3b48e9c0805e07612225f92fe06ee1e8cb92f8d486f76e73232bb2b
diagnosis_20260823/routeA_full/blocks/426862193.json.gz	246428	5dbdc686742a13d02fb299e71e344e670f7b98fe30fb56507c8a0579495dd76f
diagnosis_20260823/routeA_full/blocks/426862194.json.gz	210722	24cd0dbc76b52920e7279740f99c0c4b467fbefd8ec2345cee3daed3d944d86b
diagnosis_20260823/routeA_full/blocks/426862195.json.gz	222070	91f9c7d4acc7b85cbdbde771a3aaa9149c8c51fff39f0487c7fcc318b1db5395
diagnosis_20260823/routeA_full/blocks/426862196.json.gz	332828	c44fa07dd770656c51b42f49b0223bb80a2f2797b5079189abb8234d98f8af5d
diagnosis_20260823/routeA_full/blocks/426862197.json.gz	220061	4433dbf05be726952989f0ddd66b039b1cedc7cd5185549b88e8702fa0dcd69a
diagnosis_20260823/routeA_full/blocks/426862198.json.gz	168113	13152076f6e7e38e7e39e946c6f744d92a07f701cac9376c44627e5c78f17051
diagnosis_20260823/routeA_full/blocks/426862199.json.gz	159373	497c6f9883080ca48d1d1c542027b1ac6a9400982524a39d62382c9e5d4f3b68
diagnosis_20260823/routeA_full/blocks/426862200.json.gz	205389	46a58bf78d58f75da2064cb75eb9a36ec6a3f8914ea5b39107e4170fc2d454e8
diagnosis_20260823/routeA_full/blocks/426862201.json.gz	173248	1a313a4e520cecc206b24830a41e2aafa787db9b7fdc78a1c3b57f832e137752
diagnosis_20260823/routeA_full/blocks/426862202.json.gz	219172	fd8a9ee61135b2e63e93a2b717171383ad423f7a546742336d9e9d629a24662b
diagnosis_20260823/routeA_full/blocks/426862203.json.gz	389724	cfea42abeb1ce6565d34c98de6b07c2b86203bf8db2e35a9a1e697213a355d29
diagnosis_20260823/routeA_full/blocks/426862204.json.gz	320799	9ccb811d161d6a49644925a20c4764f3c5b38ef589415f282c10aea4cfc20806
diagnosis_20260823/routeA_full/blocks/426862205.json.gz	431107	a40bb30d27a5cf34e9e4fb2532bf6c574b52c1eec3b60e9befa1986fcee16656
diagnosis_20260823/routeA_full/blocks/426862206.json.gz	462605	038fee38ff1819fb9efd2544891789477ed9cc6e4bc8c5630f948812c73889fe
diagnosis_20260823/routeA_full/blocks/426862207.json.gz	350016	50e125982aca0dd044e30271ef5bd2b291f50e0edf4e98446e80275bde9999a2
diagnosis_20260823/routeA_full/blocks/426862208.json.gz	215255	5f1991b395762cdbe280aca74762f1eafece6c57eff5f56a383b0c2ebd844a03
diagnosis_20260823/routeA_full/blocks/426862209.json.gz	213129	3755ed21dba22997e0bd5429b99f528ba1cba0ba152096017df23128e309e663
diagnosis_20260823/routeA_full/blocks/426862210.json.gz	253261	d1595cfee85ba085ed91367617320d04353746e2c0246d64f5b70c94c39bbf9c
diagnosis_20260823/routeA_full/blocks/426862211.json.gz	293347	289c2c99b420985101884c1ea9c31533cb68b84a38cba66a6b10e4beb2dec1da
diagnosis_20260823/routeA_full/blocks/426862212.json.gz	269722	825dd34735a5ce20f5b8f3fc2770ac6bac856f78fa4cd0499ba0cbdb7aab5adb
diagnosis_20260823/routeA_full/blocks/426862213.json.gz	176108	b14ce5608c8fae57d3aeddf3cfc278bfb2097f4e270f1ee9100ff66aa8c7bdf1
diagnosis_20260823/routeA_full/blocks/426862214.json.gz	159261	069529a3d1d8c8f3efa1502b928965de093d33304034af5d4eb981ac916b79a9
diagnosis_20260823/routeA_full/blocks/426862215.json.gz	290099	9140c511f90b287d17088c4f841ba68d8930decc94630b2e5ee31d1795f4f563
diagnosis_20260823/routeA_full/blocks/426862216.json.gz	216423	469b6956993aa60bbabcad4197c4d82a5cd08f938e59f7b8ee226cd0b44ce17a
diagnosis_20260823/routeA_full/blocks/426862217.json.gz	254449	f4f54eb92c4b2a2fda623393d0d09fc496acf067eb8ac89e9815ca414f994a78
diagnosis_20260823/routeA_full/blocks/426862218.json.gz	474420	ff3b724ba764eba8b9c959aadf2adeb0cb369c20c6df4034a6952e213e014f41
diagnosis_20260823/routeA_full/blocks/426862219.json.gz	407213	d64d6e58d1475170b0ce03fddeaeffa2cb5d80a8904348633cdc00eaa620f5c6
diagnosis_20260823/routeA_full/blocks/426862220.json.gz	425242	b940d7abba3d9082e1bd8b5b51996d400009b603224cad14e1703355678d00f4
diagnosis_20260823/routeA_full/blocks/426862221.json.gz	456997	15eda47fcf8e2a3846a1562774b4650ac7993b68a5cfca968c32b712aa206e35
diagnosis_20260823/routeA_full/blocks/426862222.json.gz	354319	40dec38e3f89c76aea04ac88e61bbfdbff04400484eb8df9a393e644fc00c3eb
diagnosis_20260823/routeA_full/blocks/426862223.json.gz	400496	f04e3c073c2ff6afe0490aa0b7eb33570f7612848199356c9f5631cbeeecf330
diagnosis_20260823/routeA_full/blocks/426862224.json.gz	105695	f865fd38e6f2205184e57fea498c3a704dce8ad0c2b0f9e16273b561af4da0f0
diagnosis_20260823/routeA_full/blocks/426862225.json.gz	65742	6b41fb13be5d6754b9495bdc16e88fd312c7a11825ce5a60fd9e45e86d039a33
diagnosis_20260823/routeA_full/blocks/426862226.json.gz	100067	09c5ed4a1c8c7e458999ca89bd9d6fffb27fd3326270cb083fe3398ac5daf773
diagnosis_20260823/routeA_full/blocks/426862227.json.gz	158449	19c81f548022383b68717b6686d90a318388a5b787750665c213bb078cb9d5aa
diagnosis_20260823/routeA_full/blocks/426862228.json.gz	609985	66ee8a4e04bdec4831c44f0cfa5b5ca3666d417e032696fb7c599dab5a13eb4e
diagnosis_20260823/routeA_full/blocks/426862229.json.gz	551884	d4aafd504653d455e17814e71ccab8758ea42df57136f7bc3b7fb7dc77d3366d
diagnosis_20260823/routeA_full/blocks/426862230.json.gz	613756	482f41681caaef66dcec49e2a91cc9a72c7deacb2c05c35078cb16c1296be1e1
diagnosis_20260823/routeA_full/blocks/426862231.json.gz	634876	f2354eb3a6052a7e2bcc3ed18532186c33711e12330bc50b00a6bceea69b2112
diagnosis_20260823/routeA_full/blocks/426862232.json.gz	529614	6cba811e3cdd2bc787f38b57282c8420af7cf86744784924ab15c6f23e9a616d
diagnosis_20260823/routeA_full/blocks/426862233.json.gz	469560	463dfcddb5c63e7c431db418e39ad88af215effe3834475d3d0b8e953648ba8b
diagnosis_20260823/routeA_full/blocks/426862234.json.gz	358254	8e0b78de37db73cd65e9131e54f13c720e42575422bac3f217842f2d4184562c
diagnosis_20260823/routeA_full/blocks/426862235.json.gz	340169	f7e2ac2b78a341e81a6798e7a9aee0884caa9284b4422cb8ad5030c987c09d4f
diagnosis_20260823/routeA_full/blocks/426862236.json.gz	304064	460d342c6f8453023ed427965964277d85fbe85d36b227a00769fb18336e8ff9
diagnosis_20260823/routeA_full/blocks/426862237.json.gz	294052	c5132e9cd450a0f8010f20f7136da196734c5bc3c7012f3d3c0a014a0a1e88b0
diagnosis_20260823/routeA_full/blocks/426862238.json.gz	318365	0316db5e4b2b20063f808de71fdb2c554c8bc5aa9639eeaa38d5518bd3c3fa4c
diagnosis_20260823/routeA_full/blocks/426862239.json.gz	250411	b137632ca64fc0da9525c0484b58266985e22d5a89501bb4a08a31eb1ac18f9a
diagnosis_20260823/routeA_full/blocks/426862240.json.gz	416765	60f53d8bb7e94fe4b4af3587ed9a8f081f2af6589a9021e569d59faa5f56ccf4
diagnosis_20260823/routeA_full/blocks/426862241.json.gz	410621	2dfe7ad5f9e5403a16fd096cfc0b7854504f3b03101236094bb4c31fb6d599d1
diagnosis_20260823/routeA_full/blocks/426862242.json.gz	381125	49e908259402f55d57c01dab7de45ce6076612e60438af8d2d4e505d92158a3a
diagnosis_20260823/routeA_full/blocks/426862243.json.gz	187430	0f9394adbeb8ec16dc7d174c46d7bf62227db7eaa03e9309223d4be4cf5540b8
diagnosis_20260823/routeA_full/blocks/426862244.json.gz	282465	f9b0e9201a1400ada37ddad64894b7fb2ca123527d999557cb9e7c7582085cd7
diagnosis_20260823/routeA_full/blocks/426862245.json.gz	259438	32d3dfed2a4f234a525fda33e72b6550a44ec2df445c2236a8f9be2c63c5239a
diagnosis_20260823/routeA_full/blocks/426862246.json.gz	214968	283d1b1af39428ee3550e1ea49939a925dc7fb4114b452f0c2478180d99f28c6
diagnosis_20260823/routeA_full/blocks/426862247.json.gz	214691	8e873aecf0c1728913b00c187d310b45d662b8291f107e5e548eedf5f0871a97
diagnosis_20260823/routeA_full/blocks/426862248.json.gz	230994	731d3fda9a01bf1c6f5b5a1d9e490036ff57cd4e9f7ccbe4c75a8336ffee5886
diagnosis_20260823/routeA_full/blocks/426862249.json.gz	179434	b491cddc7dbb8c8460d55ff1c8c479fde1bffaa8e8e27dc75be21b6461fff682
diagnosis_20260823/routeA_full/blocks/426862250.json.gz	171708	96384afe4cc1ef606ce85a49814e7c881bad290f9032b18b16b8f8ab861992e9
diagnosis_20260823/routeA_full/blocks/426862251.json.gz	243966	c51d56a93f22863427cbcf70577c3113911d40c84905033ab2587bde5e1bdd56
diagnosis_20260823/routeA_full/blocks/426862252.json.gz	248262	bcc6d260f098df3d5458d8b09f949e8004d8e645fdda91c5358601bb01f3b643
diagnosis_20260823/routeA_full/blocks/426862253.json.gz	298078	da9dc370e87298a2b1e78261d04cb6a84ffce3761d734e582fa8474ad44e2c61
diagnosis_20260823/routeA_full/blocks/426862254.json.gz	296105	89cddeb79517e43f7c37c0b4f49c6741a1f2776eba7686e0ab0552f7775546f6
diagnosis_20260823/routeA_full/blocks/426862255.json.gz	184454	5269dfc70db82f24fbf40a55413b403d69fb4edf58842c6de6edb23985128cc5
diagnosis_20260823/routeA_full/blocks/426862256.json.gz	323114	e32aa64e0ae52d32c8de84b47f89d932b45a990dd1baae94ad0f8331d1f3d338
diagnosis_20260823/routeA_full/blocks/426862257.json.gz	236303	a96560fca9dbc30923e5f75968553020a2bc98740a8728b60bdb7259eabc4531
diagnosis_20260823/routeA_full/blocks/426862258.json.gz	215349	f5d90ab9e3028e9e402a0393cdbbc2b60051066187dc402c24f9e8643be0e1e7
diagnosis_20260823/routeA_full/blocks/426862259.json.gz	187344	2bf1b2a3370dec53c20526612c7aa7edcde50c758c85ea2a7ef24acbc2c9d49a
diagnosis_20260823/routeA_full/blocks/426862260.json.gz	230074	0cb96ab48993f2da96949541681d204311ea816589aa8336bc7e68f95dc2d357
diagnosis_20260823/routeA_full/blocks/426862261.json.gz	481899	abffa2fc93887f420ee8d5521594523eda344210b9b8c169d48788697ecb11b8
diagnosis_20260823/routeA_full/blocks/426862262.json.gz	494303	f4e7db490c6eaa76f6485c0e93689c2e3c38aa5448dde5f5e395a2a4b980c09c
diagnosis_20260823/routeA_full/blocks/426862263.json.gz	267016	4afb26b12382be887b45e5b512251c40950dda2a69391e8d7bf99b1b51fdc1e4
diagnosis_20260823/routeA_full/blocks/426862264.json.gz	527937	20f1fd222d7019764f4962eca4803fbb2294fa8f14c1b537e7143ec6d678fe3e
diagnosis_20260823/routeA_full/blocks/426862265.json.gz	410037	3a022cbbfb2c2f78657707fd4073462d0faeb194f94322bc92b5fc0515f673a5
diagnosis_20260823/routeA_full/blocks/426862266.json.gz	522077	c2fe800a2ea2ea5464ad75a6eed40e1d6ee83799e11d77471dbe938ee095ceea
diagnosis_20260823/routeA_full/blocks/426862267.json.gz	330341	0db28e09b53332df3c0a22ee996e2e933695d07a69b92092757a8babb50d0fb2
diagnosis_20260823/routeA_full/blocks/426862268.json.gz	348118	b81ba95e78dae6a2251968b1c2ef8d89815ff24d1430dd2638ececa8ee4757e9
diagnosis_20260823/routeA_full/blocks/426862269.json.gz	329461	54bacbb3fdf92a455379240ad0eaefb0c295b4b79c92a029b73d3eff17480723
diagnosis_20260823/routeA_full/blocks/426862270.json.gz	291811	ad4cc8273b6b91f5961f40e2aae324cc3df114a0f80e3309d01fdc7541328077
diagnosis_20260823/routeA_full/blocks/426862271.json.gz	248871	24e7b2ca9372fd53355b64f43e1d1d472da4e875f426ad2431888e9fc5a5dc4e
diagnosis_20260823/routeA_full/blocks/426862272.json.gz	307220	bee14c013c15f5c3e55cb809c79e7b7e914e812e39ed000ae54a605c37284723
diagnosis_20260823/routeA_full/blocks/426862273.json.gz	229461	4c22f1f36d74866aac8a0960bd767d52c53c47dc8da03295f6835cdb6d9e3206
diagnosis_20260823/routeA_full/blocks/426862274.json.gz	515427	c6b14df1790d8d9b828dcbb9ce157cf4df2bdc6adf4d5f6c9c26ed13dd9a1513
diagnosis_20260823/routeA_full/blocks/426862275.json.gz	372648	608b243c2c2d75c584895baa5e4c89d333b7de971d7f38cb299469aaa79fc7d5
diagnosis_20260823/routeA_full/blocks/426862276.json.gz	276921	54440cdc6d6cb076c98bc6a9adfd8dcf879b2fc459f2c7b75971c85a19456195
diagnosis_20260823/routeA_full/blocks/426862277.json.gz	409177	bba367393d72c2c07e0d2f8671478b4d0ced2711a97d6038f0efddf43a94328a
diagnosis_20260823/routeA_full/blocks/426862278.json.gz	293560	9c291d35d31fdbad96c1464afb6c5223dd2da36a74504d26b0a4da97f12217eb
diagnosis_20260823/routeA_full/blocks/426862279.json.gz	393878	a40455ab8423a4f4e072d024ab857fbb5a0704012a69675a6f4c01631613b4cd
diagnosis_20260823/routeA_full/blocks/426862280.json.gz	425680	f4eac998da5cae674fd1d1b1d0d7a33f1ec127a7a629b4e1a75aedbc5255d34b
diagnosis_20260823/routeA_full/blocks/426862281.json.gz	258800	4242e28981c1030920e1af85a2a6e9db4fe75ec12e076d3a7d64911f670a2835
diagnosis_20260823/routeA_full/blocks/426862282.json.gz	238024	da11f4e0824c10f59191a6e3e18d5cc2ac87bd68607f4ceecf0aed45110ae245
diagnosis_20260823/routeA_full/blocks/426862283.json.gz	179960	b25eb7face330e2fa4eb46c0b1e0bc007cb48d492c42871f087b072931fec9c4
diagnosis_20260823/routeA_full/blocks/426862284.json.gz	338504	acd99b47994edee82dd5a13af7fbb261f76533150c97e4cdf1a70467d046beb7
diagnosis_20260823/routeA_full/blocks/426862285.json.gz	354100	6094b26eb26f210ab752d5a807be2ce46fec8117b29a571b7303dcf9b02027db
diagnosis_20260823/routeA_full/blocks/426862286.json.gz	317029	22ec23bd61e87438c53fdb3effebf64612346fb4de7929e304414b541629a1c7
diagnosis_20260823/routeA_full/blocks/426862287.json.gz	295733	f1e32fde1f13aaf57455f19d4ed6310e5b62cf997dff7983c48c3690383106de
diagnosis_20260823/routeA_full/blocks/426862288.json.gz	388564	f4ef686d27082bd47c1964d2daf08de18b6b0bbcdd8dbf8350096c9d066f3f12
diagnosis_20260823/routeA_full/blocks/426862289.json.gz	286196	d30a0b360acdcebb94bf2b52a1c8fc5afbd82f6f9a07e84bc50e956d29281db7
diagnosis_20260823/routeA_full/blocks/426862290.json.gz	230227	f22d6ce6708abcc419da90c2c3d0d1f2a09dbd238af378b9f6487f59bf6ba1c9
diagnosis_20260823/routeA_full/blocks/426862291.json.gz	245210	65b22b29b1873ab89d3f5db6d47a96928e5149100bd94c50468204566e518751
diagnosis_20260823/routeA_full/blocks/426862292.json.gz	280929	e74b128f63085d2606b1dd22d1c507f6af2806b85864cd488effe37c09533f18
diagnosis_20260823/routeA_full/blocks/426862293.json.gz	275932	9befa53c0458e311fea049a1b6e8715a131d40f248ceae508954bbf4002ae8f8
diagnosis_20260823/routeA_full/blocks/426862294.json.gz	298954	48f64a27c5c0fdcb186322bb625d9296212a657540b284d068e45f2a86e4d8dd
diagnosis_20260823/routeA_full/blocks/426862295.json.gz	177877	8c33e1ba252693ba08b96370bb5620d7f61e0bea51a6ef1956b77c19d3f97779
diagnosis_20260823/routeA_full/blocks/426862296.json.gz	239843	66add6e6415ced71655c03f1a2c1764ae6402acf6162e8260fd334b8569a79dc
diagnosis_20260823/routeA_full/blocks/426862297.json.gz	238928	71b33f1079e49fb1a1e514262ef5c3fef036cb0fbcbb04cdbdefdd1860c6acbd
diagnosis_20260823/routeA_full/blocks/426862298.json.gz	232239	869926b9690ced0a940fdb09631f58d277b1e58309d60743a3cf904627a08af3
diagnosis_20260823/routeA_full/blocks/426862299.json.gz	295463	0aec405b5dc53f3dff3f4ff52ddf0c788ffd218f0d008118ab3b252adcb79931
diagnosis_20260823/routeA_full/blocks/426862300.json.gz	296221	43711216899ce63663fea113ca2127c995ca76d5d75a5454d0790e2469319742
diagnosis_20260823/routeA_full/blocks/426862301.json.gz	281060	7dd308bd68a4a81dfd29cb46dfd7fd772e04135406c93446da3ec62df0de94df
diagnosis_20260823/routeA_full/blocks/426862302.json.gz	252568	e5c351294531bef6450b173afe2b8d50b5b4726ad3e881f7172e7c0336525cca
diagnosis_20260823/routeA_full/blocks/426862303.json.gz	344536	e58dc5ad24338caa95c4ddb5c876d951f9f29c79028045aa9c99b006b5c78285
diagnosis_20260823/routeA_full/blocks/426862304.json.gz	255758	1b57f0c1bcdf715928d03382f9f0a962cc060c445158b8e3e4bf1aed5bde14dd
diagnosis_20260823/routeA_full/blocks/426862305.json.gz	576458	74aa45377a105343773d13d5a63fa28c2d69b0a9403939e4e6a8c963fc370031
diagnosis_20260823/routeA_full/blocks/426862306.json.gz	547460	3e5bd56a084a3318213329fdc2b463a6b0a97f593222fcf2b6cacdd9dc79b5d6
diagnosis_20260823/routeA_full/blocks/426862307.json.gz	493816	8c150360d5c74893225047d5903b4431a003524d2b06337d543c03759e011f93
diagnosis_20260823/routeA_full/blocks/426862308.json.gz	608985	a3283442d4992c63cabca9ba535841630dbe17d972d59b50b5c0130d2f77c00e
diagnosis_20260823/routeA_full/blocks/426862309.json.gz	424519	96a227c41670fdea8bdccc5587edb29d16d45351d36f5a006fe8c1188f009c8f
diagnosis_20260823/routeA_full/blocks/426862310.json.gz	315681	7e94539c32c209f0ba6477e6e6a9547d5ac4ace4cfa15bd8f290f5962312cadb
diagnosis_20260823/routeA_full/blocks/426862311.json.gz	370837	500aa915950750471de8981c18b694139426e04e90b4732c24bc6c33aa44b6f5
diagnosis_20260823/routeA_full/blocks/426862312.json.gz	360466	1dada96a66adb7024e73bc08cff0bd8cc230adc509245c6a2bed6e597e91a12d
diagnosis_20260823/routeA_full/blocks/426862313.json.gz	448566	56154dd1e043b27131d2bcd69ca7b106e1309513f63c3366a53c5b624b5058fe
diagnosis_20260823/routeA_full/blocks/426862314.json.gz	419193	e65bbcc1767eddb2db8a4b0b522c0c9705691d0256e9230ac413cadb78752da9
diagnosis_20260823/routeA_full/blocks/426862315.json.gz	546590	e993c0e3108a8fe183e292a2a7cd4a67034cde0f368f3bfafc5317414b7bb9d8
diagnosis_20260823/routeA_full/blocks/426862316.json.gz	428455	d8e55491215a27fc5f3d631ef6b3b5211ab1dddd9d8f776c0d31c778e26ab150
diagnosis_20260823/routeA_full/blocks/426862317.json.gz	428742	68445cf6344fd40f0979d9dab2caef9c75449bcfe47f35bc95886acdeeb7ac71
diagnosis_20260823/routeA_full/blocks/426862318.json.gz	484953	50092b0f63db46b7900aebd330cbeda8b10fb5baebfec7aa8cc278aa03c00df8
diagnosis_20260823/routeA_full/blocks/426862319.json.gz	398550	0481ddfe09b2d25911c8d3989c12ca25b218d478151021dd4cce3ad3bb1a3e1e
diagnosis_20260823/routeA_full/blocks/426862320.json.gz	518203	1d57fef6f15bc592eaddc069ac313d2d88155634b03a4b58808d0afe7a54f5d6
diagnosis_20260823/routeA_full/blocks/426862321.json.gz	397687	cfe60c9907e374360eeea896ce78d705544700fa9363561f00e098d7442e4c9a
diagnosis_20260823/routeA_full/blocks/426862322.json.gz	520974	1524ed204e4210ddbdf6d6402ed625ffb65aa1e7e4b7a7cb2607859c0fcbf9e7
diagnosis_20260823/routeA_full/blocks/426862323.json.gz	541629	182cd448ff0f3ba8a8a4d69c21164b1e9686e279bd12168d128e7bc9eed1376a
diagnosis_20260823/routeA_full/blocks/426862324.json.gz	370911	e6251e639057f95dcc9217a78fe39daf06e74a5c94df86028408dfcf433bc1f7
diagnosis_20260823/routeA_full/blocks/426862325.json.gz	391436	8853c76a3bbf5bee4979ba20ed69adde628bec637e55c60490ad800bcf3fb66c
diagnosis_20260823/routeA_full/blocks/426862326.json.gz	419929	ab08a519b3cf3e71c477fe923a2373ff05a0e9559346b1cec0fef70e76a40fed
diagnosis_20260823/routeA_full/blocks/426862327.json.gz	420829	dd6462958f2f68695e15f9c247bfb37a8f1f39cfadaaa20050dde9e65fc5518e
diagnosis_20260823/routeA_full/blocks/426862328.json.gz	401635	819c2cdfa5aa9d2c22d1140fa528b0c52265571d1d108400038aea3f7b3a1787
diagnosis_20260823/routeA_full/blocks/426862329.json.gz	393273	61349d6eb6b648d55c46164b6bbfa12861d80ca0f665016b49786a81aed44df6
diagnosis_20260823/routeA_full/blocks/426862330.json.gz	437499	4cbe27ccd767298697caffe0634954a5fb5e8fcd80b9613075e8a63abb3f133f
diagnosis_20260823/routeA_full/blocks/426862331.json.gz	365554	111019916d00505d5715b8ec77f04d98cfe65666a22b4760d07d7f24666dfa37
diagnosis_20260823/routeA_full/blocks/426862332.json.gz	401065	7246b27a1543b2bb3959475efb209002d2b1b112e2085d2638cdd986c6f03dcc
diagnosis_20260823/routeA_full/blocks/426862333.json.gz	419149	792922b2c5af75fecd733927af0379077b14319d738667849e8c28c9877b52a2
diagnosis_20260823/routeA_full/blocks/426862334.json.gz	381674	fc65aa692b0c63d1c3615d3db0dae8d2dd3ece73ddbd6c474c11866df3a26413
diagnosis_20260823/routeA_full/blocks/426862335.json.gz	353900	6b0855fdfb943b8d9eb3504f04be0c838e70a1743a6c3cc38e0aa15f560d4369
diagnosis_20260823/routeA_full/blocks/426862336.json.gz	318930	c108c852e276b65bf806c1e22d92b7f842f32c8df23b4c6be1ea64ef6afaede9
diagnosis_20260823/routeA_full/blocks/426862337.json.gz	246831	ed5dc82d2b153795b81c43a1b4a5d3073bb3d8b7b77ab4e84d13529c230ee5bc
diagnosis_20260823/routeA_full/blocks/426862338.json.gz	277331	a2acbea2d70501c5d8efb74a11f7f3eb5fc013c6667ef36a8941ccda373f341d
diagnosis_20260823/routeA_full/blocks/426862339.json.gz	215482	eaaaab489352956b489f4b5b2fcde10d505c148d73f928f205eddbc5fe6c3d88
diagnosis_20260823/routeA_full/blocks/426862340.json.gz	228110	71c91e004aeb9b0b588f14570da7509c4e17217a4c2be51ab46bb99ee714f2d5
diagnosis_20260823/routeA_full/blocks/426862341.json.gz	170911	4b03abda697c346d1bde5b9c8c0c285a37f6450799427d04c8c90f1f3d1c3e34
diagnosis_20260823/routeA_full/blocks/426862342.json.gz	365761	835a718fecf2d9039ec54ec2c5d5b20d6e904d7a59364897bc5d867e86ba9386
diagnosis_20260823/routeA_full/blocks/426862343.json.gz	422035	7a58fff407e2d071fec0f292b43f0ea99881746e58de9411e7c28812610b319b
diagnosis_20260823/routeA_full/blocks/426862344.json.gz	311905	233200e06f90b4300bccc87432ae2bb17a9e2219b971b0f206193a05cb6febd4
diagnosis_20260823/routeA_full/blocks/426862345.json.gz	359728	5e428796791fc26e8bf62f43fb5c9f5e1923a06487da332cd93a7f173d7ad998
diagnosis_20260823/routeA_full/blocks/426862346.json.gz	263633	640a04973c2cab6eab82bb73720aa6fddfdac7dc7d6b6dea2445196732a3da04
diagnosis_20260823/routeA_full/blocks/426862347.json.gz	262087	81311a0135de82c8e15ecbad38499f45572028fbaf9a64139740bd42e2583356
diagnosis_20260823/routeA_full/blocks/426862348.json.gz	288550	4aec7b0763911a555b5bbf95492381a482ec8349944f2f46de3761d7581ad483
diagnosis_20260823/routeA_full/blocks/426862349.json.gz	154666	93757daeb4b675caa6929a632bfb28fd023bf06ef381b4d8945ddf045f7ec5fa
diagnosis_20260823/routeA_full/blocks/426862350.json.gz	217508	8418b81ff9c0ca686d8ed960ef286639bcd3547a7a8f3c22658359afd41656d4
diagnosis_20260823/routeA_full/blocks/426862351.json.gz	191121	aa489df981e550a70c42a8b8c1524614ad5ce5e251c154c4d832d0db5f9e0fad
diagnosis_20260823/routeA_full/blocks/426862352.json.gz	384359	36b261191dab08669035313ba6242f13e898d4c17daedc764576dc30329f746f
diagnosis_20260823/routeA_full/blocks/426862353.json.gz	455830	e895aba17d29253e93249a8214bc4239cdb5dba12c474443a23d83b143abb221
diagnosis_20260823/routeA_full/blocks/426862354.json.gz	239586	f0856c8d2647d312ad67deac4f117042fb249f2297e90a1512821e53d2f149f1
diagnosis_20260823/routeA_full/blocks/426862355.json.gz	244158	35c553a1a378a0102b416b2074899dd3ad90dbc1fd54b454e0f1e55572957a92
diagnosis_20260823/routeA_full/blocks/426862356.json.gz	347678	2b76d819996f0abbda7697cab4684f4847a49f43a86518c0aba8ccec1d7fcfff
diagnosis_20260823/routeA_full/blocks/426862357.json.gz	331016	dba171a321c17c936639ba0807a53f66570f2e91fa832049e8b1749a688d1a58
diagnosis_20260823/routeA_full/blocks/426862358.json.gz	340601	52f6d015217b1eca65c3073326ad7cc5fcca4872e3d0440ae0b6cd4eea49e0c8
diagnosis_20260823/routeA_full/blocks/426862359.json.gz	373439	d607f0b7e6f3b8f5cd68a392f909a828fbe79c48f940546df6ea3b3047a5dbfc
diagnosis_20260823/routeA_full/blocks/426862360.json.gz	291868	430332cca5644aea869a4574171d7388efac8206cd70c3a7d7056ee438b193f6
diagnosis_20260823/routeA_full/blocks/426862361.json.gz	182037	5235ef216f607e658413142f338d12d3a5a376fc2959e938ff0d5024dfebf448
diagnosis_20260823/routeA_full/blocks/426862362.json.gz	297721	02f54cc3d26effa235fd3409206a868a13eafe8e230d366c80c2a31bcbb7e132
diagnosis_20260823/routeA_full/blocks/426862363.json.gz	307597	d3707ecd87aa049218b56dbf98d9fba88521465e448824629e9f51960699432f
diagnosis_20260823/routeA_full/blocks/426862364.json.gz	215346	70bc092acefb8f3a364a2bd78904e34c52dc470e672c96954a1528edd67101a6
diagnosis_20260823/routeA_full/blocks/426862365.json.gz	234587	b7230ce444f689faf774e96ca74eb987672a5be7542867c81b3bbcf9bb800977
diagnosis_20260823/routeA_full/blocks/426862366.json.gz	302611	d2910d8653c965aa3ae291177ee970a99a650630594acd0a2163d598b50e8e0f
diagnosis_20260823/routeA_full/blocks/426862367.json.gz	314630	112776524eee047629ea8c433e725809e55a5d3783f726fffcc196f1772b7acd
diagnosis_20260823/routeA_full/blocks/426862368.json.gz	290979	fd5fa259ab3256146aa78465ce4a23ea36dbf8462aef466e0f900135a7113f61
diagnosis_20260823/routeA_full/blocks/426862369.json.gz	418068	76818d2218a4e93224b4ed392afbbe5d4bf5adcaf8676f66b83ec6f234032a89
diagnosis_20260823/routeA_full/blocks/426862370.json.gz	385140	99db360d049acee85d82bac1cde61cc1965d3df70e93d811921ab9774752ac16
diagnosis_20260823/routeA_full/blocks/426862371.json.gz	234610	aa57186254ac031aff37005f1bab2726147d16176e7a1e2014a5ccb89cef5ee2
diagnosis_20260823/routeA_full/blocks/426862372.json.gz	259437	2036a87f253f487b373f79f94c3499b876be7353b57ee8836f829d7c90bf5901
diagnosis_20260823/routeA_full/blocks/426862373.json.gz	157838	99f710804ee1a82a87a53e0cbf62380a82710442719bcae8604797d34e08c0c4
diagnosis_20260823/routeA_full/blocks/426862374.json.gz	239543	111ec2069a469bd95ccb70cea19ae927723f24ab6a7ebe804a4b138af150a92a
diagnosis_20260823/routeA_full/blocks/426862375.json.gz	194675	6f6314055c3beb6832e69c6ca6c29abc42472d8f1364cc0d56aee43c0852cfb3
diagnosis_20260823/routeA_full/blocks/426862376.json.gz	263921	900c75633cb7c3bc2a97c8d3ad0e9f40a44562226706c4c6e37f8c8a5f105b92
diagnosis_20260823/routeA_full/blocks/426862377.json.gz	312788	d12af4d7b0114fdbe0af02cb197ecd9d38478edc53ef5052bf77d5f6d1b12929
diagnosis_20260823/routeA_full/blocks/426862378.json.gz	400407	0f5ea036b8606aa538d59b24ea50c8fce0a8bbc347ba46f66f1c6492de5a9660
diagnosis_20260823/routeA_full/blocks/426862379.json.gz	334529	6b7d5e8033ecaadbab2858c05162c68628400c96697420513682969054ee1d01
diagnosis_20260823/routeA_full/blocks/426862380.json.gz	445988	05c42f859a2c8a7588ed48ef61c5d973173157a1b2d76d1e0d7a1ae5d5425b9a
diagnosis_20260823/routeA_full/blocks/426862381.json.gz	404553	f3b41fff0e9d340fa2597c55bba81b457556ad315bdea4a755322ab3a43b154c
diagnosis_20260823/routeA_full/blocks/426862382.json.gz	383997	5c2acd7cc710b8ee0d05807fdc70c003ea78fdd0e045138ce235aad3acf7b037
diagnosis_20260823/routeA_full/blocks/426862383.json.gz	387783	25b4b86d66125f0d8db14654d8e7b1b865bc3f23377992a4753f52a4ac25c5f2
diagnosis_20260823/routeA_full/blocks/426862384.json.gz	364058	c72eb52f718eed069728ba9e3bd22fc1a91d9177367f5da70f258ae0f6f000b8
diagnosis_20260823/routeA_full/blocks/426862385.json.gz	350387	450632dedc45f0423ba57cf84ca2dc6ff51a7aa564dc98278cfa7cd507693a2a
diagnosis_20260823/routeA_full/blocks/426862386.json.gz	289540	6346b7144d447c3bce1b6375404c090961f193c845250365e90646139ff52d4d
diagnosis_20260823/routeA_full/blocks/426862387.json.gz	250016	0614103a339a21e313e7918c30c790fccbbf16541df0ed0d798c364f96e1773f
diagnosis_20260823/routeA_full/blocks/426862388.json.gz	419087	08c7b24de408f213ade4cfbdc31b18b2b4b83551d86b8348546cde2158587278
diagnosis_20260823/routeA_full/blocks/426862389.json.gz	453937	f99716139d86219828c1e35a20563ad450bc030ce3c28a222bc227edfaac27f3
diagnosis_20260823/routeA_full/blocks/426862390.json.gz	441870	3bfef59d5e396224223705acb0106f214c0ed00ce8b2395542ada02edd067495
diagnosis_20260823/routeA_full/blocks/426862391.json.gz	463849	fd3ffa5203b36ccabe22ad31e98a0eb5ddf54969a5ecf22caefe53f7603199bc
diagnosis_20260823/routeA_full/blocks/426862392.json.gz	480571	d1c592eb318a144cd4f39c7766b0ec732539a1f9e6d3d3c87c316665f0240c57
diagnosis_20260823/routeA_full/blocks/426862393.json.gz	423594	d2d2a9c6161267c4752f4f6c8dd14ce1b6ecc35945d6df3366d2a993d6e2c1f5
diagnosis_20260823/routeA_full/blocks/426862394.json.gz	431186	d5f42f5787e5242dd47ff56e873df4e4c940ed61da290e711b5001b023ca4539
diagnosis_20260823/routeA_full/blocks/426862395.json.gz	305744	353be2233c38ddf541da76998813ce9837d6310b34b342e5485d9532890362e1
diagnosis_20260823/routeA_full/blocks/426862396.json.gz	335886	0b18eb11fd38adf73fc0498cc87256dd1afb9359fb9d55e047a6e5fed06b6ed7
diagnosis_20260823/routeA_full/blocks/426862397.json.gz	388908	4bc9d02f8d688dcc1d7f83977ffe6130028df90f04e519fde73d93ae65abc13f
diagnosis_20260823/routeA_full/blocks/426862398.json.gz	415522	3ce893b93a1800217c8da3dadba522cda229ae0ae146344cab05a9d690aba111
diagnosis_20260823/routeA_full/blocks/426862399.json.gz	388891	ef16de8cb4cefbe358c5c990ca6ee584fb74136b8c536d55d2d509bfe349d246
diagnosis_20260823/routeA_full/blocks/426862400.json.gz	290032	827f5e23523a1db7d5b4d33f0948a2866efb2f50e3ca65fe7d84f08b80156333
diagnosis_20260823/routeA_full/blocks/426862401.json.gz	164357	93becbaecca7417b2dc092a999ebd265be51f814d2e8b1356a60bf40cec9789c
diagnosis_20260823/routeA_full/blocks/426862402.json.gz	314503	0515c6675c11d477f770bc3008364406c27a335a2d8ac769cc1b82141a990733
diagnosis_20260823/routeA_full/blocks/426862403.json.gz	238216	28035e2738f3170667d7ba175b5c93273a153a4f83a8dd26c7273d0944554319
diagnosis_20260823/routeA_full/blocks/426862404.json.gz	184517	d0f9ed9c22cbe8328f1f05e7f21ced05a9cf2fa5a2d832f5beb0e4ae0af1c041
diagnosis_20260823/routeA_full/blocks/426862405.json.gz	147750	7cead3a9a705ba5bf6c53feb084c93c6269468eb0eccd3074c233653074b4cda
diagnosis_20260823/routeA_full/blocks/426862406.json.gz	170236	bad27a073efcc91bbb5a4e110b2be5900aea246201992fb4673fcbef10faa9fa
diagnosis_20260823/routeA_full/blocks/426862407.json.gz	175078	6014d8fc512f69ab81c4d36d7d9754c12dd5b29a0ce34f757427665c60fe991a
diagnosis_20260823/routeA_full/blocks/426862408.json.gz	171677	14a4a2250329f3193c54336666579f6e9ced419e4d6c960f4e909f61fe9a9206
diagnosis_20260823/routeA_full/blocks/426862409.json.gz	170444	f1235f288894d32c4c45360426eab8b4d40e8084a6a4562bd9961b594269f886
diagnosis_20260823/routeA_full/blocks/426862410.json.gz	252294	2cbc689b69d042a3f721bfcd8d520e3c0d3c165b66978b54b933727ce5d1298b
diagnosis_20260823/routeA_full/blocks/426862411.json.gz	184678	4ba2aaec1fb718f5aaa30922c77c46750bb9159b28fa602abe8e1d4f1033872d
diagnosis_20260823/routeA_full/blocks/426862412.json.gz	317369	7a0168bc0e9d6a39596d6874907073065f34ebd415ee5475005ed3ba6b9e6112
diagnosis_20260823/routeA_full/blocks/426862413.json.gz	257911	0cd98e90ff0a8d1d6c1cd476df65ff3da07f6eb37a25e7fb1d14eb89b1a71c7d
diagnosis_20260823/routeA_full/blocks/426862414.json.gz	195446	649a323d8b1b8c7f557a93da59e5d4656665eb875c09628a283c56222117a18d
diagnosis_20260823/routeA_full/blocks/426862415.json.gz	155392	74bd5caef3b37d20ed859ee37f81e41500930d30b40a6049d4199c7733f7215d
diagnosis_20260823/routeA_full/blocks/426862416.json.gz	166155	bc4403e5778eb307c0e875f6eb9d312fcc376da8eadc5621598f162bbe8beefd
diagnosis_20260823/routeA_full/blocks/426862417.json.gz	258539	9813c31fa11ba15bb6ce2b31022fea74e2d083c4f6a79696a8f1dde392e0af72
diagnosis_20260823/routeA_full/blocks/426862418.json.gz	212228	75108632ff81a1d9d65d9ca2514dc65ee522839ee105a04f076ea079b7db5b7b
diagnosis_20260823/routeA_full/blocks/426862419.json.gz	211848	361c3c5b7ea127212db325b5e97f68c88a3bb09a1483e703618169e4d43ec2f9
diagnosis_20260823/routeA_full/blocks/426862420.json.gz	199704	fc5d37191ea0fe9b464ad066cbb3865be515540dff758a6d8a7b15ff286eca40
diagnosis_20260823/routeA_full/blocks/426862421.json.gz	177712	88f10b964a78f8a62eee30caab15dcacc4da57e50b3af412435526052c705766
diagnosis_20260823/routeA_full/blocks/426862422.json.gz	211763	3b641263d3993f5725b2a5a5fbdec206302532d4c592eed0a563d68d4f0af124
diagnosis_20260823/routeA_full/blocks/426862423.json.gz	326023	0fe464f58aca36d706a368a3b19c01da40f7eabcc5f077bd30149ec292771bc1
diagnosis_20260823/routeA_full/blocks/426862424.json.gz	481259	d5002c682ea2f4701ddec1b0749f045497c6c558eb26d24e97efd4e222f8787a
diagnosis_20260823/routeA_full/blocks/426862425.json.gz	380718	1ea218b1018f9beaea95f9b2fd3aa56a2de3c80cefa96498136ee1da27cf4902
diagnosis_20260823/routeA_full/blocks/426862426.json.gz	346308	5a121d1ae0b25db8ac0d9f50eafb31d0bb5206cde77cc3d5001e3dec980f9770
diagnosis_20260823/routeA_full/blocks/426862427.json.gz	324314	8f80c0987c88aabf8f05313f803e09d7256c02c5a355fd5a21fc8a265b63ebc9
diagnosis_20260823/routeA_full/blocks/426862428.json.gz	323051	b0b398287d8256a9e948d0bb033735d852792f55576891310a0ca016bd0fd3b8
diagnosis_20260823/routeA_full/blocks/426862429.json.gz	201749	05f0a3c0cf5f6bfb7e76a67afe94a67ffb393f87b016ae12bcc57948093042ec
diagnosis_20260823/routeA_full/blocks/426862430.json.gz	176378	8f3c24b4bf48ced7bfb9d564dc7f8e3071b21dd055c7e0febf0e08e1f86dc130
diagnosis_20260823/routeA_full/blocks/426862431.json.gz	180915	a067b1a40c30339a3ad0d84a8d2fea121be027ddf388661c138a5dbd591ae08a
diagnosis_20260823/routeA_full/blocks/426862432.json.gz	193262	4f85226873692ce9946864e4ace5a39201d5a4447d0b308349756546cf638c51
diagnosis_20260823/routeA_full/blocks/426862433.json.gz	427874	7021c7187b4fa0d84d6ce48b5f88bd852812db77d5d8b86f0dca6b462bcf5c1c
diagnosis_20260823/routeA_full/blocks/426862434.json.gz	568063	b8d53bee1ce02e5d2cfc00590419a97c8f16071308129c799d2498653f42959b
diagnosis_20260823/routeA_full/blocks/426862435.json.gz	442691	4eeae9f4fbc2caea811eb38792e342c4231c629dbd34804b8a78eda3f2545172
diagnosis_20260823/routeA_full/blocks/426862436.json.gz	468446	c4b9ff9bfb5ad8f782f66f8163f66e96c838da502879e33ad199a5438a1c7f18
diagnosis_20260823/routeA_full/blocks/426862437.json.gz	247846	3e9893fa00ba8f939623829d7d1d1e60bd8e368ef509c99cf61d69ef1730901f
diagnosis_20260823/routeA_full/blocks/426862438.json.gz	324066	313e663d4bb48790cbd88beda617fce367d257e80571f688ea739ab572f35a9c
diagnosis_20260823/routeA_full/blocks/426862439.json.gz	229226	457b599f3f383e3e853f374006e9ed85763ac887e5c949fd1d2f16e1e6eef049
diagnosis_20260823/routeA_full/blocks/426862440.json.gz	192435	3e492b23088780ed4b8ad4285cc39abd8359aa7adf9e92f29b98d24dfd64f985
diagnosis_20260823/routeA_full/blocks/426862441.json.gz	161204	b2d7f7570fb134b296fa0ad1ca650c8dd09f4ae0b70916d22c13106b6e874877
diagnosis_20260823/routeA_full/blocks/426862442.json.gz	363270	f969888a87536f22de4f59e23ea6b2bc017ace9e8f53ff0447b931733a7ab5cd
diagnosis_20260823/routeA_full/blocks/426862443.json.gz	291815	defd6315b166453905cf417898ccb890c5c33ff7f3b00adf33436af0ca8e964e
diagnosis_20260823/routeA_full/blocks/426862444.json.gz	231132	dae00629c1db037ff71227ab7edc52fedf4af20d051dbf95970b24f58a465b32
diagnosis_20260823/routeA_full/blocks/426862445.json.gz	195664	e9a73d1863514c0c63422bf66d7fa48ac49efc8cc3ee08a5dd2ce14299ee9f79
diagnosis_20260823/routeA_full/blocks/426862446.json.gz	186169	2e9827d1613cac9f7d77351a36423b814ac036b6cb23a5b261f7b2852195546a
diagnosis_20260823/routeA_full/blocks/426862447.json.gz	155855	4dc4bb2b7a7b59300d03497fff5318cf5ff1f6cf2b85161c9248f488a5c9ff94
diagnosis_20260823/routeA_full/blocks/426862448.json.gz	191870	cbf03f818999c1fd921c74b3e4da7fb8d3dedc68ac956ada0cda803eaeea43e2
diagnosis_20260823/routeA_full/blocks/426862449.json.gz	405585	77a67a3484ae6eb070c467b43cf78097924fb8bc7815de826b3619d8a2b590da
diagnosis_20260823/routeA_full/blocks/426862450.json.gz	531459	58e514169321339265431c8e6d5e7e5344895fb0c49a2775b1bc4685b6c4bce9
diagnosis_20260823/routeA_full/blocks/426862451.json.gz	329861	6642c8456d2cc9fed11ff74236e76b461bb1aa9bc9117b9e1831048eefc082f2
diagnosis_20260823/routeA_full/blocks/426862452.json.gz	345542	614751dcfb2cc89277a1ca7c50179a484f4adf3c34317e6747c633d429eee2b0
diagnosis_20260823/routeA_full/blocks/426862453.json.gz	410438	8840f495876e9ed922fc74e13ebe34630d54e85f3c6171dd0f1af9e52c250100
diagnosis_20260823/routeA_full/blocks/426862454.json.gz	374925	5b9baacd9040b9fde2bedcc8cf324cf5426e0b4301ded217df0310c7a5c1fc69
diagnosis_20260823/routeA_full/blocks/426862455.json.gz	419249	39b1656e441d19bd8581b8963aed2ce6682b9dc1f36dc855f8be55b42bec6479
diagnosis_20260823/routeA_full/blocks/426862456.json.gz	234497	8ca7b91081bcc6fc9ca4a27047c15b15fc99edb963b00d16ca89419e7d720c4e
diagnosis_20260823/routeA_full/blocks/426862457.json.gz	309017	936cfe70e3e38d35a823b393c185e7f25d66489e371538935c61bc253f5a2327
diagnosis_20260823/routeA_full/blocks/426862458.json.gz	273513	e04abc9d22b6ae0a80eb3d3fb048094ef2713d12e447e5f440da887f85209895
diagnosis_20260823/routeA_full/blocks/426862459.json.gz	203100	087a379281483bfaf54d28399ec305cfb455970a53386cf2893eedfd81abd426
diagnosis_20260823/routeA_full/blocks/426862460.json.gz	175818	e2f4901e0c1823069472512c71811c95672acec28d876b85ec6f4c333560c87e
diagnosis_20260823/routeA_full/blocks/426862461.json.gz	272139	88661c35f368e5547f653cf40556a9f47d2ff6853042771cf71413610b2cc9ee
diagnosis_20260823/routeA_full/blocks/426862462.json.gz	259559	d5a956b52467b2cf720827880d40ae5d5213f292d57a46ae634b286047833ae9
diagnosis_20260823/routeA_full/blocks/426862463.json.gz	291766	fa4cf786c060bc3be7fd7d1b91c427b7aa00ba0f750cb12c64229b8fecc810aa
diagnosis_20260823/routeA_full/blocks/426862464.json.gz	289460	59beb5c72cb5f7fcc329e4ae7c3a369aa14fa6464d1260fc5a56cf318b0f1258
diagnosis_20260823/routeA_full/blocks/426862465.json.gz	269342	75bf0b5fe74be6fa6b3e6f465c3204632a67360cb3aa4c52db835f6bfdc08985
diagnosis_20260823/routeA_full/blocks/426862466.json.gz	163150	7a6834596f409fcc1a31ac4572f98cf5978076e35fcd2ee1b4a5205543389de6
diagnosis_20260823/routeA_full/blocks/426862467.json.gz	228897	71fa2c72a8a72f780d408f5b895c7e0b2463c7bb6703869795e6b6efbcfcf9f4
diagnosis_20260823/routeA_full/blocks/426862468.json.gz	248152	9191ebad209fe867de72e60c326d9cb4b890b21a939488f6a2e9a5dc6096bb87
diagnosis_20260823/routeA_full/blocks/426862469.json.gz	226564	ef3ccd76dae68919009a76abffaf28bb2f6ae2c2772a154f6a397ef8e8654efe
diagnosis_20260823/routeA_full/blocks/426862470.json.gz	154945	953fab89652d4aa32f820410d8d44f8c6aff0b3e623481e97413d02878cbdd73
diagnosis_20260823/routeA_full/blocks/426862471.json.gz	249242	169c5618bfd9095f19d3a0cdf23ecbd89492c794161b831219e953baf38f63a7
diagnosis_20260823/routeA_full/blocks/426862472.json.gz	281868	ce1a962b2e1d71a5b568d4bd64ebccc6b8ebc2bd84f22d1fe42d3efc0c94b1a9
diagnosis_20260823/routeA_full/blocks/426862473.json.gz	224525	478d08f115902ef475e89f67f4dd67760972f73486a26d4ec45108304c5e1938
diagnosis_20260823/routeA_full/blocks/426862474.json.gz	246094	5f63bcf54651171692ec5fe7b857c7c6b85896c11ba0a04f9e27b7745a8493ee
diagnosis_20260823/routeA_full/blocks/426862475.json.gz	197259	418d160cebc69266ec1218f910b996c59561f98091eedbcffaf947b7bd7e4f5d
diagnosis_20260823/routeA_full/blocks/426862476.json.gz	220302	a6ee96da0597470d068b9ef9e85084afb57a08e3112ecebde2151d24a2465a80
diagnosis_20260823/routeA_full/blocks/426862477.json.gz	129855	9834dd13274dbef61baf87c062ce706e7e9da3758277d2d2523bd392508ce1ab
diagnosis_20260823/routeA_full/blocks/426862478.json.gz	189396	b9313c34335e5a1b572c1e1cb4b478cb3419681874ea078ca72ddfeff681dbfa
diagnosis_20260823/routeA_full/blocks/426862479.json.gz	231688	3cad1c8751bc7eb9f27947d433be3c5b7abcaf880ad9ec3bf787fa153e9eaf41
diagnosis_20260823/routeA_full/blocks/426862480.json.gz	275133	fb4ffd4a31e4ec942f0cebe16a0ef680abce17d542e2e55e3d3536f6aa60ce2f
diagnosis_20260823/routeA_full/blocks/426862481.json.gz	171552	862c892c81a91cf8799105840a532a1d8365b52e0eabad11ce9c8a4f77afebaf
diagnosis_20260823/routeA_full/blocks/426862482.json.gz	204538	970c6df8c1736462da0a312e38032219881740aab5d5a16a4a6e1b068724efce
diagnosis_20260823/routeA_full/blocks/426862483.json.gz	244612	902d0925ad9566e6a675f4380d29c2db13e46e6e0d271f2e1f02f2dcd9d63d5a
diagnosis_20260823/routeA_full/blocks/426862484.json.gz	141632	d28631c3088cf3b736bf9d86403ed3518097bb6652010f9ac82c46e00dd71c49
diagnosis_20260823/routeA_full/blocks/426862485.json.gz	274853	c0b8b1e437d2fea5183a736e181c90ffbff825bec86077b17dc0ac87891283c3
diagnosis_20260823/routeA_full/blocks/426862486.json.gz	357258	f0d716dea93601734a44d106b0cff1d80acdd307c1ba9a55c0c855cafb4bb073
diagnosis_20260823/routeA_full/blocks/426862487.json.gz	344395	681d79bbdacddcca0f8d713c1f46f1f2d5ce60b1d78b34dd5412d04747d09686
diagnosis_20260823/routeA_full/blocks/426862488.json.gz	198070	484f44742bd696316160bde963fa149014e3544e9f45f371bf5279bda623f928
diagnosis_20260823/routeA_full/blocks/426862489.json.gz	176854	cfece2f899556928ec226f72e460a620df3b9bef93c7f6ba83dde6ca8d2d2f4a
diagnosis_20260823/routeA_full/blocks/426862490.json.gz	251057	ab54a6bccc76438efb16fb428833a554e1f14768956b0287073e604cc139870a
diagnosis_20260823/routeA_full/blocks/426862491.json.gz	313097	328ce71be770eeb4e1240a55e08fae30d8a876ef38e0b7ff2aafbb146f518c95
diagnosis_20260823/routeA_full/blocks/426862492.json.gz	400431	6f9ee43b5741bd246466e1f9c911ff1a614ae873765c6c8e10bb208debe9d0f6
diagnosis_20260823/routeA_full/blocks/426862493.json.gz	180995	42c43d1fab6d79e79c298d7271b85004bc7997378a1cb68d87e72016b0fa12c0
diagnosis_20260823/routeA_full/blocks/426862494.json.gz	408328	191c3d2893bb13e2404e11abbdd70415fb9b7a220aca3ceb914d38d0014f773f
diagnosis_20260823/routeA_full/blocks/426862495.json.gz	217957	71ff1e37cf6e2cc7ef2afe9e77eb717f9e87e04c821cbc59bece59bec06e2177
diagnosis_20260823/routeA_full/blocks/426862496.json.gz	280466	35e2a1ddafe4f6c8420812caa8f920077b941041e45d4bcd980129947f19fd05
diagnosis_20260823/routeA_full/blocks/426862497.json.gz	220906	f0ad0b3c651decb8e3eb38c63c0c74af47c22def4e445f5e7f5df06798cb0bdb
diagnosis_20260823/routeA_full/blocks/426862498.json.gz	181411	fbdbed32bb703cb52e2df7ea603d830a959fa099201068e0b6b6a68532922f40
diagnosis_20260823/routeA_full/blocks/426862499.json.gz	207749	544b5968534ea6a6830e2ffa5b19b67e7a3e12794c1b08ae6434c6cd8a396fb3
diagnosis_20260823/routeA_full/blocks/426862500.json.gz	204423	103e38c640e778989f2b2d5c2f1e48b46e77e11c5efbaf615330394547cd9692
diagnosis_20260823/routeA_full/blocks/426862501.json.gz	185577	a1fade6fcff4abe5c343242f6c0c1edf877384a24db44af931d4ca181c61ff7e
diagnosis_20260823/routeA_full/blocks/426862502.json.gz	166784	6d0aa2300bbdcfac7418ddfffea4bbf0f788a298b5d502a2422ba265311d1179
diagnosis_20260823/routeA_full/blocks/426862503.json.gz	232456	6072b6c2a47565f4bb98e303269fff3a601131bafd915b4ed887629c511eee38
diagnosis_20260823/routeA_full/blocks/426862504.json.gz	446898	b4a205fd30c08729764802552dc03eafd84e8a98f5a0566a24b2d240955cd5cc
diagnosis_20260823/routeA_full/blocks/426862505.json.gz	349836	462af1c5207168c7d82bbe71279eb988b3db0ba5c0b12c7a9ed6de3c07e5e67b
diagnosis_20260823/routeA_full/blocks/426862506.json.gz	344650	100be5cde8624b1a840e75d26a853504652541cf1faa4b5d51b433f7a1992133
diagnosis_20260823/routeA_full/blocks/426862507.json.gz	282066	80c730211647aac57c7f134a1b3bd9e4414d95e3aecdc4e3efde8d5b6dfe79b6
diagnosis_20260823/routeA_full/blocks/426862508.json.gz	380569	0bdd16cceecb8ed39e865159f23fa580d84bd8b6f7a6f4674bd38bd3b3fb1add
diagnosis_20260823/routeA_full/blocks/426862509.json.gz	288548	34a656187cf06ce0231bed3b5adb9acbd2216865f79dcb762cc12bea81ff816e
diagnosis_20260823/routeA_full/blocks/426862510.json.gz	419942	0c921ffa9f4d668d706dd701474b13a1bd55cdd3cc0702893a964d26ad0cdb2e
diagnosis_20260823/routeA_full/blocks/426862511.json.gz	437821	31b5e3b61863e1c2b99e476583a57b5ffd06cd390ad0bd54686538b603d73570
diagnosis_20260823/routeA_full/blocks/426862512.json.gz	691215	3bea6ca5e2a465d05aca7cb9311e17a9eccfbdaa8f638c41a248a78f28c181c1
diagnosis_20260823/routeA_full/blocks/426862513.json.gz	524979	54c58b89be2d5d3808cad980a94b18065db209d97748739df8c45d171f520594
diagnosis_20260823/routeA_full/blocks/426862514.json.gz	504607	2421d89dc59f934389d852f0c48d3b7d5d3c8aad4f085661fa7589f8422891ba
diagnosis_20260823/routeA_full/blocks/426862515.json.gz	358882	9dc13209472f49e678e80b7cfbabb73b2514996e5e94c7b429434689cacc2b0d
diagnosis_20260823/routeA_full/blocks/426862516.json.gz	278112	14be121b8a49fe56c85db383a77c24bdf07ba508a63441b066ebde39e6ec66d6
diagnosis_20260823/routeA_full/blocks/426862517.json.gz	291618	5ca58536c7d683c9c8f6bef555a3c2e2cf438470ad904aa9ab283b747e0db13a
diagnosis_20260823/routeA_full/blocks/426862518.json.gz	483728	d84f52fc9ba834556da4aafef5b6a17743c1640f96aceaf973a96a607162aa17
diagnosis_20260823/routeA_full/blocks/426862519.json.gz	430149	54f00aba009a4a55bd6f9fc5294a23b29f1597721b07714b601fc6de29b27281
diagnosis_20260823/routeA_full/blocks/426862520.json.gz	361307	65baf0106d39f217bb4e1e6c2117fc86cbe27978f1e56891a1c53924212e1e6d
diagnosis_20260823/routeA_full/blocks/426862521.json.gz	371550	555f694b41088dc0a9b2d4280b29d07f1552c47139a0b486676158421bfeb964
diagnosis_20260823/routeA_full/blocks/426862522.json.gz	482413	2a5236e488ed3ef3f5ac078b9389856dc490d541d7b9d80d4b79ae00ceac12f3
diagnosis_20260823/routeA_full/blocks/426862523.json.gz	430616	f6d2f40ad5ce0abe618b918542c15447cfe0fc523a125e4ef37be30424059694
diagnosis_20260823/routeA_full/blocks/426862524.json.gz	354914	05a2dc73e399cd1c77700c1f0a2dbc5ce0cd483bad21b9ed4ce3f5d22c1b634a
diagnosis_20260823/routeA_full/blocks/426862525.json.gz	320679	d4cf2c185fe1a4aba11ad4113c8b655c68681c136039781e2de10da56119ae30
diagnosis_20260823/routeA_full/blocks/426862526.json.gz	263192	1aca91edd260baacae063f3bcafa590d412b7169cc2a5f62fec28452d4c76749
diagnosis_20260823/routeA_full/blocks/426862527.json.gz	209126	6bd5d8a24bcafc67bca8bf2b026c36809f157a056f238f97a41d7a60d7440b46
diagnosis_20260823/routeA_full/blocks/426862528.json.gz	262651	b86061248bf12c4dbb20feb0a29e1822ba6903214d0cad3d36ff8d1ee624033b
diagnosis_20260823/routeA_full/blocks/426862529.json.gz	182512	f1125b7fd8a3526bc37010de49fd046f7b68116196bf5e4efa6746e15adaf4bb
diagnosis_20260823/routeA_full/blocks/426862530.json.gz	185523	150f3ab717ae7ab08e272c2f812b7f7369c8763f36cb598870edf2f57afa4cbf
diagnosis_20260823/routeA_full/blocks/426862531.json.gz	182707	99a86227440cb7a2bcf9f0dbfc8306088c7c9a541fa4d93bd871edf83bfd9336
diagnosis_20260823/routeA_full/blocks/426862532.json.gz	250923	8b40b7bd8f445eb838a435cf47fdba498a582ed75c0d8492228d5261e088254c
diagnosis_20260823/routeA_full/blocks/426862533.json.gz	207438	8c89f7fa46185cfb7729c9dabe13066dddef80cbce94ff99aadc9b46bd5479a8
diagnosis_20260823/routeA_full/blocks/426862534.json.gz	198028	c2ec3a75db44ba9a0121ebd11adf509cc1ab3165069b290f5195c516051ce897
diagnosis_20260823/routeA_full/blocks/426862535.json.gz	163028	e3a31cd5c36ac500a1a891d2ebb898799159febf961010f62471837062600131
diagnosis_20260823/routeA_full/blocks/426862536.json.gz	245874	830e4c758af72d4f6c613da3c9e8784f9714eca3311c96e5b1e35de035d2d4c3
diagnosis_20260823/routeA_full/blocks/426862537.json.gz	156940	9fc8e623537e443ba429d9da41dc97042aa0b90a47b8dde0119cfd03e7e12d94
diagnosis_20260823/routeA_full/blocks/426862538.json.gz	144431	44ab204b04e0d0633326d7451752649171f196a562982a483e696ebd5cfffdd7
diagnosis_20260823/routeA_full/blocks/426862539.json.gz	185534	9256961dedd23b389a93852ccfd89f5812c0333012dff2ad39ba6af53d3f4db8
diagnosis_20260823/routeA_full/blocks/426862540.json.gz	317159	31e892807c40c89208b0449e40d17cf35c349fbf83bfcb841e9ba4907b72ba9c
diagnosis_20260823/routeA_full/blocks/426862541.json.gz	319098	9bb6aa8c878eb44faf945249f6d8be44a6854c5ebd2e8c1fc025d956f5d49df1
diagnosis_20260823/routeA_full/blocks/426862542.json.gz	160092	7a2251a2f968270a4ce12db9bc8eef61579db447be820d72793f2f018c492bb6
diagnosis_20260823/routeA_full/blocks/426862543.json.gz	167659	b35b0aec4e5fbaa2c0c57486804e622daf65f4f29830bce59c1180f86ad0fa7f
diagnosis_20260823/routeA_full/blocks/426862544.json.gz	224539	754d65931a8c44ae8be3f88c237ce112f6e8932cb7e4ca9476b3093a9cac63a9
diagnosis_20260823/routeA_full/blocks/426862545.json.gz	217654	0ca829dc4745e7569e5d0819ce70b1e23367b0cfec1dd424cc2b39e2192379e1
diagnosis_20260823/routeA_full/blocks/426862546.json.gz	290308	9b5a5c8c8dfe59bf7ee49f91d66aa95e8e32e60450ba6a7d19aa6795459b59a1
diagnosis_20260823/routeA_full/blocks/426862547.json.gz	192622	8446156d30a9ea6e2c196e82aaf06741df38c6890fb6b7a149b5863daa0eb73e
diagnosis_20260823/routeA_full/blocks/426862548.json.gz	199912	5e4fdc8a3fb65a40c848b30267623d60d1277d7a47b80b00e06607f3b693e197
diagnosis_20260823/routeA_full/blocks/426862549.json.gz	237185	8eca9474721f97d66269e9113d932747c930c96b18881244f2176c93772fa8b1
diagnosis_20260823/routeA_full/blocks/426862550.json.gz	174927	7f17de2cb98a1d2e1efe4e55a40da880e64beb6c177318a12fa0e2067b0dddc0
diagnosis_20260823/routeA_full/blocks/426862551.json.gz	288667	0779de4fa3b86d1ac24546721bc53b16fdd222fe7be6fa405b5c9a1a33dffb43
diagnosis_20260823/routeA_full/blocks/426862552.json.gz	156475	5da85fb39b85a81ae9ffffffaaebaccb2fc8f04b9ca918339abba6b230a99ccf
diagnosis_20260823/routeA_full/blocks/426862553.json.gz	278568	b5d3492b338c0aa68191b2af75894a2dc922c2b26c750e26df0af1993e2939f8
diagnosis_20260823/routeA_full/blocks/426862554.json.gz	180564	0389300688cee6f87b5dfa5dc8f6ee8a38492f5b6790d4a610b5eeb8cde77735
diagnosis_20260823/routeA_full/blocks/426862555.json.gz	166291	5474e7c8f9b16ab5b165a8ef481ffadecd589060ccb188df5a2dd4c399e937fa
diagnosis_20260823/routeA_full/blocks/426862556.json.gz	283089	991f0f6d87852a15c89dec118dfa17b79a5fe02ee6594a9b63c7ac3c84b4405c
diagnosis_20260823/routeA_full/blocks/426862557.json.gz	459024	023e4a1cd8b7eff2006d0421f1b287049fb4dfcada4a7bdf62991f6fcbb46ae3
diagnosis_20260823/routeA_full/blocks/426862558.json.gz	299028	2767eb057f1bd1dd5ec8add4873ae20b5e66c7ba8a76d867ed8866293cb4c1cb
diagnosis_20260823/routeA_full/blocks/426862559.json.gz	334690	ba753a7e8f1e7c7a4bc67f5e9c592b33829646e1793e9bdb20ff472e6fd27949
diagnosis_20260823/routeA_full/blocks/426862560.json.gz	340324	18327e20229c6d1a95e3ae81dbcedfadf4594d179657989b0ec7f833b5412d09
diagnosis_20260823/routeA_full/blocks/426862561.json.gz	352967	2c4897b8de3ef8bbb0d93a2a236e6bba3c6d8024cf1456c67e7e7b09765b196f
diagnosis_20260823/routeA_full/blocks/426862562.json.gz	208181	865d643e3f11f54d0510d9ed674649e56063743de8e0c755d5be591728f36fb9
diagnosis_20260823/routeA_full/blocks/426862563.json.gz	340105	7bb38feacff37bade0867e4d4883dcdc8028cf0507b5551d9bdfecf986e6a41a
diagnosis_20260823/routeA_full/blocks/426862564.json.gz	339269	1bc665cb122af7da64c01bc880fd39ff067eabe05926e53e17acbf77f8fe278c
diagnosis_20260823/routeA_full/blocks/426862565.json.gz	257969	4939f7c9798eeac92ae5f6a5e7eaf185f3b2fc6a9ca427629c0e0ac2d5688449
diagnosis_20260823/routeA_full/blocks/426862566.json.gz	288355	073d9faa4ca0d007cdbb916f41ec042b5a68c9e2843f903b1089857a46227019
diagnosis_20260823/routeA_full/blocks/426862567.json.gz	352818	884639fc201154688643e6b45f13d0042a4af31c832ea8d8d2548d6b616fdffb
diagnosis_20260823/routeA_full/blocks/426862568.json.gz	254674	2a6c99b2b735eb6783ca542559e4df9bcd95919dcfae26b488992e8621265ce1
diagnosis_20260823/routeA_full/blocks/426862569.json.gz	234959	0cd1941ce0654923e6fdb4de996373e652ba8324abb4f7dc60a6b0f881fc16bf
diagnosis_20260823/routeA_full/blocks/426862570.json.gz	90861	278aed7186bf8aaabc2ea478058abc2b8c00d82586073a6225e30b6407c51c00
diagnosis_20260823/routeA_full/blocks/426862571.json.gz	82980	557d7c89550b98b0499460c5085b5eba2a9e48c33f95ba589ace7a99aff6c8c6
diagnosis_20260823/routeA_full/blocks/426862572.json.gz	156051	591e6b39176944791b43c0db91235da61e9a53b5013e55a619bac7d27ebe7b32
diagnosis_20260823/routeA_full/blocks/426862573.json.gz	123523	121d51a23eb6f5d7bb4a9dde719be3550614b8c4e3c8319a47e6001fc22d90a0
diagnosis_20260823/routeA_full/blocks/426862574.json.gz	184367	e311d3a8469c173fbf362d069773d813c2f5a05f0bd9d8763afab79ea680933f
diagnosis_20260823/routeA_full/blocks/426862575.json.gz	400071	79fc45dbe1d95f2ea5dc35aa440abdc9fe13bf05c0a8f4c8e2404ae1e0d419e7
diagnosis_20260823/routeA_full/blocks/426862576.json.gz	470551	57b84e02004bb34d2c41c1ee17d962415257b3ccc12ed6fb9712adadcf77253c
diagnosis_20260823/routeA_full/blocks/426862577.json.gz	518191	3aded5b16f49659ffe6c0492d0c10bd1816b065cddc1020b90322bf9d0481c5d
diagnosis_20260823/routeA_full/blocks/426862578.json.gz	291660	2da7bd197861025d295fb4cea6c86469edeeeee87ba258e1ecafba01632fc02f
diagnosis_20260823/routeA_full/blocks/426862579.json.gz	476114	cbb8546498e9c06b5f7f83d6f32db08bbceac82639b39c60d26b8512f007110d
diagnosis_20260823/routeA_full/blocks/426862580.json.gz	330024	12fb662ea9581651e3046e028efcc7b1706ef936a37f72cdc82973d3a6df7de8
diagnosis_20260823/routeA_full/blocks/426862581.json.gz	360593	93d0237cf417e4b398bb46a55c783dc27b6c4e543d46e0991c4a24473e9a38e8
diagnosis_20260823/routeA_full/blocks/426862582.json.gz	322566	12fcc76155bf25afca1ce7573958ea04482aed4a4e8934482d37acac6a12ad29
diagnosis_20260823/routeA_full/blocks/426862583.json.gz	329006	ed489a561a4b9d0f13081b3cac81802278b2a5ada252c2958b2c8fa40f996f7b
diagnosis_20260823/routeA_full/blocks/426862584.json.gz	281323	1e51d69c2371a961682a6c48ea163ae80f030f57b2789cebbcee3eb6a79391aa
diagnosis_20260823/routeA_full/blocks/426862585.json.gz	290926	0f0cd92d5ce14a8b11caea7c8131edc40ca3cc6682203ca0475d99caa54c8949
diagnosis_20260823/routeA_full/blocks/426862586.json.gz	236513	6b298b4faca405e0a0323fa73ecb5131362589e71d58c518a79ea763853b2f3d
diagnosis_20260823/routeA_full/blocks/426862587.json.gz	277783	b42f4faf09d100471a0f362e6a144334573fec0025279c4af40ff9a9aac615ae
diagnosis_20260823/routeA_full/blocks/426862588.json.gz	269066	69d15088140f3066a61ac107580474b933ebcc2352aed22bb846aeaa24f9c512
diagnosis_20260823/routeA_full/blocks/426862589.json.gz	438882	f54b367eac3da268c191d27999c4d62a2fa72beb894f3a08dfe2bf976990b1af
diagnosis_20260823/routeA_full/blocks/426862590.json.gz	271858	0be424389bc0e251c9790d41878272793282f22cc7ceb9416ec87c452b155037
diagnosis_20260823/routeA_full/blocks/426862591.json.gz	220682	e35c83f7dba6f87dd9a3a7df6560e0e5e54472299cd7ffa2b34eb0c4c1a10180
diagnosis_20260823/routeA_full/blocks/426862592.json.gz	246464	55e301a035986d62b2739fc0afed4aac5714f291441a9237938c19128f3e4885
diagnosis_20260823/routeA_full/blocks/426862593.json.gz	324975	3aaa7ac0ab36a8925d6b323c69f99f5f2d88d76f14366f8ee32adc3e47a0463a
diagnosis_20260823/routeA_full/blocks/426862594.json.gz	225520	81208e71fa56cf8828c17cb48e758023361b483bdad9d215848750de9c8438d3
diagnosis_20260823/routeA_full/blocks/426862595.json.gz	200657	a009a0f9b98bdd20a57bd78dee442cee95d2dd745fdb5b9b4ee4daad5b49d41b
diagnosis_20260823/routeA_full/blocks/426862596.json.gz	246245	dbdfd0b9173ce06828711f560a80359cb1b7e22b6d1400ba86266403b455ddce
diagnosis_20260823/routeA_full/blocks/426862597.json.gz	244306	76e66ef3f835d5bbc1ef6500bfe19f44434d654653f76e57729f02af1f3cbab1
diagnosis_20260823/routeA_full/blocks/426862598.json.gz	244423	69fd1da4be555d4fa21d0118e19027976eab3e52611125606319b601d33afe23
diagnosis_20260823/routeA_full/blocks/426862599.json.gz	204186	2de461942579505329f184d77c42399cf73805f012ad15c7716a5ddd26433de4
diagnosis_20260823/routeA_full/blocks/426862600.json.gz	140857	56fd33a476fc868855ea529ae27fd59384ba3faaea4e25ffc10a1606942cf61f
diagnosis_20260823/routeA_full/blocks/426862601.json.gz	173663	bdc5ce334c2465cc1c2ef042f816f5b21f6fa9ba3636d7b972925df3148de202
diagnosis_20260823/routeA_full/blocks/426862602.json.gz	160439	c93df36b632bc88e0ee92e8b55fa0467aa43139ea690ab0dec1bea5bd4ed2974
diagnosis_20260823/routeA_full/blocks/426862603.json.gz	156515	7cf8b88b26f9f8728eb1362573f43ea4b4031103cebb86c6cf7280d69a838614
diagnosis_20260823/routeA_full/blocks/426862604.json.gz	337502	173a215d0c12cb4f5f485fcf5763c628ea8255e841cd6dfa3d7f1a540274b908
diagnosis_20260823/routeA_full/blocks/426862605.json.gz	333688	025dfe699807c3d6dfb627e5e95a8d531ece3db4b2fad1af8f313418ea6dd89f
diagnosis_20260823/routeA_full/blocks/426862606.json.gz	248232	c0b11c7bc4b19bf217a5503e762c64f7141d41234da28a1840c45202c96d0453
diagnosis_20260823/routeA_full/blocks/426862607.json.gz	280098	cde0df808505d7945c305ab4b7626c7bac1ee12aff7ed0c2c1f91b927be634fc
diagnosis_20260823/routeA_full/blocks/426862608.json.gz	274521	98273b2abcc2d7eb7157e22911598128bb3be54676378fb86f3771c989012c6c
diagnosis_20260823/routeA_full/blocks/426862609.json.gz	155412	8f38c3dfdad6a5155452414e18d613895f4386ba7dcf09763dc7830053e01880
diagnosis_20260823/routeA_full/blocks/426862610.json.gz	158120	e87b5097471474fe6febe18a94741d7019d5d91f7d430dbbb84dc87cce40e639
diagnosis_20260823/routeA_full/blocks/426862611.json.gz	282247	480bfaf0af1a128e73fc4a7215214dca1b7b52783ffdcf51b16b58cc8152992b
diagnosis_20260823/routeA_full/blocks/426862612.json.gz	204051	175c9554cbed80c025999051037eb979a5c6184b77f5ef628c17af087903dfea
diagnosis_20260823/routeA_full/blocks/426862613.json.gz	182731	697be92a53054549df06290b28dcc911e53fa3cd0384217d1281cf917faa2409
diagnosis_20260823/routeA_full/blocks/426862614.json.gz	194473	163023727bc23bf0343a0324c3e20778fb4435efbcc8871e84424f10e6e11c92
diagnosis_20260823/routeA_full/blocks/426862615.json.gz	280587	e0b173521a2390c20393425dece21aad739a56b32715b57183df16604cd0a9d6
diagnosis_20260823/routeA_full/blocks/426862616.json.gz	200668	1b89e7f7ffe86a7a977d6b83cae82ca3468b49a6aaca0841867aad6d5e561c77
diagnosis_20260823/routeA_full/blocks/426862617.json.gz	333074	d7990ec889bfdb1ad41629c32e0f78e233cf49951d85a9d4ae486672cfa9dc05
diagnosis_20260823/routeA_full/blocks/426862618.json.gz	304580	4a323acdf4fcaed43589d8056b689f9ff47e22f960f21ddc6c60b599e484f887
diagnosis_20260823/routeA_full/blocks/426862619.json.gz	267708	f32fafb9c708fad437f8592925f44191b52b7267dfdf20d495c58f91d0440721
diagnosis_20260823/routeA_full/blocks/426862620.json.gz	259927	826e58f5e868429fd1a275de4e34709385d38a857d88faaa0930aa8ab0e5a622
diagnosis_20260823/routeA_full/blocks/426862621.json.gz	219777	3ac740bd86568d05d7b793d96e171b56433917f24242149b80ffa0106bc3dd7d
diagnosis_20260823/routeA_full/blocks/426862622.json.gz	316953	e130318bce5c0f075c7c0ce605e0346e275e8f05c620a7bcc242010e7d90551b
diagnosis_20260823/routeA_full/blocks/426862623.json.gz	325605	299bc52d428404df53e2cd7fef2bb40963ecdc10e5f7e141d99a9333267d76c9
diagnosis_20260823/routeA_full/blocks/426862624.json.gz	495807	6bc4b1547082bbb2f99a96fc87c0ee207c6039448eade570d09d371c55c35bc2
diagnosis_20260823/routeA_full/blocks/426862625.json.gz	412249	25dc5a40fdec238509931080645ce4a3af64d00573aef711a1fbc2913237fb22
diagnosis_20260823/routeA_full/blocks/426862626.json.gz	288025	a646fe1fb242b3eab4d5e5fb21f26a6f5898ea6209c2ec8af5cda2325e12192c
diagnosis_20260823/routeA_full/blocks/426862627.json.gz	263307	3ae3c0a249b1fec442c58ae1fe4701bab36346639feb17ba39cf147fb5fa3fbf
diagnosis_20260823/routeA_full/blocks/426862628.json.gz	296601	ce1616dd909f7bd37bb0e4be28564ee05af227e5e6f978b33ad3cfb651e797ed
diagnosis_20260823/routeA_full/blocks/426862629.json.gz	180070	44370e69df673b203a24d3d4bfe1301ed4f9a0dd97cbe4f420ec609285a76fe3
diagnosis_20260823/routeA_full/blocks/426862630.json.gz	255698	3cd8374defbc9b7a965fad9c0bd1f84ac3e74ee786e8aae45ab0114ee99b48b4
diagnosis_20260823/routeA_full/blocks/426862631.json.gz	201353	a46d4bd3622da80d8bcafffa3a5145c31944d22ede8313ab74e0078407fae33f
diagnosis_20260823/routeA_full/blocks/426862632.json.gz	349063	c8fb156f438f915ae18c9c248bfe9b9057ff43cf3aa4b48889cb3fca91f1d9dc
diagnosis_20260823/routeA_full/blocks/426862633.json.gz	373480	4a9b3f566ecf4107478761bcd013c9696aa3493219c5312ef21d873e3b4c19a8
diagnosis_20260823/routeA_full/blocks/426862634.json.gz	250488	450d67937370e1e2b64ebfe19dea11fc1bf4f5a34fd0a8743f84290068eaa788
diagnosis_20260823/routeA_full/blocks/426862635.json.gz	248617	aea2706961a44d4c9ecaab58822eef75b4dff03855853b58a12b6b08fefe3dcb
diagnosis_20260823/routeA_full/blocks/426862636.json.gz	401943	62ceff3c7b0096f29c9f8e454fc9ebe0874cfd5f7cd680a484c9e5968566b2f7
diagnosis_20260823/routeA_full/blocks/426862637.json.gz	234141	293222c37d5943e423eb5629d0b012331e50a50178e42f430e85e2ae3a651e06
diagnosis_20260823/routeA_full/blocks/426862638.json.gz	244643	0ba16911f4892bd1bb49acdaa2d04a85e505a95b3fff4dd47d02bc222e6d472a
diagnosis_20260823/routeA_full/blocks/426862639.json.gz	335287	93b2c576c7b7df4e10f07a8d0ada6d18cf6a913f38e87acc370cd94e3bfac0d0
diagnosis_20260823/routeA_full/blocks/426862640.json.gz	387131	93c0cc2fa29c1d942dfca0b6a0d2f8a48a7de8c86e3cae842a8ba7eea59a8782
diagnosis_20260823/routeA_full/blocks/426862641.json.gz	389063	c3a32e05fd3846d113215833bf1e4af1aa235b5ca14281d2015fa0a6db05d9f5
diagnosis_20260823/routeA_full/blocks/426862642.json.gz	395826	013e015fd3ad736c87dea58413609b8a74b212a42f4a92e532c56cdb6865f750
diagnosis_20260823/routeA_full/blocks/426862643.json.gz	186964	6fd2ae8689609176a61ecd2a750eabc277fc620dedb0e36b99bab74fd6f34b02
diagnosis_20260823/routeA_full/blocks/426862644.json.gz	181813	173d0431dec32d27cf17c00d88c4d97d0eaa664652ed82adc26eff482c2bac1f
diagnosis_20260823/routeA_full/blocks/426862645.json.gz	172850	fc3ab78e7c4d94cd5cf49e8397a70a9f86d8611dcb8399d235b35ef4f7eb9636
diagnosis_20260823/routeA_full/blocks/426862646.json.gz	280982	e169b99b2b558a1f9cfbcc8a4bdc76a595b302b75c29a56a519462065d62ad9d
diagnosis_20260823/routeA_full/blocks/426862647.json.gz	186075	6c60dc07a9e4902b82407a7e4afc51586ff5148284eec3a2496667556979aedf
diagnosis_20260823/routeA_full/blocks/426862648.json.gz	271748	e93f9dcf51f52d834f612ac295eb3e3a379348e16058ecf964d17b9533aa9ae2
diagnosis_20260823/routeA_full/blocks/426862649.json.gz	197875	c806a5eac8939ec947bc8bd368f85ce24d115f530ff6cbd2e4468122a7d61e1f
diagnosis_20260823/routeA_full/blocks/426862650.json.gz	234930	e6016814f62dac3b258da38b937425c4460b4a8263b77264ac0690c3d290dcea
diagnosis_20260823/routeA_full/blocks/426862651.json.gz	270170	972f4d5f10604922a6078b50d74e34fd5c6d2d5fd91651486c4791c43a284a8a
diagnosis_20260823/routeA_full/blocks/426862652.json.gz	241943	8fd019bc4090876a56adb342620054d811a0cda9c5d2b4e989b213a63a9ca57a
diagnosis_20260823/routeA_full/blocks/426862653.json.gz	236386	5f98c43500567923c87b028b58011b466eacb4969079ed96f829bb7bc89f98b5
diagnosis_20260823/routeA_full/blocks/426862654.json.gz	200160	bdbd0ec86bda19478ab2616e3d608b4c117dad80821d9d5b4c934807b0f9ddb8
diagnosis_20260823/routeA_full/blocks/426862655.json.gz	270211	f1d37b22a864de7a91bd06cd6123f61a09bdc8b8b5b6e8bf1d08fe91148e9e46
diagnosis_20260823/routeA_full/blocks/426862656.json.gz	213400	9edd1b263717ac99c699dc04359bf4b9c0374f83a76cd43eaabc5d3ae1016f74
diagnosis_20260823/routeA_full/blocks/426862657.json.gz	160152	13812a9b417e33768e3fc1aa771462cb7743d2f604d7bbf3b1712f671dbe6cac
diagnosis_20260823/routeA_full/blocks/426862658.json.gz	271636	7e71beb228e180a505a3376f17153db20846be752bbab9bf22a14fd8630db853
diagnosis_20260823/routeA_full/blocks/426862659.json.gz	339274	e3c39f31876a99ef7b30d83a167ded226d5eab4a7eb608bb9aeae42e544a5e90
diagnosis_20260823/routeA_full/blocks/426862660.json.gz	155664	1c4ced51cdcb2ccb5ab66d146e461f14d98ec57805434fb47f501e3566eddfc5
diagnosis_20260823/routeA_full/blocks/426862661.json.gz	212551	f17fdf77c1b362c16f5a78d87b5f512e3137fb91c41db472654f45728d2a2d40
diagnosis_20260823/routeA_full/blocks/426862662.json.gz	293330	4712425e2b6159e9fb5dadc1293accf9028c4f4e11d3e8d318ad562a9a285a32
diagnosis_20260823/routeA_full/blocks/426862663.json.gz	352379	79a2c12cbb2549022f6345355d532101f43d33b3270d3079bda5aa10a3104f4f
diagnosis_20260823/routeA_full/blocks/426862664.json.gz	513192	7929c2730dea2375551abe214fe18535606b44f05b4ab7d4874a871d75560b83
diagnosis_20260823/routeA_full/blocks/426862665.json.gz	385404	a9629aa9b983779bdc9134405aef21867543bc8cac9256795b294b5339a0a3dc
diagnosis_20260823/routeA_full/blocks/426862666.json.gz	266438	31d6ff0ad2c75a12a1650b2b5be0897230430ba49cb274fc70d982f0318c8e3f
diagnosis_20260823/routeA_full/blocks/426862667.json.gz	244549	fad49ef86e1e78dba27e15c5ddd0502021b69a9bd7b3eb055f5fe457a0cb78d0
diagnosis_20260823/routeA_full/blocks/426862668.json.gz	235882	4d3c7703c47c343505ba1c003ea7812a46cf5d7eda444a54e370ccf68dafd9c4
diagnosis_20260823/routeA_full/blocks/426862669.json.gz	218803	4d66bb847776efe40bb7f6541334548a0fd49049bc067cd457d8d0f2882d8051
diagnosis_20260823/routeA_full/blocks/426862670.json.gz	220844	c392993aed2fe0047e66d3bef95dedcc0c873a4ce2fb9f248036712374b13682
diagnosis_20260823/routeA_full/blocks/426862671.json.gz	217699	a99f204bb4f22501ee57c03b31498e24b7acfc894809b47a296a791aaad6bfea
diagnosis_20260823/routeA_full/blocks/426862672.json.gz	126956	fdeb9ce121b21fd5bba12cfbe0a8cce488bcb79ff45e8ad986e14dd4c6677aca
diagnosis_20260823/routeA_full/blocks/426862673.json.gz	173332	3fbb9a52048ebdfa54ee418a1cd09a5827d533d0acce345154c18ea3431bb678
diagnosis_20260823/routeA_full/blocks/426862674.json.gz	320063	b1916aeaa1235fea4c88f337010cd7b64ec9d686d842f5d51930d0997a4b6f85
diagnosis_20260823/routeA_full/blocks/426862675.json.gz	473412	3891a879bbb4664cdc67b20a8fb5f9339b6b2507740c278b49f1b1f26e7bcd5b
diagnosis_20260823/routeA_full/blocks/426862676.json.gz	346943	ac29483642759a410d974b92398ef03881041fec6083e49a9cf5297e998c1d7a
diagnosis_20260823/routeA_full/blocks/426862677.json.gz	305346	28309631195af7c177450f66dd0598c3a6d01b8dfc222dc1c53d9193b33fd3d7
diagnosis_20260823/routeA_full/blocks/426862678.json.gz	180504	c5fa31ab794681f2cc3063336f0f9ac4bc5306769d5bcd1bf672eaee0a3cd85a
diagnosis_20260823/routeA_full/blocks/426862679.json.gz	247835	6e3f87d5fe451c6ef67a40c03582e7787eb0ab9b46bf0079e3b4c021380aefab
diagnosis_20260823/routeA_full/blocks/426862680.json.gz	173446	11c2c73c9a50e7af396cdf8065f743438ada93423d6954a5c4a77816888648d7
diagnosis_20260823/routeA_full/blocks/426862681.json.gz	126205	c4addf288476f9f887979cdbfb4ddf5eb1be52d05f267049447b63846905280a
diagnosis_20260823/routeA_full/blocks/426862682.json.gz	122724	dd4da2ca9f9e219992529eb7752ae288fa6d695ff5374b94cdeb188d5151959b
diagnosis_20260823/routeA_full/blocks/426862683.json.gz	140275	63056cf8fef8c1f758c8e5a0c48a0bbb88abddc4cd43fd4a5b8d355babeff3bb
diagnosis_20260823/routeA_full/blocks/426862684.json.gz	691450	2212f21f2a416109ed433c7fad0d89528c07c44cd3a7d38146fd7b761b7b45b0
diagnosis_20260823/routeA_full/blocks/426862685.json.gz	694395	265806e1a24729e95486638c6680e5c5d5d604ac0fdcd6c8589e65f63be48033
diagnosis_20260823/routeA_full/blocks/426862686.json.gz	520448	c8a257a5742158a679a3179bfdd9eddc3f107d2e8639a694317279f94b9ff96c
diagnosis_20260823/routeA_full/blocks/426862687.json.gz	462396	b01ffc08fe35248dba581902de5e95143d163e5b34d33d10b48ac8c671fa362f
diagnosis_20260823/routeA_full/blocks/426862688.json.gz	411529	20f3ee5b37bc42cafcc29ee8b10c6e023059d3b3e7ec3e7733a8aaf822a37bff
diagnosis_20260823/routeA_full/blocks/426862689.json.gz	586532	44363f6a613ecde127bc31447179866247e5a6f54ba11747417cbe5d27ec4a83
diagnosis_20260823/routeA_full/blocks/426862690.json.gz	630224	0058f62868a2ea273e5afbc0b01324e51f48a2e29ff75051d818fa7a464a1253
diagnosis_20260823/routeA_full/blocks/426862691.json.gz	613375	9bb51939e7cff263d0d882f412f9e34e90a8660d890bf4e115197153489cd946
diagnosis_20260823/routeA_full/blocks/426862692.json.gz	273032	fdd9f70fa7f895676a9f3bd7c3ab52ef3ffb84730fbe4c851e08df516f412d0f
diagnosis_20260823/routeA_full/blocks/426862693.json.gz	274272	5fe1c105c14e0b18f15948b224b6a89595431fb680a3dfee6bf707f5e9f28777
diagnosis_20260823/routeA_full/blocks/426862694.json.gz	283735	bee525c5dbae4186acac004b467db0d48d9cd1c19081ba8cbe9cfd0db5f23834
diagnosis_20260823/routeA_full/blocks/426862695.json.gz	297172	7caf066d12a32bb4dfe80621ec118badad7ce6cde27b1f79d24bcc91bc284b07
diagnosis_20260823/routeA_full/blocks/426862696.json.gz	250824	5fa969ef069f1f0ed975b7e1fc58926530603a13a0bdcce6006d2363bca3d8e4
diagnosis_20260823/routeA_full/blocks/426862697.json.gz	247497	2edc2ed9759f1edb664fce6d119d620194fac442835afe11a5dbc09de8e8b3cd
diagnosis_20260823/routeA_full/blocks/426862698.json.gz	288805	d2e2bacbdc4e42e96541dc5b9c22468f64ca44deeafb28d7f3de1d3f3b13c4c2
diagnosis_20260823/routeA_full/blocks/426862699.json.gz	317843	c812e8d99ede0b7f811881674bd6098b33bacc28f1117f1c8e53dafb0e6b7b05
diagnosis_20260823/routeA_full/blocks/426862700.json.gz	379150	4c8ea81432808ec56c5103528e9483f5b6c02aeca77a581ccbf2095cce3c0c7b
diagnosis_20260823/routeA_full/blocks/426862701.json.gz	368811	b3c65a7a3b866d1d71ab4a4077876c408af7a70854b38627cb856e5131ecbe2c
diagnosis_20260823/routeA_full/blocks/426862702.json.gz	435240	0c8f2649a3bd175d52adadb5a4779acf0ab67a6b8273c7462ce9e5bc788b35a4
diagnosis_20260823/routeA_full/blocks/426862703.json.gz	338063	ba45ddf4fe291e9d1126ac6eb0920fc92bb40af59e6e7498fcf50bcdb4866c24
diagnosis_20260823/routeA_full/blocks/426862704.json.gz	327937	faa6e91910182a8c45637e71bb13a64e9c7c0d8359a739d27df2934effc8a630
diagnosis_20260823/routeA_full/blocks/426862705.json.gz	331937	a5260c3e255fae5acd96e2c65cc1f4825223660443a1fb7d0f4ff8e669249202
diagnosis_20260823/routeA_full/blocks/426862706.json.gz	341683	05e007d3f91970062415622a1bf3e47d077cf6320fe246a1e3ec1ddc9f2d4ccb
diagnosis_20260823/routeA_full/blocks/426862707.json.gz	297789	38beac7b2f619d36b1266508206d68db090c65204106e56d5033cf3f7bfc123b
diagnosis_20260823/routeA_full/blocks/426862708.json.gz	189420	9558d8c8d9efb20730600e2bf6bcade67f031cf6b2f62746fd8529ebbf66b85c
diagnosis_20260823/routeA_full/blocks/426862709.json.gz	258139	72a2679ace8598c921d9a00221e96a2c4f65e15a4de10ac0bc7c0149e365062f
diagnosis_20260823/routeA_full/blocks/426862710.json.gz	289312	d00ab29d53f6bad4ab12d6ee0142dcb5abdffb45fa64a681915aa0a02be1520e
diagnosis_20260823/routeA_full/blocks/426862711.json.gz	517754	5a5b382c29d12b76e3c219f1fcac1897f7749d4d0f017ffa75832d05146239e2
diagnosis_20260823/routeA_full/blocks/426862712.json.gz	641433	2f325b29530b37448352745ac16f6e6d66f6836aed573e132b873a796197660c
diagnosis_20260823/routeA_full/blocks/426862713.json.gz	441181	28bac4ddc94cdfe28f97040f31c90b61b0b5bdfd74a0e3c26ff090cba14f313d
diagnosis_20260823/routeA_full/blocks/426862714.json.gz	242630	ee02f1ebe1b69e761fa7176482268cb286e41f48cde4708a821cdc71a13cab9e
diagnosis_20260823/routeA_full/blocks/426862715.json.gz	293559	991a6051f51b6f36191e9d394151299316eee0f07099e1da5b00b0ae01b90fef
diagnosis_20260823/routeA_full/blocks/426862716.json.gz	469120	4b2c3e6efc0f1d4f3b042d68f28aaa552cb7691ffa4b3959ba9a1507c37b4660
diagnosis_20260823/routeA_full/blocks/426862717.json.gz	401486	75757254dadf421ac7fc571114adadc14957a137f03a6f0617e3705e0f9dd71a
diagnosis_20260823/routeA_full/blocks/426862718.json.gz	86756	7d9caad33bb6192b9a84669bea541f573b404418040bd4bb64193c67857a9b87
diagnosis_20260823/routeA_full/blocks/426862719.json.gz	126310	8e65340174a064538599db161e4976a2ae9f0f2057f7674e534f41fdf351ba99
diagnosis_20260823/routeA_full/blocks/426862720.json.gz	826348	5c8151fd6b666fdd8fb4a718b8b9aae67b2b809717518ef7da2cb602a1e932c5
diagnosis_20260823/routeA_full/blocks/426862721.json.gz	665960	457bdaeb5b84dab68423195988a3d4a406e9bd62cb67f6ee52c0e57f43ecad68
diagnosis_20260823/routeA_full/blocks/426862722.json.gz	614403	1ae2a097fc1c1dadc94b7e8191bcf7162bfa0ddcc763185fdc77142fbc4b3e80
diagnosis_20260823/routeA_full/blocks/426862723.json.gz	515603	4b35bf06622d78e1a8aa528a13a8315a1f39909b439853b7cdb776fd0c05ae95
diagnosis_20260823/routeA_full/blocks/426862724.json.gz	538103	679c570dcd1b1f72cc1fed7343886cc0b2dd8f9b5206fbfc9d78926756ff22b2
diagnosis_20260823/routeA_full/blocks/426862725.json.gz	716663	7a464534b3194e2d7f1df928d35b78284bcd30528f5cdb94e0bfacde256c92a2
diagnosis_20260823/routeA_full/blocks/426862726.json.gz	558148	5f0a8a0217a1694c0ee2fecd4a72bbd1dd3f3ae0335b18d3906d51ec09a537c6
diagnosis_20260823/routeA_full/blocks/426862727.json.gz	548784	5ee58e1fb4ca1bfe0591ceff75e43cda60db758453370327c08828ab9b5f24b9
diagnosis_20260823/routeA_full/blocks/426862728.json.gz	570202	16308c392c3b84353d3764d349cd9844693cb3c15f502e0ec83cb4f4119feda4
diagnosis_20260823/routeA_full/blocks/426862729.json.gz	526586	c40f300e45154b424de0cffbe4888f9c29304eac0acd91c55413cb011ecde7cb
diagnosis_20260823/routeA_full/blocks/426862730.json.gz	456283	92f7a63653da9b8e436d9d5f97bb17bba710c26dae89b3805c2aa3f37f99d811
diagnosis_20260823/routeA_full/blocks/426862731.json.gz	552069	f2644e452b5730eda0237970976388b2a0d5b3a0283cdf90e106bf578b9cb8d0
diagnosis_20260823/routeA_full/blocks/426862732.json.gz	577273	a2c40896d832ff853827bbc5e234046c785ea22e11f71ee12625b779093f3492
diagnosis_20260823/routeA_full/blocks/426862733.json.gz	496649	8e2c9ab9914e7963f654dc8e43fb207fc6a127f5f0a747162a58ae0ce2099f73
diagnosis_20260823/routeA_full/blocks/426862734.json.gz	489320	190bb507101316bd0913711cabff1362c1ff83584b99cecb6c81a687619002f8
diagnosis_20260823/routeA_full/blocks/426862735.json.gz	532860	0a993084b70779309dcdb588e8e7b379057b70e04bb1db67b677599f8221c212
diagnosis_20260823/routeA_full/blocks/426862736.json.gz	422268	68643a9a9b772369e67898914ae06ae24af682b84db452df5a80974cc4a6d734
diagnosis_20260823/routeA_full/blocks/426862737.json.gz	334241	7e9cfa6769bdc0723f397316c28fc87ca1c161b4c73d2065ffcfe22ef453a8d1
diagnosis_20260823/routeA_full/blocks/426862738.json.gz	364874	74de0299f12246f38906303b8cffaa215b0d98137e7f1f6eab105390d86f4dc2
diagnosis_20260823/routeA_full/blocks/426862739.json.gz	277967	911326a8a9d078774c4dcd5a01cb97abedbe7b04c4547c0270e9e3d863b37a8b
diagnosis_20260823/routeA_full/blocks/426862740.json.gz	307397	6dade97795f1a3cf20e47da5d9ff15d2cf85e8b9bea9722e48f2880490b059ad
diagnosis_20260823/routeA_full/blocks/426862741.json.gz	333254	aae91c0bb5d7aa36aa6a599b2ef02d6c16096595b6d8ed4477ea15cc430e2941
diagnosis_20260823/routeA_full/blocks/426862742.json.gz	309280	d5ca346223a9b0056fe4f71037bf1dd007b6fc4ea94e5e9d1716a642db4acc75
diagnosis_20260823/routeA_full/blocks/426862743.json.gz	301944	714d80b271ff009e30dfbfe6f0f06afe3387e0586354af078935e2701963f033
diagnosis_20260823/routeA_full/blocks/426862744.json.gz	344245	3835ef6f5048d7ae4d40827c4aacc9054a9c4c24e939a1537914b5df5f40d286
diagnosis_20260823/routeA_full/blocks/426862745.json.gz	195019	06846d09b9dbf8bdf5fb0eb0a685c5333615c3e68d861a2d6376bd48d602f1f6
diagnosis_20260823/routeA_full/blocks/426862746.json.gz	183208	b3da89e28706ffae1296649f9baafecf0c4c72f960445dd4295301ce0625997c
diagnosis_20260823/routeA_full/blocks/426862747.json.gz	218954	3b72113c165865ef91643407e5aaa3128acacb80fc55aae039abb34aa7729ff8
diagnosis_20260823/routeA_full/blocks/426862748.json.gz	338276	7cc1c63f02e23952bab2e3b7e99bc866dc02a747e0d9cd014d0e94159324e765
diagnosis_20260823/routeA_full/blocks/426862749.json.gz	169953	002183316d934a7487834b2b9cceae2e8f1694a7331bed80f44555877700bdb3
diagnosis_20260823/routeA_full/blocks/426862750.json.gz	323347	743e08f84f07f8f2eb330789d0feba3e653753420350a0e7953842a6852c9bae
diagnosis_20260823/routeA_full/blocks/426862751.json.gz	239774	d4030844b2bd8b5753868a841c00971ebabf080ea1e1556345bd892ad12ecb05
diagnosis_20260823/routeA_full/blocks/426862752.json.gz	239148	cc10213b69ca56e63ecf66696ee701f5ebee2f709089d96db9eb4a7f19ed6edb
diagnosis_20260823/routeA_full/blocks/426862753.json.gz	290655	7f9ccbf2f2254e8dbd7e4b34c32947b55d5e53a928b864fc5a9e253bac00079d
diagnosis_20260823/routeA_full/blocks/426862754.json.gz	265078	7ee5b6c786e2a86dc869308faf5cc0bf26a4c7fa79fb01908e335a4f66d81f50
diagnosis_20260823/routeA_full/blocks/426862755.json.gz	237029	ae14bbfba27349d52e9ac95daa7e65f44d0d09b2e0d49c4b24e078d21c1d6bc9
diagnosis_20260823/routeA_full/blocks/426862756.json.gz	183539	f0283941a6199053ad71ba6c3bd3395f214858d1d742603015fb812eb45aa3a5
diagnosis_20260823/routeA_full/blocks/426862757.json.gz	200405	6193075d9bbc41b186069ac951b269c8d35f5cc9aeaaf24af43bc37e47c1fe9c
diagnosis_20260823/routeA_full/blocks/426862758.json.gz	232902	abc58dff92e7452c2340a4f67b1939e6ad736bfaec8d6dcc72794e23f5ca5fc5
diagnosis_20260823/routeA_full/blocks/426862759.json.gz	240951	0f8952e5baf540ec7649db3ff0767acc0b31af2ff016f0d82f924834854ca131
diagnosis_20260823/routeA_full/blocks/426862760.json.gz	154180	d367469e47f1e252bcd449b9b450020f3da5e05e5c30f85ed84edb21886ee9af
diagnosis_20260823/routeA_full/blocks/426862761.json.gz	176206	3ca1951be78c3cde83b0c33d7d659799e20769454a4904a889b40bc833797b6d
diagnosis_20260823/routeA_full/blocks/426862762.json.gz	254295	fc14c2277210bec569d691ef81e51c1e3ef4b66fb850b1560d44c07355e4d512
diagnosis_20260823/routeA_full/blocks/426862763.json.gz	184806	c8107f50b7716e5facd735206056092be426edb881472b76662fc975e072c011
diagnosis_20260823/routeA_full/blocks/426862764.json.gz	192467	288d6353239a34ad4cc824acc225f23579dfd58283aa18e426709bfa6313e1c5
diagnosis_20260823/routeA_full/blocks/426862765.json.gz	260717	2327ad01afbdbeea09633949461d5cb34425cfc437084b5b68d7f30403379f76
diagnosis_20260823/routeA_full/blocks/426862766.json.gz	301838	ce7dc1f2e688b0727fa02260cd5f22b760c4b324999b02f260be2b0b18e8023d
diagnosis_20260823/routeA_full/blocks/426862767.json.gz	246075	8b8860ef146e7baa8fc8377f441e1499c06741051baf2f8e0b701408caf3fb6b
diagnosis_20260823/routeA_full/blocks/426862768.json.gz	333792	ea398d1b66243cc98cfa3f989ba0bfaa4d0b26b43b564b137f229768d1c2cc5a
diagnosis_20260823/routeA_full/blocks/426862769.json.gz	233525	09eae58448aece177ced0306a2b3cc0347a76fbdeca474125e619a9812436444
diagnosis_20260823/routeA_full/blocks/426862770.json.gz	409214	0a3dba00ecea67ac894bc27529f0bd7b4ac2272dbec4030e23617d6f3d11db85
diagnosis_20260823/routeA_full/blocks/426862771.json.gz	219819	09d5463219fef23f6fc06d6a1bc92f8cd594c68f205120e5500475ce4d21daf7
diagnosis_20260823/routeA_full/blocks/426862772.json.gz	246983	00ba0b2eeff128e9e3c730d1e65d3f3d229513afa7ea647c6e87671b2e80bc82
diagnosis_20260823/routeA_full/blocks/426862773.json.gz	292894	6c50db13d13391389c9a358de6fa6e07cf5040db9c370ccd2ef841d5abd473f8
diagnosis_20260823/routeA_full/blocks/426862774.json.gz	475903	a2644ae93cdb5bab49a04d9dff1ebd8bbcb4c2ae9635880141db61368dc94709
diagnosis_20260823/routeA_full/blocks/426862775.json.gz	440180	df613ce3aa3819c34740a601a3ce45ef5b6f386e1476adab08a81e0fcd688ba4
diagnosis_20260823/routeA_full/blocks/426862776.json.gz	419761	ad365b54a12ad094ff262581ddbbd70fdc18ddc26f8214aa49629524339fc3f5
diagnosis_20260823/routeA_full/blocks/426862777.json.gz	508614	43f8d258aad8b1cf4a1f2ae349da7e7b1fa5d151235b1612b6cfcff2e9cd57c7
diagnosis_20260823/routeA_full/blocks/426862778.json.gz	323476	e9a36740f83dbf9e02bea839fac6c3e9a513964fa009f3f0f17c6c8989a0de50
diagnosis_20260823/routeA_full/blocks/426862779.json.gz	213167	cb9d36cf4ab869ad96351075afe7bd7c7d224817fd625c8db69f8acb86aa94a2
diagnosis_20260823/routeA_full/blocks/426862780.json.gz	367887	8555c11c49db264e9443964c37fe3ee78f9ee1bdab674aa416ddce5e33720c55
diagnosis_20260823/routeA_full/blocks/426862781.json.gz	221378	b8060b48b7d39102be471a123ad120c0b42c8536431d9968a1d24618f6e74c64
diagnosis_20260823/routeA_full/blocks/426862782.json.gz	156743	d36a98991c5c0f848e06ff0894bf74fb37d23e64be65cf7ed8924d8f3436d66d
diagnosis_20260823/routeA_full/blocks/426862783.json.gz	164965	d294338ea89bfdd9aa4e2b39fc1434ee918332c6e3a4f7b9cdfe14b5690ee89b
diagnosis_20260823/routeA_full/blocks/426862784.json.gz	161877	3ad72daba8c238b42e80d3d7242cb00cf7be028311ed573c3b80e4110b68e4d3
diagnosis_20260823/routeA_full/blocks/426862785.json.gz	132539	80aeed5eaf19d020c626f9428ae687747aedd71018b1b42a242b7709ff5b5b22
diagnosis_20260823/routeA_full/blocks/426862786.json.gz	142733	244d5d7a86d2fe4cf7ba544a79f541481e12af57381dcd22d8f3a0e122e16844
diagnosis_20260823/routeA_full/blocks/426862787.json.gz	140162	c91be160c19a03f78e4897a1d9c4d8be8b1383dd5b15928c863ee834241d3326
diagnosis_20260823/routeA_full/blocks/426862788.json.gz	148059	0cd8f37691d73642ee9edf500bc5956a7f6f77713bf775df5914734d95b21f6e
diagnosis_20260823/routeA_full/blocks/426862789.json.gz	119996	afe2d64f73a097e9c7025dfe87dd0fa9ecfe0e25397e36e3fff23a16c3f5e576
diagnosis_20260823/routeA_full/blocks/426862790.json.gz	137630	425dfd4d91fd94f7484e60d3d4f210be62e424ba866354de52ec2a29158c9a67
diagnosis_20260823/routeA_full/blocks/426862791.json.gz	170039	9fe3284f11b4ad85a2f26a4741171c71b7f7d30288d3334481ce4ab8c6d46e0c
diagnosis_20260823/routeA_full/blocks/426862792.json.gz	303774	43e35be48a7d3683016c483394dae2421dae679e32bd4c5d54de39e15e933ed5
diagnosis_20260823/routeA_full/blocks/426862793.json.gz	294453	320b105ba8de2ec0cabe85419adc7766b67f202b7cf92bf130fe9966e2ee8da4
diagnosis_20260823/routeA_full/blocks/426862794.json.gz	236840	a61c91a1d45cc0471bc65a5e74284bdc12d7017413bedeefccfbbe5b0302ec49
diagnosis_20260823/routeA_full/blocks/426862795.json.gz	509765	6c5858b97661c52f3e74ad2a7e24191d5e9c4f9f1f939c21008860b1138df26e
diagnosis_20260823/routeA_full/blocks/426862796.json.gz	270834	56e1018ffa2eed172f6d154c632c50421165019f8dd60ad04c99aa70a9ae5e8a
diagnosis_20260823/routeA_full/blocks/426862797.json.gz	372062	9237f797f2178885132d40a1b8990c7df9001b9e15afc30e4673487c8ca76df2
diagnosis_20260823/routeA_full/blocks/426862798.json.gz	292619	d1303c1cbe98cd4db3756e47d17749dda143d39eaa33f2b6a5c5e809da124283
diagnosis_20260823/routeA_full/blocks/426862799.json.gz	259708	51cf1ac628d8ecfc13757cf8b60cf526acee5da0cbecace7aae6a58319b63b86
diagnosis_20260823/routeA_full/blocks/426862800.json.gz	368670	f1cc7e936b51828cca5067219b10b5df75c9af28664d8b325b66e3ea4eda1813
diagnosis_20260823/routeA_full/blocks/426862801.json.gz	471543	34ec13f43ad66009ec6734581f115f414208399ddb56893d7167ee53620fac21
diagnosis_20260823/routeA_full/blocks/426862802.json.gz	521725	493d5569ac0aedb248dcd3cc10e7790e187890f9af783db6b8442c4fea1de3c6
diagnosis_20260823/routeA_full/blocks/426862803.json.gz	468727	1e5e240bf75c1efe4dc00082afd6f348dda7104fef07ddfd4bdb6b7c3685ed23
diagnosis_20260823/routeA_full/blocks/426862804.json.gz	434549	0cef58886e3fcf96b91ba302f4fce002d030bb1e604ebbfbfc9feb1a3e4d8fa4
diagnosis_20260823/routeA_full/blocks/426862805.json.gz	377867	6629a3b066cb02457ee09d17509090178950689e339e3db1f0d600881be46d08
diagnosis_20260823/routeA_full/blocks/426862806.json.gz	360139	fd71aa6d1ea5b561751fd44760f7ba788cb17cd95d27fc2b7e445837c52fe349
diagnosis_20260823/routeA_full/blocks/426862807.json.gz	345400	c3ab4e24aa3df9cd4f2997c26b4b0e0a028941c03f2c4203f6f3072b48ed8e3a
diagnosis_20260823/routeA_full/blocks/426862808.json.gz	310447	605b8ca5211555cf676055bcad937643721cc405eb3f1747a76d0d6101a816e9
diagnosis_20260823/routeA_full/blocks/426862809.json.gz	260428	0e7f5f6f7108f446052fed3feaa52e363125017ce1293271eed3cc16fd093d04
diagnosis_20260823/routeA_full/blocks/426862810.json.gz	365072	9c3c81c3cc069625252f173396733565c694abbbcbf86017a40ee3ab50a1ea86
diagnosis_20260823/routeA_full/blocks/426862811.json.gz	243522	89cd37a6c4b9d52bbb01009e39c087ed3b58e08fc119907f966d9c8412449bbe
diagnosis_20260823/routeA_full/blocks/426862812.json.gz	355553	72f7ce43c2511c3e1c821e47aea4e6f8d21a0d3809d4ea7209c8980948f2dce3
diagnosis_20260823/routeA_full/blocks/426862813.json.gz	228136	91cafa1b5981d3d4292e045588ed5912126d9589854db87f08c427e8fd1f4dfc
diagnosis_20260823/routeA_full/blocks/426862814.json.gz	313004	2897922495bd729e49ac06707c9a8c28d704fb3512ab80f195ba0fcdfd374957
diagnosis_20260823/routeA_full/blocks/426862815.json.gz	434114	b506e283cdce660835d5f32ad3cc423d5660664fa2de1f92a9ab3a474e7765e0
diagnosis_20260823/routeA_full/blocks/426862816.json.gz	330556	3d178b94d6d18906ddd30974499d68be0428ccb32772832e5da6e3e742f53e84
diagnosis_20260823/routeA_full/blocks/426862817.json.gz	375152	fdf6dbede3ae6dc680c5da5a628e49326b26222a9c7b70260e9ab78d76fc6418
diagnosis_20260823/routeA_full/blocks/426862818.json.gz	347138	940e9abc0536f6f89e3877b58b4345bd5057101d1938ee2b952d75952d39b082
diagnosis_20260823/routeA_full/blocks/426862819.json.gz	212390	2a078c26d67c22a262a46e489cfa91e4f22ec79548c6c72a3e0de6088fafcf8a
diagnosis_20260823/routeA_full/blocks/426862820.json.gz	184072	4119b3793366c3217570831e904c9c60a9e5ee2f5cc770f44ac21b9ca8d6a3aa
diagnosis_20260823/routeA_full/blocks/426862821.json.gz	163707	41535ef90e592227ed9642f906af40e3165cfb7cb4561cae0936121501ba2a64
diagnosis_20260823/routeA_full/blocks/426862822.json.gz	166460	0e045c0f92cfe38fcc8fedcce8bbc77ae6f7b59f5ef7209d7fa76c37e2cdaf76
diagnosis_20260823/routeA_full/blocks/426862823.json.gz	256674	c7b5ea4f25efc875e5b5fc964bfd4b10849fc784128521b864a9b43c9af8084b
diagnosis_20260823/routeA_full/blocks/426862824.json.gz	289901	461c01fc9e6a8b03f24dea51732075d89eb9976f51e8f5caa8fae97b60f0f713
diagnosis_20260823/routeA_full/blocks/426862825.json.gz	339905	b21c826a26f446e3d354893302ff11f00e882d53b90bc1990031e567c301e9e7
diagnosis_20260823/routeA_full/blocks/426862826.json.gz	329455	ce08797470b05bdd15a1d91dac61b47fd42bf00abf16f473d4e9a1072e43e977
diagnosis_20260823/routeA_full/blocks/426862827.json.gz	237113	38455e9a4484b55f000bd7cf3ac1f92bcb848742bff151257d64dc87f7480585
diagnosis_20260823/routeA_full/blocks/426862828.json.gz	213535	07c79c3536ef45f34a65bc11158a27a9a000c4f9604774f590294bac4d0cb8c9
diagnosis_20260823/routeA_full/blocks/426862829.json.gz	384466	e3012d1b485696e9308edaa00a40888e146bb01c23cd2d944b5653b3bee0f6ec
diagnosis_20260823/routeA_full/blocks/426862830.json.gz	302755	6b753d8d74a0f09ee5660c17cf8853860087c71f9c6739eb61e7db96f6ef312f
diagnosis_20260823/routeA_full/blocks/426862831.json.gz	164577	3b1a2eb3a5ee16ee707c49e78e6a157383c58c15bc38e5c7c17a0fd65b9d0177
diagnosis_20260823/routeA_full/blocks/426862832.json.gz	163905	116f73081af251a40921377bab439066d085f006add8aedcfa43f6baa473f7f5
diagnosis_20260823/routeA_full/blocks/426862833.json.gz	169626	b3d52d6b4d17e87105e20dd1ede5ed7ec6f90365dfe4b17772d86deee0e4ad8e
diagnosis_20260823/routeA_full/blocks/426862834.json.gz	156432	4340bde7b17a2902a9e0e2e22d0572bfdd01f41e41fd2cdb1c6fd437a0d2b5a9
diagnosis_20260823/routeA_full/blocks/426862835.json.gz	164410	1067636dc88a4e93b817142f8709bab9273648aafd20bf89bf2d81e18c6194bf
diagnosis_20260823/routeA_full/blocks/426862836.json.gz	283695	ecd0c5ac7fb8a5213c6dca78b4c2b5736bc1225209e0318aa2778af0bb59ba4a
diagnosis_20260823/routeA_full/blocks/426862837.json.gz	131612	579cb9c6354d07ee09f60361ed3d380ff2690a158091ca90e8dd8ae0284c746e
diagnosis_20260823/routeA_full/blocks/426862838.json.gz	162747	c28cb78fed2a7f9513c5ae689f88055fe0b72d24958b990d3a195cf7756ea445
diagnosis_20260823/routeA_full/blocks/426862839.json.gz	145007	566639d2e6910f6a55d6969c76d2ce457859a2ec1e74bcb94066fe5c349dd087
diagnosis_20260823/routeA_full/blocks/426862840.json.gz	148315	168a10417b52745f42cd20d8ebc99bc8ea7be05ef3f19130b6b1b065bf9af235
diagnosis_20260823/routeA_full/blocks/426862841.json.gz	132011	6b2c4417cc5c720cd8cefbba0001365ad25f745e5d07cb48fe2420912645ede9
diagnosis_20260823/routeA_full/blocks/426862842.json.gz	118015	4e442762e5c7f405899ee34e2266a231d21b02de3b5f474b5a064a6264021ec9
diagnosis_20260823/routeA_full/blocks/426862843.json.gz	178920	b6632d0117c66fcfc4dd732548e7e143cf1d8dbad0e5745b661e71b140a8ed32
diagnosis_20260823/routeA_full/blocks/426862844.json.gz	304616	68eca611d3d5e5a5515091f17f25d277d6ea6ae9205a55bdd1679f19d6def9ff
diagnosis_20260823/routeA_full/blocks/426862845.json.gz	159286	85a6f7113b46e937e68804a57ea04ace5f5d1f35491e0f8373c6f03c54ee4ef5
diagnosis_20260823/routeA_full/blocks/426862846.json.gz	152312	0d9ee71fae92b5054baff0cbca96b0e009cec0e8c95e143bc284a2278092a026
diagnosis_20260823/routeA_full/blocks/426862847.json.gz	226264	e95a0d60737bdde137d90bad0ca37bb3296fe3396453f9df0da7e4d28ba26693
diagnosis_20260823/routeA_full/blocks/426862848.json.gz	207933	85f1190aed9ef66c645c471c7ac6aa4d212a8fe1edd4e19808fbaad935c99e35
diagnosis_20260823/routeA_full/blocks/426862849.json.gz	144373	e3e0a6f8cb03d9ce78e4eb1c3903094658e7d90983904f7f94b6b8a6b7bac635
diagnosis_20260823/routeA_full/blocks/426862850.json.gz	144479	659a1ce73191a6a9645b56f89991681c912bb515f1eab80f3f9b4c47a0f56962
diagnosis_20260823/routeA_full/blocks/426862851.json.gz	192549	43574caab0bbcba25ef8e826c74afb5e080310c73cb0ed231594e984576aee71
diagnosis_20260823/routeA_full/blocks/426862852.json.gz	464288	f211f1af315ef290511d2304156bc09d50fc2c0594ea248e5afd52d4f3d8dc67
diagnosis_20260823/routeA_full/blocks/426862853.json.gz	183727	f172a6a2b413154ea1ddcdaa02efaa8a853bc2a79d43814392b0c42e71c41eed
diagnosis_20260823/routeA_full/blocks/426862854.json.gz	376129	514dd46a8cd3cdac17c8ce6f0e35e56254448723f3cdf7cc11a5c2f84ad63556
diagnosis_20260823/routeA_full/blocks/426862855.json.gz	208175	7659cc611e5f8ef1e36adf514e609c2c4fdde7be94ab6c43cd2f9024467da3ca
diagnosis_20260823/routeA_full/blocks/426862856.json.gz	485435	a72c42dbf68044f0daa56cf600c744a75f50aa9e1ef9affb3f203489c3fcebf6
diagnosis_20260823/routeA_full/blocks/426862857.json.gz	473064	c1744b5bd74307c7da1a609a2e867720765500aac59fb7be29e0d0d58d5ab4cc
diagnosis_20260823/routeA_full/blocks/426862858.json.gz	429870	2ddc79ed03b62094a98d54dde06e7e47305b7ecaf4b492db6a4744420f1c2294
diagnosis_20260823/routeA_full/blocks/426862859.json.gz	429956	99d34910c714afd3b4df4330bf287ee9c04b89f4e9f644330b5e4a2279f39315
diagnosis_20260823/routeA_full/blocks/426862860.json.gz	304446	605307f0ac98fc4fa0881be67293a726acf1801e49d835e197a21270f8517044
diagnosis_20260823/routeA_full/blocks/426862861.json.gz	225248	1ac950ca9e1bb2de31685e3cb361f7e402930bb37e07d942b2b60f8ac2125adf
diagnosis_20260823/routeA_full/blocks/426862862.json.gz	238491	3e5bb9e5ae16af542bda084a9519a2657c3c08ddd38da4547e51e33ba24f3124
diagnosis_20260823/routeA_full/blocks/426862863.json.gz	193762	aa19b53eab1057d1b37663f1b113b2a4a584c22dd6dd32d18867cab479e74515
diagnosis_20260823/routeA_full/blocks/426862864.json.gz	356254	8d7aea706d893d192486761f994a899b3c64c699093c739a8ec7696be1e0d3da
diagnosis_20260823/routeA_full/blocks/426862865.json.gz	203160	87faa3ac0ea9cd25fee6d6d34cb01812f7b65bf9a6d51a08883daeae2b7c9ed6
diagnosis_20260823/routeA_full/blocks/426862866.json.gz	366543	713b7f714622173ae6681a9ddf527533e50f248e48c313891e6d0ffdfef2dca0
diagnosis_20260823/routeA_full/blocks/426862867.json.gz	211472	e3c7a32b0a17c42a9d6dbd0b062dfd500c8a2abf7d61e6cd4d98ec69cb32358f
diagnosis_20260823/routeA_full/blocks/426862868.json.gz	306824	6fae2fdfaec78782cf5896f3a9198b6f1fb230e185ea3bee6b334b93ed4e37b4
diagnosis_20260823/routeA_full/blocks/426862869.json.gz	183523	755f980b0435307512fd4ed6df6b9d9ce7cda97937e8505daa83130f6c9c1e31
diagnosis_20260823/routeA_full/blocks/426862870.json.gz	250364	58434dfb57254f4c3f7b9b575ee29e0117ed51710f13dd8a428b0c12237a5fc9
diagnosis_20260823/routeA_full/blocks/426862871.json.gz	462750	e00f14af13f9d0a44ee3963b21671d50ac44b8d68d50cc4677885f2fe7136fc1
diagnosis_20260823/routeA_full/blocks/426862872.json.gz	131333	660b8b33d9d39d5ec53dab3d0c6ca545a904a37e77bc9e23645b9f0206534d68
diagnosis_20260823/routeA_full/blocks/426862873.json.gz	240178	bdb363bea4c87c14473189762e4f3a2a404e4e33920b91bdb65c44342efabcb9
diagnosis_20260823/routeA_full/blocks/426862874.json.gz	224647	470d400e5a1a55b68881d0a31ec29283e0575dba61b0df279ae2ede4db006e15
diagnosis_20260823/routeA_full/blocks/426862875.json.gz	310182	c8d8e960f7544da4ecb40bbae71b4a23ba7995b2fefc56bad9dd3c57bcb02049
diagnosis_20260823/routeA_full/blocks/426862876.json.gz	320219	9ee990726f2ba0b23f5e815e94540676fd03bb230f66296a98893cc00fc4af0d
diagnosis_20260823/routeA_full/blocks/426862877.json.gz	348613	0acc1251eadbe2831b1e38925e8bc44895e3ea40071b6df7404987641fe49668
diagnosis_20260823/routeA_full/blocks/426862878.json.gz	186652	5aa2d61236de1c653eb29958c9fed2282c09f67c525cae32606c04206476456f
diagnosis_20260823/routeA_full/blocks/426862879.json.gz	348099	006912dc17df24b1d99ad911940824e560bb0ae7ea491b5b24b9397e50e21ae0
diagnosis_20260823/routeA_full/blocks/426862880.json.gz	334289	02e651b12ac3ce9154b16a27b05ce66fa5423e2852c1dd6ff67476e07889e00a
diagnosis_20260823/routeA_full/blocks/426862881.json.gz	317118	ecf55356b70455e66fc22b7180aa57d77181dee40104bcba31002f9404b8d0a4
diagnosis_20260823/routeA_full/blocks/426862882.json.gz	269433	c2e3c0865c885191506300d7a346a2b282e6d5e337e644840c23cfae8c42a656
diagnosis_20260823/routeA_full/blocks/426862883.json.gz	225962	efb6c34f64101f3ba5a5445abecd5d06a7b928c57e71202c2546445df0aee484
diagnosis_20260823/routeA_full/blocks/426862884.json.gz	379058	481da3c6b67119bcb129b5a09bb4637f39d99713e28b36ea7e6d0bb16daa46ea
diagnosis_20260823/routeA_full/blocks/426862885.json.gz	246062	57bf947af26f02fecf9d06a8579714318fd0f201e6baf0380ce570b7596b0a1f
diagnosis_20260823/routeA_full/blocks/426862886.json.gz	359152	1a2eb023c1f46b3c998c2fc80cb8f6f6e6b555d7a5018dc47be28b7957756b70
diagnosis_20260823/routeA_full/blocks/426862887.json.gz	253273	88b9ae6fa09dd439cf67dc847c2c9f08783830da34556ce94dbe090f163ef925
diagnosis_20260823/routeA_full/blocks/426862888.json.gz	173011	f15faba3f07e0532b2e7c7ee18d8c0ed8dbcd2ae02edd4dd8bc4faa96205df25
diagnosis_20260823/routeA_full/blocks/426862889.json.gz	139968	361c7956de133c9441a608c68efc744246accc2a948ad1ba3c7a7c91df985452
diagnosis_20260823/routeA_full/blocks/426862890.json.gz	210259	75fc73272a9fa3a2bf31ed9d2919db04750a893327720f41ce8d60a92dbd14a3
diagnosis_20260823/routeA_full/blocks/426862891.json.gz	391454	04edc5b00d51f639194af85364d4dd8e1d556fdc39de5b2f2df5bc381dd65411
diagnosis_20260823/routeA_full/blocks/426862892.json.gz	434808	a84c2596c2ffc93c653e39f0ff5b78d00dcdbf5344566128fc597658a7b9db77
diagnosis_20260823/routeA_full/blocks/426862893.json.gz	339415	0a53d69c4257ff8f54863befeb27297d3637f363989135a23e84d1c009c94ad6
diagnosis_20260823/routeA_full/blocks/426862894.json.gz	196420	60f215449becd9ead43432716f724fca5fa50913358f25c4cacec7669d6cacd6
diagnosis_20260823/routeA_full/blocks/426862895.json.gz	159663	0d8059cc2e5519be7ae56b152014528984b512388d8b9831449a526579cafb20
diagnosis_20260823/routeA_full/blocks/426862896.json.gz	197022	6fcb0c084f2a4bfba5513ef3a9676c668f28706b08956e30032df0d47b5ee847
diagnosis_20260823/routeA_full/blocks/426862897.json.gz	139241	99f6741c651aad490e3bdc34ca61cd8e210c7346e92beb110e2ed1c18bbef519
diagnosis_20260823/routeA_full/blocks/426862898.json.gz	191686	353a1923c64517f784689d0ccc04aed48be0a835017341966cc3d52633dd5760
diagnosis_20260823/routeA_full/blocks/426862899.json.gz	288309	72e8c945f1d3cb59deb2513ec61fb331e6cff482a3523e7fd51249cc25d64b1c
diagnosis_20260823/routeA_full/blocks/426862900.json.gz	339357	a4b7e3cbd669d1db2cd22fc2f0460edbd0d93ba1dc5c3e12f58f88cf9bd3183a
diagnosis_20260823/routeA_full/blocks/426862901.json.gz	296117	70895fdd5fd6afafd49efb99b5fec63c19c643916ca966fc25120b0895e131c2
diagnosis_20260823/routeA_full/blocks/426862902.json.gz	192894	e6ad12e3cb87bde8e7ed94a2821f71ac80ecd45961aaa1c4714da961c2ba15f0
diagnosis_20260823/routeA_full/blocks/426862903.json.gz	152667	27b711c50b6d2222829109a5563c385b22448d35558cbcddf6c98f4a5e63299a
diagnosis_20260823/routeA_full/blocks/426862904.json.gz	212311	63c7e7f716bece40026a2e42b055d983e838e1cd58c21550251c695c303d8a67
diagnosis_20260823/routeA_full/blocks/426862905.json.gz	373135	91a277e00edeb1bfcef97e73d77cef0fae3ddd48b61485575a936b40010e7adc
diagnosis_20260823/routeA_full/blocks/426862906.json.gz	305396	633d3d355899f3b39d89b45ebb67ecdc69b4920bbd95760a6bbf92fb4269b4fd
diagnosis_20260823/routeA_full/blocks/426862907.json.gz	268603	d3d62b2b300818a5e107471504a34d2821884d66a448cfcd8473c8686d3efd5e
diagnosis_20260823/routeA_full/blocks/426862908.json.gz	413414	9d222f1124fd5d667e8392c2df618b3c5af36e22b180ad554404e5c504a41a7b
diagnosis_20260823/routeA_full/blocks/426862909.json.gz	259590	7d1246bfa5d4ac31a93a40e4133475a38ac6468959d47efd067877b15ec7bb43
diagnosis_20260823/routeA_full/blocks/426862910.json.gz	160314	7e0bb6fe53387e3e81f76911d3df50f6d89e3f742f582739b8e2115ba7d51832
diagnosis_20260823/routeA_full/blocks/426862911.json.gz	310512	4bfc3ec72714acca08518508cbb3c8f3fc4c3d2a6dd76fd44995c7403c0def1e
diagnosis_20260823/routeA_full/blocks/426862912.json.gz	297452	7cdd0a9b642135cedaa39e05cc02f93695f003129b5ed047758c86e5b3f1e70b
diagnosis_20260823/routeA_full/blocks/426862913.json.gz	511637	9ca9b75950cbb68f3ab9851ffa4d847240c46d7c507c98c9c95d4889fbe2c183
diagnosis_20260823/routeA_full/blocks/426862914.json.gz	425735	463a1a0711c15ea28ce1cab24e2964390a2a962f5ddad6ba3a54b5bfbf8e8db3
diagnosis_20260823/routeA_full/blocks/426862915.json.gz	283707	e03c597e68845b575380a53ea09d27a54385de15ee3037d81ca122ea2a6903e8
diagnosis_20260823/routeA_full/blocks/426862916.json.gz	307151	47c0ac398d6417743fabf372b8ff7ed8111de8c96be02ec4a1b7d202914588e4
diagnosis_20260823/routeA_full/blocks/426862917.json.gz	261489	4dadde1ece2e927f01baedbb947d38a9e9b2347484ceb55fb970f0f942ac9cf8
diagnosis_20260823/routeA_full/blocks/426862918.json.gz	261751	fa6124192984ac8295f98961ac3107b70679fffad4121018cc14c0a462117457
diagnosis_20260823/routeA_full/blocks/426862919.json.gz	230837	b429caa9bd2056ef16b7ee7bab100487a262bc9aed9fe647350360ce16c13dd4
diagnosis_20260823/routeA_full/blocks/426862920.json.gz	248886	c9fa2af239e529c7a122837325947f728c6bfc769e126b67f35fe6e2bfaabeca
diagnosis_20260823/routeA_full/blocks/426862921.json.gz	162319	ab27c8a32e8cea051c242bb0d8229b63fae24ec98aed502b9c0b4dbc692aaddb
diagnosis_20260823/routeA_full/blocks/426862922.json.gz	169291	8ac68537d734b1dcdd947a951198e837283f4f8b0b5090a2766d2c7de4d0e1b7
diagnosis_20260823/routeA_full/blocks/426862923.json.gz	205832	a54619db3237d817174c6b4b30ace57b074d1a4eaadddd06cdf9d7e4484f092e
diagnosis_20260823/routeA_full/blocks/426862924.json.gz	171500	186d93f18ae8570186c7b656565d6544cf462f2eb0f549ddc3a76375eca8c13e
diagnosis_20260823/routeA_full/blocks/426862925.json.gz	297586	91d252f28ad2953c97c8118b129941dd42a98d0928205a1d4fcfdb36d2c0947d
diagnosis_20260823/routeA_full/blocks/426862926.json.gz	190899	8e8f056e6383f692b9b3457036529fdd8e76117642da1158409c34f349447813
diagnosis_20260823/routeA_full/blocks/426862927.json.gz	415756	93d809beae9fe221bd042ca2f9cdd96722cb54a749e422389979253b3b9176d9
diagnosis_20260823/routeA_full/blocks/426862928.json.gz	398327	999a2829bd9636788f64ffb007f394d949cdeddd1790a78e092976e370976754
diagnosis_20260823/routeA_full/blocks/426862929.json.gz	342297	7643f36d9f57f5c84aa9b92ed92b1e2f497de7070e6fb255cbce241de3d6b517
diagnosis_20260823/routeA_full/blocks/426862930.json.gz	254502	21e4654d7357084e5907a46033bc026d67d46991dbb400e2e9b420a9bb8c780a
diagnosis_20260823/routeA_full/blocks/426862931.json.gz	312545	74e4a7b28cb39d52a3216ded76731695b3f2b491afa8ced4ddd69f3f8aa44978
diagnosis_20260823/routeA_full/blocks/426862932.json.gz	242213	5dc4251dbee5f307cc6885fae9b006fd6679794b0c2df0fe1c106a24621b26bf
diagnosis_20260823/routeA_full/blocks/426862933.json.gz	204353	a80f242ddd8e6b3ff88e5747b97075a52a3414e6ddc02a9c046e05d442f92743
diagnosis_20260823/routeA_full/blocks/426862934.json.gz	239336	98e323410c9c0014ec3d0312579a1b2fbe486880b3b13ea3c92c7e7c3b56b151
diagnosis_20260823/routeA_full/blocks/426862935.json.gz	287138	26b6288b11817adfc95a4d66733732dc8f06f1f09e5ed4b9fdbce96cac3ba8b8
diagnosis_20260823/routeA_full/blocks/426862936.json.gz	255025	2c21aee287770d427dfc9045f5d856e7e84230171a0e84812fc9ae9120072bd4
diagnosis_20260823/routeA_full/blocks/426862937.json.gz	266879	d7bf663030da3870b1ba28617d9889e5e40e35b5e33e16cb6bde860e3c2ec10d
diagnosis_20260823/routeA_full/blocks/426862938.json.gz	197282	52fec60e02f4957214becf03a05474c4e881910440d4dc1f1cecd17ed512a562
diagnosis_20260823/routeA_full/blocks/426862939.json.gz	338957	c0814b0232a46589e4a56777c5b521b05d48c78ace40c6c1de1931484fad27d4
diagnosis_20260823/routeA_full/blocks/426862940.json.gz	351354	767b89d8b9bb45ce452e5cf53560afbe5e06df8e5da79a948e04d4eb286f2e45
diagnosis_20260823/routeA_full/blocks/426862941.json.gz	258055	041b6d449b20960121355c60e1917a554aec159014e2c60f18b1b01ddacc7bc8
diagnosis_20260823/routeA_full/blocks/426862942.json.gz	195153	a2fea30c6bc75036fb66990aeb76e4569e6e63ebe773492d9013ce5cdf354664
diagnosis_20260823/routeA_full/blocks/426862943.json.gz	170981	9f846521a288dd802c6920d0db128e6b4747ffe2baba21f46bba83c021a14419
diagnosis_20260823/routeA_full/blocks/426862944.json.gz	189137	6c3f5951be344a05323719c21c3c6583ba3fc8980067c84c3e8df6653f7a40a7
diagnosis_20260823/routeA_full/blocks/426862945.json.gz	156113	338b4c4866785223e9d662e8f0968037db6e74fc983880a9bcf333fb2078bb99
diagnosis_20260823/routeA_full/blocks/426862946.json.gz	154579	c3e15c6721c4b62aa965c406af4697e7849ff9b0a8aa7d54ecf9b33d758d1ed9
diagnosis_20260823/routeA_full/blocks/426862947.json.gz	132156	6e8bf45d30a931f413db11f42441576be17536b6120f216542d66d6c305e3106
diagnosis_20260823/routeA_full/blocks/426862948.json.gz	152686	13a6881384ac341e6b9459469c063cc6c508be69a1e849d5232c438ee7c1c4bf
diagnosis_20260823/routeA_full/blocks/426862949.json.gz	180519	eb7e309fc731cbbc66b717d868d1e2c50d44267c0357caf3ba18fe6984c9dd69
diagnosis_20260823/routeA_full/blocks/426862950.json.gz	270149	1ddb716ce07b208cf9eef927a664604acd6e9f29187c7bbc4ac7ae306b8091c5
diagnosis_20260823/routeA_full/blocks/426862951.json.gz	204550	9abd3107656f599345344d780777619ff59ed0d46c2851615ce8ac9a394496c8
diagnosis_20260823/routeA_full/blocks/426862952.json.gz	266528	de1b30e0c8c9c49ebb4082b2b529ad6f20686d14036891df052fe960a4c0b3ed
diagnosis_20260823/routeA_full/blocks/426862953.json.gz	148529	d690124bbb82b087192a9cf72ebda2832ee0095f4bebec4730596176a1e2167a
diagnosis_20260823/routeA_full/blocks/426862954.json.gz	126450	8a1e50ab2641d04b6e4adfc5c980d3496aec0372699e2f1bd90c6e0db2e02c5e
diagnosis_20260823/routeA_full/blocks/426862955.json.gz	211078	abc0c869c812de41efa6db7f50b1d192b53d9adb6acd724ace3df4cc9766e0c3
diagnosis_20260823/routeA_full/blocks/426862956.json.gz	411898	d8d7195a34f5357e185e8c2d0bee27b83efcce455339dbaec9ca6de714b0ff90
diagnosis_20260823/routeA_full/blocks/426862957.json.gz	332770	ba40a75b2716334044a0fa4d419e2475025f730d4815d3d1b091f887d65802dd
diagnosis_20260823/routeA_full/blocks/426862958.json.gz	271092	4d1a8349125aa44d1263e017e667988c206c7929e5db87b39167a96d79bc7de1
diagnosis_20260823/routeA_full/blocks/426862959.json.gz	322115	d4a108580937e65a43683b7f200a4dbef5e962107f14c71b87e078804bb7a787
diagnosis_20260823/routeA_full/blocks/426862960.json.gz	205524	8db7578322fe59d70b13f3ee092f8339e45c5a1090f067f2cf44aaacac9f2f63
diagnosis_20260823/routeA_full/blocks/426862961.json.gz	132397	01e41ce16a5f72e4528d0551124a8dbf076cf48d22d8ead3aa2d21b22bbaf460
diagnosis_20260823/routeA_full/blocks/426862962.json.gz	129134	e3304b4de04c0e0e6e0cfaef41107ccd1f9d9318631154841185bfe7bf466946
diagnosis_20260823/routeA_full/blocks/426862963.json.gz	285674	b2210a996810951ca5aebd7742e646b297ae8c0b15aae334f446f2034b6caadb
diagnosis_20260823/routeA_full/blocks/426862964.json.gz	259339	345e5e2e52ecc5f0589e79ba75319aba65a30df3f1403bbc896d92a4abf268ef
diagnosis_20260823/routeA_full/blocks/426862965.json.gz	270584	0d9faf6a331616e8e1fa59119abbfa5a17849aeaa7dca99271ba5a5b3276ab81
diagnosis_20260823/routeA_full/blocks/426862966.json.gz	175815	fb4d2cfb8ace542945f425f5a632177a6004243f350c60ebb8fb13fa2c573923
diagnosis_20260823/routeA_full/blocks/426862967.json.gz	134046	db829016ec52d86f605070994e1e5c0a2f5ecb10c7cba24834ce1a6fd02ffdc3
diagnosis_20260823/routeA_full/blocks/426862968.json.gz	174540	1bd55f7adfdae2d1924073afba7fb415c030d0c0ba77c275b22fdcd384f26e20
diagnosis_20260823/routeA_full/blocks/426862969.json.gz	259602	dcc16adce0d34c1c945ac39ff0eacf958d005b91cc5c3ce2b0c059196a64d9db
diagnosis_20260823/routeA_full/blocks/426862970.json.gz	190323	cdbd6ed428dba2594a5ede5cf4fd30e37d8254e9f1268cc5d134a1a4949c8f51
diagnosis_20260823/routeA_full/blocks/426862971.json.gz	140966	83b9ef20c1af89b0d58071180620c4a48332b30b305597b6ba606c8b22809269
diagnosis_20260823/routeA_full/blocks/426862972.json.gz	202370	13b1ef00c980ba36c749ae96984463eeb4d7997fccb0be7bdb0f58325177dc46
diagnosis_20260823/routeA_full/blocks/426862973.json.gz	157819	0a5a10a828cf7a0a31ceda479866e6d3c9cdcaa559582161dd740d276aae1496
diagnosis_20260823/routeA_full/blocks/426862974.json.gz	139955	36f0ea52f9ecf2d1150e06c1f60c772491fa5da91b1e0736acf53ee91e4eb77c
diagnosis_20260823/routeA_full/blocks/426862975.json.gz	152590	df36bf417004c70e0ef35425de65c0fe3ddfc4ba64bbf058e009b166f7cefdb9
diagnosis_20260823/routeA_full/blocks/426862976.json.gz	228205	7673ba1c770a9d1e7d8a885803d26ec4ccd613e0bee5e1643abad4a2c2ebef64
diagnosis_20260823/routeA_full/blocks/426862977.json.gz	104535	6d2d6b4b551e72e12ec1c274b70dafa3942b1886eaa628c8e1f04652eb68e309
diagnosis_20260823/routeA_full/blocks/426862978.json.gz	161687	497c3e1bf6cdb97d87f8e754ea6c036fb3ed14d8581c6de913d3e7f190ba5459
diagnosis_20260823/routeA_full/blocks/426862979.json.gz	109682	245f158ec42c6e3cd64351f6ca300cafd0da60688791baeea6ef989a0ae12e16
diagnosis_20260823/routeA_full/blocks/426862980.json.gz	170011	e6fc03d27d0ec30cc575694c678cfe7bf2b506fc63af038cc17c3d9ce6907f02
diagnosis_20260823/routeA_full/blocks/426862981.json.gz	183314	f6563ae0db9c295d845e630b501c2c9f249b978c6a5a28c76b5aac52b908be2e
diagnosis_20260823/routeA_full/blocks/426862982.json.gz	154797	098749469f8fe015d76e2f4380bf964c274e35d362b3aead056f27caa48338da
diagnosis_20260823/routeA_full/blocks/426862983.json.gz	165413	844470963e6d78ff205c22eb93c807686f62025b84c3b91b73063ab51b39d49b
diagnosis_20260823/routeA_full/blocks/426862984.json.gz	141612	43e9b76754d26e7d4bc9f2c35e9a40a6bbfc09ac1189a44ee47aefc3b7fcbb78
diagnosis_20260823/routeA_full/blocks/426862985.json.gz	177216	7390cb09df29113bb3ec9180f0a88dd89d3e22a21520cc733eca0ee299d9a45e
diagnosis_20260823/routeA_full/blocks/426862986.json.gz	196069	e2c638d6ea49d72480995610627c0c59115a17e6f85c0daf8a26d0194a17346b
diagnosis_20260823/routeA_full/blocks/426862987.json.gz	220002	7f4a7f93752b3b8c9cfb8cfcf8540b31182e3de3295c436d829094e78bf572ad
diagnosis_20260823/routeA_full/blocks/426862988.json.gz	154882	b5c0bc973026a7dea75c8fd952d9ff3ea36c3d9b079032b5943e370d9f0fbf8d
diagnosis_20260823/routeA_full/blocks/426862989.json.gz	134822	0c54412f4e0f72906a11973d48b10daef71accc37ceafcdf029075366f52bc6e
diagnosis_20260823/routeA_full/blocks/426862990.json.gz	152226	b753c6d94f188798851cc481d2b3dac7591f5275005ded0fe7aebe3d2b32bd14
diagnosis_20260823/routeA_full/blocks/426862991.json.gz	363306	1d6288d598bd500df20ab2a45c3709e5cd81bb5a0c7728323c56321c849b00a6
diagnosis_20260823/routeA_full/blocks/426862992.json.gz	300401	4f689f254faa1eed7f469c69e011fcb60af4061a12c8dd4e1bb567d2c4c94e11
diagnosis_20260823/routeA_full/blocks/426862993.json.gz	194751	5acdfc5258dcf8327aa9651a24c4d8ecd71968ba86d550cf98b3b89b977e9ead
diagnosis_20260823/routeA_full/blocks/426862994.json.gz	208764	e48b87dbc387f37dcde74ff04ede077bce4f72766746c76aa91d429e185e4d91
diagnosis_20260823/routeA_full/blocks/426862995.json.gz	151818	6ec391a9c4e5e8e260204d7f660bca30ad55443c22f9e4dbf654694e092ab2e1
diagnosis_20260823/routeA_full/blocks/426862996.json.gz	263349	92f97c0e3a514bc9edb1fc470ef3e1e092fa0a1e06eb36f25daecd2d137e904b
diagnosis_20260823/routeA_full/blocks/426862997.json.gz	222771	e1bb08c45dc764e8ae5c9df4c5de71565c0df14b438ab651bcf0a66fff085b11
diagnosis_20260823/routeA_full/blocks/426862998.json.gz	511413	66afe08d61d8e83c9369c352e7c47232e2ed8385e96cfd511d0a1f97a2c6cddb
diagnosis_20260823/routeA_full/blocks/426862999.json.gz	282006	00f0e5af790dff6910e11dc55bb8d426ce0167a16c108a71413ac838409b6b1e
diagnosis_20260823/routeA_full/blocks/426863000.json.gz	185427	98bd260254877d92c6bce531033d245bc92ad1177965c314e5f9a2f6cf650fee
diagnosis_20260823/routeA_full/blocks/426863001.json.gz	338186	3e1ec93b362b070dede5693661e143b38ff3c793382bdcdb3b6441e3fe939ba8
diagnosis_20260823/routeA_full/blocks/426863002.json.gz	442551	c7ae433aa985456227a297bd274b2f347b10922d0d8b1aeafb0b49fbe89be124
diagnosis_20260823/routeA_full/blocks/426863003.json.gz	513477	0a30fe85a304e2e6189cad066f558d5d6e20c4eb0788ad4d3f19c9a4c85f45f8
diagnosis_20260823/routeA_full/blocks/426863004.json.gz	471085	426e6c868801e4673899f7b12370ac5610bf885b3526c3441ff9bf71cde77936
diagnosis_20260823/routeA_full/blocks/426863005.json.gz	327939	a5b132f98f3c74c9812a65fda9e74819830d5155d5640c658f5133253b30514c
diagnosis_20260823/routeA_full/blocks/426863006.json.gz	230455	205d2440a0f86dcbf66e74bebff0c4f67a8e78addcd3f891ae9fc34f7533be68
diagnosis_20260823/routeA_full/blocks/426863007.json.gz	362672	45b67396ed60dd47b6fe23a9a321d0d2183a3136c4e71e4061b35c2182299d9a
diagnosis_20260823/routeA_full/blocks/426863008.json.gz	622070	ca8ff69c70157a9be19d84d1e12887524893d50b5216e4dd277a6d9af1d986d0
diagnosis_20260823/routeA_full/blocks/426863009.json.gz	437641	3ac3aedd578000581b3eda4a85d56bc13d0177fc85bb2905ec5a64a306782b35
diagnosis_20260823/routeA_full/blocks/426863010.json.gz	272760	7eac453af55c10d0af5587fbdbfb0468e8aa3c9d0c0b8ea83ff6bad98f676fa0
diagnosis_20260823/routeA_full/blocks/426863011.json.gz	435871	94dd7e24c26dcbf2bbb47d0b625798bfe2dc518ffcb6c0b82efe25fcb5aee0d1
diagnosis_20260823/routeA_full/blocks/426863012.json.gz	168560	ad900dc2c7f7cb83ce570c70ae21530f001670a092aa7528a2999a8a1704a88f
diagnosis_20260823/routeA_full/blocks/426863013.json.gz	130913	265d33b66f9559298f55a928c957b91e20980361fa9fd1d83af9aecd9972afdf
diagnosis_20260823/routeA_full/blocks/426863014.json.gz	125098	cf600e5375ea33340196438ac1773281f3a6c0918e44dab5f51971e1f1a7533c
diagnosis_20260823/routeA_full/blocks/426863015.json.gz	120018	8f72a14bf90d26fcf41e4a9642f2dabdabc8c528038d7fc15f1e276026cbca38
diagnosis_20260823/routeA_full/blocks/426863016.json.gz	178441	c73b76ac67c4864d2dd6fccea4218b7b32d7e313b865b3b135317a0a5acb1509
diagnosis_20260823/routeA_full/blocks/426863017.json.gz	205182	8469879f65665e31afbd5280ba90c1ff19bcace3670a3bcfa9ff4bc787c7c628
diagnosis_20260823/routeA_full/blocks/426863018.json.gz	165549	9926209fb58dc2b9624189873342ff99860e90b253a17f578c4c0921756a4c10
diagnosis_20260823/routeA_full/blocks/426863019.json.gz	220187	269a016f1e6d8a3d1965ad98df738131f46ef92682414d87679eb431de077783
diagnosis_20260823/routeA_full/blocks/426863020.json.gz	351593	3a67b0552296f69a7d3ea1524ebc3b4b92c8aed911ef701a2585a82b8d5e091d
diagnosis_20260823/routeA_full/blocks/426863021.json.gz	234157	3fa2de892cc41ef31c54690eb900d4b27f21a409e3c5d17fbd2e97065a0a9596
diagnosis_20260823/routeA_full/blocks/426863022.json.gz	325443	35148f08cd8a6d4424cfcbe4d12aec6b2e4cfecfe015d81638ba87107dd8eae2
diagnosis_20260823/routeA_full/blocks/426863023.json.gz	283858	ae5250a3a85abfc0460819582fbe6493fd9e7885935ed25414a4402202aa4ab1
diagnosis_20260823/routeA_full/blocks/426863024.json.gz	196942	f6f39afb55da86e5895f09611514ebc8d4e7d2e96fa7263035d6d196f851c0f4
diagnosis_20260823/routeA_full/blocks/426863025.json.gz	130442	491df69946e42e864147eb8c23caaca6eaa7313072e0fa10e2a790ffde2d247b
diagnosis_20260823/routeA_full/blocks/426863026.json.gz	178817	5d31bb36300e30d355c2e6851e3c761928e9c89f8e6fd206888abe3f61ad6383
diagnosis_20260823/routeA_full/blocks/426863027.json.gz	321236	8c36e4a586b4db07ee775faac86676f9536e7220154879638e4846eea05c8f82
diagnosis_20260823/routeA_full/blocks/426863028.json.gz	370248	27c0975fc5f889bbfe226e53fce53346c9682bca137ba6bfca10cd04868a654e
diagnosis_20260823/routeA_full/blocks/426863029.json.gz	335621	77854696189531659e0a2cc1b01fb99f1f0486bdd455c4474d87a254bc621b0b
diagnosis_20260823/routeA_full/blocks/426871314.json.gz	428190	e812135043cc5ac58e7e338e5efd3141b6d9490f1b225f1933996729a0aac625
diagnosis_20260823/routeA_full/blocks/426871315.json.gz	331416	8d14f72307f99af17db3e283187615f7827eb4afc87e189cf4d5a6aeae8e9c76
diagnosis_20260823/routeA_full/blocks/426871316.json.gz	277429	cb55744ac8de3a2fc7d1aa67da685e341826f41c50dca946471c39a028de15d6
diagnosis_20260823/routeA_full/blocks/426871317.json.gz	245575	4a96afa9003d896a334308af7ff8642474c961b9cc9bb92c89693ba1c70e3428
diagnosis_20260823/routeA_full/blocks/426871318.json.gz	361115	d7e13dfc31b64b0a614666bc43bdfd6f991bcd15a8f6a6a0e870acd7ed2deb6e
diagnosis_20260823/routeA_full/blocks/426871319.json.gz	320020	bab02a572304028aa7c2bf84607a840670cf0ca610411b433e8f5f4734091f57
diagnosis_20260823/routeA_full/blocks/426871320.json.gz	384192	cfc816c1c72c1b89b8a7f2e93f62308f4b58877cca488c0dce4341b0d23b19ad
diagnosis_20260823/routeA_full/blocks/426871321.json.gz	360097	03d64aae8ee35ac2e6043403cebc39b2351294e9162b9f134b696e85481d74df
diagnosis_20260823/routeA_full/blocks/426871322.json.gz	340291	1df7c119ecc5073d69f175eb648281e92b560511078af2f696f960518f0a1d3f
diagnosis_20260823/routeA_full/blocks/426871323.json.gz	354569	977cbe39b850582c827c5e652c243dc92be46f62cd1d7ed281cb7688ca53e028
diagnosis_20260823/routeA_full/blocks/426871324.json.gz	182594	96e7eff34836fc2341d5a742e2f81d0a26f5191084dfdb43f0293b51a25f32b6
diagnosis_20260823/routeA_full/blocks/426871325.json.gz	75586	40bbf17cda9f7b88671e857ea7969761824bcc3f7e3fb8b78906c928a76c3ba3
diagnosis_20260823/routeA_full/blocks/426871326.json.gz	135260	893818bdb1665b6757101d1f2e5a71abd82d10b91941a0abc521cb590cbaf2a7
diagnosis_20260823/routeA_full/blocks/426871327.json.gz	72361	a07621fa44dcc7f22f3bcd9e845d66dc9284216ccf1932c81f0bba78025757ca
diagnosis_20260823/routeA_full/blocks/426871328.json.gz	551811	c2b404bc1ba5a6d8af6acc55d862af800982de0b8bb7ebd9daafdd1d1c9f6312
diagnosis_20260823/routeA_full/blocks/426871329.json.gz	748972	6b8a33a734a252286cb0288e9abab4ed422ef618d52f47f63cb279f4ecea321c
diagnosis_20260823/routeA_full/blocks/426871330.json.gz	712504	b3e484593b1cd29da6cc0664c41190d9cee499269c1f0ba39de93184e9230e1c
diagnosis_20260823/routeA_full/blocks/426871331.json.gz	745843	318fe8a72ca158f7a2ddfc118bc5a58abd7664fa33b1426c3b1e19dec8145c0f
diagnosis_20260823/routeA_full/blocks/426871332.json.gz	343230	41bc9174e1e1b6504ed137f70feebe150369ca7947d14de39d18b567d7f1149e
diagnosis_20260823/routeA_full/blocks/426871333.json.gz	385173	7295cb680ef72470f39f6babccbff9b2a3c61791e82006f6299f82271e5ed58f
diagnosis_20260823/routeA_full/blocks/426871334.json.gz	297228	d679de3da10d6f35cdd39edc1172b075c1f02eeb0a1377e27da2ff6b483f74d3
diagnosis_20260823/routeA_full/blocks/426871335.json.gz	347348	36a73b0e1fb18b94ba70ad7b398a1641ebca225720056147870f97e30f10f338
diagnosis_20260823/routeA_full/blocks/426871336.json.gz	571664	3aa2203766adf89c3d141444944d1346dcd7ee2ab9fa64c9c0244f3779daa85e
diagnosis_20260823/routeA_full/blocks/426871337.json.gz	492049	d0061298a62ebf58d54d3bdaa3bed03059c3b445f6066cc40668fc2a163105f3
diagnosis_20260823/routeA_full/blocks/426871338.json.gz	512283	e1b686f10c655cd9bec280b8b91f3fd2e4877c767f12aa269aef85863269f6a7
diagnosis_20260823/routeA_full/blocks/426871339.json.gz	712440	b7efc66cc9a9935a589eb4fd88f5ea686d4c8a79ae214e22c73e1bb9f037f163
diagnosis_20260823/routeA_full/blocks/426871340.json.gz	232677	1d4f569cecdfde77c7015c85c1f3d15a1dcc73553aaf3af0c0434dc51151c559
diagnosis_20260823/routeA_full/blocks/426871341.json.gz	489881	57a8f4449cfeaac77ca64becc9e23eb680627372cb8c4dabeb25f4868cd34d90
diagnosis_20260823/routeA_full/blocks/426871342.json.gz	489262	eea62c3c5a34a2d840411a504ced7d171cb5756a08963e450d5086ca59b55fcd
diagnosis_20260823/routeA_full/blocks/426871343.json.gz	506245	a296518210080be3e76dc55b8054bfadcb6573daa907f8d42df91dd95fc1c747
diagnosis_20260823/routeA_full/blocks/426871344.json.gz	91222	f80a5fd93b26042c58cf8f6e89a239f6d5092a0edc8ba221b14d4d0357ad84d9
diagnosis_20260823/routeA_full/blocks/426871345.json.gz	64415	973923d00ada6705a8f3c1dab5106bd4ba4a0e40d475313e0a1e9d199e6f67c7
diagnosis_20260823/routeA_full/blocks/426871346.json.gz	72001	23acfe56bd6f1a40e653ba8966ecf7f9ef5e8bcc3deabf3e93bdc8fcc9c9cf7b
diagnosis_20260823/routeA_full/blocks/426871347.json.gz	53967	55128c080f238912a931d511823342651fd2ea2b11bd87203ebe19dacf9b9eb0
diagnosis_20260823/routeA_full/blocks/426871348.json.gz	564406	ff7192fba149f87d13ab0c82072d3949fa35ee35f978ac2589df882a3ea41a49
diagnosis_20260823/routeA_full/blocks/426871349.json.gz	490324	2c800ade5e14b1e3813345897af4128bf89dc5b04edf718bf26d2912fb7f792a
diagnosis_20260823/routeA_full/blocks/426871350.json.gz	394211	1e7c525af2cf1efdd7f028596c3fa40a2df68e6d1a43bc8bfbf5e88a3337aa01
diagnosis_20260823/routeA_full/blocks/426871351.json.gz	444584	ab765e5b8f97dd424ed905fd2f9b623e02963b441d5e7174f13895aa5e87d9e6
diagnosis_20260823/routeA_full/blocks/426871352.json.gz	560911	d8a88dcc04a0dcc8a320344a0433e2a44ea0dca0845ddbf06becb727a51f3b44
diagnosis_20260823/routeA_full/blocks/426871353.json.gz	382954	78dd8639267716b13c7ba9090d32a5371b0443b574852178cc11f7a138ac7f4d
diagnosis_20260823/routeA_full/blocks/426871354.json.gz	502547	7020ef412c4a69949ea55ea6d307029a9541de962933d997bb80c1be5d9a36e0
diagnosis_20260823/routeA_full/blocks/426871355.json.gz	425398	6c2ddc277aedc873b0407a834e176b30111bc39071b88d5c5e64e7ca52634e33
diagnosis_20260823/routeA_full/blocks/426871356.json.gz	381374	58dadf78656ff64abbac30022a6fa0dadddfda5fc78fb3100101c2203bf84ec3
diagnosis_20260823/routeA_full/blocks/426871357.json.gz	341883	39939815d6d744cf8f1fd4286ae38bf640c58a0108ee2295c2b197814d8c9193
diagnosis_20260823/routeA_full/blocks/426871358.json.gz	350539	50562a0144a90da53a45d1797ff45fa6df1b252f2265cca49510b97f413f0105
diagnosis_20260823/routeA_full/blocks/426871359.json.gz	376917	603886b4ca9c02b45d8706db8ed25695d6e13d9a368c378d172741944387cdc0
diagnosis_20260823/routeA_full/blocks/426871360.json.gz	485302	e124c167acb8ba23ae447b87de68fc50c3c377b94570feb8fdb55da13379f82d
diagnosis_20260823/routeA_full/blocks/426871361.json.gz	304317	699caade0fc431808bcf959915768f1dbf94a99c7cea9d0553a267f7c1d6516b
diagnosis_20260823/routeA_full/blocks/426871362.json.gz	253029	59fd8b5489a48ef73ed41a4e62fd831681d5693ba8a6d827d3218683490667fa
diagnosis_20260823/routeA_full/blocks/426871363.json.gz	367014	e8e692b813acfcf134cd0fcf96a3102ec60677776db2b5a836518009d6485f07
diagnosis_20260823/routeA_full/blocks/426871364.json.gz	344916	60bb8c9c5318056d73e00a65cfbc4263487365a6792781bdb846bd26dd7d407a
diagnosis_20260823/routeA_full/blocks/426871365.json.gz	431795	7915fa5ce292a4970acd25916a8d3cf699c1c6e7ad4f322c20eaad4ac7091b42
diagnosis_20260823/routeA_full/blocks/426871366.json.gz	395905	220b251b7bd386df5d167db5970d80e516bc003495755c33ac4e5aac308fb2d9
diagnosis_20260823/routeA_full/blocks/426955374.json.gz	130967	8fc7d04b09e2e330b38e73dc522cf4a92ab9d64f233b98ca5f5397d542dcd6e7
diagnosis_20260823/routeA_full/blocks/426955375.json.gz	153027	738533b8863c1a3457d62a48dcd8b1df5fe16b44071a3bd2755593bf6f9d082b
diagnosis_20260823/routeA_full/blocks/426955376.json.gz	180402	d9f73a085e4f1ff0bd6d10a5da02735c50434ea6cfd6dc35066472c4b2a1322d
diagnosis_20260823/routeA_full/blocks/426955377.json.gz	136423	aa07aa3531e916414ec902d3b3779ffb3a9409e1cef391ede100a98e8cbbed62
diagnosis_20260823/routeA_full/blocks/426955378.json.gz	120430	66b32f1ff4e99d62fd7528258ba288085a36e9a3046a4dde02d172ec7724f8f3
diagnosis_20260823/routeA_full/blocks/426955379.json.gz	125228	5c4f80dfce8530575e4b48112f92de905ba785ae0b66e66ea349116777119aef
diagnosis_20260823/routeA_full/blocks/426955380.json.gz	144627	75fe468a5408b62369d01959d37ae753e6ff259d966673cfc0ae23bd02f1f451
diagnosis_20260823/routeA_full/blocks/426955381.json.gz	178653	6b0033d0d7e2751eac198b4c0ff93f1a55a56f46f0153643ed2dfb8947d9f99a
diagnosis_20260823/routeA_full/blocks/426955382.json.gz	151472	ad27af3a6443fb1081cadc74af457900beffc0348d83794e9479f22ce4a51492
diagnosis_20260823/routeA_full/blocks/426955383.json.gz	187985	f93ec5428997a782333e3be6ae9cbf57ba720a415504cfbd5aa5a0f841ba3f16
diagnosis_20260823/routeA_full/blocks/426955384.json.gz	155138	c67a87f682fbf00ead8141907f76ab46f6fd972f87cd7d08134228453efe8a7a
diagnosis_20260823/routeA_full/blocks/426955385.json.gz	184434	a73ff54dba82d89231da1897d9b807812a71487a52642a9b5ea03ec3cbd4133e
diagnosis_20260823/routeA_full/blocks/426955386.json.gz	206336	a4b1b335ed9e1251597a070a3869d14f97c01b066a0df1e8970fd4b5f446f178
diagnosis_20260823/routeA_full/blocks/426955387.json.gz	174049	87f8bf9e8ce077313bd00d6d328545901e3a2c31d7afdf1e9b89cb1a51d69e00
diagnosis_20260823/routeA_full/blocks/426955388.json.gz	171288	0c5c7771f38dd19f8b41cd21f8e7247f4fe2b9da47973a095f7eee4ef9989213
diagnosis_20260823/routeA_full/blocks/426955389.json.gz	149528	cab315b54040f7fe511520f25b03212b09a1f1fb73ee99526e8abd6c9f4cfcea
diagnosis_20260823/routeA_full/blocks/426955390.json.gz	124790	21064e89eb8c9a16805224045b2664cfcafb638a4996b840c4a0ea3eed99a977
diagnosis_20260823/routeA_full/blocks/426955391.json.gz	221228	b8eec981ab05eaae71afedce5be4abc97ad9d280dbba3834810774b99b9f8a44
diagnosis_20260823/routeA_full/blocks/426955392.json.gz	216839	7e8a56f05cecb83a276fea1615fe52711078323e3e8beb2c533103967d11f5a3
diagnosis_20260823/routeA_full/blocks/426955393.json.gz	434286	fd9abda6f967574bd99574abd7f5669ee103b8e1e401544187e38eb5c75c1f58
diagnosis_20260823/routeA_full/blocks/426955394.json.gz	253343	a89d1bd7483faeeba0c7703a1fab577ee9bf42dbecf8b679a7155223c2a91e56
diagnosis_20260823/routeA_full/blocks/426955395.json.gz	130212	7e16f3e5b6c09d154c408ac12656f18ab74a5ec4b46f9b3e4ea689dc50eb9566
diagnosis_20260823/routeA_full/blocks/426955396.json.gz	195743	411e540339b8b61b1982b92a11f39e80a2cbe5d0d9cd6316360bca762dfa041b
diagnosis_20260823/routeA_full/blocks/426955397.json.gz	226131	a923916bf86e85586b2432d43f965b43511673908eed7c347f19ad0dc4baf4b5
diagnosis_20260823/routeA_full/blocks/426955398.json.gz	223156	bc9602c26b8f8a74c0560033415ce75080f3892ca6944a862d402d2a5d2ce782
diagnosis_20260823/routeA_full/blocks/426955399.json.gz	130078	b92a78e54524f2847e0fea84bdd8f9482f5d605cb185d1cd4e0a014452ac8da3
diagnosis_20260823/routeA_full/blocks/426955400.json.gz	163005	be4203952ae181bac8b02fff0d4ce782d847ba1c51355c050f65ab2350d833b7
diagnosis_20260823/routeA_full/blocks/426955401.json.gz	171056	4eb0858da27db634def6a8125a6b6e78460c3dd188fbd8898444a09e6a021252
diagnosis_20260823/routeA_full/blocks/426955402.json.gz	131606	a84043d5b982e50081359854f9846dc52b79fc8e131d560c0612027dfdfc05e6
diagnosis_20260823/routeA_full/blocks/426955403.json.gz	186535	9251c695d3bb226a8ac7f4adece87149802fad8f0871a861ba373e8611d6f0a7
diagnosis_20260823/routeA_full/blocks/426955404.json.gz	189670	137389b557e42125cdaf1a4fa4a8f40caa5005dc9af41f47dbadefa6a8dd171a
diagnosis_20260823/routeA_full/blocks/426955405.json.gz	327856	f7207cd75356c46aedee3b4792ad24086b12f633ccdf4c29424cae53faa63761
diagnosis_20260823/routeA_full/blocks/426955406.json.gz	174240	369b83bf1c4ba387297c62b952ff889cf2980fd067d0b84fa77d9e22f377e906
diagnosis_20260823/routeA_full/blocks/426955407.json.gz	217468	9896116a685bb7053c95b8568a2056f965d63409401817a0906c1545a0f307d3
diagnosis_20260823/routeA_full/blocks/426955408.json.gz	141909	2d57ca4bfe6f139850413443db4a9889b26ce5ba4157c28ff6e68ee06b9ed75e
diagnosis_20260823/routeA_full/blocks/426955409.json.gz	157125	c72fed3e45b617d2c5e55f9e9e129c1d165260420a3c7dcde495c6cccf57ba11
diagnosis_20260823/routeA_full/blocks/426955410.json.gz	236813	e1af91f6333c68fed16e97e82b9bbd4e57aa62bd66cab10f98bbbcc027e96860
diagnosis_20260823/routeA_full/blocks/426955411.json.gz	281661	0ea1bd7f1041d1231c33e48f710833a12490d8da6c7872af1b2a12e9d74d6527
diagnosis_20260823/routeA_full/blocks/426955412.json.gz	268062	12e3e00791208f63091bac455d49ac1efa292855f0572ae0bea6050e44a3e639
diagnosis_20260823/routeA_full/blocks/426955413.json.gz	119576	d0a13e1b22f8fbaf4f80a4f8f125a7175be1617f69e682139829cb0c48b60346
diagnosis_20260823/routeA_full/blocks/426955414.json.gz	120483	0c16c3f8c9c532e7188b45fcafb282ca270e752009206ea46ada58bf5e233cfe
diagnosis_20260823/routeA_full/blocks/426955415.json.gz	180364	1f6d30f9a2ebaaf7c6c5861c0100bd5e1608d6597c526c37728b2affb47705cb
diagnosis_20260823/routeA_full/blocks/426955416.json.gz	160938	fb50e0be037f37e2e7d21685991c1c031c29d3f7400810a6dc49239e8be21004
diagnosis_20260823/routeA_full/blocks/426955417.json.gz	125366	9019c8310b852409e21fcb7641c2506ba5b240b5ddfc6cd79a66541f8466792c
diagnosis_20260823/routeA_full/blocks/426955418.json.gz	115033	1e7688fac8816e3ef6d71e42a68dcaa0769a6e8f1a4afa82ae2124f6332ebe5e
diagnosis_20260823/routeA_full/blocks/426955419.json.gz	183323	0d362b1630a513f908c9a3144e3d80a5abf1557e78bee29610d2c8f395044902
diagnosis_20260823/routeA_full/blocks/426955420.json.gz	131763	c02638bb3a2973b729b5b886ca135158b1ebcc8216d12607163cb1d357e31cd4
diagnosis_20260823/routeA_full/blocks/426955421.json.gz	193251	640e64e624b2628e34a6aa94c1f0824da7367e5258cca90c31b9ccbd4dd6de9a
diagnosis_20260823/routeA_full/blocks/426955422.json.gz	173102	f5390eeaea2f603e01e01f43c3defd103bc7a47f9414332db0f49239d8b63f12
diagnosis_20260823/routeA_full/blocks/426955423.json.gz	169572	e05ab93144f116cec133ef6f8839b33b10ab17550fa106a1cfd46fcd0107e9a6
diagnosis_20260823/routeA_full/blocks/426955424.json.gz	139708	434e8b8a0e33a1d7b1d8a0d54c5212be769c9db5ebd9e7ea1392f17149b5f5df
diagnosis_20260823/routeA_full/blocks/426955425.json.gz	120070	7856a47f2a417ca133f23d3e2dd583cad930afca5b4655ccbd0d4c3c892280a9
diagnosis_20260823/routeA_full/blocks/426955426.json.gz	141173	e048633413309995aec18259727c81d9aeaba948c12820a3bb3d710a5e3e3f4a
diagnosis_20260823/routeA_full/blocks/426955427.json.gz	115826	ab3c691a2724e940ca734c79147726971143c97a76a490ddf2a83033c729e9a5
diagnosis_20260823/routeA_full/blocks/426955428.json.gz	166736	4703d1cf5cff24dbde51c412033c2646be68aa7ad3a5bd65f308622ed71438ac
diagnosis_20260823/routeA_full/blocks/426955429.json.gz	227705	7f03d2b8d3bf896a2a1e23e3b7da2d36e5ebf3b5d2db65b7c9198d904b7c6fee
diagnosis_20260823/routeA_full/blocks/426955430.json.gz	170771	9d3531da693ac2dced6c8e687e503b8e2561a93ef9422f1618c74c90caf2b4bf
diagnosis_20260823/routeA_full/blocks/426955431.json.gz	132789	390321d5c50134e60a6546ddfa24b8b0fd2521bce583c748b476a421bd991397
diagnosis_20260823/routeA_full/blocks/426955432.json.gz	189006	faf4d2478b7dcc37707f7935bc72be539c3c90f50661b980cd9086cbed77c859
diagnosis_20260823/routeA_full/extra_gaps/blocks/426348576.json.gz	47188	103f3b9b34f815677d98dd08ba30ffb6da4000abb529555c592ef37c7210a634
diagnosis_20260823/routeA_full/extra_gaps/blocks/426445539.json.gz	158339	b57c71ec2941eab7defc0a5cd5d76707a3f8f05c41a64b242ecd2508767f39fb
diagnosis_20260823/routeA_full/extra_gaps/blocks/426445540.json.gz	100415	3949ee17c41437b9955bcfd713342dda344bba62718855217313a0382abffa44
diagnosis_20260823/routeA_full/extra_gaps/blocks/426445541.json.gz	137539	2644901ce6a4c067b7c459526517ee90f813cc78abf7c81a62df33c5d023b2d7
diagnosis_20260823/routeA_full/extra_gaps/blocks/426445542.json.gz	187460	3bc1f1fe769dcd22e5a89dd0bbeadb6cf0b87bb9fcbc514ac1b5910a9664fcbc
diagnosis_20260823/routeA_full/extra_gaps/blocks/426445543.json.gz	290407	075ba917cb0c243804fca3a1b1b2ef769c39e148019e16129ea27a090cec7c3d
diagnosis_20260823/routeA_full/extra_gaps/blocks/426445544.json.gz	256026	ece923498b634fb0619831c9f316b30fcd587a529575bcf93a30201c184ae942
diagnosis_20260823/routeA_full/extra_gaps/blocks/426445545.json.gz	260467	40bb7736f53fa55926a93552f6066ec69f7fcddf16e9a90ee8c8a691e557072c
diagnosis_20260823/routeA_full/extra_gaps/blocks/426445546.json.gz	150181	1d7f7d6efa2752c87d6c1110728aafe0a53f3ce74027600efd46d8157bfe991c
diagnosis_20260823/routeA_full/extra_gaps/blocks/426445547.json.gz	306993	41f846e73694acbfce1b5e11d151b27c073e93af627acc2553d1e18452ec89c0
diagnosis_20260823/routeA_full/extra_gaps/blocks/426445548.json.gz	259958	d6243f0ae9284dc7ab48e40f12b34acde3b1fce9a9cb620c9d111d13bc984ede
diagnosis_20260823/routeA_full/extra_gaps/blocks/426445549.json.gz	130242	54bb68672e54d490b0236b4f8a3afd0c15ce605e4cd644208df8e03048acdd6e
diagnosis_20260823/routeA_full/extra_gaps/blocks/426445550.json.gz	126159	4777a1132cb8f7e68aab2e9ebac258fa1ed7fcec26f9a7bacdcc526f27d23b33
diagnosis_20260823/routeA_full/extra_gaps/blocks/426445551.json.gz	118891	4719a70ab8d507380301d81f05306b8a65485d7e968bf361cc96dcb16508aa73
diagnosis_20260823/routeA_full/extra_gaps/blocks/426445552.json.gz	213969	764004321ef109c944d8f9d20aa9792d65280fef98dd14a2568db8787de96780
diagnosis_20260823/routeA_full/extra_gaps/blocks/426445553.json.gz	141215	a86055e9293bd7ffab665ae28eb14b9da6b08ae480e8376b272be8f9a5829cef
diagnosis_20260823/routeA_full/extra_gaps/blocks/426445554.json.gz	202136	24e054ad29a7bde55a96250a0f6b71fa67d97c9791aeb44237deb4c4fcb36fa6
diagnosis_20260823/routeA_full/extra_gaps/blocks/426445555.json.gz	146676	b5bb090b6782fa69ab86839b69502c2ff466148b98365eea2fcf13c97d670791
diagnosis_20260823/routeA_full/extra_gaps/blocks/426445566.json.gz	110133	b8a8766b10893d013cecba8168a8a0e258b5341b537696405946518dd2a8fb6a
diagnosis_20260823/routeA_full/extra_gaps/blocks/426445567.json.gz	103575	d179fdb76be835352a0cdf497d2a6548817ce59ea888f9f00f7ae48f1ca2d281
diagnosis_20260823/routeA_full/extra_gaps/blocks/426445568.json.gz	116397	2ca168267c4943c3760cef6d401cd616544e37952330ffece2531301d20635f4
diagnosis_20260823/routeA_full/extra_gaps/blocks/426445569.json.gz	112907	e3086be1707e6ab875d7067bb85667f853ee06887c94a647dbb4b7a38bbd13b4
diagnosis_20260823/routeA_full/extra_gaps/blocks/426445570.json.gz	140137	d85eebc1d0c34683fb1c92c735a5474326dd223cc076dd707866188b8ec5811d
diagnosis_20260823/routeA_full/extra_gaps/blocks/426445571.json.gz	119838	822c253eeb1327ead980c8ce1e5c974064e5217f88d83e01106e0bb93ff8cd38
diagnosis_20260823/routeA_full/extra_gaps/blocks/426445572.json.gz	143554	20f55c59e576a8a0022448031abd2f6552bf670045e285e0353b9fac5dab64cc
diagnosis_20260823/routeA_full/extra_gaps/blocks/426445573.json.gz	124380	cb8818db41d85309c0e13bcde55c6aeb2bfc1d97e8a3925b94c5b6eb96a42743
diagnosis_20260823/routeA_full/extra_gaps/blocks/426445574.json.gz	121078	b18a971f26d402c52cbd5b8051f9e903064820bcbf7d473a96c2dec819700b94
diagnosis_20260823/routeA_full/extra_gaps/blocks/426445575.json.gz	111323	a4a089e8228f45feb47503c390c681e6707fcf3a50f3c12c088a1b4932d5cf0e
diagnosis_20260823/routeA_full/extra_gaps/blocks/426445576.json.gz	111535	2eab4c885013cf7acd934e9df4f1ff64626a1c1d8fb1914be42613c2394c7aa5
diagnosis_20260823/routeA_full/extra_gaps/blocks/426445577.json.gz	112108	bcb621c2f8a7c8d373ed757529e2399646880a24d5e13a4e0baee45bb0b3fc18
diagnosis_20260823/routeA_full/extra_gaps/blocks/426649663.json.gz	313017	96ea0699dd5bf4e5570f15dc89604da9852f0412917edeafc0ab2db72f3dd6fa
diagnosis_20260823/routeA_full/extra_gaps/blocks/426649664.json.gz	389235	fb64212816201ed83e786b08e8c88a0fcf09e83b9b539ceff6a61faa92afafcb
diagnosis_20260823/routeA_full/extra_gaps/blocks/426649665.json.gz	261508	29f8eb481d911e96ff4bfb8483569ff635cb7ed4223924241d8a41e0d9719359
diagnosis_20260823/routeA_full/extra_gaps/blocks/426649666.json.gz	278951	60b9a4d0e347916d15e11681005d0af2f48d6af399bcf6e16bf19ef862a4afb8
diagnosis_20260823/routeA_full/extra_gaps/blocks/426649667.json.gz	382272	b8ec4f2e5ab1754ddebed4f33c90b5782b836aeb80f0cbca1c27bf26a431342e
diagnosis_20260823/routeA_full/extra_gaps/blocks/426649668.json.gz	382696	248d715ec3872d5f722538fc37f49d7a4d2d5e075c6dd2b72360ec1e8b9a5c6e
diagnosis_20260823/routeA_full/extra_gaps/blocks/426649669.json.gz	330846	f3b9638a2b1199a5ce5002bf042f5c0580acbca092f039dc8a17cd141a260675
diagnosis_20260823/routeA_full/extra_gaps/blocks/426649670.json.gz	357775	67816a0aa3ab1e6b46af71e6d4c9352956761e95d2e103223345048a03409a45
diagnosis_20260823/routeA_full/extra_gaps/blocks/426649671.json.gz	385553	8731d542c73be15772bbc963558eab4b57cce17b4aa6b0d7ddcc531c60598fe9
diagnosis_20260823/routeA_full/extra_gaps/blocks/426649672.json.gz	345750	e2317580bbd61ea93c261cbfab482684e6e171c3be850b2276b935c4e0f819b8
diagnosis_20260823/routeA_full/extra_gaps/blocks/426650105.json.gz	380636	eddb61ddc243086c1f54cda19d3c11b458b36fb10337ee4a21f3b80f29581e01
diagnosis_20260823/routeA_full/extra_gaps/blocks/426650106.json.gz	347600	020740dc2bd361c2a5f4bc37f37e2e0601109144c39351264626747260eea02b
diagnosis_20260823/routeA_full/extra_gaps/blocks/426650107.json.gz	355305	d13ef0b1656fe4cd24fd89436fcd6f8c755d8a7934bafaa4890572038d5408c9
diagnosis_20260823/routeA_full/extra_gaps/blocks/426650108.json.gz	416437	d16e640d07ef0377d441e6830d008401967bae0e6f5c2b034cde763d4c1cfa98
diagnosis_20260823/routeA_full/extra_gaps/blocks/426650109.json.gz	459157	dbfebc7b1d7ede021686cb186bd405e0db7fe2b52fd1ea8305cee39a21c77cf3
diagnosis_20260823/routeA_full/extra_gaps/blocks/426650110.json.gz	290258	0db74a11e523acbc8e727542a1a25fefdfc49d98ad940e3daf305d2e8755f7d1
diagnosis_20260823/routeA_full/extra_gaps/blocks/426650111.json.gz	378564	870fd68e70c05dcbda113c7d515bf55c09a1f833229aa0082710f79d66578b25
diagnosis_20260823/routeA_full/extra_gaps/blocks/426650112.json.gz	260961	ca98824a3d0d78095c749e330f24ba17f980ea17befc355f00f56ccc0d33a37c
diagnosis_20260823/routeA_full/extra_gaps/blocks/426650113.json.gz	299611	84e7710f163969fcd3c9310122c2c2856b4990a4357bf190872f7ff84ef63a34
diagnosis_20260823/routeA_full/extra_gaps/blocks/426650114.json.gz	316013	66881083743e9d4ce502b5c3bc0ba781dd4a00515c1f25da6092c65fc8fa3901
diagnosis_20260823/routeA_full/extra_gaps/blocks/426651583.json.gz	299014	81c905d8d5852afe6618fc841765153d286a44df6177b6048e99d9c771c123e8
diagnosis_20260823/routeA_full/extra_gaps/blocks/426651584.json.gz	358959	c1655e6359ccc17e47ed800a910fc65176f776f4a68c91497c0adce245433d25
diagnosis_20260823/routeA_full/extra_gaps/blocks/426651585.json.gz	561249	ec78da7c44efa328298ceee22a36ff145ae61c48448c34271082f2d389e22f27
diagnosis_20260823/routeA_full/extra_gaps/blocks/426651586.json.gz	481098	57f64e316a6f20830612936e4579ee3dd6f83acc6c9da7a7c7af9aa8d0185b82
diagnosis_20260823/routeA_full/extra_gaps/blocks/426651587.json.gz	353800	97a28f4358a83b04faa918a42f9399acf35d7fcf61c7504d10258c19392f3031
diagnosis_20260823/routeA_full/extra_gaps/blocks/426651588.json.gz	402754	e1a392e73df7c9e9733b328c8420290b01af36c38ee508415699d5fd1dc08081
diagnosis_20260823/routeA_full/extra_gaps/blocks/426651589.json.gz	318697	562e1fb81b4e02e8f581115f5fdd7e1bab853b4444a8071e61ff75f0f4ef466b
diagnosis_20260823/routeA_full/extra_gaps/blocks/426651590.json.gz	297231	b68c9c452190f70d58ea28095629319e9a71ae019f2b1e8044619b66c2960dad
diagnosis_20260823/routeA_full/extra_gaps/blocks/426651591.json.gz	356456	2887e68d853a02be9b3c127226a7349b2553b2740b74b0b958449156bb2d08df
diagnosis_20260823/routeA_full/extra_gaps/blocks/426651592.json.gz	572831	0b912f2d54d2ecf73e771c4bbe00b52ed3b7d3abfda77e52d1de6921754080e4
diagnosis_20260823/routeA_full/extra_gaps/blocks/426651593.json.gz	439162	d192b2fe50f0601127d4dc77ed425641d162661b3d2e04e967656bb437475fc5
diagnosis_20260823/routeA_full/extra_gaps/blocks/426651594.json.gz	360133	a83db58a443c0ace18ad338264f48a478171659ff9c4f7e8b8fd6336ac60dea7
diagnosis_20260823/routeA_full/extra_gaps/blocks/426651595.json.gz	310992	44bd814e7f6cdc32ea744a3847e7ae6eae63a7246bb70448504c26cbc8f95f9a
diagnosis_20260823/routeA_full/extra_gaps/blocks/426651596.json.gz	344389	c05522c7d3874b13a947b61e0e7592d7a5ef371016514fd643b8a4bf1da58591
diagnosis_20260823/routeA_full/extra_gaps/blocks/426651597.json.gz	326401	85cd1a375b734c69f8eab1a91deb3d1025f1daf156c1416ca9ca77b91860db66
diagnosis_20260823/routeA_full/extra_gaps/blocks/426651598.json.gz	379483	08d7fc41e467eb2294e4a6b3c555bb24187d477329740dc0a40cbf2708782e3c
diagnosis_20260823/routeA_full/extra_gaps/blocks/426651599.json.gz	515918	4f66837e514997d90f23e7e340c6353924e5f9beacb9e401e5ebe282b6714d7b
diagnosis_20260823/routeA_full/extra_gaps/blocks/426651600.json.gz	459523	b22873a53a107c2ec22adf4611dd906985b2bba704a393ec69131e4008a37c11
diagnosis_20260823/routeA_full/extra_gaps/blocks/426651601.json.gz	314338	2a8c85004a3a32917967a408b98f89095659c1e23debef24c2740adb7ffa88a0
diagnosis_20260823/routeA_full/extra_gaps/blocks/426668090.json.gz	246228	91a24e13069d6c8ac64ac49e3319d9d45fbd72e570692553963b67f37cb0cd4a
diagnosis_20260823/routeA_full/extra_gaps/blocks/426668091.json.gz	290876	cd5b49b518db16aceed8ccc5e59fedc2c230be61f14701419198a9cbb33805cb
diagnosis_20260823/routeA_full/extra_gaps/blocks/426668092.json.gz	263435	73ee47cd7737662c84eaa89fe1d698636a05c87ecdecab65fc330a9d2c8f8b45
diagnosis_20260823/routeA_full/extra_gaps/blocks/426668093.json.gz	324491	995ed055cb7f0fa75f8a8410459c3ef6fe5b39a7942ad1d76eaa849dfcaefde9
diagnosis_20260823/routeA_full/extra_gaps/blocks/426668094.json.gz	263071	16b049fb08673870c1e6da88ee54936d17a0dc7012538915a0aa1837088ded4b
diagnosis_20260823/routeA_full/extra_gaps/blocks/426668095.json.gz	305638	17d9dfc5eabadd23f03b71e7743a22b2c08eb9724d675937f590950f615f059d
diagnosis_20260823/routeA_full/extra_gaps/blocks/426668096.json.gz	272030	f45e0b8b54b449cf5a320c2ef7841ff0ce1f5f1fdadb424e64e7f70d46498ca8
diagnosis_20260823/routeA_full/extra_gaps/blocks/426668097.json.gz	182936	ca0efc8c10a4d988437526ea36c785597cb69dc8d6e55947f0bcf45b5487be79
diagnosis_20260823/routeA_full/extra_gaps/blocks/426668098.json.gz	166845	f9934efcc477072f8c34df0c4a24d56987dc3ac723464408030308acd84fe973
diagnosis_20260823/routeA_full/extra_gaps/blocks/426668099.json.gz	192374	c9bceb2fe6e63b463e80a25fd71902e9e6b8788f3b7a902d4e6eb7f83ef0f4b1
diagnosis_20260823/routeA_full/extra_gaps/blocks/426668663.json.gz	171585	4cd98963e82a725826f388aaf89aa7df983dd9998a433d69aadc03bc9c51b37e
diagnosis_20260823/routeA_full/extra_gaps/blocks/426668664.json.gz	350852	9e07e11cbf20c5dfeb53650b5319ebcafa629e9c2074258cd524e65c259b87b0
diagnosis_20260823/routeA_full/extra_gaps/blocks/426668665.json.gz	241843	864f07d302fc9b153cac236140a42eaf406fecb1359f22e40dd274adb47a0487
diagnosis_20260823/routeA_full/extra_gaps/blocks/426668666.json.gz	207399	739b74ce36dd70c89b95f4307d8babe384c359b5a363cf0f9e9b26d162b741fc
diagnosis_20260823/routeA_full/extra_gaps/blocks/426668667.json.gz	316917	a1c6d9f0a24621bdf1b36ade0c220b6dbee2aa24a5904e6cc16b51deb8995a44
diagnosis_20260823/routeA_full/extra_gaps/blocks/426668668.json.gz	269049	bf94a05e93250f0de039e360e977a0f1b8297302945962abdf6a73d63172f173
diagnosis_20260823/routeA_full/extra_gaps/blocks/426668669.json.gz	319383	902adf332cb9c9ad4650a76574c9065d4878a0a8087cd9d92a2971ca15811a2d
diagnosis_20260823/routeA_full/extra_gaps/blocks/426668670.json.gz	206045	3422396da1a68db43991ba6d1ea8bee6c281c6c910847cc9fe3e6868090bfdba
diagnosis_20260823/routeA_full/extra_gaps/blocks/426668671.json.gz	217580	5aa0a33af090a66e30c9acb15e42c42454654bd3e806209ccae5516c46998b37
diagnosis_20260823/routeA_full/extra_gaps/blocks/426668672.json.gz	236928	e2f8a8db48884813f747cfe932c00b0a9f64554f8629b1528892bf555a3e4ffe
diagnosis_20260823/routeA_full/extra_gaps/blocks/426668673.json.gz	256448	25b51c3580e8b0468678314aeb13c533921f55415fae5c28de9930ba512222bb
diagnosis_20260823/routeA_full/extra_gaps/blocks/426668674.json.gz	240066	41cf3bce09eedf792e8e1f3c54f0d2d90bda3e27f4883c007e94632ba58a1db9
diagnosis_20260823/routeA_full/extra_gaps/blocks/426668675.json.gz	207952	d7deaca52dc802f0882c2759a708d44dca627559e06c62741acce052aab4835d
diagnosis_20260823/routeA_full/extra_gaps/blocks/426668676.json.gz	258419	18145f649d951322f6e0bee54b2923e8ca324f4394f036b9fced22805ae474d7
diagnosis_20260823/routeA_full/extra_gaps/blocks/426668677.json.gz	239585	6d6190124d0615f22efed108350e641d3ac205ca043e485c32591d497f579554
diagnosis_20260823/routeA_full/extra_gaps/blocks/426861167.json.gz	323410	046dd6618605fcc5b0058cef31ce4845f339556694f56c8df9bec2ddda0b5ace
diagnosis_20260823/routeA_full/extra_gaps/blocks/426861168.json.gz	218333	fdd5d116d0274a04cf28c6b4a6641cfcfb33500ab9379662a9d1631c46b17f9a
diagnosis_20260823/routeA_full/extra_gaps/blocks/426861169.json.gz	197771	34b9c924959534750a2e805c6e4266a2712b7c5bb6d43250f025b3589e496019
diagnosis_20260823/routeA_full/extra_gaps/blocks/426861170.json.gz	177990	85d973e8ee931240b0697051d5589741b6a939108dabf1da6632adbdf3e18474
diagnosis_20260823/routeA_full/extra_gaps/blocks/426861171.json.gz	221257	1fe23359a8d1e595034c02e59994cec492d7a48c06a324d12db31797183715bf
diagnosis_20260823/routeA_full/extra_gaps/blocks/426861172.json.gz	200713	cb170695d87e33e8c9e36ffe138e50b9ea0c8c09afd43f715c4a4f746ac42609
diagnosis_20260823/routeA_full/extra_gaps/blocks/426861173.json.gz	245062	86fa22973270881fc9a6ecf8bc3d8094493ade2c1f19e67bc209db99752595a1
diagnosis_20260823/routeA_full/extra_gaps/blocks/426861174.json.gz	288625	267e695982d798ed5746a79f3ae540cb05c7c9eb0a9f78d67957a9c40a862f7f
diagnosis_20260823/routeA_full/extra_gaps/blocks/426861175.json.gz	248111	27b38cabcf5c041b3a93ecf67f141b7ef687a59f2d7da02640c377ebae07e334
diagnosis_20260823/routeA_full/extra_gaps/blocks/426861176.json.gz	203118	005c9b22f445e8cfacb1d1c93c94a7cf6ca0a77428996ff4ede96bcec5708fda
diagnosis_20260823/routeA_full/extra_gaps/blocks/426861177.json.gz	288115	9dff65255fe39f66d2b54b330666809e2cb483037ebb99f3beaab40b1f605a12
diagnosis_20260823/routeA_full/extra_gaps/blocks/426861178.json.gz	184990	1ec69ef546ea3941080f8a9507a8840d7dbe9ef18c4e8ee7f3303eb90c2d9c78
diagnosis_20260823/routeA_full/extra_gaps/blocks/426861179.json.gz	182924	67a3c65b04a5d6b1cc2f11a9efbb102df3c8d810c089df9d6f0a935ae8e83792
diagnosis_20260823/routeA_full/extra_gaps/blocks/426861180.json.gz	214819	975d131a78244232488b23e29b0f21dc1fae059c1d58027056d43da195923278
diagnosis_20260823/routeA_full/extra_gaps/blocks/426861181.json.gz	211265	2523b33433bb44358a6e08b5dd789ce7dd85b08bff9988ac534dacc11649c55e
diagnosis_20260823/routeA_full/extra_gaps/blocks/426861192.json.gz	190124	15715913aba64b942f21e2084f35c1e1cb55bab542d8713b7078ae4ef63c340e
diagnosis_20260823/routeA_full/extra_gaps/blocks/426861193.json.gz	312683	218af197e6f5fa2ab67773fb7818c33b307e38bcbf97dd3eec020fe9c7000ff9
diagnosis_20260823/routeA_full/extra_gaps/blocks/426861194.json.gz	329971	33635dcd18932125ae805213e551b4f109b88a90361f404bc5c8e84c6276fbd8
diagnosis_20260823/routeA_full/extra_gaps/blocks/426861195.json.gz	265961	24bc59a88f2ef30609d85136a9d0db0015465eb959721c3810ae1f9bfad728bb
diagnosis_20260823/routeA_full/extra_gaps/blocks/426861196.json.gz	250552	0223a5a39525841cecb24ee694cb2e8ad39a5314afa6642aa58da143e65d4e80
diagnosis_20260823/routeA_full/extra_gaps/blocks/426861197.json.gz	222616	884c90fc381056b392d56c839bc2871941c444c7dd0a5c5eb2df89858613f390
diagnosis_20260823/routeA_full/extra_gaps/blocks/426861198.json.gz	188139	c3ca28a9dedf939cdadfe75345f99cc2ca1dfef6afb2fe794cda8ce2abf206d2
diagnosis_20260823/routeA_full/extra_gaps/blocks/426861199.json.gz	182233	556dab218cb67a73935d9e3c4ee081fc3559407efae2dc22a329a2337321fe60
diagnosis_20260823/routeA_full/extra_gaps/blocks/426861200.json.gz	199902	79503c0f200940c8352b6a658470adeb994e9c357e9942fad7c85afe99959290
diagnosis_20260823/routeA_full/extra_gaps/blocks/426861201.json.gz	202860	a38cae15e551aa3c9aec450c5928e079604de24a5a76aa4bdbe563217ad51a77
diagnosis_20260823/routeA_full/extra_gaps/blocks/426861297.json.gz	178083	cc0ae87bac8e1684e7b09c12409774fe41afa15c0600d3fffbb8ab4f8b6e5c89
diagnosis_20260823/routeA_full/extra_gaps/blocks/426861298.json.gz	199577	ea52403cb2cf5154264093a15f0c5a5f9859048c1775d5eef58fbc17206eaeac
diagnosis_20260823/routeA_full/extra_gaps/blocks/426861299.json.gz	197434	d0a8facd4ca376389002664d26b8c0aa2248b16420837fe9c1b36b74e66fcc96
diagnosis_20260823/routeA_full/extra_gaps/blocks/426861300.json.gz	211023	0212ee547adf0e41429f3f5dd152e0378dba22f22dbde4581f7d7bc9323e9689
diagnosis_20260823/routeA_full/extra_gaps/blocks/426861301.json.gz	210292	7743ce73caa5383135d9176460eaac93fbc4ea8c7746747679cd939c5bbd0618
diagnosis_20260823/routeA_full/extra_gaps/blocks/426861302.json.gz	134580	7609fb95f929e65195fdeaffaf3571270e2e076aa5bfa37f3c4bbe38eb3ebb20
diagnosis_20260823/routeA_full/extra_gaps/blocks/426861303.json.gz	208479	04ca11e834ca0f2d4284e734fba7afd34e9e76008eaabd062a03f58c43c7aecd
diagnosis_20260823/routeA_full/extra_gaps/blocks/426861304.json.gz	301422	9099231575e034323e8441d3215e67c3626daff68a6bcf3f9a3ec99cdf297f79
diagnosis_20260823/routeA_full/extra_gaps/blocks/426861305.json.gz	175369	12e70b1d82f5c5701583384677a03f1b3474fe0f1e8927f3ab95f80de290f4c8
diagnosis_20260823/routeA_full/extra_gaps/blocks/426861306.json.gz	203114	ee483a34d8a4b6a4c6846c12d706a68895065ea169ddb6951d5227a1bf1e71b5
diagnosis_20260823/routeA_full/hunt_remaining/blocks/426869467.json.gz	218352	cfe59ec7eaa3c980e889e6996e5b952377e0e91a6a155780639dfa9a37d0dac2
diagnosis_20260823/routeA_full/hunt_remaining/blocks/426869468.json.gz	424583	922f153b88977b69666767204b7d2da14dfdcfa09d26ef9140a06b054937862c
diagnosis_20260823/routeA_full/hunt_remaining/blocks/426869469.json.gz	195058	6652d4989b5fe44e5a67317e2b59d0b230699534d7bda0f8020d5bd7bb0b0430
diagnosis_20260823/routeA_full/hunt_remaining/blocks/426869470.json.gz	173837	ff5e1b85d1b504d58a87bb9a84f4b1dbbe667a0b97fd040701568906d4bedcdb
diagnosis_20260823/routeA_full/hunt_remaining/blocks/426869471.json.gz	171559	f75aea42b5db23852c794f72ce8d06175e6a7ca820374f33e89d6009037f3d21
diagnosis_20260823/routeA_full/hunt_remaining/blocks/426869472.json.gz	143611	7dda701b46c7b374a41f9a6d992cb6b9a3f0e9721ebad40e585e02db55811846
diagnosis_20260823/routeA_full/hunt_remaining/blocks/426869473.json.gz	143464	dd3febb777550cf2a73fb934ba0660d6880eb8be17a1d61894ee6aee7b98ac3b
diagnosis_20260823/routeA_full/hunt_remaining/blocks/426869474.json.gz	183871	efa8670d739f017846cbd152ec9cef07bc1a52e7d1fe5264d27daa8b65e9ea46
diagnosis_20260823/routeA_full/hunt_remaining/blocks/426869475.json.gz	166879	a45b64eed565c06c0b184ddd26e34be9f2be9a307c9a77c013e3183f38954c34
diagnosis_20260823/routeA_full/hunt_remaining/blocks/426869476.json.gz	135771	65fba715c83c737a806665212fbe87a60fe23990e66246e5b461ed0b2c42b656
diagnosis_20260823/routeA_full/hunt_remaining/blocks/426869477.json.gz	96896	9bf197008bc8ce34278cfce4a8dfc18f1d9a8e80d7d4225d2e91132420cd92c1
diagnosis_20260823/routeA_full/hunt_remaining/blocks/426869478.json.gz	118737	bac380728f64cbda79eaced83b695e7cb6797ce52d03fb5ce1a5440c5465a5c9
diagnosis_20260823/routeA_full/hunt_remaining/blocks/426869479.json.gz	167207	c1803fefe202d17f65225e69aa4a3b213dd26adaf0605bce162869ef4d5ba99a
diagnosis_20260823/routeA_full/hunt_remaining/blocks/426869480.json.gz	150583	1ab368f71850028bc665333c844b2a36968403599803196ae8a28738b3bf1f2b
diagnosis_20260823/routeA_full/hunt_remaining/blocks/426869481.json.gz	132232	1c942ebae5a81ee7c6eea6ecc0630f8941dd9a5e6935fe6fa3815e5b6368cd91
diagnosis_20260823/routeA_full/hunt_remaining/blocks/426869482.json.gz	148210	e6509344cc3657af997e6b5e5c8dbab68a4a7c7c2253f8854e568063ae17b1d1
diagnosis_20260823/routeA_full/hunt_remaining/blocks/426869483.json.gz	102577	e0de65e6d09c6b0c9c82d6e535178a11fa0d1defef6f8ef79bed702946155a30
diagnosis_20260823/routeA_full/hunt_remaining/blocks/426869484.json.gz	108259	5208ba105e2bcbea93382279e0bd567e54ba93374f2fd9948179ace8bd9be494
diagnosis_20260823/routeA_full/hunt_remaining/blocks/426869485.json.gz	72561	ad230bbc21d937b7f1304f0e1a39fbc9dac2171c86844907e1fa47210c5c4c76
diagnosis_20260823/routeA_full/hunt_remaining/blocks/426869486.json.gz	121705	e83636084789197921f7cda5a184fb9f713efffc8ef10cf4a5b61941e877441a
diagnosis_20260823/routeA_full/hunt_remaining/blocks/426869487.json.gz	127218	6e0b41f0238a40abf65999c7e0af200c70097c0897624a7d7a0a9eef892bc069
diagnosis_20260823/routeA_full/hunt_remaining/blocks/426869488.json.gz	194396	4e167444c3aa8e5bae48ef265a04e434cb7c0e7eb415358ded891e29e5ecc078
diagnosis_20260823/routeA_full/hunt_remaining/blocks/426869489.json.gz	172521	57e1207b363b565ad3931fdf3a49746db8ec262f8b2dd11a2bd2afab7df80a5d
diagnosis_20260823/routeA_full/hunt_remaining/blocks/426869490.json.gz	155627	245054004029dfdf8db90869d939dbece5e4058a8ccf52269bf9f0f2e6fddd42
diagnosis_20260823/routeA_full/hunt_remaining/blocks/426869491.json.gz	153796	e5214a87d31818dfca0c87babff15b91f212dbb07a0edd3641e4b5daf34de53e
diagnosis_20260823/routeA_full/hunt_remaining/blocks/426869492.json.gz	196031	17769f95e83902153bea0d083f3e0d628f5c76e3d97f824538abf06b3a6d2570
diagnosis_20260823/routeA_full/hunt_remaining/blocks/426869493.json.gz	169700	40050ca79c567bdbfeff7f037b97b5baae1da1f0dd88f8067641726f9e276b5e
diagnosis_20260823/routeA_full/hunt_remaining/blocks/426869494.json.gz	175884	709eb2e8ac64b1df3d9a237d88a6b5ca10388e3b78bf7dac9fad8ee15e492ec8
diagnosis_20260823/routeA_full/hunt_remaining/blocks/426869495.json.gz	165030	9afb4b325e914ffc22ec2219d7e10dbb45017b83aed0d2747fcda5721ace3d3d
diagnosis_20260823/routeA_full/hunt_remaining/blocks/426869496.json.gz	203194	f3984c44196601bc7f2989d6d742b27e984f4aaeec501fce522855a67540a4eb
diagnosis_20260823/routeA_full/hunt_remaining/blocks/427406615.json.gz	121907	9f661fcad7f701c58c140581bb2bca08245ed7902374fe8e5c0104da32e1cd85
diagnosis_20260823/routeA_full/hunt_remaining/blocks/427406616.json.gz	147319	a6e702e87b7c8afeff363dfcb8c6acb437fba60abb26ef9d6af1cdcec23263b4
diagnosis_20260823/routeA_full/hunt_remaining/blocks/427406617.json.gz	151992	f1a35e854770b0f072ca8e1ea6c5614c15fb6ca2c82bf05e59ae372f55d4f28f
diagnosis_20260823/routeA_full/hunt_remaining/blocks/427406618.json.gz	99314	dc09c61c3c42a7efce8e0407319ec9b567388fd47acaade743b620fd0a2edafd
diagnosis_20260823/routeA_full/hunt_remaining/blocks/427406619.json.gz	124071	7dce5caf8e0a3bc4890fd7b882234372fe9dece78ab5983c6feff5a163986dfe
diagnosis_20260823/routeA_full/hunt_remaining/blocks/427406624.json.gz	233527	5508981539167142fef9db16c5252d7ffe7789af8b6fc085b1107f74a1a07ef9
diagnosis_20260823/routeA_full/hunt_remaining/blocks/427406625.json.gz	156598	ea491eac2165c2e2cd4f08f4dde0bb54d2f964c00e94d59a195efe9cd436a5a6
diagnosis_20260823/routeA_full/hunt_remaining/blocks/427406626.json.gz	150154	ede100773db5e2494bb52cc3b12447cc42bd5e37832c0ac36dcb0ae3cc64cbc1
diagnosis_20260823/routeA_full/hunt_remaining/blocks/427406627.json.gz	139638	63e9bc921953b66c39e98c496dcbc38035b4bef929aee3c500f68b9e5b9ae3c9
diagnosis_20260823/routeA_full/hunt_remaining/blocks/427406628.json.gz	257371	1c68fd9343daf31eed7719c8882d795374cb89b8d61bd9c3dce20fcce6ce3266
diagnosis_20260823/routeA_full/hunt_remaining/blocks/427406629.json.gz	198863	ec56f0ddc7ddfbc4f7d00bde4f4f76d12e1b26629d9418129913800523e6bc98
diagnosis_20260823/routeA_full/hunt_remaining/blocks/427406630.json.gz	229992	4528a557e8868715aea05ef019b7911f72cf710df9a0a7bb58da73a6c0828194
diagnosis_20260823/routeA_full/hunt_remaining/blocks/427406631.json.gz	143314	133a7c2e2fa8a1496f30f543809aeb530ac76016f453e59806058dc122148ebe
diagnosis_20260823/routeA_full/hunt_remaining/blocks/427406632.json.gz	148221	66840a3710e96d065b00ed3923d86d6827905640841516bb7394af27935556b2
diagnosis_20260823/routeA_full/hunt_remaining/blocks/427406633.json.gz	140656	31802b52c4f421ee4017375bddf65ca74cc13bea496af5539b476f480baff72f
diagnosis_20260823/routeA_full/hunt_remaining/blocks/427406634.json.gz	132397	e4b976c336e6cc7ef30fbda7a8fda910ffaa568f24fe7c0eab24a5cf6a254c8b
diagnosis_20260823/routeA_full/hunt_remaining/blocks/427406635.json.gz	111953	e3212765dacff6b26229a088a917c228d5971af485cedae472edd88d3b0e0d94
diagnosis_20260823/routeA_full/hunt_remaining/blocks/427406636.json.gz	106700	59c64b92fb942c8041a72a146f521119745c4b26700fc82518e3b478359b1d2f
diagnosis_20260823/routeA_full/hunt_remaining/blocks/427406637.json.gz	97899	7906fd8db76c1e34e44c3772283cd2d09f84c895b9dc5dc333c703f1348a371e
diagnosis_20260823/routeA_full/hunt_remaining/blocks/427406638.json.gz	146889	e82287c550656ce45fe6b7581c3f3b36404acc7cb9b050d98bd83632b31302fb
diagnosis_20260823/routeA_full/hunt_remaining/blocks/427406639.json.gz	148006	6a1e218b11fd335336d9530e46485c1352959b629c665cd07bf5857ebf75b28a
diagnosis_20260823/routeA_full/hunt_remaining/blocks/427406640.json.gz	116350	a1c34c33d18fc63e2a0677d21b2a3d0da1beae750e15eac3f07e55e324bc55dc
diagnosis_20260823/routeA_pilot/blocks/426648619.json.gz	179801	09c27404beec52ab22ec88ad77c0d403c23676a8f6d2acd613fb739e1c0ae4ee
diagnosis_20260823/routeA_pilot/blocks/426648620.json.gz	252058	ec24579ac862c75c8191aea818f2d126f827493d4dc6dee788e32c583d403dbd
diagnosis_20260823/routeA_pilot/blocks/426648621.json.gz	320622	14778f8de4b55894ee5596acab65d396d253338655899102d6caa2298333053d
diagnosis_20260823/routeA_pilot/blocks/426648622.json.gz	203693	9678ca33402b56685d303857280806242bcb553c5fdfd2e42f87bc9c6bde498c
diagnosis_20260823/routeA_pilot/blocks/426648623.json.gz	269542	4d4794eb846dfa9db0dcfe3aeac600240ea880adc11ddf1aadf1ff6e2a5f003d
diagnosis_20260823/routeA_pilot/blocks/426648624.json.gz	191884	91b7756c49784819e5e94bb968d52c29a506d75e5f99b745380e48a8e1ac7d0d
diagnosis_20260823/routeA_pilot/blocks/426648625.json.gz	262768	7d58c821b8d15729cdc1de42ac7f9f28535cf7af92417742f70c6948ae4ed956
diagnosis_20260823/routeA_pilot/blocks/426648626.json.gz	401851	be6c1b8593998f940c58905df7169f5285931f846bb563775bbb3af600d168bd
diagnosis_20260823/routeA_pilot/blocks/426648627.json.gz	399975	24dc7a3892921b6cf301abb81b1119199cf13c11ff4ce9ea3ba8ea71eca6ff11
diagnosis_20260823/routeA_pilot/blocks/426648628.json.gz	384762	b17f9d2067cdb7f012716d058da8402cd95276c722cb0f0430e62fab162b0a5a
diagnosis_20260823/routeA_pilot/blocks/426648629.json.gz	285619	91838d7b57eb438db563cd03fdf1e084e7f12bfdc61c4d8d1bee2c039f977d1c
diagnosis_20260823/routeA_pilot/blocks/426648630.json.gz	217121	236eb86b88039eec333ba5cdbf1be562edde7ea381d9e35fae7886770901b419
diagnosis_20260823/routeA_pilot/blocks/426648631.json.gz	194580	2020db5c0fad87b65518a11a44af2d1b1b4b98fa4e8be210411fb9e421eed879
diagnosis_20260823/routeA_pilot/blocks/426648632.json.gz	219486	a8de3ed6d8e3ae669295e999f0e82cc64411274959665d2137cc91e3d0bb4a9e
diagnosis_20260823/routeA_pilot/blocks/426648633.json.gz	279492	0b5dc8e8a950a00891dec11ff60454cad4017fba23bfdc392217ec075b90f16e
diagnosis_20260823/routeA_pilot/blocks/426648634.json.gz	220125	a46880280bb69668f664a954dd8f32847c92708d529353d75c36b489fcc3b8d5
diagnosis_20260823/routeA_pilot/blocks/426648635.json.gz	329384	bff56d4ad2160b729b7b078b189fd0a3554c81b0f2b6e42f6524555225720d68
diagnosis_20260823/routeA_pilot/blocks/426648636.json.gz	178949	4fd63308bc50a83ce97a55f03aa03d1515736920f63e397cce881691f52131c2
diagnosis_20260823/routeA_pilot/blocks/426648637.json.gz	178524	fc5ec06b8d21f1567f146e13493265f29abe3b0ab1ce28b051cd31874260326b
diagnosis_20260823/routeA_pilot/blocks/426648638.json.gz	174409	142f2d821ec9781940b6cb3d114424ab1efd080269715d9d0ffe65505e53b36f
diagnosis_20260823/routeA_pilot/blocks/426648639.json.gz	195510	a99342f8e4f0f7a58d5b98673e021af08c7c79d9894199294ddf0e901e492fd7
diagnosis_20260823/routeA_pilot/blocks/426648640.json.gz	211658	3cefcd1f13d622aa5275e103acbb35cedbc179da7b7c12ad709b9a5b8f143686
diagnosis_20260823/routeA_pilot/blocks/426648641.json.gz	185880	014bc0b0774e8d2e90d99a08d21cff134df0ac786e13200613cd682928fdffd1
diagnosis_20260823/routeA_pilot/blocks/426648642.json.gz	162811	d6852022161e51ffa8099eb91cb597b0b3ce2438be460beedbeb6bcbe242b198
diagnosis_20260823/routeA_pilot/blocks/426648643.json.gz	319925	8fbfedd86664ff2aa265ea002deb1bdfa23e423abed648785e6b7b884ad5b3a7
diagnosis_20260823/routeA_pilot/blocks/426648644.json.gz	293695	6d9be6e725665faecb98c8404f3debf53410cfd7476397a0a551d733833f45c6
diagnosis_20260823/routeA_pilot/blocks/426648645.json.gz	246453	3f6ae7e87097d98b961b61aa139efc2e734c9383acc31d685301246a2388e9b3
diagnosis_20260823/routeA_pilot/blocks/426648646.json.gz	306942	124de029161f48cd8ea16bd906f71d4abcb7277acc88952c682ae66d81b94e65
diagnosis_20260823/routeA_pilot/blocks/426648647.json.gz	320607	eda9c9eb584e7959c3f1de596200006cf262941beb050fd969df9aba0e0bf342
diagnosis_20260823/routeA_pilot/blocks/426648648.json.gz	324867	13b327ba7fe67480e38fc6055b3ffc0c37373bc38a436ba02c87891d9f102cab
diagnosis_20260823/routeA_pilot/blocks/426648649.json.gz	292461	3dc66946e819ec6475573f7638a096acf4fb4170ca50102ba4065f9a7143e371
diagnosis_20260823/routeA_pilot/blocks/426648650.json.gz	245266	9f81db1d34478c4b537061704eeda36c81a6e056cb8f8b82e26e6238cb633174
diagnosis_20260823/routeA_pilot/blocks/426648651.json.gz	233467	f5677cf6d24d19a92aee48b29689813e9a07afd16f64872d54af65c9edd9681b
diagnosis_20260823/routeA_pilot/blocks/426648652.json.gz	369610	549bdcb080fe94829484db4cf2fdec0836691a790a6a1daa13c1b4b8be6dcd37
diagnosis_20260823/routeA_pilot/blocks/426648653.json.gz	222227	501a3cf053abb8be87596c889db07036e4f1c1a72c44a46b82d05fbd7acb43a5
diagnosis_20260823/routeA_pilot/blocks/426648654.json.gz	240411	95712428d2848b84fd8aa98d68b0ace4c4999c2908d29f98dbdda56d7864f43f
diagnosis_20260823/routeA_pilot/blocks/426648655.json.gz	480907	c9d04ef561493a8c9e4e2606d447dff7d952e1938fd0ea4080f1de748f8c3895
diagnosis_20260823/routeA_pilot/blocks/426648656.json.gz	257311	399735c35f4cb1e51ef9ce9f26a2f1f68499fc77aa30e343ce9377d861fc1f1e
diagnosis_20260823/routeA_pilot/blocks/426648657.json.gz	363316	d34c08c888c540ce21f080328dd5a7bd4f0ea6aaf1c768f54f4407e0f4a19814
diagnosis_20260823/routeA_pilot/blocks/426648658.json.gz	330453	db6c2c440c4b4183da48b3c9761d6e5e0cdff912f387e4ffece241a6d3ae78f4
diagnosis_20260823/routeA_pilot/blocks/426648659.json.gz	285943	c4ee19efe058778c4c83d986be1829301d72cbff69b241a8458594217a676fff
diagnosis_20260823/routeA_pilot/blocks/426648660.json.gz	331942	541aa3ce429eea4535c638ece96f5f08d2a7ac0b55fc2a7e98716b905796148c
diagnosis_20260823/routeA_pilot/blocks/426648661.json.gz	226410	5afe3a7af16e3a9e1c8037c4eb5272e1697083609088776b87ef6a01120139d1
diagnosis_20260823/routeA_pilot/blocks/426648662.json.gz	362885	30f8b1ecb4ca10c0661489fa2ac9409e38c1446f2887e11493ba28048e0e5c65
diagnosis_20260823/routeA_pilot/blocks/426648663.json.gz	294477	1875a44b1c341c8df83ab54f7bdb8de420028a074cc4563363b9e3a592861b0c
diagnosis_20260823/routeA_pilot/blocks/426648664.json.gz	314475	f621e37b27c951529dff6c58c09df7ef8bcfb9c6b4650d92c31edce740184f1a
diagnosis_20260823/routeA_pilot/blocks/426648665.json.gz	296278	e7b101f6c3bc8e9fb558169c431b945088b400ef26c41d7565e5bd3ec2d86816
diagnosis_20260823/routeA_pilot/blocks/426648666.json.gz	222431	c13e38012c582220a1554f87c9565dd73ec92952c6778b7caf2ca9c003809c62
diagnosis_20260823/routeA_pilot/blocks/426648667.json.gz	255124	e0a00f10864ac923fe5ebbafb5729358fbddaf0d75dcc428a182a5a223c69613
diagnosis_20260823/routeA_pilot/blocks/426648668.json.gz	375039	bca291be8623e046f4558ff435cfde8c0bdd087d7fff486d459d7216ab92a8f2
diagnosis_20260823/routeA_pilot/blocks/426648669.json.gz	297867	9dc858b805b71da682989d397dfc0ae7aecbbac8fab9794de6f033c48e0b0370
diagnosis_20260823/routeA_pilot/blocks/426648670.json.gz	269339	a5c172fea30b52db92c29ad6f83b7ea3e415118ba1b4b8bd13478cdabf3cb411
diagnosis_20260823/routeA_pilot/blocks/426648671.json.gz	203104	aca2f9d16a38f95334fc9bbb4e391ad8b58000b3369071022dfc4b9818316efd
diagnosis_20260823/routeA_pilot/blocks/426648672.json.gz	268078	57968d14b0c1f489a156261b368be27cc679566b5591f19633fb4c374a0b9c07
diagnosis_20260823/routeA_pilot/blocks/426648673.json.gz	221562	0c8d778e5a751c84ac7bbeedafc58cb8f64cc52f84114c64f3384a1429dbd61b
diagnosis_20260823/routeA_pilot/blocks/426648674.json.gz	230456	1e7cf8712385b4ef7a3896d3c192dcbd935f8ee42af6073d196da809db879346
diagnosis_20260823/routeA_pilot/blocks/426648675.json.gz	198597	fcd973dacc290736b475e531c2d6bb5236bbc16750450e34a1cf538f0f4063e5
diagnosis_20260823/routeA_pilot/blocks/426648676.json.gz	192348	1c742f82ea2a14882212886e939f1939e13d9b6cc4d34b5eb13f7b55ffa9a5e0
diagnosis_20260823/routeA_pilot/blocks/426648677.json.gz	260827	50c750a440278e900b48b1cdc4f4e1299bad5b9644ef05a90a71c0d2f8df5b8f
diagnosis_20260823/routeA_pilot/blocks/426648678.json.gz	265775	f8fe0723a78a0485daecd3fc2cc61018fd61a78f205d9c94cb6c45fd55129d4c
diagnosis_20260823/routeA_pilot/blocks/426648679.json.gz	275216	590a662f176d2397b56e3c20526ade56bde5b8854817e9e170447694b96d2ee6
diagnosis_20260823/routeA_pilot/blocks/426648680.json.gz	475120	30a7a9abbdca0a0dc395ea9d74694646b5f866a90338e206e41e473627197303
diagnosis_20260823/routeA_pilot/blocks/426648681.json.gz	355027	7cbb1721b68fadc5743db0baf63f7670e0c3f928799c15674bbc27178770feb6
diagnosis_20260823/routeA_pilot/blocks/426648682.json.gz	179026	48dcec37959a9ad7afccb2e70e40de34b74fb8680e325eded7c4e8549f1c0824
diagnosis_20260823/routeA_pilot/blocks/426648683.json.gz	259367	3cc348346eeb450589612c8f89811b70a89dc9e615ed3c31f37e5d1cce8511c0
diagnosis_20260823/routeA_pilot/blocks/426648684.json.gz	338237	abdc4211f43522e2a027145361479e80f439fc6c965c32e5bb88c062c6404710
diagnosis_20260823/routeA_pilot/blocks/426648685.json.gz	290713	8544a6e8d9e05bb8bb551bbe731d1a82a5c38c6c44f48e2a044ad50937184150
diagnosis_20260823/routeA_pilot/blocks/426648686.json.gz	264102	6b173f3a035e4f08247a735316ceef466bf97d691814cc424038bf36b56639c3
diagnosis_20260823/routeA_pilot/blocks/426648687.json.gz	254071	2291444fe6731c64e7365ed40ef34b4fea1719e94b8c3437d6f7ad12f1ae6307
diagnosis_20260823/routeA_pilot/blocks/426648688.json.gz	336242	3adc5ad1cf3dabd7107ff7cfe94a66908a507395cd4b1fdd2ac1b2249e3f15d8
diagnosis_20260823/routeA_pilot/blocks/426648689.json.gz	354038	4a443831119b2cdd8d248066074f4173a8266a78fe2017bcb66b25bf3d1ce97a
diagnosis_20260823/routeA_pilot/blocks/426648690.json.gz	228467	8774c0942e155f796db5150947705eb925c857a6ad08de0ddf4079288cf0aa97
diagnosis_20260823/routeA_pilot/blocks/426648691.json.gz	201259	4117393528ad1c8b5457fe1d37c345f2c7ea3ae71bee4d74d25e6d8a80feaaf3
diagnosis_20260823/routeA_pilot/blocks/426648692.json.gz	192664	c03979ee9dafc1f9a91ffdaf09e1bceac729d18fc5012f303d091afde0b4dfe4
diagnosis_20260823/routeA_pilot/blocks/426648693.json.gz	267076	bc9aa99f3ad9193715d52cbe4ca0f23b4dcec7bd3a41e92c7cd3fe654a033347
diagnosis_20260823/routeA_pilot/blocks/426648694.json.gz	344955	4ffa5a7f7568432cd06e23184d5dc63f61bec52e863a9124ade64a7c4e459af6
diagnosis_20260823/routeA_pilot/blocks/426648695.json.gz	212966	96987a72c7022304f4f40d8c7a331825c0454700baf1e5d771768ed7488b7249
diagnosis_20260823/routeA_pilot/blocks/426648696.json.gz	141241	a98db7fc67cc062c630871430426b719c2064dc12225b0efc4aa52e81cd37496
diagnosis_20260823/routeA_pilot/blocks/426648697.json.gz	176697	6f87331c7a727283b265fc32dfe1e031cbf3729d16f960ba360fe15dc01d149a
diagnosis_20260823/routeA_pilot/blocks/426648698.json.gz	143856	8d626278f5648b1e81a4407ef63b7e6c75527b1fa9bde577d4f0bc444f2fda70
diagnosis_20260823/routeA_pilot/blocks/426648699.json.gz	183375	2818be740ab1a0c07c7f413cdbfa8231c45675b62d8124d831aa9224b6ae17fe
diagnosis_20260823/routeA_pilot/blocks/426648700.json.gz	345361	47a5c15068fdbceaa7086a85b293e5313ab05fbb9c53c689d302365881e5c61d
diagnosis_20260823/routeA_pilot/blocks/426648701.json.gz	324158	ab38d7780aeb9ea328169d9d0710fe6781c446e6e465c93973b3682a47d8c46e
diagnosis_20260823/routeA_pilot/blocks/426648702.json.gz	280320	4b34afa8448fd5ef2892cdbde6cf9a7d50b15883d1552fea1313fc55311216be
diagnosis_20260823/routeA_pilot/blocks/426648703.json.gz	207296	2bb718dfc5f9eabb6adff821efc3cde7b56c926a8d78fcf06da966da43043c5b
diagnosis_20260823/routeA_pilot/blocks/426648704.json.gz	182623	5797a44a8b9eccfa6740c05fbbb3daf44e74dc0bb340f67d493ff64e03c2fe0d
diagnosis_20260823/routeA_pilot/blocks/426648705.json.gz	242754	f5ad790d759c0ecc3322f93409a3ea4e7e6247ed26cd3c6453438505de21caec
diagnosis_20260823/routeA_pilot/blocks/426648706.json.gz	305189	da6bf82212641c1d211612be20fe3660b171a6efb705ccf45c9509d34686488a
diagnosis_20260823/routeA_pilot/blocks/426648707.json.gz	416964	77914c09fa0b19f8347604b113c9864068fe881ac522aba0c2bf03349d0d86fc
diagnosis_20260823/routeA_pilot/blocks/426648708.json.gz	521736	1af1680073767bdff104ff6cc2079f52d20a5768355e5faa8f810a6a403432a1
diagnosis_20260823/routeA_pilot/blocks/426648709.json.gz	512057	cecfc3f5b2929eb53cc79a6e128885fbbe89e584d9667f645e503bb1e62be34c
diagnosis_20260823/routeA_pilot/blocks/426648710.json.gz	424308	5a35752812278181768485fd0e3c2f69d733eac4f636fcafb471ec263b9b1746
diagnosis_20260823/routeA_pilot/blocks/426648711.json.gz	369266	4d3ed62b58e88bb8a1c11ae43d2f945ab101d8b5f02759baeac96129c2a80251
diagnosis_20260823/routeA_pilot/blocks/426648712.json.gz	360059	5dc2bdb85d0d2027e4f1958c4080b41bc80ca9a16af05b4eed18883624d68468
diagnosis_20260823/routeA_pilot/blocks/426648713.json.gz	233608	66947eae0e799b9d58481f3cee6932cb91636a1e5b7b95101f7ad18d535f389a
diagnosis_20260823/routeA_pilot/blocks/426648714.json.gz	203337	0bf4e73e1419fd09629894984a66122fd43fc094a2e73d0d96b410e4fd7d8cb6
diagnosis_20260823/routeA_pilot/blocks/426648715.json.gz	321953	290245589beac993b789bcdf2b08e25bdf33f5cee2050b2502b4ce2291a63768
diagnosis_20260823/routeA_pilot/blocks/426648716.json.gz	411899	06e66d1a82e4e3e9363df5842b710d08b723a5c095080e1d2f4515cf3419283f
diagnosis_20260823/routeA_pilot/blocks/426648717.json.gz	313426	1241aefd5efab0935fbd93c58fb9a07d457187388b41b8577d31ddd479e8cee9
diagnosis_20260823/routeA_pilot/blocks/426648718.json.gz	206614	154c11cb498646a43ce412f396f67d32a1a49aa2c694ec48a2eaf1b9a34b789b
diagnosis_20260823/routeA_pilot/blocks/426648719.json.gz	225673	c06b55167b5d6dd2830f3b379ae5adce2f8c29c2b462a11090aa6222e9e7367e
diagnosis_20260823/routeA_pilot/blocks/426648720.json.gz	422924	a8e877da8d405423115e374e0fee47237673a8ac40a629126b947dab290ff310
diagnosis_20260823/routeA_pilot/blocks/426648721.json.gz	417399	f1c1159163d306da1b5387b139ed5c8c292c379d5d2e5b040a74329454ea18d5
diagnosis_20260823/routeA_pilot/blocks/426648722.json.gz	244684	10056e25ed2730c8d9c29388d1e0904d68d0f8ff48367581ea11033c2a1d1315
diagnosis_20260823/routeA_pilot/blocks/426648723.json.gz	398572	40c46e0afdecd205b1e85050b0deb2aa7ce2265168497804622678bfdcb75aca
diagnosis_20260823/routeA_pilot/blocks/426648724.json.gz	378168	4c1c11e51e31bf781647703ff1b26faab00e3436f00c0d3cc6940fdb25035ae2
diagnosis_20260823/routeA_pilot/blocks/426648725.json.gz	344606	c227ca6538598c68280f0d5a10c9c2c1b26ef0488e8c131aca3e9fef59f0baac
diagnosis_20260823/routeA_pilot/blocks/426648726.json.gz	292829	e31c6d2e4c148665b0cfe528522c4d17bf443da276b7cbb230bec1a3d8010b91
diagnosis_20260823/routeA_pilot/blocks/426648727.json.gz	392681	1dc8aaad817b9710c9eb529587227d0a69bcf6b6ab5dc3bf2098055658e00044
diagnosis_20260823/routeA_pilot/blocks/426648728.json.gz	452107	fbae470367e9d46c8b74f8ebb6a4e7a57720b489e811fc66b6b71604980ff8e0
diagnosis_20260823/routeA_pilot/blocks/426648729.json.gz	561575	a5f0aa71599077621ed9d87fb85d8a04d213c0cb5b9a7e846a6a43212dc06299
diagnosis_20260823/routeA_pilot/blocks/426648730.json.gz	511937	e35f7623d32e983e7d6b2cde383742719cb769952212b3395f87c0f640c3751e
diagnosis_20260823/routeA_pilot/blocks/426648731.json.gz	440174	b2f1ed7258b19768183b2c3fd9569e653a0abd0ef7a7ef90f6248bca175218a4
diagnosis_20260823/routeA_pilot/blocks/426648732.json.gz	374233	289b2b63caa25cf1d469f9bda2de5b30723fefecbe662a26ca33c44fc00bf98c
diagnosis_20260823/routeA_pilot/blocks/426648733.json.gz	420629	77101069cf674f536cb462ad91ede4aaacde1af99e480f13c3afedfa72bfa1c1
diagnosis_20260823/routeA_pilot/blocks/426648734.json.gz	417953	20b16f77e46f19629d739178e66c4b9ee4fc1c531f7439a2c9611fadd35fdb30
diagnosis_20260823/routeA_pilot/blocks/426648735.json.gz	363045	2ad1a04010906b8bfccb14acddbf0c148036a1c544b929dad21373caa23d7c35
diagnosis_20260823/routeA_pilot/blocks/426648736.json.gz	236300	7d9a9141f7d116047ef7c3deb661f19495011a1798856f8ff8e86bd4cee97e35
diagnosis_20260823/routeA_pilot/blocks/426648737.json.gz	252296	1ced6d48d91cb8659167fc108c2d6b4dbd1e7e1d5a406bc6dc0252d478f4fd1f
diagnosis_20260823/routeA_pilot/blocks/426648738.json.gz	352017	27cd814d1e8dde5eca735dc9ab1c07b60105a7c72a9dfae517ad58e0d25fde51
diagnosis_20260823/routeA_pilot/blocks/426648739.json.gz	250235	60b7826d5307cdfc6dd0288b1841f7f82d067da2798e85e1892751d586b47c95
diagnosis_20260823/routeA_pilot/blocks/426648740.json.gz	240469	9a147f12b2ee09eaf9e1006c484ce46877946144d7a52b9feb90f9feafb89076
diagnosis_20260823/routeA_pilot/blocks/426648741.json.gz	167247	d9d4c8b88625c88e54da4b032522d233d39158aa737504cc9ffe92c244e80a38
diagnosis_20260823/routeA_pilot/blocks/426648742.json.gz	155446	a1f46928d711a81969c6d73613c19c76d29a501689d627fa205eb7f1ded1d497
diagnosis_20260823/routeA_pilot/blocks/426648743.json.gz	185481	d67883b8ba390e9facec616e6b4df777fcba1c37c94cc426f4a27888efb4dfbb
diagnosis_20260823/routeA_pilot/blocks/426648744.json.gz	492421	423807cf6a8f33ef00a0fc86fcd36f404d5ff593568b8dd7ae787e4b453a97da
diagnosis_20260823/routeA_pilot/blocks/426648745.json.gz	473059	1cd7983a796d520baa662dd749dafe488fb6445be791b84845995619c292831a
diagnosis_20260823/routeA_pilot/blocks/426648746.json.gz	286798	1361e110f0181a755ac7c1d1bc9d759fc70655a0b80abeca6150eb3d5eb47d5e
diagnosis_20260823/routeA_pilot/blocks/426648747.json.gz	357601	c62dd5b9d7d26f7a39780514301199115455f5ebca54ce881c3130ec2715805c
diagnosis_20260823/routeA_pilot/blocks/426648748.json.gz	204906	5ec9dada2705f0a51a3fe059e0e863465c04da4da331be87153f2dd60593e595
diagnosis_20260823/routeA_pilot/blocks/426648749.json.gz	245342	924c76257f1e81f32059536e2ff3e5cdeee7b0e9cfd38bde60788979d056f784
diagnosis_20260823/routeA_pilot/blocks/426648750.json.gz	232352	35174a076158328eeddba0876fbe10c13ac6bffba0e4a0624b1ee46f6ff36250
diagnosis_20260823/routeA_pilot/blocks/426648751.json.gz	187397	a60da77ef0c71b486d69f391560aa910506f8a06d6dbaf99642bd034097647c1
diagnosis_20260823/routeA_pilot/blocks/426648752.json.gz	315071	0d22f8bfee53e6fd874b538685ed1a9e770e7340ac78c0b0f22326da29518daa
diagnosis_20260823/routeA_pilot/blocks/426648753.json.gz	319565	f7e3fa5c4d069a74ecab6f4a302016574663a483c39bd47520d2b282d13197be
diagnosis_20260823/routeA_pilot/blocks/426648754.json.gz	302747	88c997859dee06a658a2d9ed01e1c703de7bd30581965c48a160756133e4978c
diagnosis_20260823/routeA_pilot/blocks/426648755.json.gz	296395	50fd5c31f45825ac5bce9ba57a7bdf579d932a6acc2f62f6473dbde0fe279cea
diagnosis_20260823/routeA_pilot/blocks/426648756.json.gz	262203	15cb95ecdf8761701dd907e076be064d316353a430f22b274fb3ab5cb734ba6b
diagnosis_20260823/routeA_pilot/blocks/426648757.json.gz	231502	5953f42c90cdb8f2eac4a33f86713e7feece3ac189595fc08203b50698405953
diagnosis_20260823/routeA_pilot/blocks/426648758.json.gz	208664	3bec348cdb1d57479b017d5e0a538a179adae2ebadde82c74673928bd278cffb
diagnosis_20260823/routeA_pilot/blocks/426648759.json.gz	398802	71638ceffeb89e536c0d9750019addc0b1ce38adeeef0775fc9fcf53681ff6c2
diagnosis_20260823/routeA_pilot/blocks/426648760.json.gz	279834	d14b3eea7029af2ad8489b13bde5acbd79476e797ad5f89fc05d21ab9ec9d95b
diagnosis_20260823/routeA_pilot/blocks/426648761.json.gz	344022	0208774b38c0d72d2e2bbef45674f90e817f737aba0b2c44320039732a866ef8
diagnosis_20260823/routeA_pilot/blocks/426648762.json.gz	181080	e556a68ef1167bf87b9d925e0d4f91ea072ef560e51859f6c6c40ebf38ba2a75
diagnosis_20260823/routeA_pilot/blocks/426648763.json.gz	309895	deac246c5c423d74587839b5908f07c65f74e95a2cbc5b8e86926f06fa66d4e6
diagnosis_20260823/routeA_pilot/blocks/426648764.json.gz	224011	f9b6a69992d1c4144d644f56244e8a389a171b200194b9388ae544024086fd79
diagnosis_20260823/routeA_pilot/blocks/426648765.json.gz	293500	a8cb692a2b0455dd9674979f48f12c335ea5498d31310ec8cabe9c8dc2f87b5a
diagnosis_20260823/routeA_pilot/blocks/426648766.json.gz	227502	6ad4fc5f2e9486082bf6cc6d2ebfa71c84e82a583e56e3271bab1e703333ef3b
diagnosis_20260823/routeA_pilot/blocks/426648767.json.gz	190453	293851d77b899ff6e52a559ba5c6ca52e4a7e3264fdf5455d2c23a329a29f32e
diagnosis_20260823/routeA_pilot/blocks/426648768.json.gz	190353	17084880236224b296c2d4545d6f665766096c49e9cf3d6c22130c141456ffa7
diagnosis_20260823/routeA_pilot/blocks/426648769.json.gz	176605	ad8545fb899d6df04f4fb2a5744f94b20f7014fdaa2dd4f11544691e9b3500ae
diagnosis_20260823/routeA_pilot/blocks/426648770.json.gz	294835	ef48b94fda1b93ed5b61a0219b64c675125935fa5df633115ccbae97948c9e3b
diagnosis_20260823/routeA_pilot/blocks/426648771.json.gz	188404	42b40fe6e2a3d0a312f533ef0233c9d9f575d7b55474f9dbfb26ad1c216f7c49
diagnosis_20260823/routeA_pilot/blocks/426648772.json.gz	364040	a833b788f4387b63e8c9874ac0831880ae3e643be2e5675cbe511abd38fc6596
diagnosis_20260823/routeA_pilot/blocks/426648773.json.gz	457607	24faceb4e44cc92b8cf6a805f1df5e473c375e46fd32171c4de2631633624233
diagnosis_20260823/routeA_pilot/blocks/426648774.json.gz	358297	e7d30b01933a1568f690f8fc3ec8bb41fa7e9a1231564884ec95709265448ace
diagnosis_20260823/routeA_pilot/blocks/426648775.json.gz	463506	ab76944532e0144762abd438beca5aced40ece74ca9f9148ff5f5b5c9e34b8e2
diagnosis_20260823/routeA_pilot/blocks/426648776.json.gz	291222	d1b3357214647e7c006499ea4c9b3da86b2fe2ad0c70e4e0df7bc40524c42ac7
diagnosis_20260823/routeA_pilot/blocks/426648777.json.gz	342855	8575e2697b7407dac27666cf8275261a54432af0bd4f0aad3b1f6d9ef47c4322
diagnosis_20260823/routeA_pilot/blocks/426648778.json.gz	192357	1d72c6547d4feff346f58e1d4926e6e25c72a469355c2a3e24c667d6a39b80f2
diagnosis_20260823/routeA_pilot/blocks/426648779.json.gz	287812	a2f06aefc802deba589f2b9d7b7f53f8ae959e77856c0d29f094fbdc63b6fcf6
diagnosis_20260823/routeA_pilot/blocks/426648780.json.gz	325520	3d74088d3ad1a7537933fd3e0d245bb3746ee6c61061cfe678e89854fcd47ed1
diagnosis_20260823/routeA_pilot/blocks/426648781.json.gz	256421	4434aa76b48a0944b521ada6a029d634a1ee3d945dac863b4e70925f86089735
diagnosis_20260823/routeA_pilot/blocks/426648782.json.gz	265394	5c49d3892bfb28b1961b9667a4c75c8c5b3afcd90df0f2bc2bb3746f3b718eea
diagnosis_20260823/routeA_pilot/blocks/426648783.json.gz	304236	c92c77220fb42be3d2edf85542b980b73ef7a57acda8dca47ede129ba11352f5
diagnosis_20260823/routeA_pilot/blocks/426648784.json.gz	324520	d5d58efdb82afe70351c8372bb39a72d2f540be8ab7e77e3213538d2aa16e8c2
diagnosis_20260823/routeA_pilot/blocks/426648785.json.gz	459632	09b5a89cd4d22bb1398f04972185686dc7e5a98e8896529c09ea386831bc6f4c
diagnosis_20260823/routeA_pilot/blocks/426648786.json.gz	370911	83b0e9eef470c6c967fef775ec7c767d0ed0ded87725b4f2c7f4d626e0df39fe
diagnosis_20260823/routeA_pilot/blocks/426648787.json.gz	371464	18063b77ba1082a1ec300300bf883788fd8be7cb2b430ff32ceb4c892d6e05e0
diagnosis_20260823/routeA_pilot/blocks/426648788.json.gz	340150	e0dd3673fb649e5a867b8c48372a353611d3e9c08b2d90a0c409a6cab2ed97cc
diagnosis_20260823/routeA_pilot/blocks/426648789.json.gz	198348	bbac6556afc6af735548380fea67589a0bb6c21db8616b0096aa6db41c73ef58
diagnosis_20260823/routeA_pilot/blocks/426648790.json.gz	292137	a1bd47fe945557494dc5b6d1c89d5fa1a5dcc22dd77a7702be585ddad8212aa5
diagnosis_20260823/routeA_pilot/blocks/426648791.json.gz	278653	185b82c4f537b9b24057f9603264bf7ab538e0cf90375920c818503e480cac11
diagnosis_20260823/routeA_pilot/blocks/426648792.json.gz	196579	4a9ef168ac218813256311b8382d05ff9f96550c2d617f06fb6d09c4bd0b848c
diagnosis_20260823/routeA_pilot/blocks/426648793.json.gz	241261	05636005bae7182f1e5292d879c275907640ccf0094fa33c81ec85f2e14858f0
diagnosis_20260823/routeA_pilot/blocks/426648794.json.gz	287381	ed8d7a763d4bbfd0934f589ec0e97c21e7344bc6cb72a5ecab4112251f020ca4
diagnosis_20260823/routeA_pilot/blocks/426648795.json.gz	425670	ece97ab013472ca511a8f2ced6bab490a3f5a93e05fbb683d62a90a09b6ac832
diagnosis_20260823/routeA_pilot/blocks/426648796.json.gz	234478	f8844de57b4e87a198b07fff364fa9ba11d6301396dd98c32f974ef58949827b
diagnosis_20260823/routeA_pilot/blocks/426648797.json.gz	320337	1a71218131872ad727f4a949b89710c3b9ad80618ca950fe9fcc8cc18aeffa10
diagnosis_20260823/routeA_pilot/blocks/426648798.json.gz	260500	6c1c92c90d6049a9c39abf02babc8eca16742adb2b4250e0a9f975ccd3ab51c5
diagnosis_20260823/routeA_pilot/blocks/426648799.json.gz	281569	30c835aff41b43cd225e4ebb7e884f3f8f1f679c03342098d6be4e9116f3b72d
diagnosis_20260823/routeA_pilot/blocks/426648800.json.gz	235986	fcc8f7cd7373b31018565d65e7b8fd17f3726a9ff073ac547d9d06d92c925c39
diagnosis_20260823/routeA_pilot/blocks/426648801.json.gz	373140	4e7852ff9df00b26cf42d65936d028b4e37c8fc3b0524d877a42bc0730cdd9ba
diagnosis_20260823/routeA_pilot/blocks/426648802.json.gz	265420	bc66dfa6cdf0066e17a22f5b7f230ee8f0e93fb4138198cd29706a13fff32768
diagnosis_20260823/routeA_pilot/blocks/426648803.json.gz	306540	c671b1fd6f5c6a99343b8b926941d2155a8cb724700b55a93d1a90c3dd1748ff
diagnosis_20260823/routeA_pilot/blocks/426648804.json.gz	274431	ffc4485a845b1083ffeb6f8cf121c5b55ac2996421bb07a9887f1cfcde52668a
diagnosis_20260823/routeA_pilot/blocks/426648805.json.gz	164856	7adc7a0e8450b2121fa8265811f90af637acfdb5fafb8fa1401c5e74d343537e
diagnosis_20260823/routeA_pilot/blocks/426648806.json.gz	150760	7b477ce1df60508f8c82fe3252d2cb77b31a13f51b6dc6085efcca2f041326e3
diagnosis_20260823/routeA_pilot/blocks/426648807.json.gz	172837	d88120de75f6bf53743642945b71e1e9b54f720fbdc217308b8935e06d7fa066
diagnosis_20260823/routeA_pilot/blocks/426648808.json.gz	163219	85b7be0c36ad632d79a4cbca2f6bcae916de068e27931fa4f12d472ea58c3b9b
diagnosis_20260823/routeA_pilot/blocks/426648809.json.gz	156407	caa482aa22dedd728a7b1b34446db52dada13d0dc532402a84e2dbf68267d628
diagnosis_20260823/routeA_pilot/blocks/426648810.json.gz	213515	e6a798f270b96c7ec3b1d028e127045b96410461a18be5ed2b8bc650b8bec61f
diagnosis_20260823/routeA_pilot/blocks/426648811.json.gz	307137	c2a58302e436f5e9b71f7be7ca1866383080fbbf9cbb6397644c051e25552d61
diagnosis_20260823/routeA_pilot/blocks/426648812.json.gz	329301	7fa3b8b9b290f27bd86bca485547f60325fdb40ebe761648d5fd0ac2a118a43f
diagnosis_20260823/routeA_pilot/blocks/426648813.json.gz	232705	1cca922877a9d7a757daea46a54176357322c79b5778ae6aebdf5f6592ce3ac2
diagnosis_20260823/routeA_pilot/blocks/426648814.json.gz	235777	d51641fdfbe17306c8026e5193271e3fa2ecf0319194de0da615eaa2a53a3b03
diagnosis_20260823/routeA_pilot/blocks/426648815.json.gz	431841	d3535544dfb4286aa9fbab51fe4c6bc3bde1a03640d6d02de4ea7b23cad65b18
diagnosis_20260823/routeA_pilot/blocks/426648816.json.gz	323916	39fbf95647f21ba7a65ecbac2af88178c4b6fd48513639929d44535901d88371
diagnosis_20260823/routeA_pilot/blocks/426648817.json.gz	345366	f44f8c892fc77e2dd59903b33f91cdd384deea03fc95f15b293a87cf16c42df4
diagnosis_20260823/routeA_pilot/blocks/426648818.json.gz	352418	d233f202bdc93eab4668929d4b05bad7fba3991eb9606ec4d5503f3e2aeaa359
diagnosis_20260823/routeA_pilot/blocks/426648819.json.gz	213039	2ac45ba1fe3c137dee2affadfe91a7e05cc9cbe1b38ea9bce7d2772ea150ba3d
diagnosis_20260823/routeA_pilot/blocks/426648820.json.gz	262570	45bfbdd8c76d13fe1801392313e52e90bd6447148a674fa417920679705d44a1
diagnosis_20260823/routeA_pilot/blocks/426648821.json.gz	227019	befdbb66551ca3a257f0d365f407f098cc20b93b485cdcd7f0eafa25222c3903
diagnosis_20260823/routeA_pilot/blocks/426648822.json.gz	398339	a0bd0bc940a4a82e3fffe88927833a43748808a995db8de3f2fcea7781ca80e4
diagnosis_20260823/routeA_pilot/blocks/426648823.json.gz	452742	b20fbe655990fb028364554a788d9637b31bfced38c462bfd8a9f49a78aa5432
diagnosis_20260823/routeA_pilot/blocks/426648824.json.gz	304004	0634044e8179333aaaa32251808c3e3cd3d4989ac7945c8c18320a9c3a6c0421
diagnosis_20260823/routeA_pilot/blocks/426649083.json.gz	263146	89de9c4410b58431367b6d95bc4ab85f6121ea62191c6763ea5dc48834055fa1
diagnosis_20260823/routeA_pilot/blocks/426649084.json.gz	477059	ac55a24aea6b63c01f40a1c2750b6318d6e2deabf08da9f424be2ea0f674965b
diagnosis_20260823/routeA_pilot/blocks/426649085.json.gz	336397	f02dbb5c2f8cd29182fc18d33f5fedd2e9ab7d7fe2a22a138878d62b16b64e50
diagnosis_20260823/routeA_pilot/blocks/426649086.json.gz	236899	437d133815c78619062694717b240ef28e039c2db376444df1c13417e827e016
diagnosis_20260823/routeA_pilot/blocks/426649087.json.gz	407482	de043cbacaf9ee3a287b62b83c20f5adf93ffb1e9ca5a624c8c53b6f5cb1481a
diagnosis_20260823/routeA_pilot/blocks/426649088.json.gz	266180	f567175752f44a801504bf4bcc580f6157e1f9245c70f8a0b91048f6c888acb3
diagnosis_20260823/routeA_pilot/blocks/426649089.json.gz	308157	f0c3b0acb92ee4ee28ddf0d3e1e5b75e1a7d3ad45cd1e04e63130f8ebec376a7
diagnosis_20260823/routeA_pilot/blocks/426649090.json.gz	244338	70f78dc8dfdc04476375bc5ed4460bf77f503912080f6b39ff3e7583c08582e0
diagnosis_20260823/routeA_pilot/blocks/426649091.json.gz	221321	890a86883896cfeed6221c81408c4d7f85af2be0b361b29e1056ad5805c67d7f
diagnosis_20260823/routeA_pilot/blocks/426649092.json.gz	272201	1090195a3e294d09ada93f9e9436c2c8bab2be47026b68bf95eeaa2513ff7dcd
diagnosis_20260823/routeA_pilot/blocks/426649093.json.gz	47308	03c2a1309e6344ad24476aa904d6e43315fa2356e384d1581b316a63575f3a8e
diagnosis_20260823/routeA_pilot/blocks/426649095.json.gz	402892	83219fe2b671a9258abaed447ddc1f304fa56847171bcd494543b47a18b85bbe
diagnosis_20260823/routeA_pilot/blocks/426649096.json.gz	400311	fac5100dc02b1d656b44a218e8084eaf0e79cd92cab3d41ca4abe05951e5b79b
diagnosis_20260823/routeA_pilot/blocks/426649097.json.gz	355102	e3d13ff8f93738b940dd9050a17682d06b287610fb9d6b69b09812fb05655652
diagnosis_20260823/routeA_pilot/blocks/426649098.json.gz	400458	cd19c2495f56792c8d5e0fe087a2b816070bc1d753bed35ab9d41bb5102d7371
diagnosis_20260823/routeA_pilot/blocks/426649099.json.gz	356691	e9b74b01d7a3ba6c34896856f6b68c9367a3b5de51b17fe6d8f11eb7ae6ecc24
diagnosis_20260823/routeA_pilot/blocks/426649100.json.gz	256378	accd2657664de2cb862f7b0c43c1ecf090f7363dbbb478a100c311f17c467e29
diagnosis_20260823/routeA_pilot/blocks/426649101.json.gz	334689	895c0e713b545d2d73bdaabe487951aac8c0f09993b199a86f5b46264f3aa5ca
diagnosis_20260823/routeA_pilot/blocks/426649102.json.gz	342285	2d47cc805e13c97022158615c95d9c362434cd587e216e8f8b1d4f8ea9b12fa2
diagnosis_20260823/routeA_pilot/blocks/426649103.json.gz	342658	18cedab9d8a5eb4627cf9b0a5fdf7f45b60233c28d6a0f8e3d89a5485455405a
diagnosis_20260823/routeA_pilot/blocks/426649104.json.gz	472876	a8c30ed9f5d2ce901120aba53d1eb1bec87f47cd0ab9df17a24d8783d393f3e6
diagnosis_20260823/routeA_pilot/blocks/426649105.json.gz	526933	fb4db1cef37920a32de77058f09a0acd6836776389e145c1a438e2d36c52192a
diagnosis_20260823/routeA_pilot/blocks/426649106.json.gz	484741	d6eeb0628328c1c3794c5aae7cd6c014189dd4d886934f966a562b53cbd6c6bf
diagnosis_20260823/routeA_pilot/blocks/426649107.json.gz	394757	3b1312618dc999770624b073955ec4c9eb0abc82f0edda92054247c18c8f6fc5
diagnosis_20260823/routeA_pilot/blocks/426649108.json.gz	375973	d99826a87a4537b0c0f2c247bb57dfb1820f4ce06903795734f178ce87ef0f48
diagnosis_20260823/routeA_pilot/blocks/426649109.json.gz	234158	0cfd1b47a7dc2fe01b3919ee2563750857c3076ed49bb4201c3c7be8330e7ba8
diagnosis_20260823/routeA_pilot/blocks/426649110.json.gz	265842	026a33c8c1219168d0574886b9bb048065d99fc9c8a47fcb09d951ec29f50bcb
diagnosis_20260823/routeA_pilot/blocks/426649111.json.gz	310746	35a0465756de05970808130d6c318b9bf9c0956da4030a3083598677776f0e0a
diagnosis_20260823/routeA_pilot/blocks/426649112.json.gz	358855	800518913cabf68a4df52326679e5787befbb5729435c275fa13029dee0b65d8
diagnosis_20260823/routeA_pilot/blocks/426649113.json.gz	322846	aa26a93aa3039ac913848249986aa892aec5136f73cd5382aa7a2e89beb6aa9c
diagnosis_20260823/routeA_pilot/blocks/426649114.json.gz	222225	1442309fc182e780af7c7203496d724009af0016c06c005d9747897729363b01
diagnosis_20260823/routeA_pilot/blocks/426649115.json.gz	387724	4a76da239166ca36e94c590993a1584e51af00b94348431ebc3521d308a3035a
diagnosis_20260823/routeA_pilot/blocks/426649116.json.gz	294147	ded57f13db238bc624b24a69208487346ab17a186b5b9e675bd7ab83132218f7
diagnosis_20260823/routeA_pilot/blocks/426649117.json.gz	254398	67363a8533666414860662aaed57eb5e7fd09776155b2f358e36dfe2a3017a80
diagnosis_20260823/routeA_pilot/blocks/426649118.json.gz	217063	ec4f58a3adb9de3cef7991a2a0a7c81186567541244f70ff50caeaf683978498
diagnosis_20260823/routeA_pilot/blocks/426649119.json.gz	236976	f6f5d109405c4419f457d9c28631c8d6afb2c4eb17d00fc1c0bf63d8e7e5172f
diagnosis_20260823/routeA_pilot/blocks/426649120.json.gz	229528	96f3c94d912a0e1ced3b2928145bbf9dd112c56d8cad49968dfce29a89cc8295
diagnosis_20260823/routeA_pilot/blocks/426649121.json.gz	244023	0dff14260e764517671ed34753b7bc74b32ccb04cb39b8388fc4dc50bda92d85
diagnosis_20260823/routeA_pilot/blocks/426649122.json.gz	322210	5a66ad9ca2b36f03533657fbb9c83fdde134d0868908c1431a6fce58286940f9
diagnosis_20260823/routeA_pilot/blocks/426649123.json.gz	245395	8613bee22e9d479c2dd984ea8210d1dc44f4942804d0389e0018260923ccdafb
diagnosis_20260823/routeA_pilot/blocks/426649124.json.gz	278335	69df0660589e89e0a9f3678e4121ba51170bd0557d076bfa3ce500c27376dc7d
diagnosis_20260823/routeA_pilot/blocks/426649125.json.gz	250439	57f9e2f400e7e48a218477b4bfaa7dfff5bec55d53e9fe6621b27bfdcfb92e6b
diagnosis_20260823/routeA_pilot/blocks/426649126.json.gz	214984	7640c1e08796f03ea7ecab0fa787236f268083c39a570f9b82f0feb29bf1de37
diagnosis_20260823/routeA_pilot/blocks/426649127.json.gz	377221	29623b78093ad0d92a67518675afa0fd3dd144336d7911b75af0fdd24c76059e
diagnosis_20260823/routeA_pilot/blocks/426649128.json.gz	222587	07a7b998c2b4edfd6315bc54c29969f6c2ada0f03b613ab721b6bbb6a59d92f3
diagnosis_20260823/routeA_pilot/blocks/426649129.json.gz	489728	3f780e7ab3a4867c76f913855667be3c1ae494c0855c001da7cae5794fb558fc
diagnosis_20260823/routeA_pilot/blocks/426649130.json.gz	392281	9581bd30780e8d6ca52a048d3129676ceca98a8ced80ced6fc767a2377baaec9
diagnosis_20260823/routeA_pilot/blocks/426649131.json.gz	313322	0fe3b1373c15e06218edad65539a9ae8a144566ace20e78a17cd26027731d305
diagnosis_20260823/routeA_pilot/blocks/426649132.json.gz	208132	91c305cbc382a820cdcc940e4d021f60c25e68e9023d1a827735df968993b2da
diagnosis_20260823/routeA_pilot/blocks/426649133.json.gz	252742	aae3e41063d6aac459b92100c305af6497cf9d5b7c3684318d916f4f7652d930
diagnosis_20260823/routeA_pilot/blocks/426649134.json.gz	327740	600c4f3462631e481a02efd531c3806cab038dec467ea265f47a86b85ccd7573
diagnosis_20260823/routeA_pilot/blocks/426649135.json.gz	253771	a0d4fead949081e3e54b9f552f5472e679453a16d975a8961fd78c1a9fc59a4c
diagnosis_20260823/routeA_pilot/blocks/426649136.json.gz	398583	1a2f9714458272bdb514dc9658d047cd2fef11cd6c9326c9754d3093d7d8eb5b
diagnosis_20260823/routeA_pilot/blocks/426649137.json.gz	251855	8bc17a5ada3ac5fd7d9b5de5cae5aff08bfde97ffb73e92bdbe13f936ad57213
diagnosis_20260823/routeA_pilot/blocks/426649138.json.gz	343611	f239a7bc1ec9eeb657add70ddb8b26ee624439c429f14a3a37b8aa97b324d719
diagnosis_20260823/routeA_pilot/blocks/426649139.json.gz	286378	62477e6285c967f5953fa57cac12d7a14cd8730fc99114ed268113b1f085dd15
diagnosis_20260823/routeA_pilot/blocks/426649140.json.gz	269489	4747ef0be50c02d8985d1413aedf4b07dca7b8595b9c13279ce57955959ee3f6
diagnosis_20260823/routeA_pilot/blocks/426649141.json.gz	241174	dd62ae21cb6aec249d06b987ce5b79d4c9b0411dc076ca0767e401d8c164f7d3
diagnosis_20260823/routeA_pilot/blocks/426649142.json.gz	271948	f8f58d658928cfda2cdac9e9fe0185fa59d26291b6406d07381ce153e17dc5f5
diagnosis_20260823/routeA_pilot/blocks/426649143.json.gz	279848	1c4c915f283d1b33c6f85c2d849e4202d2516119344efde63b520d8827c87340
diagnosis_20260823/routeA_pilot/blocks/426649144.json.gz	316986	f1b996c592fc6d0c61cbddd33047ae19d958476bf37ffcdcb2f8706ab6321b81
diagnosis_20260823/routeA_pilot/blocks/426649145.json.gz	181911	c984cb33d39f4297c9119ecc20255c427a2b303d379f4b1e733f29a58db6c750
diagnosis_20260823/routeA_pilot/blocks/426649146.json.gz	142598	1ac16012e03f258a103072e94fb7c8310dbd7d12eb4c1370452949a703e4b2d0
diagnosis_20260823/routeA_pilot/blocks/426649147.json.gz	153230	56c6aab6c1801a27a42c28b54c2903084cf5f06ed54e969ed7d045d15c3614fd
diagnosis_20260823/routeA_pilot/blocks/426649148.json.gz	297511	e45c04a259034fda7a65db6f9988a328d1b666b2e8b58588c2cf6ac31603f791
diagnosis_20260823/routeA_pilot/blocks/426649149.json.gz	209322	b3d987fb04338291efb69f3fa433afebff2e02e81fd2093427ef66c243e5e096
diagnosis_20260823/routeA_pilot/blocks/426649150.json.gz	272430	e06d6d0c153efe2ccb7d29fa7a4d769d645fd506932532132942e9edb1454d0b
diagnosis_20260823/routeA_pilot/blocks/426649151.json.gz	270917	83da40065654c085ce2e7685f276f380a2314f899b6c5e6761ce172db5c474f1
diagnosis_20260823/routeA_pilot/blocks/426649152.json.gz	209486	c8ab3abe777eb05828c732d7bab7af1c3e5b25d95d6a7c70fb625b9454a37502
diagnosis_20260823/routeA_pilot/blocks/426649153.json.gz	229096	3a4ead1d9a1249e7aff4997f11702d0caddeb99881f33f1edb3a47aaee272afa
diagnosis_20260823/routeA_pilot/blocks/426649154.json.gz	265034	58df4c724044adf305bc42aca8b46987f915a05e64555d6c65eb50471ae9b2b9
diagnosis_20260823/routeA_pilot/blocks/426649155.json.gz	317050	f16ce6520c748c3f67edc19f771c432e802f0f7de691c227d17c17c7eb02a169
diagnosis_20260823/routeA_pilot/blocks/426649156.json.gz	168768	8a64f6dd233a83b72a44002867516088ba3a2d6f3b455a9c84645b4fe1a8cc6e
diagnosis_20260823/routeA_pilot/blocks/426649157.json.gz	319028	03e9e04e4fa879b07c2ee929f812735d109359a37f735e6734ea15f829f612fc
diagnosis_20260823/routeA_pilot/blocks/426649158.json.gz	267247	60b1882256f40e1009cff61bbfd89517fcc7e23513dfe9212d8a2a7a122df4cb
diagnosis_20260823/routeA_pilot/blocks/426649159.json.gz	251835	06cafaa183fc89420edd7ccac6a707385980b6ec588018098a337abaaf39f8fc
diagnosis_20260823/routeA_pilot/blocks/426649160.json.gz	343604	823fdc23307faa888ddadae6da975124d047a1882fa24280210850bf06d3a3c7
diagnosis_20260823/routeA_pilot/blocks/426649161.json.gz	276118	655dd9f9caea05ace36a8018a0e07f3303a9c2f3d77f7f43cc22fcbcefef34fa
diagnosis_20260823/routeA_pilot/blocks/426649162.json.gz	363036	551a0bffd4e8cc09705444288eafc550af2d73d107480bb3c3c2733eef7bde8d
diagnosis_20260823/routeA_pilot/blocks/426649163.json.gz	393475	c09dbe45377e44ba2c85ea412f4441e1ac85e5a3a7860c0ee22e1b180fde7543
diagnosis_20260823/routeA_pilot/blocks/426649164.json.gz	421818	767dc982229bfad5e886841b5dba3bfe26fa8bea87ab2c23ff46c8facd577e52
diagnosis_20260823/routeA_pilot/blocks/426649165.json.gz	207819	374d13a19262cd4557fb54892a37331099a7e8dd750508e8c190b00a2df73917
diagnosis_20260823/routeA_pilot/blocks/426649166.json.gz	196231	07020d9a19f44328e3fd752159c57f9cbf8dea5b5485bab7f4b65168d491bd14
diagnosis_20260823/routeA_pilot/blocks/426649167.json.gz	211791	e1ed04961c60d8eba1c10c1901e870cd447e0990e647d8e620a3ef5b38b0dee1
diagnosis_20260823/routeA_pilot/blocks/426649168.json.gz	420161	4cee0fdcafe35284898fa6bc2e555bd068abf247990a867fb0df5c6123c8377c
diagnosis_20260823/routeA_pilot/blocks/426649169.json.gz	269121	d547453e9015132b20511413f618bdca7d0041af9285023f87a37e61be1ec810
diagnosis_20260823/routeA_pilot/blocks/426649170.json.gz	284292	75a61804c3f6523ba8bd6c73ead6602a1d30cd0f48e717cdd1ceff6ccfbef332
diagnosis_20260823/routeA_pilot/blocks/426649171.json.gz	299065	08f381d5a68bdaf76c624853f591d42cd3dca94b441d46901bdc8f56a149a28b
diagnosis_20260823/routeA_pilot/blocks/426649172.json.gz	211897	11faf5ba102f5d7731e5bcf8b03b878170d887202a407400bbf2e717641d0903
diagnosis_20260823/routeA_pilot/blocks/426649173.json.gz	282080	83271270c393eae81f35996febc8049f45810031cea6fca17997c7432f1b84f3
diagnosis_20260823/routeA_pilot/blocks/426649174.json.gz	383181	7c3c36b4f04c5f1a050411921d9f09a5dd542b3391b2e6832246162fd85f073b
diagnosis_20260823/routeA_pilot/blocks/426649175.json.gz	208795	fa392a2121c38bbbc136a869e29364a38e6f7b52b718a133ecd3f94e8a38ac1a
diagnosis_20260823/routeA_pilot/blocks/426649176.json.gz	324893	bea43bd3e82d4d733d48e191b5230fcc799d4d9f38567cb0773283cb358163e0
diagnosis_20260823/routeA_pilot/blocks/426649177.json.gz	491079	2c2544fc4197fc6af7d48cdab05c7262ca9b61a17852a4b1132ed4558cad4af2
diagnosis_20260823/routeA_pilot/blocks/426649178.json.gz	364082	6f013cc9baf7d2cd936721ee69cf9998c7501e4c8530386c6a3114f0b07a84e1
diagnosis_20260823/routeA_pilot/blocks/426649179.json.gz	409678	ffcd12e50017183309072baea2bfac815fe13a26864ca56b11f9a32d1d9ccaed
diagnosis_20260823/routeA_pilot/blocks/426649180.json.gz	318478	1ab006f87cb46b4a3220fca1011e3b61d74d9e34d7d7a60b28006ce3210f61ab
diagnosis_20260823/routeA_pilot/blocks/426649181.json.gz	335365	bac98d669f7ae496ffdcc493bd1d7e27aeeadb7a72682b14b04e7b1b381bb23c
diagnosis_20260823/routeA_pilot/blocks/426649182.json.gz	496154	0a5e91b8df1b283370c83db20d37e6715409f08c2b247ee4794c98041b0b96fd
diagnosis_20260823/routeA_pilot/blocks/426649183.json.gz	374500	f7e04f65fc9193394a8ab4ee4a4f727517a0ee20f5265d7f86eb7d9d297e0493
diagnosis_20260823/routeA_pilot/blocks/426649184.json.gz	164714	5218bf80b97a0323e610f1e0a56c0692aee086ffda479a5581ad153b123d6fe4
diagnosis_20260823/routeA_pilot/blocks/426649185.json.gz	221260	67831d416901325f6ec10c87866b3116b9d5c2fdca3aac1f17ed3760a0cfa78b
diagnosis_20260823/routeA_pilot/blocks/426649186.json.gz	336503	5397beed84b5e782a82f6fcbb91b46ce8dab4e47ebd45c6a01926454d9ddf843
diagnosis_20260823/routeA_pilot/blocks/426649187.json.gz	582875	ca65bafae80d34561088e8a8aff2e300add9a4e6a18cb1d758236c7a69935957
diagnosis_20260823/routeA_pilot/blocks/426649188.json.gz	385738	dabc8c68d9c77d5964910a76ca126a54dd40fac0602d57b0bb190df678d4b100
diagnosis_20260823/routeA_pilot/blocks/426649189.json.gz	399019	d44f4f721cef75aae4737c690b3652638866328fe0a2aff8a673066ee406eaad
diagnosis_20260823/routeA_pilot/blocks/426649190.json.gz	301096	b447443ede78c6698cd68d00d25d7b18d3a439d6671f1af298e588bca80e6c8a
diagnosis_20260823/routeA_pilot/blocks/426649191.json.gz	262159	471aba1fc0cda2d89472c2cb5a1feed39984de6e35ebad5842ee4d783a6a446f
diagnosis_20260823/routeA_pilot/blocks/426649192.json.gz	656409	0c13a1f81a732ef17b4cad765adbc77929d586de39d0215d4a4a256da5cac611
diagnosis_20260823/routeA_pilot/blocks/426649193.json.gz	433743	53214278747c0187c1b85961a5b72baa07e04fda6ff43a303763f5d490addd12
diagnosis_20260823/routeA_pilot/blocks/426649194.json.gz	239225	074945a3b1d6d593193cad94bf6464ee3f87f46bfdb6feada589822e0b440975
diagnosis_20260823/routeA_pilot/blocks/426649195.json.gz	264502	3c07dff9a991fa021cb8aece3896f293ad48bd7e76a294514d55595b5cd75181
diagnosis_20260823/routeA_pilot/blocks/426649196.json.gz	286095	8fc0a9048a1172cdecd78f4562a8a74db12abccf1f435fda3148ced662a3bdab
diagnosis_20260823/routeA_pilot/blocks/426649197.json.gz	191490	7cb439c3133b95fec2b37a03d4ace5db68bdcef68b94faf422acb6a6caf3bf74
diagnosis_20260823/routeA_pilot/blocks/426649198.json.gz	162759	2fb4386102ff8269dac9e0515c5ff5d5da06ca6d421e8055815bdb179050a43b
diagnosis_20260823/routeA_pilot/blocks/426649199.json.gz	296334	865f7ea173f00a8ceb96376745e768ef5e0dc1317b91eba0e4bcce704e13b2b1
diagnosis_20260823/routeA_pilot/blocks/426649200.json.gz	269790	55957d7d2a013e199eaa15f1c56e03da709133034a1965e5a966d0c324166c04
diagnosis_20260823/routeA_pilot/blocks/426649201.json.gz	225787	3f021454c2d12b4fcfb60811db8cffe4e5c65228bf73be462afba3f65e19d8ab
diagnosis_20260823/routeA_pilot/blocks/426649202.json.gz	543363	8ff6dae3dc4898d019bc0d038ef11d22d64b0e4dfbc1500b5f9e344c4e4cc1f8
diagnosis_20260823/routeA_pilot/blocks/426649203.json.gz	334969	21fe60eeb2da78bff8164aca51bf57382583f39f9e4e6d3b0bc830050263dab3
diagnosis_20260823/routeA_pilot/blocks/426649204.json.gz	348288	0fa9aaab0e765f0ed28b91d47b98211c747b2209aa20b1c39b9e824220cf3ed8
diagnosis_20260823/routeA_pilot/blocks/426649205.json.gz	419556	e476a7fe86b65ae46f41f49e45d0fcf1809417980d7e084b61feb8817eeed07a
diagnosis_20260823/routeA_pilot/blocks/426649206.json.gz	345634	d2e5f4f26116e0e83da7f5ca3b13babe0a9f070f0700fc6f0eb6ef5f1c885fe2
diagnosis_20260823/routeA_pilot/blocks/426649207.json.gz	328344	2ab11a1d8b9a77c9ffb93d7c79c2cdcf4e5d975e49611dddae5244e671dfc188
diagnosis_20260823/routeA_pilot/blocks/426649208.json.gz	294466	65b7b247ea9fe48803941a55e571c42e94e00f526a8f96cf20bb63930c48ddd7
diagnosis_20260823/routeA_pilot/blocks/426649209.json.gz	293790	bdf3bc2bcff8cfa4c63bee34cd3f07ede4daf7afb2c5943edf2debd5a010584f
diagnosis_20260823/routeA_pilot/blocks/426649210.json.gz	479209	cbcd80d61123dc1b2de5d389376421ccb6a96df68456a3465fd89f563385caa7
diagnosis_20260823/routeA_pilot/blocks/426649211.json.gz	443839	435b407f52613449333697d6eecf736d6ca22a8a6dc65203fe700d0a183b891a
diagnosis_20260823/routeA_pilot/blocks/426649212.json.gz	344510	c7601219ee5ff705074bf1a4886b245d24427588e00213b770529de0b770c7e6
diagnosis_20260823/routeA_pilot/blocks/426649213.json.gz	258034	f88fb7c0deea62a956ae417a106e106673a78f88d33064b7804d51e2ab8c86dd
diagnosis_20260823/routeA_pilot/blocks/426649214.json.gz	281397	544046d6f56a675aa9582885c19b628938f1080129d7a0119bcaab7db000c6cf
diagnosis_20260823/routeA_pilot/blocks/426649215.json.gz	282556	65b15406bcd126305c31595a8391f16779fa3d83bbe64395c026c13bc7528330
diagnosis_20260823/routeA_pilot/blocks/426649216.json.gz	232276	66186f1c22b4e63821b6b514dcfa14c7761dd6e90df53fc7a66d5c68b7da833a
diagnosis_20260823/routeA_pilot/blocks/426649217.json.gz	193724	96f3232deef375a2462e724de7d4074f71bbed510b0837f0ca2c05204baa2d46
diagnosis_20260823/routeA_pilot/blocks/426649218.json.gz	136933	d107b9477639a84ca34de47add2e74b182289a874c20c326df3afbe4a94c87e4
diagnosis_20260823/routeA_pilot/blocks/426649219.json.gz	152678	1952ddccc8fe095862402a809d046a05dc6fbb52bc9d8a2522c10e20ac0a1b48
diagnosis_20260823/routeA_pilot/blocks/426649220.json.gz	276730	b6dd87cffca46aa9d0939dc399583b761affb642c73d85572c88f663814d8f83
diagnosis_20260823/routeA_pilot/blocks/426649221.json.gz	284606	8406745a86fb4a28e36986c86077f0da76a3122d28e028993357bac427a5ac6b
diagnosis_20260823/routeA_pilot/blocks/426649222.json.gz	163048	28888e35f3442f221bd4ebdfd562b68d33f4e39ab4879cf744a79fb2d563c350
diagnosis_20260823/routeA_pilot/blocks/426649223.json.gz	184739	701e076f925b86f1379cf58eb18542c8b64b58ed7dc4f72226e8378899f08cdf
diagnosis_20260823/routeA_pilot/blocks/426649224.json.gz	199392	849e573c50e7668e75cd41d5ed0bb5450c424613576930850729e3067f4619b1
diagnosis_20260823/routeA_pilot/blocks/426649225.json.gz	236339	a16eede05ed2fe4d71f9d84a8102fb200c019971c29aa0b0ea111a409fab2734
diagnosis_20260823/routeA_pilot/blocks/426649226.json.gz	269918	ac86fa96d4ac5ff5085cc8270f213a1db0ed17a3a204739cf5ecc2e8f7f4529b
diagnosis_20260823/routeA_pilot/blocks/426649227.json.gz	325516	757beab47be25bcf7bddb331db7fda0cad5fe9e45a1dc18135aa720446399a02
diagnosis_20260823/routeA_pilot/blocks/426649228.json.gz	329183	57133744f3f4cb0e8820d9a178449a50403b74f8d836284129340a1004b87a3c
diagnosis_20260823/routeA_pilot/blocks/426649229.json.gz	250615	da9d4171b036da357b4b71afe3cb8792bec43fed9285aaf24da5990b07bda9df
diagnosis_20260823/routeA_pilot/blocks/426649230.json.gz	260257	9810ccca85dbbb019064b3d90428a1a2569b85a28aa9109646396aea821f0c6b
diagnosis_20260823/routeA_pilot/blocks/426649231.json.gz	381735	9f9d90c00df999bfbbf220909882fe36085fbbfe6536f9b30ed856b22de21283
diagnosis_20260823/routeA_pilot/blocks/426649232.json.gz	270141	7cb3d2746ae2274d9f46e1e49836444a5e77295631c9d5831473f94c1d67bb58
diagnosis_20260823/routeA_pilot/blocks/426649233.json.gz	228941	771ff429b451a92112160bcf97166ba32021f5c0bc48a7c28094f8f68749ddcd
diagnosis_20260823/routeA_pilot/blocks/426649234.json.gz	232309	4d47aad686653755d6ffa6791c66ccadbd5a2ea1516e43ac0dda68d6c9111f95
diagnosis_20260823/routeA_pilot/blocks/426649235.json.gz	246220	73260da5d90c85cc7bd3157e2d55977e70468226ef72d47a288260dc3bd5cf2f
diagnosis_20260823/routeA_pilot/blocks/426649236.json.gz	236596	bae9b7ee22ea7a75d4e0ef619043a629e249949b7ec09898f48786b6495e4aaa
diagnosis_20260823/routeA_pilot/blocks/426649237.json.gz	229934	52ce8b5c4e6547814001d3a174d6fe8af4b3a570b9d2b3e59b153b694f17f304
diagnosis_20260823/routeA_pilot/blocks/426649238.json.gz	201893	3ae71225a5c7ca3b63d21ea2bedb782abb36e40edf9c5b575050390451945911
diagnosis_20260823/routeA_pilot/blocks/426649239.json.gz	210955	b1f65b49f0df4b140c5c2d78638f384c380f3cc953b7dad1a801abaf2d666947
diagnosis_20260823/routeA_pilot/blocks/426649240.json.gz	382160	219a752914c395b7a8de69600cfe08312896ca6944130cb2ec20baeda99149b4
diagnosis_20260823/routeA_pilot/blocks/426649241.json.gz	298230	443ae5bf9c320f6558d2f47cff00bcb751d2f5a89c85d375a10dd02eff6a0193
diagnosis_20260823/routeA_pilot/blocks/426649242.json.gz	208667	cea7ad120977aefd165fe2ffded66814c93d84186702f1a7ba0de553bc9de9a3
diagnosis_20260823/routeA_pilot/blocks/426649243.json.gz	231177	752f84c2d7232d5c3f700b6c78df3ec1cd752c7feb98ee8885b107f194b001d7
diagnosis_20260823/routeA_pilot/blocks/426649244.json.gz	189932	af6ab872c254d18f314eea80bcde33ac822d8b23c4e30decbf588737c0770f45
diagnosis_20260823/routeA_pilot/blocks/426649245.json.gz	382910	13f2415ed6e39f38b1254d13f90b836f030d7b0377a744ac4a27ec2ec948e374
diagnosis_20260823/routeA_pilot/blocks/426649246.json.gz	237987	bb434ba612451b17d7c1e9cf6fa7db6f389b8e18be7ea43c0172aa3572723892
diagnosis_20260823/routeA_pilot/blocks/426649247.json.gz	278086	75ec6a40716d2c6a2dc43c8e2511ba40c2deed42da30c0e2e6bf1d971f5aa1b9
diagnosis_20260823/routeA_pilot/blocks/426649248.json.gz	206351	999e885e74a5ecbd62b7a65380604f3edcac9ec40fef6674557f3418f3cd6425
diagnosis_20260823/routeA_pilot/blocks/426649249.json.gz	248454	16739900174c645723e2edc320050d66ace92836606c31423a2680d08eb6aaf4
diagnosis_20260823/routeA_pilot/blocks/426649250.json.gz	199775	20a1e1857c85c26d423793fc6e6a4c31a705a13fa8d5b9fe5ac03f5d219a92da
diagnosis_20260823/routeA_pilot/blocks/426649251.json.gz	265348	f24b2663f1f7d86cef1b3063d4f3d0b3cfdd5ef66cf6b5525691ef497147165a
diagnosis_20260823/routeA_pilot/blocks/426649252.json.gz	366082	57365d66d73fb213fda2686aee386f3070f05024def934f9465dcc5b1271be3c
diagnosis_20260823/routeA_pilot/blocks/426649253.json.gz	284923	6fb0e44f4a076af6cd552f4b742f94a13ed2f866e53b62e13befd400ad6ec42c
diagnosis_20260823/routeA_pilot/blocks/426649254.json.gz	349022	5d91dd5c72790a611e6013f9ec97b4cfa9eb5769bf9ee79f8a01568b533a3dce
diagnosis_20260823/routeA_pilot/blocks/426649255.json.gz	351284	342e4e14843501c2fc4ac92005c3c4c7dc1ee27c2549be21eb187b8f1c51ef73
diagnosis_20260823/routeA_pilot/blocks/426649256.json.gz	344721	75b52aa2a95d75c52b2914658c5877074ca2480cd7fe5dcd57bcf921c8b8b08d
diagnosis_20260823/routeA_pilot/blocks/426649257.json.gz	264402	a3eaf48a80c962756f5a0b7806459e9836075bc6bb1f34204fe46dfedd76ac00
diagnosis_20260823/routeA_pilot/blocks/426649258.json.gz	358700	d226bf906f0c562aef70c70ff940e7e1f6d29d018d5ab65543407ebb92ec4ff5
diagnosis_20260823/routeA_pilot/blocks/426649259.json.gz	287854	42dec45d92ad770365a90701e0fea0e949b2a62b0a4d4a8e3d5fbcaf660ed958
diagnosis_20260823/routeA_pilot/blocks/426649260.json.gz	324689	5ffef0e7f37016b3b7168a1328f7d7c217fe8134d5ba6193c90b4dc760d66f8c
diagnosis_20260823/routeA_pilot/blocks/426649261.json.gz	293609	d0c5c99615be390599900978d1e82467f5ad828ada96c3930f7f7f65469a61de
diagnosis_20260823/routeA_pilot/blocks/426649262.json.gz	294476	0e0b89b875ae99f66a84743abad0ab5a577833e9e7035a262f36af1d5253258e
diagnosis_20260823/routeA_pilot/blocks/426649263.json.gz	322511	1e727039b6258fb697987cbd8a8673f2e6f32d7deba76eac302a536877fb1596
diagnosis_20260823/routeA_pilot/blocks/426649264.json.gz	284592	1135e950567ce6b8ce53b8f302f978b525e1bc74ff906804ca9598f743728926
diagnosis_20260823/routeA_pilot/blocks/426649265.json.gz	222398	26db99f6f0c07e714a1752ec0b6fd7498d2206e5022f875d57fe2fc3f15f27b6
diagnosis_20260823/routeA_pilot/blocks/426649266.json.gz	247351	f558e7ac2184e7d9deec5c45bb27a3b0c3d101da8a80f8092eca0b32187f015e
diagnosis_20260823/routeA_pilot/blocks/426649267.json.gz	282488	b9be74b72c78d914d9a33f34e61c723fdbd49f0cd950078457c792763eb64411
diagnosis_20260823/routeA_pilot/blocks/426649268.json.gz	263162	b4dce99d7325e7d28970fb22dacf8b5720496d2d4a11e6ba17e0ed842746458c
diagnosis_20260823/routeA_pilot/blocks/426649269.json.gz	222518	0d9bdd384acb4e2650c78373b0cca352858750807c8e8eccfac9ef8a8bb60768
diagnosis_20260823/routeA_pilot/blocks/426649270.json.gz	295846	ba4ba93bb4aa93da531cd1ec8e2300311fdc1cce90cccb859562c7b21dc5375c
diagnosis_20260823/routeA_pilot/blocks/426649271.json.gz	229174	ba1e918bef6e2f3508c7c0f4c878a4052606e8b1357a10bc1df341d01d7dd180
diagnosis_20260823/routeA_pilot/blocks/426649272.json.gz	357427	3dea58c0c1f44e9cf59c90bdf8f33356b58ab071607bfe071df32891c195ea5f
diagnosis_20260823/routeA_pilot/blocks/426649273.json.gz	204236	df60340e5bd5cee6e1da4cce67d67fd5e463c5d22da5093373defeb663d93001
diagnosis_20260823/routeA_pilot/blocks/426649274.json.gz	308557	7c26f22f03f33bf9a9542a9e2d87bf421e2be914a969161254feef77d098b3ce
diagnosis_20260823/routeA_pilot/blocks/426649275.json.gz	231214	3fd7febe859afca625cf15d6c6557f79954503c585e5eecfe46281aee77ffc17
diagnosis_20260823/routeA_pilot/blocks/426649276.json.gz	269366	23d9b1c39c64a241d47ee1031f5f67161a61af2c8d4166e7ac8043bc889a4edd
diagnosis_20260823/routeA_pilot/blocks/426649277.json.gz	186550	d9b5507365b9a401fef755050f778e1011e73b1c904c06e7717323aee5e53a76
diagnosis_20260823/routeA_pilot/blocks/426649278.json.gz	264986	6239f4e365c9dfb0c87ecc77404bf1032e3b5646ff15b6c1391f049e62275a12
diagnosis_20260823/routeA_pilot/blocks/426649279.json.gz	255475	f0b30adf5dcb022f858a70cd296468525268098dc42289ae7310dd6e36379553
diagnosis_20260823/routeA_pilot/blocks/426649280.json.gz	236213	6ed80758a285d79007db947702a824abf8dcf3b87b96e07b7d5e20eea7b42d68
diagnosis_20260823/routeA_pilot/blocks/426649281.json.gz	210468	e0d6366e3a9581a27ecd74ec7835835eda7feef4315abda9e54a54cd274939a1
diagnosis_20260823/routeA_pilot/blocks/426649282.json.gz	258359	a2f453812e3daaf930e2bb78c87d1f164da75e39eae1f83883a960bcbf774dd1
diagnosis_20260823/routeA_pilot/blocks/426649283.json.gz	365924	48010272a6765085df063fd653b5abf85f1883e55b791cc7dc023dffb123617f
diagnosis_20260823/routeA_pilot/blocks/426649284.json.gz	244166	e7ec0b26a1de3c808feb2f5576a94d7ba4993c6ab4ad11155f1afa5791d98021
diagnosis_20260823/routeA_pilot/blocks/426649285.json.gz	344169	a9e46a6114f5fe0089ac2ef986220dabccfcb429b5b9acec163f5af183caad94
diagnosis_20260823/routeA_pilot/blocks/426649286.json.gz	276256	5b46b853e645275eaf36a3b387b71c22ce01ab9c55abaacb1909f7f0ad735ba0
diagnosis_20260823/routeA_pilot/blocks/426649287.json.gz	414486	10c0bb221463a9f35f81c81a1b402094286f999a3362fd0f97f9927021a5c3ea
diagnosis_20260823/routeA_pilot/blocks/426649288.json.gz	219681	a403a17b73af46f357a4ed96f490a7958f62ddf9ca418bf55dcc08b2bc8546b8
diagnosis_20260823/routeA_pilot/blocks/426649289.json.gz	245922	22cb00f78b61d9b55b816a256f9a15739491ec91e341e811dca8bbb4b5320fa8
diagnosis_20260823/routeA_pilot/blocks/426649290.json.gz	223979	bf7cdc3f2162726631bd9a1708dc453ffe4c0877dda672f65b661a40181df06f
diagnosis_20260823/routeA_pilot/blocks/426649291.json.gz	291176	f4de30275fae56bb200e81323a9f4819ce053e0c1d53193c1d51ab45e2630574
diagnosis_20260823/routeA_pilot/blocks/426649292.json.gz	259924	658240b0f6ef3d2fb1e4ee14b8d5744f3b54ca40c91827289e237d7717e033a4
diagnosis_20260823/routeA_pilot/blocks/426649293.json.gz	163892	469624e9811382367bd938411c5c27d099e0c73280e630e99e332eb0851b472e
diagnosis_20260823/routeA_pilot/blocks/426649294.json.gz	195074	c526c3c61f3376a0da8f508f7e4069afc0084c165b19d3df61721cd1025c3787
diagnosis_20260823/routeA_pilot/blocks/426649295.json.gz	298171	9be21696fde9023762e1fc9fb05cd478b6186cfa7b0c8c7e9cdcc56d13c931f8
diagnosis_20260823/routeA_pilot/blocks/426649296.json.gz	475439	cb12f7396534f417081ae76f52c26833e77065f75f54f24184f3588ed7496630
diagnosis_20260823/routeA_pilot/blocks/426649297.json.gz	385843	4b76593220d82f8323872c65093eec0aefdce8ec15d424af4f6fc4faa38ef2c3
diagnosis_20260823/routeA_pilot/blocks/426649298.json.gz	282316	894f70e1b14c16e929f9147f7d5f4c9a5dd9efd1e9ebb88307668650078cebda
diagnosis_20260823/routeA_pilot/blocks/426649299.json.gz	207024	ad36c3a7900f8abbf1a2a9aa35dd0929b5332fe47abd1e39b75e84ae49aa0f43
diagnosis_20260823/routeA_pilot/blocks/426649300.json.gz	231079	5176538ec4ba8d7f3e2f440dccb5b3c7c7eac9441be983cf3ecc9a6d54b443b5
diagnosis_20260823/routeA_pilot/blocks/426649301.json.gz	212374	0a6b50a2ea1d45b0b81670153e2963d6f9f9d21cfeae97e1060b3b0d596ac976
diagnosis_20260823/routeA_pilot/blocks/426649302.json.gz	427820	8d44d14a46ded8f9e356a3749f3a43ebd97d98147bc38c9c81cf459d4bccadc5
diagnosis_20260823/sqd_query_variants/helius_full_blocks/306672061.json	5022550	ffa0184b49132fa22cd20f11f439f2806744ad351cc3b9d9f54e0c6ea86837e7
diagnosis_20260823/sqd_query_variants/helius_full_blocks/350000000.json	5013223	e0beafb9dcd32aa2ec97bc54d06bdbc84cccec332278381cebed93def0a15888
diagnosis_20260823/sqd_query_variants/helius_full_blocks/400000000.json	4668979	2ce55e49a865c20e6d995e4249a5cdef040ed8dda44047a0fc9b112cc89984ae
diagnosis_20260823/sqd_query_variants/helius_full_blocks/426649168.json	8425960	731ffdad0c0cf82e3dc74634702b406a06390ed5672f0ea69aa1ff5c9ba31c9e
diagnosis_20260823/sqd_query_variants/helius_full_blocks/426651094.json	7509543	737408d2e5c173a11bd73e7b514459c19bb6ceae6644906e1ec01a62518911a2
diagnosis_20260823/sqd_query_variants/helius_full_blocks/426665444.json	10082892	d2dc887629331d6e46789a084f8f4ddd41b2c5269d059cc34a6b5573b918873f
diagnosis_20260823/sqd_query_variants/helius_full_blocks/439000000.json	3923028	cae100037acb4584b3e438b08d4ae7193d289e580f7798e01e32689805d2b73c
