ok    T4-stress 000 n=8 实际模拟边数齐全
ok    T4-stress 000 n=8/current 两版本库存等于整数边表余额
ok    T4-stress 000 n=8/peak 两版本库存等于整数边表余额
ok    T4-stress 000 n=8 两版本供应量相同
ok    T4-stress 000 n=8/pro_rata 逐笔短缺入桶数量精确相同
ok    T4-stress 000 n=8/fifo 逐笔短缺入桶数量精确相同
ok    T4-stress 000 n=8/lifo 逐笔短缺入桶数量精确相同
ok    T4-stress 000 n=8 实体集合不变
ok    T4-stress 000 n=8 D/current stock_raw 相同
ok    T4-stress 000 n=8 D/current 闭合 pct 展示值精确相同
ok    T4-stress 000 n=8 D/current 非 gap 来源逐条相同
ok    T4-stress 000 n=8 D/current |Δ| <= 4*n*2**-52*S + 2
ok    T4-stress 000 n=8 D/current 策略集合相同
ok    T4-stress 000 n=8 D/current/fifo 非 gap 来源逐条相同
ok    T4-stress 000 n=8 D/current/fifo |Δ| <= 4*n*2**-52*S + 2
ok    T4-stress 000 n=8 D/current/fifo 闭合 pct 展示值精确相同
ok    T4-stress 000 n=8 D/current/lifo 非 gap 来源逐条相同
ok    T4-stress 000 n=8 D/current/lifo |Δ| <= 4*n*2**-52*S + 2
ok    T4-stress 000 n=8 D/current/lifo 闭合 pct 展示值精确相同
ok    T4-stress 000 n=8 D/current/pro_rata 非 gap 来源逐条相同
ok    T4-stress 000 n=8 D/current/pro_rata |Δ| <= 4*n*2**-52*S + 2
ok    T4-stress 000 n=8 D/current/pro_rata 闭合 pct 展示值精确相同
ok    T4-stress 000 n=8 D/peak stock_raw 相同
ok    T4-stress 000 n=8 D/peak 闭合 pct 展示值精确相同
ok    T4-stress 000 n=8 D/peak 非 gap 来源逐条相同
ok    T4-stress 000 n=8 D/peak |Δ| <= 4*n*2**-52*S + 2
ok    T4-stress 000 n=8 D/peak 策略集合相同
ok    T4-stress 000 n=8 D/peak/fifo 非 gap 来源逐条相同
ok    T4-stress 000 n=8 D/peak/fifo |Δ| <= 4*n*2**-52*S + 2
ok    T4-stress 000 n=8 D/peak/fifo 闭合 pct 展示值精确相同
ok    T4-stress 000 n=8 D/peak/lifo 非 gap 来源逐条相同
ok    T4-stress 000 n=8 D/peak/lifo |Δ| <= 4*n*2**-52*S + 2
ok    T4-stress 000 n=8 D/peak/lifo 闭合 pct 展示值精确相同
ok    T4-stress 000 n=8 D/peak/pro_rata 非 gap 来源逐条相同
ok    T4-stress 000 n=8 D/peak/pro_rata |Δ| <= 4*n*2**-52*S + 2
ok    T4-stress 000 n=8 D/peak/pro_rata 闭合 pct 展示值精确相同
ok    T4-stress 001 n=8 实际模拟边数齐全
ok    T4-stress 001 n=8/current 两版本库存等于整数边表余额
ok    T4-stress 001 n=8/peak 两版本库存等于整数边表余额
ok    T4-stress 001 n=8 两版本供应量相同
ok    T4-stress 001 n=8/pro_rata 逐笔短缺入桶数量精确相同
ok    T4-stress 001 n=8/fifo 逐笔短缺入桶数量精确相同
ok    T4-stress 001 n=8/lifo 逐笔短缺入桶数量精确相同
ok    T4-stress 001 n=8 实体集合不变
ok    T4-stress 001 n=8 D/current stock_raw 相同
ok    T4-stress 001 n=8 D/current 闭合 pct 展示值精确相同
ok    T4-stress 001 n=8 D/current 非 gap 来源逐条相同
ok    T4-stress 001 n=8 D/current |Δ| <= 4*n*2**-52*S + 2
ok    T4-stress 001 n=8 D/current 策略集合相同
ok    T4-stress 001 n=8 D/current/fifo 非 gap 来源逐条相同
ok    T4-stress 001 n=8 D/current/fifo |Δ| <= 4*n*2**-52*S + 2
ok    T4-stress 001 n=8 D/current/fifo 闭合 pct 展示值精确相同
ok    T4-stress 001 n=8 D/current/lifo 非 gap 来源逐条相同
ok    T4-stress 001 n=8 D/current/lifo |Δ| <= 4*n*2**-52*S + 2
ok    T4-stress 001 n=8 D/current/lifo 闭合 pct 展示值精确相同
ok    T4-stress 001 n=8 D/current/pro_rata 非 gap 来源逐条相同
ok    T4-stress 001 n=8 D/current/pro_rata |Δ| <= 4*n*2**-52*S + 2
ok    T4-stress 001 n=8 D/current/pro_rata 闭合 pct 展示值精确相同
ok    T4-stress 001 n=8 D/peak stock_raw 相同
ok    T4-stress 001 n=8 D/peak 闭合 pct 展示值精确相同
ok    T4-stress 001 n=8 D/peak 非 gap 来源逐条相同
ok    T4-stress 001 n=8 D/peak |Δ| <= 4*n*2**-52*S + 2
ok    T4-stress 001 n=8 D/peak 策略集合相同
ok    T4-stress 001 n=8 D/peak/fifo 非 gap 来源逐条相同
ok    T4-stress 001 n=8 D/peak/fifo |Δ| <= 4*n*2**-52*S + 2
ok    T4-stress 001 n=8 D/peak/fifo 闭合 pct 展示值精确相同
ok    T4-stress 001 n=8 D/peak/lifo 非 gap 来源逐条相同
ok    T4-stress 001 n=8 D/peak/lifo |Δ| <= 4*n*2**-52*S + 2
ok    T4-stress 001 n=8 D/peak/lifo 闭合 pct 展示值精确相同
ok    T4-stress 001 n=8 D/peak/pro_rata 非 gap 来源逐条相同
ok    T4-stress 001 n=8 D/peak/pro_rata |Δ| <= 4*n*2**-52*S + 2
ok    T4-stress 001 n=8 D/peak/pro_rata 闭合 pct 展示值精确相同
ok    T4-stress 002 n=5 实际模拟边数齐全
ok    T4-stress 002 n=5/current 两版本库存等于整数边表余额
ok    T4-stress 002 n=5/peak 两版本库存等于整数边表余额
ok    T4-stress 002 n=5 两版本供应量相同
ok    T4-stress 002 n=5/pro_rata 逐笔短缺入桶数量精确相同
ok    T4-stress 002 n=5/fifo 逐笔短缺入桶数量精确相同
ok    T4-stress 002 n=5/lifo 逐笔短缺入桶数量精确相同
ok    T4-stress 002 n=5 实体集合不变
ok    T4-stress 002 n=5 D/current stock_raw 相同
ok    T4-stress 002 n=5 D/current 闭合 pct 展示值精确相同
ok    T4-stress 002 n=5 D/current 非 gap 来源逐条相同
ok    T4-stress 002 n=5 D/current |Δ| <= 4*n*2**-52*S + 2
ok    T4-stress 002 n=5 D/current 策略集合相同
ok    T4-stress 002 n=5 D/current/fifo 非 gap 来源逐条相同
ok    T4-stress 002 n=5 D/current/fifo |Δ| <= 4*n*2**-52*S + 2
ok    T4-stress 002 n=5 D/current/fifo 闭合 pct 展示值精确相同
ok    T4-stress 002 n=5 D/current/lifo 非 gap 来源逐条相同
ok    T4-stress 002 n=5 D/current/lifo |Δ| <= 4*n*2**-52*S + 2
ok    T4-stress 002 n=5 D/current/lifo 闭合 pct 展示值精确相同
ok    T4-stress 002 n=5 D/current/pro_rata 非 gap 来源逐条相同
ok    T4-stress 002 n=5 D/current/pro_rata |Δ| <= 4*n*2**-52*S + 2
ok    T4-stress 002 n=5 D/current/pro_rata 闭合 pct 展示值精确相同
ok    T4-stress 002 n=5 D/peak stock_raw 相同
ok    T4-stress 002 n=5 D/peak 闭合 pct 展示值精确相同
ok    T4-stress 002 n=5 D/peak 非 gap 来源逐条相同
ok    T4-stress 002 n=5 D/peak |Δ| <= 4*n*2**-52*S + 2
ok    T4-stress 002 n=5 D/peak 策略集合相同
ok    T4-stress 002 n=5 D/peak/fifo 非 gap 来源逐条相同
ok    T4-stress 002 n=5 D/peak/fifo |Δ| <= 4*n*2**-52*S + 2
ok    T4-stress 002 n=5 D/peak/fifo 闭合 pct 展示值精确相同
ok    T4-stress 002 n=5 D/peak/lifo 非 gap 来源逐条相同
ok    T4-stress 002 n=5 D/peak/lifo |Δ| <= 4*n*2**-52*S + 2
ok    T4-stress 002 n=5 D/peak/lifo 闭合 pct 展示值精确相同
ok    T4-stress 002 n=5 D/peak/pro_rata 非 gap 来源逐条相同
ok    T4-stress 002 n=5 D/peak/pro_rata |Δ| <= 4*n*2**-52*S + 2
ok    T4-stress 002 n=5 D/peak/pro_rata 闭合 pct 展示值精确相同
ok    T4-stress 003 n=4 实际模拟边数齐全
ok    T4-stress 003 n=4/current 两版本库存等于整数边表余额
ok    T4-stress 003 n=4/peak 两版本库存等于整数边表余额
ok    T4-stress 003 n=4 两版本供应量相同
ok    T4-stress 003 n=4/pro_rata 逐笔短缺入桶数量精确相同
ok    T4-stress 003 n=4/fifo 逐笔短缺入桶数量精确相同
ok    T4-stress 003 n=4/lifo 逐笔短缺入桶数量精确相同
ok    T4-stress 003 n=4 实体集合不变
ok    T4-stress 003 n=4 D/current stock_raw 相同
ok    T4-stress 003 n=4 D/current 闭合 pct 展示值精确相同
ok    T4-stress 003 n=4 D/current 非 gap 来源逐条相同
ok    T4-stress 003 n=4 D/current |Δ| <= 4*n*2**-52*S + 2
ok    T4-stress 003 n=4 D/current 策略集合相同
ok    T4-stress 003 n=4 D/current/fifo 非 gap 来源逐条相同
ok    T4-stress 003 n=4 D/current/fifo |Δ| <= 4*n*2**-52*S + 2
ok    T4-stress 003 n=4 D/current/fifo 闭合 pct 展示值精确相同
ok    T4-stress 003 n=4 D/current/lifo 非 gap 来源逐条相同
ok    T4-stress 003 n=4 D/current/lifo |Δ| <= 4*n*2**-52*S + 2
ok    T4-stress 003 n=4 D/current/lifo 闭合 pct 展示值精确相同
ok    T4-stress 003 n=4 D/current/pro_rata 非 gap 来源逐条相同
ok    T4-stress 003 n=4 D/current/pro_rata |Δ| <= 4*n*2**-52*S + 2
ok    T4-stress 003 n=4 D/current/pro_rata 闭合 pct 展示值精确相同
ok    T4-stress 003 n=4 D/peak stock_raw 相同
ok    T4-stress 003 n=4 D/peak 闭合 pct 展示值精确相同
ok    T4-stress 003 n=4 D/peak 非 gap 来源逐条相同
ok    T4-stress 003 n=4 D/peak |Δ| <= 4*n*2**-52*S + 2
ok    T4-stress 003 n=4 D/peak 策略集合相同
ok    T4-stress 003 n=4 D/peak/fifo 非 gap 来源逐条相同
ok    T4-stress 003 n=4 D/peak/fifo |Δ| <= 4*n*2**-52*S + 2
ok    T4-stress 003 n=4 D/peak/fifo 闭合 pct 展示值精确相同
ok    T4-stress 003 n=4 D/peak/lifo 非 gap 来源逐条相同
ok    T4-stress 003 n=4 D/peak/lifo |Δ| <= 4*n*2**-52*S + 2
ok    T4-stress 003 n=4 D/peak/lifo 闭合 pct 展示值精确相同
ok    T4-stress 003 n=4 D/peak/pro_rata 非 gap 来源逐条相同
ok    T4-stress 003 n=4 D/peak/pro_rata |Δ| <= 4*n*2**-52*S + 2
ok    T4-stress 003 n=4 D/peak/pro_rata 闭合 pct 展示值精确相同
ok    T4-stress 004 n=5 实际模拟边数齐全
ok    T4-stress 004 n=5/current 两版本库存等于整数边表余额
ok    T4-stress 004 n=5/peak 两版本库存等于整数边表余额
ok    T4-stress 004 n=5 两版本供应量相同
ok    T4-stress 004 n=5/pro_rata 逐笔短缺入桶数量精确相同
ok    T4-stress 004 n=5/fifo 逐笔短缺入桶数量精确相同
ok    T4-stress 004 n=5/lifo 逐笔短缺入桶数量精确相同
ok    T4-stress 004 n=5 实体集合不变
ok    T4-stress 004 n=5 D/current stock_raw 相同
ok    T4-stress 004 n=5 D/current 闭合 pct 展示值精确相同
ok    T4-stress 004 n=5 D/current 非 gap 来源逐条相同
ok    T4-stress 004 n=5 D/current |Δ| <= 4*n*2**-52*S + 2
ok    T4-stress 004 n=5 D/current 策略集合相同
ok    T4-stress 004 n=5 D/current/fifo 非 gap 来源逐条相同
ok    T4-stress 004 n=5 D/current/fifo |Δ| <= 4*n*2**-52*S + 2
ok    T4-stress 004 n=5 D/current/fifo 闭合 pct 展示值精确相同
ok    T4-stress 004 n=5 D/current/lifo 非 gap 来源逐条相同
ok    T4-stress 004 n=5 D/current/lifo |Δ| <= 4*n*2**-52*S + 2
ok    T4-stress 004 n=5 D/current/lifo 闭合 pct 展示值精确相同
ok    T4-stress 004 n=5 D/current/pro_rata 非 gap 来源逐条相同
ok    T4-stress 004 n=5 D/current/pro_rata |Δ| <= 4*n*2**-52*S + 2
ok    T4-stress 004 n=5 D/current/pro_rata 闭合 pct 展示值精确相同
ok    T4-stress 004 n=5 D/peak stock_raw 相同
ok    T4-stress 004 n=5 D/peak 闭合 pct 展示值精确相同
ok    T4-stress 004 n=5 D/peak 非 gap 来源逐条相同
ok    T4-stress 004 n=5 D/peak |Δ| <= 4*n*2**-52*S + 2
ok    T4-stress 004 n=5 D/peak 策略集合相同
ok    T4-stress 004 n=5 D/peak/fifo 非 gap 来源逐条相同
ok    T4-stress 004 n=5 D/peak/fifo |Δ| <= 4*n*2**-52*S + 2
ok    T4-stress 004 n=5 D/peak/fifo 闭合 pct 展示值精确相同
ok    T4-stress 004 n=5 D/peak/lifo 非 gap 来源逐条相同
ok    T4-stress 004 n=5 D/peak/lifo |Δ| <= 4*n*2**-52*S + 2
ok    T4-stress 004 n=5 D/peak/lifo 闭合 pct 展示值精确相同
ok    T4-stress 004 n=5 D/peak/pro_rata 非 gap 来源逐条相同
ok    T4-stress 004 n=5 D/peak/pro_rata |Δ| <= 4*n*2**-52*S + 2
ok    T4-stress 004 n=5 D/peak/pro_rata 闭合 pct 展示值精确相同
ok    T4-stress 005 n=7 实际模拟边数齐全
ok    T4-stress 005 n=7/current 两版本库存等于整数边表余额
ok    T4-stress 005 n=7/peak 两版本库存等于整数边表余额
ok    T4-stress 005 n=7 两版本供应量相同
ok    T4-stress 005 n=7/pro_rata 逐笔短缺入桶数量精确相同
ok    T4-stress 005 n=7/fifo 逐笔短缺入桶数量精确相同
ok    T4-stress 005 n=7/lifo 逐笔短缺入桶数量精确相同
ok    T4-stress 005 n=7 实体集合不变
ok    T4-stress 005 n=7 D/current stock_raw 相同
ok    T4-stress 005 n=7 D/current 闭合 pct 展示值精确相同
ok    T4-stress 005 n=7 D/current 非 gap 来源逐条相同
ok    T4-stress 005 n=7 D/current |Δ| <= 4*n*2**-52*S + 2
ok    T4-stress 005 n=7 D/current 策略集合相同
ok    T4-stress 005 n=7 D/current/fifo 非 gap 来源逐条相同
ok    T4-stress 005 n=7 D/current/fifo |Δ| <= 4*n*2**-52*S + 2
ok    T4-stress 005 n=7 D/current/fifo 闭合 pct 展示值精确相同
ok    T4-stress 005 n=7 D/current/lifo 非 gap 来源逐条相同
ok    T4-stress 005 n=7 D/current/lifo |Δ| <= 4*n*2**-52*S + 2
ok    T4-stress 005 n=7 D/current/lifo 闭合 pct 展示值精确相同
ok    T4-stress 005 n=7 D/current/pro_rata 非 gap 来源逐条相同
ok    T4-stress 005 n=7 D/current/pro_rata |Δ| <= 4*n*2**-52*S + 2
ok    T4-stress 005 n=7 D/current/pro_rata 闭合 pct 展示值精确相同
ok    T4-stress 005 n=7 D/peak stock_raw 相同
ok    T4-stress 005 n=7 D/peak 闭合 pct 展示值精确相同
ok    T4-stress 005 n=7 D/peak 非 gap 来源逐条相同
ok    T4-stress 005 n=7 D/peak |Δ| <= 4*n*2**-52*S + 2
ok    T4-stress 005 n=7 D/peak 策略集合相同
ok    T4-stress 005 n=7 D/peak/fifo 非 gap 来源逐条相同
ok    T4-stress 005 n=7 D/peak/fifo |Δ| <= 4*n*2**-52*S + 2
ok    T4-stress 005 n=7 D/peak/fifo 闭合 pct 展示值精确相同
ok    T4-stress 005 n=7 D/peak/lifo 非 gap 来源逐条相同
ok    T4-stress 005 n=7 D/peak/lifo |Δ| <= 4*n*2**-52*S + 2
ok    T4-stress 005 n=7 D/peak/lifo 闭合 pct 展示值精确相同
ok    T4-stress 005 n=7 D/peak/pro_rata 非 gap 来源逐条相同
ok    T4-stress 005 n=7 D/peak/pro_rata |Δ| <= 4*n*2**-52*S + 2
ok    T4-stress 005 n=7 D/peak/pro_rata 闭合 pct 展示值精确相同
ok    T4-stress 006 n=6 实际模拟边数齐全
ok    T4-stress 006 n=6/current 两版本库存等于整数边表余额
ok    T4-stress 006 n=6/peak 两版本库存等于整数边表余额
ok    T4-stress 006 n=6 两版本供应量相同
ok    T4-stress 006 n=6/pro_rata 逐笔短缺入桶数量精确相同
ok    T4-stress 006 n=6/fifo 逐笔短缺入桶数量精确相同
ok    T4-stress 006 n=6/lifo 逐笔短缺入桶数量精确相同
ok    T4-stress 006 n=6 实体集合不变
ok    T4-stress 006 n=6 D/current stock_raw 相同
ok    T4-stress 006 n=6 D/current 闭合 pct 展示值精确相同
ok    T4-stress 006 n=6 D/current 非 gap 来源逐条相同
ok    T4-stress 006 n=6 D/current |Δ| <= 4*n*2**-52*S + 2
ok    T4-stress 006 n=6 D/current 策略集合相同
ok    T4-stress 006 n=6 D/current/fifo 非 gap 来源逐条相同
ok    T4-stress 006 n=6 D/current/fifo |Δ| <= 4*n*2**-52*S + 2
ok    T4-stress 006 n=6 D/current/fifo 闭合 pct 展示值精确相同
ok    T4-stress 006 n=6 D/current/lifo 非 gap 来源逐条相同
ok    T4-stress 006 n=6 D/current/lifo |Δ| <= 4*n*2**-52*S + 2
ok    T4-stress 006 n=6 D/current/lifo 闭合 pct 展示值精确相同
ok    T4-stress 006 n=6 D/current/pro_rata 非 gap 来源逐条相同
ok    T4-stress 006 n=6 D/current/pro_rata |Δ| <= 4*n*2**-52*S + 2
ok    T4-stress 006 n=6 D/current/pro_rata 闭合 pct 展示值精确相同
ok    T4-stress 006 n=6 D/peak stock_raw 相同
ok    T4-stress 006 n=6 D/peak 闭合 pct 展示值精确相同
ok    T4-stress 006 n=6 D/peak 非 gap 来源逐条相同
ok    T4-stress 006 n=6 D/peak |Δ| <= 4*n*2**-52*S + 2
ok    T4-stress 006 n=6 D/peak 策略集合相同
ok    T4-stress 006 n=6 D/peak/fifo 非 gap 来源逐条相同
ok    T4-stress 006 n=6 D/peak/fifo |Δ| <= 4*n*2**-52*S + 2
ok    T4-stress 006 n=6 D/peak/fifo 闭合 pct 展示值精确相同
ok    T4-stress 006 n=6 D/peak/lifo 非 gap 来源逐条相同
ok    T4-stress 006 n=6 D/peak/lifo |Δ| <= 4*n*2**-52*S + 2
ok    T4-stress 006 n=6 D/peak/lifo 闭合 pct 展示值精确相同
ok    T4-stress 006 n=6 D/peak/pro_rata 非 gap 来源逐条相同
ok    T4-stress 006 n=6 D/peak/pro_rata |Δ| <= 4*n*2**-52*S + 2
ok    T4-stress 006 n=6 D/peak/pro_rata 闭合 pct 展示值精确相同
ok    T4-stress 007 n=4 实际模拟边数齐全
ok    T4-stress 007 n=4/current 两版本库存等于整数边表余额
ok    T4-stress 007 n=4/peak 两版本库存等于整数边表余额
ok    T4-stress 007 n=4 两版本供应量相同
ok    T4-stress 007 n=4/pro_rata 逐笔短缺入桶数量精确相同
ok    T4-stress 007 n=4/fifo 逐笔短缺入桶数量精确相同
ok    T4-stress 007 n=4/lifo 逐笔短缺入桶数量精确相同
ok    T4-stress 007 n=4 实体集合不变
ok    T4-stress 007 n=4 D/current stock_raw 相同
ok    T4-stress 007 n=4 D/current 闭合 pct 展示值精确相同
ok    T4-stress 007 n=4 D/current 非 gap 来源逐条相同
ok    T4-stress 007 n=4 D/current |Δ| <= 4*n*2**-52*S + 2
ok    T4-stress 007 n=4 D/current 策略集合相同
ok    T4-stress 007 n=4 D/current/fifo 非 gap 来源逐条相同
ok    T4-stress 007 n=4 D/current/fifo |Δ| <= 4*n*2**-52*S + 2
ok    T4-stress 007 n=4 D/current/fifo 闭合 pct 展示值精确相同
ok    T4-stress 007 n=4 D/current/lifo 非 gap 来源逐条相同
ok    T4-stress 007 n=4 D/current/lifo |Δ| <= 4*n*2**-52*S + 2
ok    T4-stress 007 n=4 D/current/lifo 闭合 pct 展示值精确相同
ok    T4-stress 007 n=4 D/current/pro_rata 非 gap 来源逐条相同
ok    T4-stress 007 n=4 D/current/pro_rata |Δ| <= 4*n*2**-52*S + 2
ok    T4-stress 007 n=4 D/current/pro_rata 闭合 pct 展示值精确相同
ok    T4-stress 007 n=4 D/peak stock_raw 相同
ok    T4-stress 007 n=4 D/peak 闭合 pct 展示值精确相同
ok    T4-stress 007 n=4 D/peak 非 gap 来源逐条相同
ok    T4-stress 007 n=4 D/peak |Δ| <= 4*n*2**-52*S + 2
ok    T4-stress 007 n=4 D/peak 策略集合相同
ok    T4-stress 007 n=4 D/peak/fifo 非 gap 来源逐条相同
ok    T4-stress 007 n=4 D/peak/fifo |Δ| <= 4*n*2**-52*S + 2
ok    T4-stress 007 n=4 D/peak/fifo 闭合 pct 展示值精确相同
ok    T4-stress 007 n=4 D/peak/lifo 非 gap 来源逐条相同
ok    T4-stress 007 n=4 D/peak/lifo |Δ| <= 4*n*2**-52*S + 2
ok    T4-stress 007 n=4 D/peak/lifo 闭合 pct 展示值精确相同
ok    T4-stress 007 n=4 D/peak/pro_rata 非 gap 来源逐条相同
ok    T4-stress 007 n=4 D/peak/pro_rata |Δ| <= 4*n*2**-52*S + 2
ok    T4-stress 007 n=4 D/peak/pro_rata 闭合 pct 展示值精确相同
ok    T4-stress 008 n=5 实际模拟边数齐全
ok    T4-stress 008 n=5/current 两版本库存等于整数边表余额
ok    T4-stress 008 n=5/peak 两版本库存等于整数边表余额
ok    T4-stress 008 n=5 两版本供应量相同
ok    T4-stress 008 n=5/pro_rata 逐笔短缺入桶数量精确相同
ok    T4-stress 008 n=5/fifo 逐笔短缺入桶数量精确相同
ok    T4-stress 008 n=5/lifo 逐笔短缺入桶数量精确相同
ok    T4-stress 008 n=5 实体集合不变
ok    T4-stress 008 n=5 D/current stock_raw 相同
ok    T4-stress 008 n=5 D/current 闭合 pct 展示值精确相同
ok    T4-stress 008 n=5 D/current 非 gap 来源逐条相同
ok    T4-stress 008 n=5 D/current |Δ| <= 4*n*2**-52*S + 2
ok    T4-stress 008 n=5 D/current 策略集合相同
ok    T4-stress 008 n=5 D/current/fifo 非 gap 来源逐条相同
ok    T4-stress 008 n=5 D/current/fifo |Δ| <= 4*n*2**-52*S + 2
ok    T4-stress 008 n=5 D/current/fifo 闭合 pct 展示值精确相同
ok    T4-stress 008 n=5 D/current/lifo 非 gap 来源逐条相同
ok    T4-stress 008 n=5 D/current/lifo |Δ| <= 4*n*2**-52*S + 2
ok    T4-stress 008 n=5 D/current/lifo 闭合 pct 展示值精确相同
ok    T4-stress 008 n=5 D/current/pro_rata 非 gap 来源逐条相同
ok    T4-stress 008 n=5 D/current/pro_rata |Δ| <= 4*n*2**-52*S + 2
ok    T4-stress 008 n=5 D/current/pro_rata 闭合 pct 展示值精确相同
ok    T4-stress 008 n=5 D/peak stock_raw 相同
ok    T4-stress 008 n=5 D/peak 闭合 pct 展示值精确相同
ok    T4-stress 008 n=5 D/peak 非 gap 来源逐条相同
ok    T4-stress 008 n=5 D/peak |Δ| <= 4*n*2**-52*S + 2
ok    T4-stress 008 n=5 D/peak 策略集合相同
ok    T4-stress 008 n=5 D/peak/fifo 非 gap 来源逐条相同
ok    T4-stress 008 n=5 D/peak/fifo |Δ| <= 4*n*2**-52*S + 2
ok    T4-stress 008 n=5 D/peak/fifo 闭合 pct 展示值精确相同
ok    T4-stress 008 n=5 D/peak/lifo 非 gap 来源逐条相同
ok    T4-stress 008 n=5 D/peak/lifo |Δ| <= 4*n*2**-52*S + 2
ok    T4-stress 008 n=5 D/peak/lifo 闭合 pct 展示值精确相同
ok    T4-stress 008 n=5 D/peak/pro_rata 非 gap 来源逐条相同
ok    T4-stress 008 n=5 D/peak/pro_rata |Δ| <= 4*n*2**-52*S + 2
ok    T4-stress 008 n=5 D/peak/pro_rata 闭合 pct 展示值精确相同
ok    T4-stress 009 n=4 实际模拟边数齐全
ok    T4-stress 009 n=4/current 两版本库存等于整数边表余额
ok    T4-stress 009 n=4/peak 两版本库存等于整数边表余额
ok    T4-stress 009 n=4 两版本供应量相同
ok    T4-stress 009 n=4/pro_rata 逐笔短缺入桶数量精确相同
ok    T4-stress 009 n=4/fifo 逐笔短缺入桶数量精确相同
ok    T4-stress 009 n=4/lifo 逐笔短缺入桶数量精确相同
ok    T4-stress 009 n=4 实体集合不变
ok    T4-stress 009 n=4 D/current stock_raw 相同
ok    T4-stress 009 n=4 D/current 闭合 pct 展示值精确相同
ok    T4-stress 009 n=4 D/current 非 gap 来源逐条相同
ok    T4-stress 009 n=4 D/current |Δ| <= 4*n*2**-52*S + 2
ok    T4-stress 009 n=4 D/current 策略集合相同
ok    T4-stress 009 n=4 D/current/fifo 非 gap 来源逐条相同
ok    T4-stress 009 n=4 D/current/fifo |Δ| <= 4*n*2**-52*S + 2
ok    T4-stress 009 n=4 D/current/fifo 闭合 pct 展示值精确相同
ok    T4-stress 009 n=4 D/current/lifo 非 gap 来源逐条相同
ok    T4-stress 009 n=4 D/current/lifo |Δ| <= 4*n*2**-52*S + 2
ok    T4-stress 009 n=4 D/current/lifo 闭合 pct 展示值精确相同
ok    T4-stress 009 n=4 D/current/pro_rata 非 gap 来源逐条相同
ok    T4-stress 009 n=4 D/current/pro_rata |Δ| <= 4*n*2**-52*S + 2
ok    T4-stress 009 n=4 D/current/pro_rata 闭合 pct 展示值精确相同
ok    T4-stress 009 n=4 D/peak stock_raw 相同
ok    T4-stress 009 n=4 D/peak 闭合 pct 展示值精确相同
ok    T4-stress 009 n=4 D/peak 非 gap 来源逐条相同
ok    T4-stress 009 n=4 D/peak |Δ| <= 4*n*2**-52*S + 2
ok    T4-stress 009 n=4 D/peak 策略集合相同
ok    T4-stress 009 n=4 D/peak/fifo 非 gap 来源逐条相同
ok    T4-stress 009 n=4 D/peak/fifo |Δ| <= 4*n*2**-52*S + 2
ok    T4-stress 009 n=4 D/peak/fifo 闭合 pct 展示值精确相同
ok    T4-stress 009 n=4 D/peak/lifo 非 gap 来源逐条相同
ok    T4-stress 009 n=4 D/peak/lifo |Δ| <= 4*n*2**-52*S + 2
ok    T4-stress 009 n=4 D/peak/lifo 闭合 pct 展示值精确相同
ok    T4-stress 009 n=4 D/peak/pro_rata 非 gap 来源逐条相同
ok    T4-stress 009 n=4 D/peak/pro_rata |Δ| <= 4*n*2**-52*S + 2
ok    T4-stress 009 n=4 D/peak/pro_rata 闭合 pct 展示值精确相同
ok    T4-stress 010 n=6 实际模拟边数齐全
ok    T4-stress 010 n=6/current 两版本库存等于整数边表余额
ok    T4-stress 010 n=6/peak 两版本库存等于整数边表余额
ok    T4-stress 010 n=6 两版本供应量相同
ok    T4-stress 010 n=6/pro_rata 逐笔短缺入桶数量精确相同
ok    T4-stress 010 n=6/fifo 逐笔短缺入桶数量精确相同
ok    T4-stress 010 n=6/lifo 逐笔短缺入桶数量精确相同
ok    T4-stress 010 n=6 实体集合不变
ok    T4-stress 010 n=6 D/current stock_raw 相同
ok    T4-stress 010 n=6 D/current 闭合 pct 展示值精确相同
ok    T4-stress 010 n=6 D/current 非 gap 来源逐条相同
ok    T4-stress 010 n=6 D/current |Δ| <= 4*n*2**-52*S + 2
ok    T4-stress 010 n=6 D/current 策略集合相同
ok    T4-stress 010 n=6 D/current/fifo 非 gap 来源逐条相同
ok    T4-stress 010 n=6 D/current/fifo |Δ| <= 4*n*2**-52*S + 2
ok    T4-stress 010 n=6 D/current/fifo 闭合 pct 展示值精确相同
ok    T4-stress 010 n=6 D/current/lifo 非 gap 来源逐条相同
ok    T4-stress 010 n=6 D/current/lifo |Δ| <= 4*n*2**-52*S + 2
ok    T4-stress 010 n=6 D/current/lifo 闭合 pct 展示值精确相同
ok    T4-stress 010 n=6 D/current/pro_rata 非 gap 来源逐条相同
ok    T4-stress 010 n=6 D/current/pro_rata |Δ| <= 4*n*2**-52*S + 2
ok    T4-stress 010 n=6 D/current/pro_rata 闭合 pct 展示值精确相同
ok    T4-stress 010 n=6 D/peak stock_raw 相同
ok    T4-stress 010 n=6 D/peak 闭合 pct 展示值精确相同
ok    T4-stress 010 n=6 D/peak 非 gap 来源逐条相同
ok    T4-stress 010 n=6 D/peak |Δ| <= 4*n*2**-52*S + 2
ok    T4-stress 010 n=6 D/peak 策略集合相同
ok    T4-stress 010 n=6 D/peak/fifo 非 gap 来源逐条相同
ok    T4-stress 010 n=6 D/peak/fifo |Δ| <= 4*n*2**-52*S + 2
ok    T4-stress 010 n=6 D/peak/fifo 闭合 pct 展示值精确相同
ok    T4-stress 010 n=6 D/peak/lifo 非 gap 来源逐条相同
ok    T4-stress 010 n=6 D/peak/lifo |Δ| <= 4*n*2**-52*S + 2
ok    T4-stress 010 n=6 D/peak/lifo 闭合 pct 展示值精确相同
ok    T4-stress 010 n=6 D/peak/pro_rata 非 gap 来源逐条相同
ok    T4-stress 010 n=6 D/peak/pro_rata |Δ| <= 4*n*2**-52*S + 2
ok    T4-stress 010 n=6 D/peak/pro_rata 闭合 pct 展示值精确相同
ok    T4-stress 011 n=7 实际模拟边数齐全
ok    T4-stress 011 n=7/current 两版本库存等于整数边表余额
ok    T4-stress 011 n=7/peak 两版本库存等于整数边表余额
ok    T4-stress 011 n=7 两版本供应量相同
ok    T4-stress 011 n=7/pro_rata 逐笔短缺入桶数量精确相同
ok    T4-stress 011 n=7/fifo 逐笔短缺入桶数量精确相同
ok    T4-stress 011 n=7/lifo 逐笔短缺入桶数量精确相同
ok    T4-stress 011 n=7 实体集合不变
ok    T4-stress 011 n=7 D/current stock_raw 相同
ok    T4-stress 011 n=7 D/current 闭合 pct 展示值精确相同
ok    T4-stress 011 n=7 D/current 非 gap 来源逐条相同
ok    T4-stress 011 n=7 D/current |Δ| <= 4*n*2**-52*S + 2
ok    T4-stress 011 n=7 D/current 策略集合相同
ok    T4-stress 011 n=7 D/current/fifo 非 gap 来源逐条相同
ok    T4-stress 011 n=7 D/current/fifo |Δ| <= 4*n*2**-52*S + 2
ok    T4-stress 011 n=7 D/current/fifo 闭合 pct 展示值精确相同
ok    T4-stress 011 n=7 D/current/lifo 非 gap 来源逐条相同
ok    T4-stress 011 n=7 D/current/lifo |Δ| <= 4*n*2**-52*S + 2
ok    T4-stress 011 n=7 D/current/lifo 闭合 pct 展示值精确相同
ok    T4-stress 011 n=7 D/current/pro_rata 非 gap 来源逐条相同
ok    T4-stress 011 n=7 D/current/pro_rata |Δ| <= 4*n*2**-52*S + 2
ok    T4-stress 011 n=7 D/current/pro_rata 闭合 pct 展示值精确相同
ok    T4-stress 011 n=7 D/peak stock_raw 相同
ok    T4-stress 011 n=7 D/peak 闭合 pct 展示值精确相同
ok    T4-stress 011 n=7 D/peak 非 gap 来源逐条相同
ok    T4-stress 011 n=7 D/peak |Δ| <= 4*n*2**-52*S + 2
ok    T4-stress 011 n=7 D/peak 策略集合相同
ok    T4-stress 011 n=7 D/peak/fifo 非 gap 来源逐条相同
ok    T4-stress 011 n=7 D/peak/fifo |Δ| <= 4*n*2**-52*S + 2
ok    T4-stress 011 n=7 D/peak/fifo 闭合 pct 展示值精确相同
ok    T4-stress 011 n=7 D/peak/lifo 非 gap 来源逐条相同
ok    T4-stress 011 n=7 D/peak/lifo |Δ| <= 4*n*2**-52*S + 2
ok    T4-stress 011 n=7 D/peak/lifo 闭合 pct 展示值精确相同
ok    T4-stress 011 n=7 D/peak/pro_rata 非 gap 来源逐条相同
ok    T4-stress 011 n=7 D/peak/pro_rata |Δ| <= 4*n*2**-52*S + 2
ok    T4-stress 011 n=7 D/peak/pro_rata 闭合 pct 展示值精确相同
ok    T4-stress 012 n=4 实际模拟边数齐全
ok    T4-stress 012 n=4/current 两版本库存等于整数边表余额
ok    T4-stress 012 n=4/peak 两版本库存等于整数边表余额
ok    T4-stress 012 n=4 两版本供应量相同
ok    T4-stress 012 n=4/pro_rata 逐笔短缺入桶数量精确相同
ok    T4-stress 012 n=4/fifo 逐笔短缺入桶数量精确相同
ok    T4-stress 012 n=4/lifo 逐笔短缺入桶数量精确相同
ok    T4-stress 012 n=4 实体集合不变
ok    T4-stress 012 n=4 D/current stock_raw 相同
ok    T4-stress 012 n=4 D/current 闭合 pct 展示值精确相同
ok    T4-stress 012 n=4 D/current 非 gap 来源逐条相同
ok    T4-stress 012 n=4 D/current |Δ| <= 4*n*2**-52*S + 2
ok    T4-stress 012 n=4 D/current 策略集合相同
ok    T4-stress 012 n=4 D/current/fifo 非 gap 来源逐条相同
ok    T4-stress 012 n=4 D/current/fifo |Δ| <= 4*n*2**-52*S + 2
ok    T4-stress 012 n=4 D/current/fifo 闭合 pct 展示值精确相同
ok    T4-stress 012 n=4 D/current/lifo 非 gap 来源逐条相同
ok    T4-stress 012 n=4 D/current/lifo |Δ| <= 4*n*2**-52*S + 2
ok    T4-stress 012 n=4 D/current/lifo 闭合 pct 展示值精确相同
ok    T4-stress 012 n=4 D/current/pro_rata 非 gap 来源逐条相同
ok    T4-stress 012 n=4 D/current/pro_rata |Δ| <= 4*n*2**-52*S + 2
ok    T4-stress 012 n=4 D/current/pro_rata 闭合 pct 展示值精确相同
ok    T4-stress 012 n=4 D/peak stock_raw 相同
ok    T4-stress 012 n=4 D/peak 闭合 pct 展示值精确相同
ok    T4-stress 012 n=4 D/peak 非 gap 来源逐条相同
ok    T4-stress 012 n=4 D/peak |Δ| <= 4*n*2**-52*S + 2
ok    T4-stress 012 n=4 D/peak 策略集合相同
ok    T4-stress 012 n=4 D/peak/fifo 非 gap 来源逐条相同
ok    T4-stress 012 n=4 D/peak/fifo |Δ| <= 4*n*2**-52*S + 2
ok    T4-stress 012 n=4 D/peak/fifo 闭合 pct 展示值精确相同
ok    T4-stress 012 n=4 D/peak/lifo 非 gap 来源逐条相同
ok    T4-stress 012 n=4 D/peak/lifo |Δ| <= 4*n*2**-52*S + 2
ok    T4-stress 012 n=4 D/peak/lifo 闭合 pct 展示值精确相同
ok    T4-stress 012 n=4 D/peak/pro_rata 非 gap 来源逐条相同
ok    T4-stress 012 n=4 D/peak/pro_rata |Δ| <= 4*n*2**-52*S + 2
ok    T4-stress 012 n=4 D/peak/pro_rata 闭合 pct 展示值精确相同
ok    T4-stress 013 n=4 实际模拟边数齐全
ok    T4-stress 013 n=4/current 两版本库存等于整数边表余额
ok    T4-stress 013 n=4/peak 两版本库存等于整数边表余额
ok    T4-stress 013 n=4 两版本供应量相同
ok    T4-stress 013 n=4/pro_rata 逐笔短缺入桶数量精确相同
ok    T4-stress 013 n=4/fifo 逐笔短缺入桶数量精确相同
ok    T4-stress 013 n=4/lifo 逐笔短缺入桶数量精确相同
ok    T4-stress 013 n=4 实体集合不变
ok    T4-stress 013 n=4 D/current stock_raw 相同
ok    T4-stress 013 n=4 D/current 闭合 pct 展示值精确相同
ok    T4-stress 013 n=4 D/current 非 gap 来源逐条相同
ok    T4-stress 013 n=4 D/current |Δ| <= 4*n*2**-52*S + 2
ok    T4-stress 013 n=4 D/current 策略集合相同
ok    T4-stress 013 n=4 D/current/fifo 非 gap 来源逐条相同
ok    T4-stress 013 n=4 D/current/fifo |Δ| <= 4*n*2**-52*S + 2
ok    T4-stress 013 n=4 D/current/fifo 闭合 pct 展示值精确相同
ok    T4-stress 013 n=4 D/current/lifo 非 gap 来源逐条相同
ok    T4-stress 013 n=4 D/current/lifo |Δ| <= 4*n*2**-52*S + 2
ok    T4-stress 013 n=4 D/current/lifo 闭合 pct 展示值精确相同
ok    T4-stress 013 n=4 D/current/pro_rata 非 gap 来源逐条相同
ok    T4-stress 013 n=4 D/current/pro_rata |Δ| <= 4*n*2**-52*S + 2
ok    T4-stress 013 n=4 D/current/pro_rata 闭合 pct 展示值精确相同
ok    T4-stress 013 n=4 D/peak stock_raw 相同
ok    T4-stress 013 n=4 D/peak 闭合 pct 展示值精确相同
ok    T4-stress 013 n=4 D/peak 非 gap 来源逐条相同
ok    T4-stress 013 n=4 D/peak |Δ| <= 4*n*2**-52*S + 2
ok    T4-stress 013 n=4 D/peak 策略集合相同
ok    T4-stress 013 n=4 D/peak/fifo 非 gap 来源逐条相同
ok    T4-stress 013 n=4 D/peak/fifo |Δ| <= 4*n*2**-52*S + 2
ok    T4-stress 013 n=4 D/peak/fifo 闭合 pct 展示值精确相同
ok    T4-stress 013 n=4 D/peak/lifo 非 gap 来源逐条相同
ok    T4-stress 013 n=4 D/peak/lifo |Δ| <= 4*n*2**-52*S + 2
ok    T4-stress 013 n=4 D/peak/lifo 闭合 pct 展示值精确相同
ok    T4-stress 013 n=4 D/peak/pro_rata 非 gap 来源逐条相同
ok    T4-stress 013 n=4 D/peak/pro_rata |Δ| <= 4*n*2**-52*S + 2
ok    T4-stress 013 n=4 D/peak/pro_rata 闭合 pct 展示值精确相同
ok    T4-stress 014 n=6 实际模拟边数齐全
ok    T4-stress 014 n=6/current 两版本库存等于整数边表余额
ok    T4-stress 014 n=6/peak 两版本库存等于整数边表余额
ok    T4-stress 014 n=6 两版本供应量相同
ok    T4-stress 014 n=6/pro_rata 逐笔短缺入桶数量精确相同
ok    T4-stress 014 n=6/fifo 逐笔短缺入桶数量精确相同
ok    T4-stress 014 n=6/lifo 逐笔短缺入桶数量精确相同
ok    T4-stress 014 n=6 实体集合不变
ok    T4-stress 014 n=6 D/current stock_raw 相同
ok    T4-stress 014 n=6 D/current 闭合 pct 展示值精确相同
ok    T4-stress 014 n=6 D/current 非 gap 来源逐条相同
ok    T4-stress 014 n=6 D/current |Δ| <= 4*n*2**-52*S + 2
ok    T4-stress 014 n=6 D/current 策略集合相同
ok    T4-stress 014 n=6 D/current/fifo 非 gap 来源逐条相同
ok    T4-stress 014 n=6 D/current/fifo |Δ| <= 4*n*2**-52*S + 2
ok    T4-stress 014 n=6 D/current/fifo 闭合 pct 展示值精确相同
ok    T4-stress 014 n=6 D/current/lifo 非 gap 来源逐条相同
ok    T4-stress 014 n=6 D/current/lifo |Δ| <= 4*n*2**-52*S + 2
ok    T4-stress 014 n=6 D/current/lifo 闭合 pct 展示值精确相同
ok    T4-stress 014 n=6 D/current/pro_rata 非 gap 来源逐条相同
ok    T4-stress 014 n=6 D/current/pro_rata |Δ| <= 4*n*2**-52*S + 2
ok    T4-stress 014 n=6 D/current/pro_rata 闭合 pct 展示值精确相同
ok    T4-stress 014 n=6 D/peak stock_raw 相同
ok    T4-stress 014 n=6 D/peak 闭合 pct 展示值精确相同
ok    T4-stress 014 n=6 D/peak 非 gap 来源逐条相同
ok    T4-stress 014 n=6 D/peak |Δ| <= 4*n*2**-52*S + 2
ok    T4-stress 014 n=6 D/peak 策略集合相同
ok    T4-stress 014 n=6 D/peak/fifo 非 gap 来源逐条相同
ok    T4-stress 014 n=6 D/peak/fifo |Δ| <= 4*n*2**-52*S + 2
ok    T4-stress 014 n=6 D/peak/fifo 闭合 pct 展示值精确相同
ok    T4-stress 014 n=6 D/peak/lifo 非 gap 来源逐条相同
ok    T4-stress 014 n=6 D/peak/lifo |Δ| <= 4*n*2**-52*S + 2
ok    T4-stress 014 n=6 D/peak/lifo 闭合 pct 展示值精确相同
ok    T4-stress 014 n=6 D/peak/pro_rata 非 gap 来源逐条相同
ok    T4-stress 014 n=6 D/peak/pro_rata |Δ| <= 4*n*2**-52*S + 2
ok    T4-stress 014 n=6 D/peak/pro_rata 闭合 pct 展示值精确相同
ok    T4-stress 015 n=4 实际模拟边数齐全
ok    T4-stress 015 n=4/current 两版本库存等于整数边表余额
ok    T4-stress 015 n=4/peak 两版本库存等于整数边表余额
ok    T4-stress 015 n=4 两版本供应量相同
ok    T4-stress 015 n=4/pro_rata 逐笔短缺入桶数量精确相同
ok    T4-stress 015 n=4/fifo 逐笔短缺入桶数量精确相同
ok    T4-stress 015 n=4/lifo 逐笔短缺入桶数量精确相同
ok    T4-stress 015 n=4 实体集合不变
ok    T4-stress 015 n=4 D/current stock_raw 相同
ok    T4-stress 015 n=4 D/current 闭合 pct 展示值精确相同
ok    T4-stress 015 n=4 D/current 非 gap 来源逐条相同
ok    T4-stress 015 n=4 D/current |Δ| <= 4*n*2**-52*S + 2
ok    T4-stress 015 n=4 D/current 策略集合相同
ok    T4-stress 015 n=4 D/current/fifo 非 gap 来源逐条相同
ok    T4-stress 015 n=4 D/current/fifo |Δ| <= 4*n*2**-52*S + 2
ok    T4-stress 015 n=4 D/current/fifo 闭合 pct 展示值精确相同
ok    T4-stress 015 n=4 D/current/lifo 非 gap 来源逐条相同
ok    T4-stress 015 n=4 D/current/lifo |Δ| <= 4*n*2**-52*S + 2
ok    T4-stress 015 n=4 D/current/lifo 闭合 pct 展示值精确相同
ok    T4-stress 015 n=4 D/current/pro_rata 非 gap 来源逐条相同
ok    T4-stress 015 n=4 D/current/pro_rata |Δ| <= 4*n*2**-52*S + 2
ok    T4-stress 015 n=4 D/current/pro_rata 闭合 pct 展示值精确相同
ok    T4-stress 015 n=4 D/peak stock_raw 相同
ok    T4-stress 015 n=4 D/peak 闭合 pct 展示值精确相同
ok    T4-stress 015 n=4 D/peak 非 gap 来源逐条相同
ok    T4-stress 015 n=4 D/peak |Δ| <= 4*n*2**-52*S + 2
ok    T4-stress 015 n=4 D/peak 策略集合相同
ok    T4-stress 015 n=4 D/peak/fifo 非 gap 来源逐条相同
ok    T4-stress 015 n=4 D/peak/fifo |Δ| <= 4*n*2**-52*S + 2
ok    T4-stress 015 n=4 D/peak/fifo 闭合 pct 展示值精确相同
ok    T4-stress 015 n=4 D/peak/lifo 非 gap 来源逐条相同
ok    T4-stress 015 n=4 D/peak/lifo |Δ| <= 4*n*2**-52*S + 2
ok    T4-stress 015 n=4 D/peak/lifo 闭合 pct 展示值精确相同
ok    T4-stress 015 n=4 D/peak/pro_rata 非 gap 来源逐条相同
ok    T4-stress 015 n=4 D/peak/pro_rata |Δ| <= 4*n*2**-52*S + 2
ok    T4-stress 015 n=4 D/peak/pro_rata 闭合 pct 展示值精确相同
ok    T4-stress 016 n=3 实际模拟边数齐全
ok    T4-stress 016 n=3/current 两版本库存等于整数边表余额
ok    T4-stress 016 n=3/peak 两版本库存等于整数边表余额
ok    T4-stress 016 n=3 两版本供应量相同
ok    T4-stress 016 n=3/pro_rata 逐笔短缺入桶数量精确相同
ok    T4-stress 016 n=3/fifo 逐笔短缺入桶数量精确相同
ok    T4-stress 016 n=3/lifo 逐笔短缺入桶数量精确相同
ok    T4-stress 016 n=3 实体集合不变
ok    T4-stress 016 n=3 D/current stock_raw 相同
ok    T4-stress 016 n=3 D/current 闭合 pct 展示值精确相同
ok    T4-stress 016 n=3 D/current 非 gap 来源逐条相同
ok    T4-stress 016 n=3 D/current |Δ| <= 4*n*2**-52*S + 2
ok    T4-stress 016 n=3 D/current 策略集合相同
ok    T4-stress 016 n=3 D/current/fifo 非 gap 来源逐条相同
ok    T4-stress 016 n=3 D/current/fifo |Δ| <= 4*n*2**-52*S + 2
ok    T4-stress 016 n=3 D/current/fifo 闭合 pct 展示值精确相同
ok    T4-stress 016 n=3 D/current/lifo 非 gap 来源逐条相同
ok    T4-stress 016 n=3 D/current/lifo |Δ| <= 4*n*2**-52*S + 2
ok    T4-stress 016 n=3 D/current/lifo 闭合 pct 展示值精确相同
ok    T4-stress 016 n=3 D/current/pro_rata 非 gap 来源逐条相同
ok    T4-stress 016 n=3 D/current/pro_rata |Δ| <= 4*n*2**-52*S + 2
ok    T4-stress 016 n=3 D/current/pro_rata 闭合 pct 展示值精确相同
ok    T4-stress 016 n=3 D/peak stock_raw 相同
ok    T4-stress 016 n=3 D/peak 闭合 pct 展示值精确相同
ok    T4-stress 016 n=3 D/peak 非 gap 来源逐条相同
ok    T4-stress 016 n=3 D/peak |Δ| <= 4*n*2**-52*S + 2
ok    T4-stress 016 n=3 D/peak 策略集合相同
ok    T4-stress 016 n=3 D/peak/fifo 非 gap 来源逐条相同
ok    T4-stress 016 n=3 D/peak/fifo |Δ| <= 4*n*2**-52*S + 2
ok    T4-stress 016 n=3 D/peak/fifo 闭合 pct 展示值精确相同
ok    T4-stress 016 n=3 D/peak/lifo 非 gap 来源逐条相同
ok    T4-stress 016 n=3 D/peak/lifo |Δ| <= 4*n*2**-52*S + 2
ok    T4-stress 016 n=3 D/peak/lifo 闭合 pct 展示值精确相同
ok    T4-stress 016 n=3 D/peak/pro_rata 非 gap 来源逐条相同
ok    T4-stress 016 n=3 D/peak/pro_rata |Δ| <= 4*n*2**-52*S + 2
ok    T4-stress 016 n=3 D/peak/pro_rata 闭合 pct 展示值精确相同
ok    T4-stress 017 n=8 实际模拟边数齐全
ok    T4-stress 017 n=8/current 两版本库存等于整数边表余额
ok    T4-stress 017 n=8/peak 两版本库存等于整数边表余额
ok    T4-stress 017 n=8 两版本供应量相同
ok    T4-stress 017 n=8/pro_rata 逐笔短缺入桶数量精确相同
ok    T4-stress 017 n=8/fifo 逐笔短缺入桶数量精确相同
ok    T4-stress 017 n=8/lifo 逐笔短缺入桶数量精确相同
ok    T4-stress 017 n=8 实体集合不变
ok    T4-stress 017 n=8 D/current stock_raw 相同
ok    T4-stress 017 n=8 D/current 闭合 pct 展示值精确相同
ok    T4-stress 017 n=8 D/current 非 gap 来源逐条相同
ok    T4-stress 017 n=8 D/current |Δ| <= 4*n*2**-52*S + 2
ok    T4-stress 017 n=8 D/current 策略集合相同
ok    T4-stress 017 n=8 D/current/fifo 非 gap 来源逐条相同
ok    T4-stress 017 n=8 D/current/fifo |Δ| <= 4*n*2**-52*S + 2
ok    T4-stress 017 n=8 D/current/fifo 闭合 pct 展示值精确相同
ok    T4-stress 017 n=8 D/current/lifo 非 gap 来源逐条相同
ok    T4-stress 017 n=8 D/current/lifo |Δ| <= 4*n*2**-52*S + 2
ok    T4-stress 017 n=8 D/current/lifo 闭合 pct 展示值精确相同
ok    T4-stress 017 n=8 D/current/pro_rata 非 gap 来源逐条相同
ok    T4-stress 017 n=8 D/current/pro_rata |Δ| <= 4*n*2**-52*S + 2
ok    T4-stress 017 n=8 D/current/pro_rata 闭合 pct 展示值精确相同
ok    T4-stress 017 n=8 D/peak stock_raw 相同
ok    T4-stress 017 n=8 D/peak 闭合 pct 展示值精确相同
ok    T4-stress 017 n=8 D/peak 非 gap 来源逐条相同
ok    T4-stress 017 n=8 D/peak |Δ| <= 4*n*2**-52*S + 2
ok    T4-stress 017 n=8 D/peak 策略集合相同
ok    T4-stress 017 n=8 D/peak/fifo 非 gap 来源逐条相同
ok    T4-stress 017 n=8 D/peak/fifo |Δ| <= 4*n*2**-52*S + 2
ok    T4-stress 017 n=8 D/peak/fifo 闭合 pct 展示值精确相同
ok    T4-stress 017 n=8 D/peak/lifo 非 gap 来源逐条相同
ok    T4-stress 017 n=8 D/peak/lifo |Δ| <= 4*n*2**-52*S + 2
ok    T4-stress 017 n=8 D/peak/lifo 闭合 pct 展示值精确相同
ok    T4-stress 017 n=8 D/peak/pro_rata 非 gap 来源逐条相同
ok    T4-stress 017 n=8 D/peak/pro_rata |Δ| <= 4*n*2**-52*S + 2
ok    T4-stress 017 n=8 D/peak/pro_rata 闭合 pct 展示值精确相同
ok    T4-stress 018 n=8 实际模拟边数齐全
ok    T4-stress 018 n=8/current 两版本库存等于整数边表余额
ok    T4-stress 018 n=8/peak 两版本库存等于整数边表余额
ok    T4-stress 018 n=8 两版本供应量相同
ok    T4-stress 018 n=8/pro_rata 逐笔短缺入桶数量精确相同
ok    T4-stress 018 n=8/fifo 逐笔短缺入桶数量精确相同
ok    T4-stress 018 n=8/lifo 逐笔短缺入桶数量精确相同
ok    T4-stress 018 n=8 实体集合不变
ok    T4-stress 018 n=8 D/current stock_raw 相同
ok    T4-stress 018 n=8 D/current 闭合 pct 展示值精确相同
ok    T4-stress 018 n=8 D/current 非 gap 来源逐条相同
ok    T4-stress 018 n=8 D/current |Δ| <= 4*n*2**-52*S + 2
ok    T4-stress 018 n=8 D/current 策略集合相同
ok    T4-stress 018 n=8 D/current/fifo 非 gap 来源逐条相同
ok    T4-stress 018 n=8 D/current/fifo |Δ| <= 4*n*2**-52*S + 2
ok    T4-stress 018 n=8 D/current/fifo 闭合 pct 展示值精确相同
ok    T4-stress 018 n=8 D/current/lifo 非 gap 来源逐条相同
ok    T4-stress 018 n=8 D/current/lifo |Δ| <= 4*n*2**-52*S + 2
ok    T4-stress 018 n=8 D/current/lifo 闭合 pct 展示值精确相同
ok    T4-stress 018 n=8 D/current/pro_rata 非 gap 来源逐条相同
ok    T4-stress 018 n=8 D/current/pro_rata |Δ| <= 4*n*2**-52*S + 2
ok    T4-stress 018 n=8 D/current/pro_rata 闭合 pct 展示值精确相同
ok    T4-stress 018 n=8 D/peak stock_raw 相同
ok    T4-stress 018 n=8 D/peak 闭合 pct 展示值精确相同
ok    T4-stress 018 n=8 D/peak 非 gap 来源逐条相同
ok    T4-stress 018 n=8 D/peak |Δ| <= 4*n*2**-52*S + 2
ok    T4-stress 018 n=8 D/peak 策略集合相同
ok    T4-stress 018 n=8 D/peak/fifo 非 gap 来源逐条相同
ok    T4-stress 018 n=8 D/peak/fifo |Δ| <= 4*n*2**-52*S + 2
ok    T4-stress 018 n=8 D/peak/fifo 闭合 pct 展示值精确相同
ok    T4-stress 018 n=8 D/peak/lifo 非 gap 来源逐条相同
ok    T4-stress 018 n=8 D/peak/lifo |Δ| <= 4*n*2**-52*S + 2
ok    T4-stress 018 n=8 D/peak/lifo 闭合 pct 展示值精确相同
ok    T4-stress 018 n=8 D/peak/pro_rata 非 gap 来源逐条相同
ok    T4-stress 018 n=8 D/peak/pro_rata |Δ| <= 4*n*2**-52*S + 2
ok    T4-stress 018 n=8 D/peak/pro_rata 闭合 pct 展示值精确相同
ok    T4-stress 019 n=5 实际模拟边数齐全
ok    T4-stress 019 n=5/current 两版本库存等于整数边表余额
ok    T4-stress 019 n=5/peak 两版本库存等于整数边表余额
ok    T4-stress 019 n=5 两版本供应量相同
ok    T4-stress 019 n=5/pro_rata 逐笔短缺入桶数量精确相同
ok    T4-stress 019 n=5/fifo 逐笔短缺入桶数量精确相同
ok    T4-stress 019 n=5/lifo 逐笔短缺入桶数量精确相同
ok    T4-stress 019 n=5 实体集合不变
ok    T4-stress 019 n=5 D/current stock_raw 相同
ok    T4-stress 019 n=5 D/current 闭合 pct 展示值精确相同
ok    T4-stress 019 n=5 D/current 非 gap 来源逐条相同
ok    T4-stress 019 n=5 D/current |Δ| <= 4*n*2**-52*S + 2
ok    T4-stress 019 n=5 D/current 策略集合相同
ok    T4-stress 019 n=5 D/current/fifo 非 gap 来源逐条相同
ok    T4-stress 019 n=5 D/current/fifo |Δ| <= 4*n*2**-52*S + 2
ok    T4-stress 019 n=5 D/current/fifo 闭合 pct 展示值精确相同
ok    T4-stress 019 n=5 D/current/lifo 非 gap 来源逐条相同
ok    T4-stress 019 n=5 D/current/lifo |Δ| <= 4*n*2**-52*S + 2
ok    T4-stress 019 n=5 D/current/lifo 闭合 pct 展示值精确相同
ok    T4-stress 019 n=5 D/current/pro_rata 非 gap 来源逐条相同
ok    T4-stress 019 n=5 D/current/pro_rata |Δ| <= 4*n*2**-52*S + 2
ok    T4-stress 019 n=5 D/current/pro_rata 闭合 pct 展示值精确相同
ok    T4-stress 019 n=5 D/peak stock_raw 相同
ok    T4-stress 019 n=5 D/peak 闭合 pct 展示值精确相同
ok    T4-stress 019 n=5 D/peak 非 gap 来源逐条相同
ok    T4-stress 019 n=5 D/peak |Δ| <= 4*n*2**-52*S + 2
ok    T4-stress 019 n=5 D/peak 策略集合相同
ok    T4-stress 019 n=5 D/peak/fifo 非 gap 来源逐条相同
ok    T4-stress 019 n=5 D/peak/fifo |Δ| <= 4*n*2**-52*S + 2
ok    T4-stress 019 n=5 D/peak/fifo 闭合 pct 展示值精确相同
ok    T4-stress 019 n=5 D/peak/lifo 非 gap 来源逐条相同
ok    T4-stress 019 n=5 D/peak/lifo |Δ| <= 4*n*2**-52*S + 2
ok    T4-stress 019 n=5 D/peak/lifo 闭合 pct 展示值精确相同
ok    T4-stress 019 n=5 D/peak/pro_rata 非 gap 来源逐条相同
ok    T4-stress 019 n=5 D/peak/pro_rata |Δ| <= 4*n*2**-52*S + 2
ok    T4-stress 019 n=5 D/peak/pro_rata 闭合 pct 展示值精确相同
ok    T4-stress 020 n=3 实际模拟边数齐全
ok    T4-stress 020 n=3/current 两版本库存等于整数边表余额
ok    T4-stress 020 n=3/peak 两版本库存等于整数边表余额
ok    T4-stress 020 n=3 两版本供应量相同
ok    T4-stress 020 n=3/pro_rata 逐笔短缺入桶数量精确相同
ok    T4-stress 020 n=3/fifo 逐笔短缺入桶数量精确相同
ok    T4-stress 020 n=3/lifo 逐笔短缺入桶数量精确相同
ok    T4-stress 020 n=3 实体集合不变
ok    T4-stress 020 n=3 D/current stock_raw 相同
ok    T4-stress 020 n=3 D/current 闭合 pct 展示值精确相同
ok    T4-stress 020 n=3 D/current 非 gap 来源逐条相同
ok    T4-stress 020 n=3 D/current |Δ| <= 4*n*2**-52*S + 2
ok    T4-stress 020 n=3 D/current 策略集合相同
ok    T4-stress 020 n=3 D/current/fifo 非 gap 来源逐条相同
ok    T4-stress 020 n=3 D/current/fifo |Δ| <= 4*n*2**-52*S + 2
ok    T4-stress 020 n=3 D/current/fifo 闭合 pct 展示值精确相同
ok    T4-stress 020 n=3 D/current/lifo 非 gap 来源逐条相同
ok    T4-stress 020 n=3 D/current/lifo |Δ| <= 4*n*2**-52*S + 2
ok    T4-stress 020 n=3 D/current/lifo 闭合 pct 展示值精确相同
ok    T4-stress 020 n=3 D/current/pro_rata 非 gap 来源逐条相同
ok    T4-stress 020 n=3 D/current/pro_rata |Δ| <= 4*n*2**-52*S + 2
ok    T4-stress 020 n=3 D/current/pro_rata 闭合 pct 展示值精确相同
ok    T4-stress 020 n=3 D/peak stock_raw 相同
ok    T4-stress 020 n=3 D/peak 闭合 pct 展示值精确相同
ok    T4-stress 020 n=3 D/peak 非 gap 来源逐条相同
ok    T4-stress 020 n=3 D/peak |Δ| <= 4*n*2**-52*S + 2
ok    T4-stress 020 n=3 D/peak 策略集合相同
ok    T4-stress 020 n=3 D/peak/fifo 非 gap 来源逐条相同
ok    T4-stress 020 n=3 D/peak/fifo |Δ| <= 4*n*2**-52*S + 2
ok    T4-stress 020 n=3 D/peak/fifo 闭合 pct 展示值精确相同
ok    T4-stress 020 n=3 D/peak/lifo 非 gap 来源逐条相同
ok    T4-stress 020 n=3 D/peak/lifo |Δ| <= 4*n*2**-52*S + 2
ok    T4-stress 020 n=3 D/peak/lifo 闭合 pct 展示值精确相同
ok    T4-stress 020 n=3 D/peak/pro_rata 非 gap 来源逐条相同
ok    T4-stress 020 n=3 D/peak/pro_rata |Δ| <= 4*n*2**-52*S + 2
ok    T4-stress 020 n=3 D/peak/pro_rata 闭合 pct 展示值精确相同
ok    T4-stress 021 n=6 实际模拟边数齐全
ok    T4-stress 021 n=6/current 两版本库存等于整数边表余额
ok    T4-stress 021 n=6/peak 两版本库存等于整数边表余额
ok    T4-stress 021 n=6 两版本供应量相同
ok    T4-stress 021 n=6/pro_rata 逐笔短缺入桶数量精确相同
ok    T4-stress 021 n=6/fifo 逐笔短缺入桶数量精确相同
ok    T4-stress 021 n=6/lifo 逐笔短缺入桶数量精确相同
ok    T4-stress 021 n=6 实体集合不变
ok    T4-stress 021 n=6 D/current stock_raw 相同
ok    T4-stress 021 n=6 D/current 闭合 pct 展示值精确相同
ok    T4-stress 021 n=6 D/current 非 gap 来源逐条相同
ok    T4-stress 021 n=6 D/current |Δ| <= 4*n*2**-52*S + 2
ok    T4-stress 021 n=6 D/current 策略集合相同
ok    T4-stress 021 n=6 D/current/fifo 非 gap 来源逐条相同
ok    T4-stress 021 n=6 D/current/fifo |Δ| <= 4*n*2**-52*S + 2
ok    T4-stress 021 n=6 D/current/fifo 闭合 pct 展示值精确相同
ok    T4-stress 021 n=6 D/current/lifo 非 gap 来源逐条相同
ok    T4-stress 021 n=6 D/current/lifo |Δ| <= 4*n*2**-52*S + 2
ok    T4-stress 021 n=6 D/current/lifo 闭合 pct 展示值精确相同
ok    T4-stress 021 n=6 D/current/pro_rata 非 gap 来源逐条相同
ok    T4-stress 021 n=6 D/current/pro_rata |Δ| <= 4*n*2**-52*S + 2
ok    T4-stress 021 n=6 D/current/pro_rata 闭合 pct 展示值精确相同
ok    T4-stress 021 n=6 D/peak stock_raw 相同
ok    T4-stress 021 n=6 D/peak 闭合 pct 展示值精确相同
ok    T4-stress 021 n=6 D/peak 非 gap 来源逐条相同
ok    T4-stress 021 n=6 D/peak |Δ| <= 4*n*2**-52*S + 2
ok    T4-stress 021 n=6 D/peak 策略集合相同
ok    T4-stress 021 n=6 D/peak/fifo 非 gap 来源逐条相同
ok    T4-stress 021 n=6 D/peak/fifo |Δ| <= 4*n*2**-52*S + 2
ok    T4-stress 021 n=6 D/peak/fifo 闭合 pct 展示值精确相同
ok    T4-stress 021 n=6 D/peak/lifo 非 gap 来源逐条相同
ok    T4-stress 021 n=6 D/peak/lifo |Δ| <= 4*n*2**-52*S + 2
ok    T4-stress 021 n=6 D/peak/lifo 闭合 pct 展示值精确相同
ok    T4-stress 021 n=6 D/peak/pro_rata 非 gap 来源逐条相同
ok    T4-stress 021 n=6 D/peak/pro_rata |Δ| <= 4*n*2**-52*S + 2
ok    T4-stress 021 n=6 D/peak/pro_rata 闭合 pct 展示值精确相同
ok    T4-stress 022 n=3 实际模拟边数齐全
ok    T4-stress 022 n=3/current 两版本库存等于整数边表余额
ok    T4-stress 022 n=3/peak 两版本库存等于整数边表余额
ok    T4-stress 022 n=3 两版本供应量相同
ok    T4-stress 022 n=3/pro_rata 逐笔短缺入桶数量精确相同
ok    T4-stress 022 n=3/fifo 逐笔短缺入桶数量精确相同
ok    T4-stress 022 n=3/lifo 逐笔短缺入桶数量精确相同
ok    T4-stress 022 n=3 实体集合不变
ok    T4-stress 022 n=3 D/current stock_raw 相同
ok    T4-stress 022 n=3 D/current 闭合 pct 展示值精确相同
ok    T4-stress 022 n=3 D/current 非 gap 来源逐条相同
ok    T4-stress 022 n=3 D/current |Δ| <= 4*n*2**-52*S + 2
ok    T4-stress 022 n=3 D/current 策略集合相同
ok    T4-stress 022 n=3 D/current/fifo 非 gap 来源逐条相同
ok    T4-stress 022 n=3 D/current/fifo |Δ| <= 4*n*2**-52*S + 2
ok    T4-stress 022 n=3 D/current/fifo 闭合 pct 展示值精确相同
ok    T4-stress 022 n=3 D/current/lifo 非 gap 来源逐条相同
ok    T4-stress 022 n=3 D/current/lifo |Δ| <= 4*n*2**-52*S + 2
ok    T4-stress 022 n=3 D/current/lifo 闭合 pct 展示值精确相同
ok    T4-stress 022 n=3 D/current/pro_rata 非 gap 来源逐条相同
ok    T4-stress 022 n=3 D/current/pro_rata |Δ| <= 4*n*2**-52*S + 2
ok    T4-stress 022 n=3 D/current/pro_rata 闭合 pct 展示值精确相同
ok    T4-stress 022 n=3 D/peak stock_raw 相同
ok    T4-stress 022 n=3 D/peak 闭合 pct 展示值精确相同
ok    T4-stress 022 n=3 D/peak 非 gap 来源逐条相同
ok    T4-stress 022 n=3 D/peak |Δ| <= 4*n*2**-52*S + 2
ok    T4-stress 022 n=3 D/peak 策略集合相同
ok    T4-stress 022 n=3 D/peak/fifo 非 gap 来源逐条相同
ok    T4-stress 022 n=3 D/peak/fifo |Δ| <= 4*n*2**-52*S + 2
ok    T4-stress 022 n=3 D/peak/fifo 闭合 pct 展示值精确相同
ok    T4-stress 022 n=3 D/peak/lifo 非 gap 来源逐条相同
ok    T4-stress 022 n=3 D/peak/lifo |Δ| <= 4*n*2**-52*S + 2
ok    T4-stress 022 n=3 D/peak/lifo 闭合 pct 展示值精确相同
ok    T4-stress 022 n=3 D/peak/pro_rata 非 gap 来源逐条相同
ok    T4-stress 022 n=3 D/peak/pro_rata |Δ| <= 4*n*2**-52*S + 2
ok    T4-stress 022 n=3 D/peak/pro_rata 闭合 pct 展示值精确相同
ok    T4-stress 023 n=6 实际模拟边数齐全
ok    T4-stress 023 n=6/current 两版本库存等于整数边表余额
ok    T4-stress 023 n=6/peak 两版本库存等于整数边表余额
ok    T4-stress 023 n=6 两版本供应量相同
ok    T4-stress 023 n=6/pro_rata 逐笔短缺入桶数量精确相同
ok    T4-stress 023 n=6/fifo 逐笔短缺入桶数量精确相同
ok    T4-stress 023 n=6/lifo 逐笔短缺入桶数量精确相同
ok    T4-stress 023 n=6 实体集合不变
ok    T4-stress 023 n=6 D/current stock_raw 相同
ok    T4-stress 023 n=6 D/current 闭合 pct 展示值精确相同
ok    T4-stress 023 n=6 D/current 非 gap 来源逐条相同
ok    T4-stress 023 n=6 D/current |Δ| <= 4*n*2**-52*S + 2
ok    T4-stress 023 n=6 D/current 策略集合相同
ok    T4-stress 023 n=6 D/current/fifo 非 gap 来源逐条相同
ok    T4-stress 023 n=6 D/current/fifo |Δ| <= 4*n*2**-52*S + 2
ok    T4-stress 023 n=6 D/current/fifo 闭合 pct 展示值精确相同
ok    T4-stress 023 n=6 D/current/lifo 非 gap 来源逐条相同
ok    T4-stress 023 n=6 D/current/lifo |Δ| <= 4*n*2**-52*S + 2
ok    T4-stress 023 n=6 D/current/lifo 闭合 pct 展示值精确相同
ok    T4-stress 023 n=6 D/current/pro_rata 非 gap 来源逐条相同
ok    T4-stress 023 n=6 D/current/pro_rata |Δ| <= 4*n*2**-52*S + 2
ok    T4-stress 023 n=6 D/current/pro_rata 闭合 pct 展示值精确相同
ok    T4-stress 023 n=6 D/peak stock_raw 相同
ok    T4-stress 023 n=6 D/peak 闭合 pct 展示值精确相同
ok    T4-stress 023 n=6 D/peak 非 gap 来源逐条相同
ok    T4-stress 023 n=6 D/peak |Δ| <= 4*n*2**-52*S + 2
ok    T4-stress 023 n=6 D/peak 策略集合相同
ok    T4-stress 023 n=6 D/peak/fifo 非 gap 来源逐条相同
ok    T4-stress 023 n=6 D/peak/fifo |Δ| <= 4*n*2**-52*S + 2
ok    T4-stress 023 n=6 D/peak/fifo 闭合 pct 展示值精确相同
ok    T4-stress 023 n=6 D/peak/lifo 非 gap 来源逐条相同
ok    T4-stress 023 n=6 D/peak/lifo |Δ| <= 4*n*2**-52*S + 2
ok    T4-stress 023 n=6 D/peak/lifo 闭合 pct 展示值精确相同
ok    T4-stress 023 n=6 D/peak/pro_rata 非 gap 来源逐条相同
ok    T4-stress 023 n=6 D/peak/pro_rata |Δ| <= 4*n*2**-52*S + 2
ok    T4-stress 023 n=6 D/peak/pro_rata 闭合 pct 展示值精确相同
ok    T4-stress 024 n=3 实际模拟边数齐全
ok    T4-stress 024 n=3/current 两版本库存等于整数边表余额
ok    T4-stress 024 n=3/peak 两版本库存等于整数边表余额
ok    T4-stress 024 n=3 两版本供应量相同
ok    T4-stress 024 n=3/pro_rata 逐笔短缺入桶数量精确相同
ok    T4-stress 024 n=3/fifo 逐笔短缺入桶数量精确相同
ok    T4-stress 024 n=3/lifo 逐笔短缺入桶数量精确相同
ok    T4-stress 024 n=3 实体集合不变
ok    T4-stress 024 n=3 D/current stock_raw 相同
ok    T4-stress 024 n=3 D/current 闭合 pct 展示值精确相同
ok    T4-stress 024 n=3 D/current 非 gap 来源逐条相同
ok    T4-stress 024 n=3 D/current |Δ| <= 4*n*2**-52*S + 2
ok    T4-stress 024 n=3 D/current 策略集合相同
ok    T4-stress 024 n=3 D/current/fifo 非 gap 来源逐条相同
ok    T4-stress 024 n=3 D/current/fifo |Δ| <= 4*n*2**-52*S + 2
ok    T4-stress 024 n=3 D/current/fifo 闭合 pct 展示值精确相同
ok    T4-stress 024 n=3 D/current/lifo 非 gap 来源逐条相同
ok    T4-stress 024 n=3 D/current/lifo |Δ| <= 4*n*2**-52*S + 2
ok    T4-stress 024 n=3 D/current/lifo 闭合 pct 展示值精确相同
ok    T4-stress 024 n=3 D/current/pro_rata 非 gap 来源逐条相同
ok    T4-stress 024 n=3 D/current/pro_rata |Δ| <= 4*n*2**-52*S + 2
ok    T4-stress 024 n=3 D/current/pro_rata 闭合 pct 展示值精确相同
ok    T4-stress 024 n=3 D/peak stock_raw 相同
ok    T4-stress 024 n=3 D/peak 闭合 pct 展示值精确相同
ok    T4-stress 024 n=3 D/peak 非 gap 来源逐条相同
ok    T4-stress 024 n=3 D/peak |Δ| <= 4*n*2**-52*S + 2
ok    T4-stress 024 n=3 D/peak 策略集合相同
ok    T4-stress 024 n=3 D/peak/fifo 非 gap 来源逐条相同
ok    T4-stress 024 n=3 D/peak/fifo |Δ| <= 4*n*2**-52*S + 2
ok    T4-stress 024 n=3 D/peak/fifo 闭合 pct 展示值精确相同
ok    T4-stress 024 n=3 D/peak/lifo 非 gap 来源逐条相同
ok    T4-stress 024 n=3 D/peak/lifo |Δ| <= 4*n*2**-52*S + 2
ok    T4-stress 024 n=3 D/peak/lifo 闭合 pct 展示值精确相同
ok    T4-stress 024 n=3 D/peak/pro_rata 非 gap 来源逐条相同
ok    T4-stress 024 n=3 D/peak/pro_rata |Δ| <= 4*n*2**-52*S + 2
ok    T4-stress 024 n=3 D/peak/pro_rata 闭合 pct 展示值精确相同
ok    T4-stress 025 n=3 实际模拟边数齐全
ok    T4-stress 025 n=3/current 两版本库存等于整数边表余额
ok    T4-stress 025 n=3/peak 两版本库存等于整数边表余额
ok    T4-stress 025 n=3 两版本供应量相同
ok    T4-stress 025 n=3/pro_rata 逐笔短缺入桶数量精确相同
ok    T4-stress 025 n=3/fifo 逐笔短缺入桶数量精确相同
ok    T4-stress 025 n=3/lifo 逐笔短缺入桶数量精确相同
ok    T4-stress 025 n=3 实体集合不变
ok    T4-stress 025 n=3 D/current stock_raw 相同
ok    T4-stress 025 n=3 D/current 闭合 pct 展示值精确相同
ok    T4-stress 025 n=3 D/current 非 gap 来源逐条相同
ok    T4-stress 025 n=3 D/current |Δ| <= 4*n*2**-52*S + 2
ok    T4-stress 025 n=3 D/current 策略集合相同
ok    T4-stress 025 n=3 D/current/fifo 非 gap 来源逐条相同
ok    T4-stress 025 n=3 D/current/fifo |Δ| <= 4*n*2**-52*S + 2
ok    T4-stress 025 n=3 D/current/fifo 闭合 pct 展示值精确相同
ok    T4-stress 025 n=3 D/current/lifo 非 gap 来源逐条相同
ok    T4-stress 025 n=3 D/current/lifo |Δ| <= 4*n*2**-52*S + 2
ok    T4-stress 025 n=3 D/current/lifo 闭合 pct 展示值精确相同
ok    T4-stress 025 n=3 D/current/pro_rata 非 gap 来源逐条相同
ok    T4-stress 025 n=3 D/current/pro_rata |Δ| <= 4*n*2**-52*S + 2
ok    T4-stress 025 n=3 D/current/pro_rata 闭合 pct 展示值精确相同
ok    T4-stress 025 n=3 D/peak stock_raw 相同
ok    T4-stress 025 n=3 D/peak 闭合 pct 展示值精确相同
ok    T4-stress 025 n=3 D/peak 非 gap 来源逐条相同
ok    T4-stress 025 n=3 D/peak |Δ| <= 4*n*2**-52*S + 2
ok    T4-stress 025 n=3 D/peak 策略集合相同
ok    T4-stress 025 n=3 D/peak/fifo 非 gap 来源逐条相同
ok    T4-stress 025 n=3 D/peak/fifo |Δ| <= 4*n*2**-52*S + 2
ok    T4-stress 025 n=3 D/peak/fifo 闭合 pct 展示值精确相同
ok    T4-stress 025 n=3 D/peak/lifo 非 gap 来源逐条相同
ok    T4-stress 025 n=3 D/peak/lifo |Δ| <= 4*n*2**-52*S + 2
ok    T4-stress 025 n=3 D/peak/lifo 闭合 pct 展示值精确相同
ok    T4-stress 025 n=3 D/peak/pro_rata 非 gap 来源逐条相同
ok    T4-stress 025 n=3 D/peak/pro_rata |Δ| <= 4*n*2**-52*S + 2
ok    T4-stress 025 n=3 D/peak/pro_rata 闭合 pct 展示值精确相同
ok    T4-stress 026 n=6 实际模拟边数齐全
ok    T4-stress 026 n=6/current 两版本库存等于整数边表余额
ok    T4-stress 026 n=6/peak 两版本库存等于整数边表余额
ok    T4-stress 026 n=6 两版本供应量相同
ok    T4-stress 026 n=6/pro_rata 逐笔短缺入桶数量精确相同
ok    T4-stress 026 n=6/fifo 逐笔短缺入桶数量精确相同
ok    T4-stress 026 n=6/lifo 逐笔短缺入桶数量精确相同
ok    T4-stress 026 n=6 实体集合不变
ok    T4-stress 026 n=6 D/current stock_raw 相同
ok    T4-stress 026 n=6 D/current 闭合 pct 展示值精确相同
ok    T4-stress 026 n=6 D/current 非 gap 来源逐条相同
ok    T4-stress 026 n=6 D/current |Δ| <= 4*n*2**-52*S + 2
ok    T4-stress 026 n=6 D/current 策略集合相同
ok    T4-stress 026 n=6 D/current/fifo 非 gap 来源逐条相同
ok    T4-stress 026 n=6 D/current/fifo |Δ| <= 4*n*2**-52*S + 2
ok    T4-stress 026 n=6 D/current/fifo 闭合 pct 展示值精确相同
ok    T4-stress 026 n=6 D/current/lifo 非 gap 来源逐条相同
ok    T4-stress 026 n=6 D/current/lifo |Δ| <= 4*n*2**-52*S + 2
ok    T4-stress 026 n=6 D/current/lifo 闭合 pct 展示值精确相同
ok    T4-stress 026 n=6 D/current/pro_rata 非 gap 来源逐条相同
ok    T4-stress 026 n=6 D/current/pro_rata |Δ| <= 4*n*2**-52*S + 2
ok    T4-stress 026 n=6 D/current/pro_rata 闭合 pct 展示值精确相同
ok    T4-stress 026 n=6 D/peak stock_raw 相同
ok    T4-stress 026 n=6 D/peak 闭合 pct 展示值精确相同
ok    T4-stress 026 n=6 D/peak 非 gap 来源逐条相同
ok    T4-stress 026 n=6 D/peak |Δ| <= 4*n*2**-52*S + 2
ok    T4-stress 026 n=6 D/peak 策略集合相同
ok    T4-stress 026 n=6 D/peak/fifo 非 gap 来源逐条相同
ok    T4-stress 026 n=6 D/peak/fifo |Δ| <= 4*n*2**-52*S + 2
ok    T4-stress 026 n=6 D/peak/fifo 闭合 pct 展示值精确相同
ok    T4-stress 026 n=6 D/peak/lifo 非 gap 来源逐条相同
ok    T4-stress 026 n=6 D/peak/lifo |Δ| <= 4*n*2**-52*S + 2
ok    T4-stress 026 n=6 D/peak/lifo 闭合 pct 展示值精确相同
ok    T4-stress 026 n=6 D/peak/pro_rata 非 gap 来源逐条相同
ok    T4-stress 026 n=6 D/peak/pro_rata |Δ| <= 4*n*2**-52*S + 2
ok    T4-stress 026 n=6 D/peak/pro_rata 闭合 pct 展示值精确相同
ok    T4-stress 027 n=8 实际模拟边数齐全
ok    T4-stress 027 n=8/current 两版本库存等于整数边表余额
ok    T4-stress 027 n=8/peak 两版本库存等于整数边表余额
ok    T4-stress 027 n=8 两版本供应量相同
ok    T4-stress 027 n=8/pro_rata 逐笔短缺入桶数量精确相同
ok    T4-stress 027 n=8/fifo 逐笔短缺入桶数量精确相同
ok    T4-stress 027 n=8/lifo 逐笔短缺入桶数量精确相同
ok    T4-stress 027 n=8 实体集合不变
ok    T4-stress 027 n=8 D/current stock_raw 相同
ok    T4-stress 027 n=8 D/current 闭合 pct 展示值精确相同
ok    T4-stress 027 n=8 D/current 非 gap 来源逐条相同
ok    T4-stress 027 n=8 D/current |Δ| <= 4*n*2**-52*S + 2
ok    T4-stress 027 n=8 D/current 策略集合相同
ok    T4-stress 027 n=8 D/current/fifo 非 gap 来源逐条相同
ok    T4-stress 027 n=8 D/current/fifo |Δ| <= 4*n*2**-52*S + 2
ok    T4-stress 027 n=8 D/current/fifo 闭合 pct 展示值精确相同
ok    T4-stress 027 n=8 D/current/lifo 非 gap 来源逐条相同
ok    T4-stress 027 n=8 D/current/lifo |Δ| <= 4*n*2**-52*S + 2
ok    T4-stress 027 n=8 D/current/lifo 闭合 pct 展示值精确相同
ok    T4-stress 027 n=8 D/current/pro_rata 非 gap 来源逐条相同
ok    T4-stress 027 n=8 D/current/pro_rata |Δ| <= 4*n*2**-52*S + 2
ok    T4-stress 027 n=8 D/current/pro_rata 闭合 pct 展示值精确相同
ok    T4-stress 027 n=8 D/peak stock_raw 相同
ok    T4-stress 027 n=8 D/peak 闭合 pct 展示值精确相同
ok    T4-stress 027 n=8 D/peak 非 gap 来源逐条相同
ok    T4-stress 027 n=8 D/peak |Δ| <= 4*n*2**-52*S + 2
ok    T4-stress 027 n=8 D/peak 策略集合相同
ok    T4-stress 027 n=8 D/peak/fifo 非 gap 来源逐条相同
ok    T4-stress 027 n=8 D/peak/fifo |Δ| <= 4*n*2**-52*S + 2
ok    T4-stress 027 n=8 D/peak/fifo 闭合 pct 展示值精确相同
ok    T4-stress 027 n=8 D/peak/lifo 非 gap 来源逐条相同
ok    T4-stress 027 n=8 D/peak/lifo |Δ| <= 4*n*2**-52*S + 2
ok    T4-stress 027 n=8 D/peak/lifo 闭合 pct 展示值精确相同
ok    T4-stress 027 n=8 D/peak/pro_rata 非 gap 来源逐条相同
ok    T4-stress 027 n=8 D/peak/pro_rata |Δ| <= 4*n*2**-52*S + 2
ok    T4-stress 027 n=8 D/peak/pro_rata 闭合 pct 展示值精确相同
ok    T4-stress 028 n=7 实际模拟边数齐全
ok    T4-stress 028 n=7/current 两版本库存等于整数边表余额
ok    T4-stress 028 n=7/peak 两版本库存等于整数边表余额
ok    T4-stress 028 n=7 两版本供应量相同
ok    T4-stress 028 n=7/pro_rata 逐笔短缺入桶数量精确相同
ok    T4-stress 028 n=7/fifo 逐笔短缺入桶数量精确相同
ok    T4-stress 028 n=7/lifo 逐笔短缺入桶数量精确相同
ok    T4-stress 028 n=7 实体集合不变
ok    T4-stress 028 n=7 D/current stock_raw 相同
ok    T4-stress 028 n=7 D/current 闭合 pct 展示值精确相同
ok    T4-stress 028 n=7 D/current 非 gap 来源逐条相同
ok    T4-stress 028 n=7 D/current |Δ| <= 4*n*2**-52*S + 2
ok    T4-stress 028 n=7 D/current 策略集合相同
ok    T4-stress 028 n=7 D/current/fifo 非 gap 来源逐条相同
ok    T4-stress 028 n=7 D/current/fifo |Δ| <= 4*n*2**-52*S + 2
ok    T4-stress 028 n=7 D/current/fifo 闭合 pct 展示值精确相同
ok    T4-stress 028 n=7 D/current/lifo 非 gap 来源逐条相同
ok    T4-stress 028 n=7 D/current/lifo |Δ| <= 4*n*2**-52*S + 2
ok    T4-stress 028 n=7 D/current/lifo 闭合 pct 展示值精确相同
ok    T4-stress 028 n=7 D/current/pro_rata 非 gap 来源逐条相同
ok    T4-stress 028 n=7 D/current/pro_rata |Δ| <= 4*n*2**-52*S + 2
ok    T4-stress 028 n=7 D/current/pro_rata 闭合 pct 展示值精确相同
ok    T4-stress 028 n=7 D/peak stock_raw 相同
ok    T4-stress 028 n=7 D/peak 闭合 pct 展示值精确相同
ok    T4-stress 028 n=7 D/peak 非 gap 来源逐条相同
ok    T4-stress 028 n=7 D/peak |Δ| <= 4*n*2**-52*S + 2
ok    T4-stress 028 n=7 D/peak 策略集合相同
ok    T4-stress 028 n=7 D/peak/fifo 非 gap 来源逐条相同
ok    T4-stress 028 n=7 D/peak/fifo |Δ| <= 4*n*2**-52*S + 2
ok    T4-stress 028 n=7 D/peak/fifo 闭合 pct 展示值精确相同
ok    T4-stress 028 n=7 D/peak/lifo 非 gap 来源逐条相同
ok    T4-stress 028 n=7 D/peak/lifo |Δ| <= 4*n*2**-52*S + 2
ok    T4-stress 028 n=7 D/peak/lifo 闭合 pct 展示值精确相同
ok    T4-stress 028 n=7 D/peak/pro_rata 非 gap 来源逐条相同
ok    T4-stress 028 n=7 D/peak/pro_rata |Δ| <= 4*n*2**-52*S + 2
ok    T4-stress 028 n=7 D/peak/pro_rata 闭合 pct 展示值精确相同
ok    T4-stress 029 n=8 实际模拟边数齐全
ok    T4-stress 029 n=8/current 两版本库存等于整数边表余额
ok    T4-stress 029 n=8/peak 两版本库存等于整数边表余额
ok    T4-stress 029 n=8 两版本供应量相同
ok    T4-stress 029 n=8/pro_rata 逐笔短缺入桶数量精确相同
ok    T4-stress 029 n=8/fifo 逐笔短缺入桶数量精确相同
ok    T4-stress 029 n=8/lifo 逐笔短缺入桶数量精确相同
ok    T4-stress 029 n=8 实体集合不变
ok    T4-stress 029 n=8 D/current stock_raw 相同
ok    T4-stress 029 n=8 D/current 闭合 pct 展示值精确相同
ok    T4-stress 029 n=8 D/current 非 gap 来源逐条相同
ok    T4-stress 029 n=8 D/current |Δ| <= 4*n*2**-52*S + 2
ok    T4-stress 029 n=8 D/current 策略集合相同
ok    T4-stress 029 n=8 D/current/fifo 非 gap 来源逐条相同
ok    T4-stress 029 n=8 D/current/fifo |Δ| <= 4*n*2**-52*S + 2
ok    T4-stress 029 n=8 D/current/fifo 闭合 pct 展示值精确相同
ok    T4-stress 029 n=8 D/current/lifo 非 gap 来源逐条相同
ok    T4-stress 029 n=8 D/current/lifo |Δ| <= 4*n*2**-52*S + 2
ok    T4-stress 029 n=8 D/current/lifo 闭合 pct 展示值精确相同
ok    T4-stress 029 n=8 D/current/pro_rata 非 gap 来源逐条相同
ok    T4-stress 029 n=8 D/current/pro_rata |Δ| <= 4*n*2**-52*S + 2
ok    T4-stress 029 n=8 D/current/pro_rata 闭合 pct 展示值精确相同
ok    T4-stress 029 n=8 D/peak stock_raw 相同
ok    T4-stress 029 n=8 D/peak 闭合 pct 展示值精确相同
ok    T4-stress 029 n=8 D/peak 非 gap 来源逐条相同
ok    T4-stress 029 n=8 D/peak |Δ| <= 4*n*2**-52*S + 2
ok    T4-stress 029 n=8 D/peak 策略集合相同
ok    T4-stress 029 n=8 D/peak/fifo 非 gap 来源逐条相同
ok    T4-stress 029 n=8 D/peak/fifo |Δ| <= 4*n*2**-52*S + 2
ok    T4-stress 029 n=8 D/peak/fifo 闭合 pct 展示值精确相同
ok    T4-stress 029 n=8 D/peak/lifo 非 gap 来源逐条相同
ok    T4-stress 029 n=8 D/peak/lifo |Δ| <= 4*n*2**-52*S + 2
ok    T4-stress 029 n=8 D/peak/lifo 闭合 pct 展示值精确相同
ok    T4-stress 029 n=8 D/peak/pro_rata 非 gap 来源逐条相同
ok    T4-stress 029 n=8 D/peak/pro_rata |Δ| <= 4*n*2**-52*S + 2
ok    T4-stress 029 n=8 D/peak/pro_rata 闭合 pct 展示值精确相同
ok    T4-stress 030 n=6 实际模拟边数齐全
ok    T4-stress 030 n=6/current 两版本库存等于整数边表余额
ok    T4-stress 030 n=6/peak 两版本库存等于整数边表余额
ok    T4-stress 030 n=6 两版本供应量相同
ok    T4-stress 030 n=6/pro_rata 逐笔短缺入桶数量精确相同
ok    T4-stress 030 n=6/fifo 逐笔短缺入桶数量精确相同
ok    T4-stress 030 n=6/lifo 逐笔短缺入桶数量精确相同
ok    T4-stress 030 n=6 实体集合不变
ok    T4-stress 030 n=6 D/current stock_raw 相同
ok    T4-stress 030 n=6 D/current 闭合 pct 展示值精确相同
ok    T4-stress 030 n=6 D/current 非 gap 来源逐条相同
ok    T4-stress 030 n=6 D/current |Δ| <= 4*n*2**-52*S + 2
ok    T4-stress 030 n=6 D/current 策略集合相同
ok    T4-stress 030 n=6 D/current/fifo 非 gap 来源逐条相同
ok    T4-stress 030 n=6 D/current/fifo |Δ| <= 4*n*2**-52*S + 2
ok    T4-stress 030 n=6 D/current/fifo 闭合 pct 展示值精确相同
ok    T4-stress 030 n=6 D/current/lifo 非 gap 来源逐条相同
ok    T4-stress 030 n=6 D/current/lifo |Δ| <= 4*n*2**-52*S + 2
ok    T4-stress 030 n=6 D/current/lifo 闭合 pct 展示值精确相同
ok    T4-stress 030 n=6 D/current/pro_rata 非 gap 来源逐条相同
ok    T4-stress 030 n=6 D/current/pro_rata |Δ| <= 4*n*2**-52*S + 2
ok    T4-stress 030 n=6 D/current/pro_rata 闭合 pct 展示值精确相同
ok    T4-stress 030 n=6 D/peak stock_raw 相同
ok    T4-stress 030 n=6 D/peak 闭合 pct 展示值精确相同
ok    T4-stress 030 n=6 D/peak 非 gap 来源逐条相同
ok    T4-stress 030 n=6 D/peak |Δ| <= 4*n*2**-52*S + 2
ok    T4-stress 030 n=6 D/peak 策略集合相同
ok    T4-stress 030 n=6 D/peak/fifo 非 gap 来源逐条相同
ok    T4-stress 030 n=6 D/peak/fifo |Δ| <= 4*n*2**-52*S + 2
ok    T4-stress 030 n=6 D/peak/fifo 闭合 pct 展示值精确相同
ok    T4-stress 030 n=6 D/peak/lifo 非 gap 来源逐条相同
ok    T4-stress 030 n=6 D/peak/lifo |Δ| <= 4*n*2**-52*S + 2
ok    T4-stress 030 n=6 D/peak/lifo 闭合 pct 展示值精确相同
ok    T4-stress 030 n=6 D/peak/pro_rata 非 gap 来源逐条相同
ok    T4-stress 030 n=6 D/peak/pro_rata |Δ| <= 4*n*2**-52*S + 2
ok    T4-stress 030 n=6 D/peak/pro_rata 闭合 pct 展示值精确相同
ok    T4-stress 031 n=4 实际模拟边数齐全
ok    T4-stress 031 n=4/current 两版本库存等于整数边表余额
ok    T4-stress 031 n=4/peak 两版本库存等于整数边表余额
ok    T4-stress 031 n=4 两版本供应量相同
ok    T4-stress 031 n=4/pro_rata 逐笔短缺入桶数量精确相同
ok    T4-stress 031 n=4/fifo 逐笔短缺入桶数量精确相同
ok    T4-stress 031 n=4/lifo 逐笔短缺入桶数量精确相同
ok    T4-stress 031 n=4 实体集合不变
ok    T4-stress 031 n=4 D/current stock_raw 相同
ok    T4-stress 031 n=4 D/current 闭合 pct 展示值精确相同
ok    T4-stress 031 n=4 D/current 非 gap 来源逐条相同
ok    T4-stress 031 n=4 D/current |Δ| <= 4*n*2**-52*S + 2
ok    T4-stress 031 n=4 D/current 策略集合相同
ok    T4-stress 031 n=4 D/current/fifo 非 gap 来源逐条相同
ok    T4-stress 031 n=4 D/current/fifo |Δ| <= 4*n*2**-52*S + 2
ok    T4-stress 031 n=4 D/current/fifo 闭合 pct 展示值精确相同
ok    T4-stress 031 n=4 D/current/lifo 非 gap 来源逐条相同
ok    T4-stress 031 n=4 D/current/lifo |Δ| <= 4*n*2**-52*S + 2
ok    T4-stress 031 n=4 D/current/lifo 闭合 pct 展示值精确相同
ok    T4-stress 031 n=4 D/current/pro_rata 非 gap 来源逐条相同
ok    T4-stress 031 n=4 D/current/pro_rata |Δ| <= 4*n*2**-52*S + 2
ok    T4-stress 031 n=4 D/current/pro_rata 闭合 pct 展示值精确相同
ok    T4-stress 031 n=4 D/peak stock_raw 相同
ok    T4-stress 031 n=4 D/peak 闭合 pct 展示值精确相同
ok    T4-stress 031 n=4 D/peak 非 gap 来源逐条相同
ok    T4-stress 031 n=4 D/peak |Δ| <= 4*n*2**-52*S + 2
ok    T4-stress 031 n=4 D/peak 策略集合相同
ok    T4-stress 031 n=4 D/peak/fifo 非 gap 来源逐条相同
ok    T4-stress 031 n=4 D/peak/fifo |Δ| <= 4*n*2**-52*S + 2
ok    T4-stress 031 n=4 D/peak/fifo 闭合 pct 展示值精确相同
ok    T4-stress 031 n=4 D/peak/lifo 非 gap 来源逐条相同
ok    T4-stress 031 n=4 D/peak/lifo |Δ| <= 4*n*2**-52*S + 2
ok    T4-stress 031 n=4 D/peak/lifo 闭合 pct 展示值精确相同
ok    T4-stress 031 n=4 D/peak/pro_rata 非 gap 来源逐条相同
ok    T4-stress 031 n=4 D/peak/pro_rata |Δ| <= 4*n*2**-52*S + 2
ok    T4-stress 031 n=4 D/peak/pro_rata 闭合 pct 展示值精确相同
ok    T4-stress 032 n=3 实际模拟边数齐全
ok    T4-stress 032 n=3/current 两版本库存等于整数边表余额
ok    T4-stress 032 n=3/peak 两版本库存等于整数边表余额
ok    T4-stress 032 n=3 两版本供应量相同
ok    T4-stress 032 n=3/pro_rata 逐笔短缺入桶数量精确相同
ok    T4-stress 032 n=3/fifo 逐笔短缺入桶数量精确相同
ok    T4-stress 032 n=3/lifo 逐笔短缺入桶数量精确相同
ok    T4-stress 032 n=3 实体集合不变
ok    T4-stress 032 n=3 D/current stock_raw 相同
ok    T4-stress 032 n=3 D/current 闭合 pct 展示值精确相同
ok    T4-stress 032 n=3 D/current 非 gap 来源逐条相同
ok    T4-stress 032 n=3 D/current |Δ| <= 4*n*2**-52*S + 2
ok    T4-stress 032 n=3 D/current 策略集合相同
ok    T4-stress 032 n=3 D/current/fifo 非 gap 来源逐条相同
ok    T4-stress 032 n=3 D/current/fifo |Δ| <= 4*n*2**-52*S + 2
ok    T4-stress 032 n=3 D/current/fifo 闭合 pct 展示值精确相同
ok    T4-stress 032 n=3 D/current/lifo 非 gap 来源逐条相同
ok    T4-stress 032 n=3 D/current/lifo |Δ| <= 4*n*2**-52*S + 2
ok    T4-stress 032 n=3 D/current/lifo 闭合 pct 展示值精确相同
ok    T4-stress 032 n=3 D/current/pro_rata 非 gap 来源逐条相同
ok    T4-stress 032 n=3 D/current/pro_rata |Δ| <= 4*n*2**-52*S + 2
ok    T4-stress 032 n=3 D/current/pro_rata 闭合 pct 展示值精确相同
ok    T4-stress 032 n=3 D/peak stock_raw 相同
ok    T4-stress 032 n=3 D/peak 闭合 pct 展示值精确相同
ok    T4-stress 032 n=3 D/peak 非 gap 来源逐条相同
ok    T4-stress 032 n=3 D/peak |Δ| <= 4*n*2**-52*S + 2
ok    T4-stress 032 n=3 D/peak 策略集合相同
ok    T4-stress 032 n=3 D/peak/fifo 非 gap 来源逐条相同
ok    T4-stress 032 n=3 D/peak/fifo |Δ| <= 4*n*2**-52*S + 2
ok    T4-stress 032 n=3 D/peak/fifo 闭合 pct 展示值精确相同
ok    T4-stress 032 n=3 D/peak/lifo 非 gap 来源逐条相同
ok    T4-stress 032 n=3 D/peak/lifo |Δ| <= 4*n*2**-52*S + 2
ok    T4-stress 032 n=3 D/peak/lifo 闭合 pct 展示值精确相同
ok    T4-stress 032 n=3 D/peak/pro_rata 非 gap 来源逐条相同
ok    T4-stress 032 n=3 D/peak/pro_rata |Δ| <= 4*n*2**-52*S + 2
ok    T4-stress 032 n=3 D/peak/pro_rata 闭合 pct 展示值精确相同
ok    T4-stress 033 n=3 实际模拟边数齐全
ok    T4-stress 033 n=3/current 两版本库存等于整数边表余额
ok    T4-stress 033 n=3/peak 两版本库存等于整数边表余额
ok    T4-stress 033 n=3 两版本供应量相同
ok    T4-stress 033 n=3/pro_rata 逐笔短缺入桶数量精确相同
ok    T4-stress 033 n=3/fifo 逐笔短缺入桶数量精确相同
ok    T4-stress 033 n=3/lifo 逐笔短缺入桶数量精确相同
ok    T4-stress 033 n=3 实体集合不变
ok    T4-stress 033 n=3 D/current stock_raw 相同
ok    T4-stress 033 n=3 D/current 闭合 pct 展示值精确相同
ok    T4-stress 033 n=3 D/current 非 gap 来源逐条相同
ok    T4-stress 033 n=3 D/current |Δ| <= 4*n*2**-52*S + 2
ok    T4-stress 033 n=3 D/current 策略集合相同
ok    T4-stress 033 n=3 D/current/fifo 非 gap 来源逐条相同
ok    T4-stress 033 n=3 D/current/fifo |Δ| <= 4*n*2**-52*S + 2
ok    T4-stress 033 n=3 D/current/fifo 闭合 pct 展示值精确相同
ok    T4-stress 033 n=3 D/current/lifo 非 gap 来源逐条相同
ok    T4-stress 033 n=3 D/current/lifo |Δ| <= 4*n*2**-52*S + 2
ok    T4-stress 033 n=3 D/current/lifo 闭合 pct 展示值精确相同
ok    T4-stress 033 n=3 D/current/pro_rata 非 gap 来源逐条相同
ok    T4-stress 033 n=3 D/current/pro_rata |Δ| <= 4*n*2**-52*S + 2
ok    T4-stress 033 n=3 D/current/pro_rata 闭合 pct 展示值精确相同
ok    T4-stress 033 n=3 D/peak stock_raw 相同
ok    T4-stress 033 n=3 D/peak 闭合 pct 展示值精确相同
ok    T4-stress 033 n=3 D/peak 非 gap 来源逐条相同
ok    T4-stress 033 n=3 D/peak |Δ| <= 4*n*2**-52*S + 2
ok    T4-stress 033 n=3 D/peak 策略集合相同
ok    T4-stress 033 n=3 D/peak/fifo 非 gap 来源逐条相同
ok    T4-stress 033 n=3 D/peak/fifo |Δ| <= 4*n*2**-52*S + 2
ok    T4-stress 033 n=3 D/peak/fifo 闭合 pct 展示值精确相同
ok    T4-stress 033 n=3 D/peak/lifo 非 gap 来源逐条相同
ok    T4-stress 033 n=3 D/peak/lifo |Δ| <= 4*n*2**-52*S + 2
ok    T4-stress 033 n=3 D/peak/lifo 闭合 pct 展示值精确相同
ok    T4-stress 033 n=3 D/peak/pro_rata 非 gap 来源逐条相同
ok    T4-stress 033 n=3 D/peak/pro_rata |Δ| <= 4*n*2**-52*S + 2
ok    T4-stress 033 n=3 D/peak/pro_rata 闭合 pct 展示值精确相同
ok    T4-stress 034 n=6 实际模拟边数齐全
ok    T4-stress 034 n=6/current 两版本库存等于整数边表余额
ok    T4-stress 034 n=6/peak 两版本库存等于整数边表余额
ok    T4-stress 034 n=6 两版本供应量相同
ok    T4-stress 034 n=6/pro_rata 逐笔短缺入桶数量精确相同
ok    T4-stress 034 n=6/fifo 逐笔短缺入桶数量精确相同
ok    T4-stress 034 n=6/lifo 逐笔短缺入桶数量精确相同
ok    T4-stress 034 n=6 实体集合不变
ok    T4-stress 034 n=6 D/current stock_raw 相同
ok    T4-stress 034 n=6 D/current 闭合 pct 展示值精确相同
ok    T4-stress 034 n=6 D/current 非 gap 来源逐条相同
ok    T4-stress 034 n=6 D/current |Δ| <= 4*n*2**-52*S + 2
ok    T4-stress 034 n=6 D/current 策略集合相同
ok    T4-stress 034 n=6 D/current/fifo 非 gap 来源逐条相同
ok    T4-stress 034 n=6 D/current/fifo |Δ| <= 4*n*2**-52*S + 2
ok    T4-stress 034 n=6 D/current/fifo 闭合 pct 展示值精确相同
ok    T4-stress 034 n=6 D/current/lifo 非 gap 来源逐条相同
ok    T4-stress 034 n=6 D/current/lifo |Δ| <= 4*n*2**-52*S + 2
ok    T4-stress 034 n=6 D/current/lifo 闭合 pct 展示值精确相同
ok    T4-stress 034 n=6 D/current/pro_rata 非 gap 来源逐条相同
ok    T4-stress 034 n=6 D/current/pro_rata |Δ| <= 4*n*2**-52*S + 2
ok    T4-stress 034 n=6 D/current/pro_rata 闭合 pct 展示值精确相同
ok    T4-stress 034 n=6 D/peak stock_raw 相同
ok    T4-stress 034 n=6 D/peak 闭合 pct 展示值精确相同
ok    T4-stress 034 n=6 D/peak 非 gap 来源逐条相同
ok    T4-stress 034 n=6 D/peak |Δ| <= 4*n*2**-52*S + 2
ok    T4-stress 034 n=6 D/peak 策略集合相同
ok    T4-stress 034 n=6 D/peak/fifo 非 gap 来源逐条相同
ok    T4-stress 034 n=6 D/peak/fifo |Δ| <= 4*n*2**-52*S + 2
ok    T4-stress 034 n=6 D/peak/fifo 闭合 pct 展示值精确相同
ok    T4-stress 034 n=6 D/peak/lifo 非 gap 来源逐条相同
ok    T4-stress 034 n=6 D/peak/lifo |Δ| <= 4*n*2**-52*S + 2
ok    T4-stress 034 n=6 D/peak/lifo 闭合 pct 展示值精确相同
ok    T4-stress 034 n=6 D/peak/pro_rata 非 gap 来源逐条相同
ok    T4-stress 034 n=6 D/peak/pro_rata |Δ| <= 4*n*2**-52*S + 2
ok    T4-stress 034 n=6 D/peak/pro_rata 闭合 pct 展示值精确相同
ok    T4-stress 035 n=6 实际模拟边数齐全
ok    T4-stress 035 n=6/current 两版本库存等于整数边表余额
ok    T4-stress 035 n=6/peak 两版本库存等于整数边表余额
ok    T4-stress 035 n=6 两版本供应量相同
ok    T4-stress 035 n=6/pro_rata 逐笔短缺入桶数量精确相同
ok    T4-stress 035 n=6/fifo 逐笔短缺入桶数量精确相同
ok    T4-stress 035 n=6/lifo 逐笔短缺入桶数量精确相同
ok    T4-stress 035 n=6 实体集合不变
ok    T4-stress 035 n=6 D/current stock_raw 相同
ok    T4-stress 035 n=6 D/current 闭合 pct 展示值精确相同
ok    T4-stress 035 n=6 D/current 非 gap 来源逐条相同
ok    T4-stress 035 n=6 D/current |Δ| <= 4*n*2**-52*S + 2
ok    T4-stress 035 n=6 D/current 策略集合相同
ok    T4-stress 035 n=6 D/current/fifo 非 gap 来源逐条相同
ok    T4-stress 035 n=6 D/current/fifo |Δ| <= 4*n*2**-52*S + 2
ok    T4-stress 035 n=6 D/current/fifo 闭合 pct 展示值精确相同
ok    T4-stress 035 n=6 D/current/lifo 非 gap 来源逐条相同
ok    T4-stress 035 n=6 D/current/lifo |Δ| <= 4*n*2**-52*S + 2
ok    T4-stress 035 n=6 D/current/lifo 闭合 pct 展示值精确相同
ok    T4-stress 035 n=6 D/current/pro_rata 非 gap 来源逐条相同
ok    T4-stress 035 n=6 D/current/pro_rata |Δ| <= 4*n*2**-52*S + 2
ok    T4-stress 035 n=6 D/current/pro_rata 闭合 pct 展示值精确相同
ok    T4-stress 035 n=6 D/peak stock_raw 相同
ok    T4-stress 035 n=6 D/peak 闭合 pct 展示值精确相同
ok    T4-stress 035 n=6 D/peak 非 gap 来源逐条相同
ok    T4-stress 035 n=6 D/peak |Δ| <= 4*n*2**-52*S + 2
ok    T4-stress 035 n=6 D/peak 策略集合相同
ok    T4-stress 035 n=6 D/peak/fifo 非 gap 来源逐条相同
ok    T4-stress 035 n=6 D/peak/fifo |Δ| <= 4*n*2**-52*S + 2
ok    T4-stress 035 n=6 D/peak/fifo 闭合 pct 展示值精确相同
ok    T4-stress 035 n=6 D/peak/lifo 非 gap 来源逐条相同
ok    T4-stress 035 n=6 D/peak/lifo |Δ| <= 4*n*2**-52*S + 2
ok    T4-stress 035 n=6 D/peak/lifo 闭合 pct 展示值精确相同
ok    T4-stress 035 n=6 D/peak/pro_rata 非 gap 来源逐条相同
ok    T4-stress 035 n=6 D/peak/pro_rata |Δ| <= 4*n*2**-52*S + 2
ok    T4-stress 035 n=6 D/peak/pro_rata 闭合 pct 展示值精确相同
ok    T4-stress 036 n=3 实际模拟边数齐全
ok    T4-stress 036 n=3/current 两版本库存等于整数边表余额
ok    T4-stress 036 n=3/peak 两版本库存等于整数边表余额
ok    T4-stress 036 n=3 两版本供应量相同
ok    T4-stress 036 n=3/pro_rata 逐笔短缺入桶数量精确相同
ok    T4-stress 036 n=3/fifo 逐笔短缺入桶数量精确相同
ok    T4-stress 036 n=3/lifo 逐笔短缺入桶数量精确相同
ok    T4-stress 036 n=3 实体集合不变
ok    T4-stress 036 n=3 D/current stock_raw 相同
ok    T4-stress 036 n=3 D/current 闭合 pct 展示值精确相同
ok    T4-stress 036 n=3 D/current 非 gap 来源逐条相同
ok    T4-stress 036 n=3 D/current |Δ| <= 4*n*2**-52*S + 2
ok    T4-stress 036 n=3 D/current 策略集合相同
ok    T4-stress 036 n=3 D/current/fifo 非 gap 来源逐条相同
ok    T4-stress 036 n=3 D/current/fifo |Δ| <= 4*n*2**-52*S + 2
ok    T4-stress 036 n=3 D/current/fifo 闭合 pct 展示值精确相同
ok    T4-stress 036 n=3 D/current/lifo 非 gap 来源逐条相同
ok    T4-stress 036 n=3 D/current/lifo |Δ| <= 4*n*2**-52*S + 2
ok    T4-stress 036 n=3 D/current/lifo 闭合 pct 展示值精确相同
ok    T4-stress 036 n=3 D/current/pro_rata 非 gap 来源逐条相同
ok    T4-stress 036 n=3 D/current/pro_rata |Δ| <= 4*n*2**-52*S + 2
ok    T4-stress 036 n=3 D/current/pro_rata 闭合 pct 展示值精确相同
ok    T4-stress 036 n=3 D/peak stock_raw 相同
ok    T4-stress 036 n=3 D/peak 闭合 pct 展示值精确相同
ok    T4-stress 036 n=3 D/peak 非 gap 来源逐条相同
ok    T4-stress 036 n=3 D/peak |Δ| <= 4*n*2**-52*S + 2
ok    T4-stress 036 n=3 D/peak 策略集合相同
ok    T4-stress 036 n=3 D/peak/fifo 非 gap 来源逐条相同
ok    T4-stress 036 n=3 D/peak/fifo |Δ| <= 4*n*2**-52*S + 2
ok    T4-stress 036 n=3 D/peak/fifo 闭合 pct 展示值精确相同
ok    T4-stress 036 n=3 D/peak/lifo 非 gap 来源逐条相同
ok    T4-stress 036 n=3 D/peak/lifo |Δ| <= 4*n*2**-52*S + 2
ok    T4-stress 036 n=3 D/peak/lifo 闭合 pct 展示值精确相同
ok    T4-stress 036 n=3 D/peak/pro_rata 非 gap 来源逐条相同
ok    T4-stress 036 n=3 D/peak/pro_rata |Δ| <= 4*n*2**-52*S + 2
ok    T4-stress 036 n=3 D/peak/pro_rata 闭合 pct 展示值精确相同
ok    T4-stress 037 n=3 实际模拟边数齐全
ok    T4-stress 037 n=3/current 两版本库存等于整数边表余额
ok    T4-stress 037 n=3/peak 两版本库存等于整数边表余额
ok    T4-stress 037 n=3 两版本供应量相同
ok    T4-stress 037 n=3/pro_rata 逐笔短缺入桶数量精确相同
ok    T4-stress 037 n=3/fifo 逐笔短缺入桶数量精确相同
ok    T4-stress 037 n=3/lifo 逐笔短缺入桶数量精确相同
ok    T4-stress 037 n=3 实体集合不变
ok    T4-stress 037 n=3 D/current stock_raw 相同
ok    T4-stress 037 n=3 D/current 闭合 pct 展示值精确相同
ok    T4-stress 037 n=3 D/current 非 gap 来源逐条相同
ok    T4-stress 037 n=3 D/current |Δ| <= 4*n*2**-52*S + 2
ok    T4-stress 037 n=3 D/current 策略集合相同
ok    T4-stress 037 n=3 D/current/fifo 非 gap 来源逐条相同
ok    T4-stress 037 n=3 D/current/fifo |Δ| <= 4*n*2**-52*S + 2
ok    T4-stress 037 n=3 D/current/fifo 闭合 pct 展示值精确相同
ok    T4-stress 037 n=3 D/current/lifo 非 gap 来源逐条相同
ok    T4-stress 037 n=3 D/current/lifo |Δ| <= 4*n*2**-52*S + 2
ok    T4-stress 037 n=3 D/current/lifo 闭合 pct 展示值精确相同
ok    T4-stress 037 n=3 D/current/pro_rata 非 gap 来源逐条相同
ok    T4-stress 037 n=3 D/current/pro_rata |Δ| <= 4*n*2**-52*S + 2
ok    T4-stress 037 n=3 D/current/pro_rata 闭合 pct 展示值精确相同
ok    T4-stress 037 n=3 D/peak stock_raw 相同
ok    T4-stress 037 n=3 D/peak 闭合 pct 展示值精确相同
ok    T4-stress 037 n=3 D/peak 非 gap 来源逐条相同
ok    T4-stress 037 n=3 D/peak |Δ| <= 4*n*2**-52*S + 2
ok    T4-stress 037 n=3 D/peak 策略集合相同
ok    T4-stress 037 n=3 D/peak/fifo 非 gap 来源逐条相同
ok    T4-stress 037 n=3 D/peak/fifo |Δ| <= 4*n*2**-52*S + 2
ok    T4-stress 037 n=3 D/peak/fifo 闭合 pct 展示值精确相同
ok    T4-stress 037 n=3 D/peak/lifo 非 gap 来源逐条相同
ok    T4-stress 037 n=3 D/peak/lifo |Δ| <= 4*n*2**-52*S + 2
ok    T4-stress 037 n=3 D/peak/lifo 闭合 pct 展示值精确相同
ok    T4-stress 037 n=3 D/peak/pro_rata 非 gap 来源逐条相同
ok    T4-stress 037 n=3 D/peak/pro_rata |Δ| <= 4*n*2**-52*S + 2
ok    T4-stress 037 n=3 D/peak/pro_rata 闭合 pct 展示值精确相同
ok    T4-stress 038 n=6 实际模拟边数齐全
ok    T4-stress 038 n=6/current 两版本库存等于整数边表余额
ok    T4-stress 038 n=6/peak 两版本库存等于整数边表余额
ok    T4-stress 038 n=6 两版本供应量相同
ok    T4-stress 038 n=6/pro_rata 逐笔短缺入桶数量精确相同
ok    T4-stress 038 n=6/fifo 逐笔短缺入桶数量精确相同
ok    T4-stress 038 n=6/lifo 逐笔短缺入桶数量精确相同
ok    T4-stress 038 n=6 实体集合不变
ok    T4-stress 038 n=6 D/current stock_raw 相同
ok    T4-stress 038 n=6 D/current 闭合 pct 展示值精确相同
ok    T4-stress 038 n=6 D/current 非 gap 来源逐条相同
ok    T4-stress 038 n=6 D/current |Δ| <= 4*n*2**-52*S + 2
ok    T4-stress 038 n=6 D/current 策略集合相同
ok    T4-stress 038 n=6 D/current/fifo 非 gap 来源逐条相同
ok    T4-stress 038 n=6 D/current/fifo |Δ| <= 4*n*2**-52*S + 2
ok    T4-stress 038 n=6 D/current/fifo 闭合 pct 展示值精确相同
ok    T4-stress 038 n=6 D/current/lifo 非 gap 来源逐条相同
ok    T4-stress 038 n=6 D/current/lifo |Δ| <= 4*n*2**-52*S + 2
ok    T4-stress 038 n=6 D/current/lifo 闭合 pct 展示值精确相同
ok    T4-stress 038 n=6 D/current/pro_rata 非 gap 来源逐条相同
ok    T4-stress 038 n=6 D/current/pro_rata |Δ| <= 4*n*2**-52*S + 2
ok    T4-stress 038 n=6 D/current/pro_rata 闭合 pct 展示值精确相同
ok    T4-stress 038 n=6 D/peak stock_raw 相同
ok    T4-stress 038 n=6 D/peak 闭合 pct 展示值精确相同
ok    T4-stress 038 n=6 D/peak 非 gap 来源逐条相同
ok    T4-stress 038 n=6 D/peak |Δ| <= 4*n*2**-52*S + 2
ok    T4-stress 038 n=6 D/peak 策略集合相同
ok    T4-stress 038 n=6 D/peak/fifo 非 gap 来源逐条相同
ok    T4-stress 038 n=6 D/peak/fifo |Δ| <= 4*n*2**-52*S + 2
ok    T4-stress 038 n=6 D/peak/fifo 闭合 pct 展示值精确相同
ok    T4-stress 038 n=6 D/peak/lifo 非 gap 来源逐条相同
ok    T4-stress 038 n=6 D/peak/lifo |Δ| <= 4*n*2**-52*S + 2
ok    T4-stress 038 n=6 D/peak/lifo 闭合 pct 展示值精确相同
ok    T4-stress 038 n=6 D/peak/pro_rata 非 gap 来源逐条相同
ok    T4-stress 038 n=6 D/peak/pro_rata |Δ| <= 4*n*2**-52*S + 2
ok    T4-stress 038 n=6 D/peak/pro_rata 闭合 pct 展示值精确相同
ok    T4-stress 039 n=3 实际模拟边数齐全
ok    T4-stress 039 n=3/current 两版本库存等于整数边表余额
ok    T4-stress 039 n=3/peak 两版本库存等于整数边表余额
ok    T4-stress 039 n=3 两版本供应量相同
ok    T4-stress 039 n=3/pro_rata 逐笔短缺入桶数量精确相同
ok    T4-stress 039 n=3/fifo 逐笔短缺入桶数量精确相同
ok    T4-stress 039 n=3/lifo 逐笔短缺入桶数量精确相同
ok    T4-stress 039 n=3 实体集合不变
ok    T4-stress 039 n=3 D/current stock_raw 相同
ok    T4-stress 039 n=3 D/current 闭合 pct 展示值精确相同
ok    T4-stress 039 n=3 D/current 非 gap 来源逐条相同
ok    T4-stress 039 n=3 D/current |Δ| <= 4*n*2**-52*S + 2
ok    T4-stress 039 n=3 D/current 策略集合相同
ok    T4-stress 039 n=3 D/current/fifo 非 gap 来源逐条相同
ok    T4-stress 039 n=3 D/current/fifo |Δ| <= 4*n*2**-52*S + 2
ok    T4-stress 039 n=3 D/current/fifo 闭合 pct 展示值精确相同
ok    T4-stress 039 n=3 D/current/lifo 非 gap 来源逐条相同
ok    T4-stress 039 n=3 D/current/lifo |Δ| <= 4*n*2**-52*S + 2
ok    T4-stress 039 n=3 D/current/lifo 闭合 pct 展示值精确相同
ok    T4-stress 039 n=3 D/current/pro_rata 非 gap 来源逐条相同
ok    T4-stress 039 n=3 D/current/pro_rata |Δ| <= 4*n*2**-52*S + 2
ok    T4-stress 039 n=3 D/current/pro_rata 闭合 pct 展示值精确相同
ok    T4-stress 039 n=3 D/peak stock_raw 相同
ok    T4-stress 039 n=3 D/peak 闭合 pct 展示值精确相同
ok    T4-stress 039 n=3 D/peak 非 gap 来源逐条相同
ok    T4-stress 039 n=3 D/peak |Δ| <= 4*n*2**-52*S + 2
ok    T4-stress 039 n=3 D/peak 策略集合相同
ok    T4-stress 039 n=3 D/peak/fifo 非 gap 来源逐条相同
ok    T4-stress 039 n=3 D/peak/fifo |Δ| <= 4*n*2**-52*S + 2
ok    T4-stress 039 n=3 D/peak/fifo 闭合 pct 展示值精确相同
ok    T4-stress 039 n=3 D/peak/lifo 非 gap 来源逐条相同
ok    T4-stress 039 n=3 D/peak/lifo |Δ| <= 4*n*2**-52*S + 2
ok    T4-stress 039 n=3 D/peak/lifo 闭合 pct 展示值精确相同
ok    T4-stress 039 n=3 D/peak/pro_rata 非 gap 来源逐条相同
ok    T4-stress 039 n=3 D/peak/pro_rata |Δ| <= 4*n*2**-52*S + 2
ok    T4-stress 039 n=3 D/peak/pro_rata 闭合 pct 展示值精确相同
ok    T4-stress 040 n=4 实际模拟边数齐全
ok    T4-stress 040 n=4/current 两版本库存等于整数边表余额
ok    T4-stress 040 n=4/peak 两版本库存等于整数边表余额
ok    T4-stress 040 n=4 两版本供应量相同
ok    T4-stress 040 n=4/pro_rata 逐笔短缺入桶数量精确相同
ok    T4-stress 040 n=4/fifo 逐笔短缺入桶数量精确相同
ok    T4-stress 040 n=4/lifo 逐笔短缺入桶数量精确相同
ok    T4-stress 040 n=4 实体集合不变
ok    T4-stress 040 n=4 D/current stock_raw 相同
ok    T4-stress 040 n=4 D/current 闭合 pct 展示值精确相同
ok    T4-stress 040 n=4 D/current 非 gap 来源逐条相同
ok    T4-stress 040 n=4 D/current |Δ| <= 4*n*2**-52*S + 2
ok    T4-stress 040 n=4 D/current 策略集合相同
ok    T4-stress 040 n=4 D/current/fifo 非 gap 来源逐条相同
ok    T4-stress 040 n=4 D/current/fifo |Δ| <= 4*n*2**-52*S + 2
ok    T4-stress 040 n=4 D/current/fifo 闭合 pct 展示值精确相同
ok    T4-stress 040 n=4 D/current/lifo 非 gap 来源逐条相同
ok    T4-stress 040 n=4 D/current/lifo |Δ| <= 4*n*2**-52*S + 2
ok    T4-stress 040 n=4 D/current/lifo 闭合 pct 展示值精确相同
ok    T4-stress 040 n=4 D/current/pro_rata 非 gap 来源逐条相同
ok    T4-stress 040 n=4 D/current/pro_rata |Δ| <= 4*n*2**-52*S + 2
ok    T4-stress 040 n=4 D/current/pro_rata 闭合 pct 展示值精确相同
ok    T4-stress 040 n=4 D/peak stock_raw 相同
ok    T4-stress 040 n=4 D/peak 闭合 pct 展示值精确相同
ok    T4-stress 040 n=4 D/peak 非 gap 来源逐条相同
ok    T4-stress 040 n=4 D/peak |Δ| <= 4*n*2**-52*S + 2
ok    T4-stress 040 n=4 D/peak 策略集合相同
ok    T4-stress 040 n=4 D/peak/fifo 非 gap 来源逐条相同
ok    T4-stress 040 n=4 D/peak/fifo |Δ| <= 4*n*2**-52*S + 2
ok    T4-stress 040 n=4 D/peak/fifo 闭合 pct 展示值精确相同
ok    T4-stress 040 n=4 D/peak/lifo 非 gap 来源逐条相同
ok    T4-stress 040 n=4 D/peak/lifo |Δ| <= 4*n*2**-52*S + 2
ok    T4-stress 040 n=4 D/peak/lifo 闭合 pct 展示值精确相同
ok    T4-stress 040 n=4 D/peak/pro_rata 非 gap 来源逐条相同
ok    T4-stress 040 n=4 D/peak/pro_rata |Δ| <= 4*n*2**-52*S + 2
ok    T4-stress 040 n=4 D/peak/pro_rata 闭合 pct 展示值精确相同
ok    T4-stress 041 n=4 实际模拟边数齐全
ok    T4-stress 041 n=4/current 两版本库存等于整数边表余额
ok    T4-stress 041 n=4/peak 两版本库存等于整数边表余额
ok    T4-stress 041 n=4 两版本供应量相同
ok    T4-stress 041 n=4/pro_rata 逐笔短缺入桶数量精确相同
ok    T4-stress 041 n=4/fifo 逐笔短缺入桶数量精确相同
ok    T4-stress 041 n=4/lifo 逐笔短缺入桶数量精确相同
ok    T4-stress 041 n=4 实体集合不变
ok    T4-stress 041 n=4 D/current stock_raw 相同
ok    T4-stress 041 n=4 D/current 闭合 pct 展示值精确相同
ok    T4-stress 041 n=4 D/current 非 gap 来源逐条相同
ok    T4-stress 041 n=4 D/current |Δ| <= 4*n*2**-52*S + 2
ok    T4-stress 041 n=4 D/current 策略集合相同
ok    T4-stress 041 n=4 D/current/fifo 非 gap 来源逐条相同
ok    T4-stress 041 n=4 D/current/fifo |Δ| <= 4*n*2**-52*S + 2
ok    T4-stress 041 n=4 D/current/fifo 闭合 pct 展示值精确相同
ok    T4-stress 041 n=4 D/current/lifo 非 gap 来源逐条相同
ok    T4-stress 041 n=4 D/current/lifo |Δ| <= 4*n*2**-52*S + 2
ok    T4-stress 041 n=4 D/current/lifo 闭合 pct 展示值精确相同
ok    T4-stress 041 n=4 D/current/pro_rata 非 gap 来源逐条相同
ok    T4-stress 041 n=4 D/current/pro_rata |Δ| <= 4*n*2**-52*S + 2
ok    T4-stress 041 n=4 D/current/pro_rata 闭合 pct 展示值精确相同
ok    T4-stress 041 n=4 D/peak stock_raw 相同
ok    T4-stress 041 n=4 D/peak 闭合 pct 展示值精确相同
ok    T4-stress 041 n=4 D/peak 非 gap 来源逐条相同
ok    T4-stress 041 n=4 D/peak |Δ| <= 4*n*2**-52*S + 2
ok    T4-stress 041 n=4 D/peak 策略集合相同
ok    T4-stress 041 n=4 D/peak/fifo 非 gap 来源逐条相同
ok    T4-stress 041 n=4 D/peak/fifo |Δ| <= 4*n*2**-52*S + 2
ok    T4-stress 041 n=4 D/peak/fifo 闭合 pct 展示值精确相同
ok    T4-stress 041 n=4 D/peak/lifo 非 gap 来源逐条相同
ok    T4-stress 041 n=4 D/peak/lifo |Δ| <= 4*n*2**-52*S + 2
ok    T4-stress 041 n=4 D/peak/lifo 闭合 pct 展示值精确相同
ok    T4-stress 041 n=4 D/peak/pro_rata 非 gap 来源逐条相同
ok    T4-stress 041 n=4 D/peak/pro_rata |Δ| <= 4*n*2**-52*S + 2
ok    T4-stress 041 n=4 D/peak/pro_rata 闭合 pct 展示值精确相同
ok    T4-stress 042 n=4 实际模拟边数齐全
ok    T4-stress 042 n=4/current 两版本库存等于整数边表余额
ok    T4-stress 042 n=4/peak 两版本库存等于整数边表余额
ok    T4-stress 042 n=4 两版本供应量相同
ok    T4-stress 042 n=4/pro_rata 逐笔短缺入桶数量精确相同
ok    T4-stress 042 n=4/fifo 逐笔短缺入桶数量精确相同
ok    T4-stress 042 n=4/lifo 逐笔短缺入桶数量精确相同
ok    T4-stress 042 n=4 实体集合不变
ok    T4-stress 042 n=4 D/current stock_raw 相同
ok    T4-stress 042 n=4 D/current 闭合 pct 展示值精确相同
ok    T4-stress 042 n=4 D/current 非 gap 来源逐条相同
ok    T4-stress 042 n=4 D/current |Δ| <= 4*n*2**-52*S + 2
ok    T4-stress 042 n=4 D/current 策略集合相同
ok    T4-stress 042 n=4 D/current/fifo 非 gap 来源逐条相同
ok    T4-stress 042 n=4 D/current/fifo |Δ| <= 4*n*2**-52*S + 2
ok    T4-stress 042 n=4 D/current/fifo 闭合 pct 展示值精确相同
ok    T4-stress 042 n=4 D/current/lifo 非 gap 来源逐条相同
ok    T4-stress 042 n=4 D/current/lifo |Δ| <= 4*n*2**-52*S + 2
ok    T4-stress 042 n=4 D/current/lifo 闭合 pct 展示值精确相同
ok    T4-stress 042 n=4 D/current/pro_rata 非 gap 来源逐条相同
ok    T4-stress 042 n=4 D/current/pro_rata |Δ| <= 4*n*2**-52*S + 2
ok    T4-stress 042 n=4 D/current/pro_rata 闭合 pct 展示值精确相同
ok    T4-stress 042 n=4 D/peak stock_raw 相同
ok    T4-stress 042 n=4 D/peak 闭合 pct 展示值精确相同
ok    T4-stress 042 n=4 D/peak 非 gap 来源逐条相同
ok    T4-stress 042 n=4 D/peak |Δ| <= 4*n*2**-52*S + 2
ok    T4-stress 042 n=4 D/peak 策略集合相同
ok    T4-stress 042 n=4 D/peak/fifo 非 gap 来源逐条相同
ok    T4-stress 042 n=4 D/peak/fifo |Δ| <= 4*n*2**-52*S + 2
ok    T4-stress 042 n=4 D/peak/fifo 闭合 pct 展示值精确相同
ok    T4-stress 042 n=4 D/peak/lifo 非 gap 来源逐条相同
ok    T4-stress 042 n=4 D/peak/lifo |Δ| <= 4*n*2**-52*S + 2
ok    T4-stress 042 n=4 D/peak/lifo 闭合 pct 展示值精确相同
ok    T4-stress 042 n=4 D/peak/pro_rata 非 gap 来源逐条相同
ok    T4-stress 042 n=4 D/peak/pro_rata |Δ| <= 4*n*2**-52*S + 2
ok    T4-stress 042 n=4 D/peak/pro_rata 闭合 pct 展示值精确相同
ok    T4-stress 043 n=5 实际模拟边数齐全
ok    T4-stress 043 n=5/current 两版本库存等于整数边表余额
ok    T4-stress 043 n=5/peak 两版本库存等于整数边表余额
ok    T4-stress 043 n=5 两版本供应量相同
ok    T4-stress 043 n=5/pro_rata 逐笔短缺入桶数量精确相同
ok    T4-stress 043 n=5/fifo 逐笔短缺入桶数量精确相同
ok    T4-stress 043 n=5/lifo 逐笔短缺入桶数量精确相同
ok    T4-stress 043 n=5 实体集合不变
ok    T4-stress 043 n=5 D/current stock_raw 相同
ok    T4-stress 043 n=5 D/current 闭合 pct 展示值精确相同
ok    T4-stress 043 n=5 D/current 非 gap 来源逐条相同
ok    T4-stress 043 n=5 D/current |Δ| <= 4*n*2**-52*S + 2
ok    T4-stress 043 n=5 D/current 策略集合相同
ok    T4-stress 043 n=5 D/current/fifo 非 gap 来源逐条相同
ok    T4-stress 043 n=5 D/current/fifo |Δ| <= 4*n*2**-52*S + 2
ok    T4-stress 043 n=5 D/current/fifo 闭合 pct 展示值精确相同
ok    T4-stress 043 n=5 D/current/lifo 非 gap 来源逐条相同
ok    T4-stress 043 n=5 D/current/lifo |Δ| <= 4*n*2**-52*S + 2
ok    T4-stress 043 n=5 D/current/lifo 闭合 pct 展示值精确相同
ok    T4-stress 043 n=5 D/current/pro_rata 非 gap 来源逐条相同
ok    T4-stress 043 n=5 D/current/pro_rata |Δ| <= 4*n*2**-52*S + 2
ok    T4-stress 043 n=5 D/current/pro_rata 闭合 pct 展示值精确相同
ok    T4-stress 043 n=5 D/peak stock_raw 相同
ok    T4-stress 043 n=5 D/peak 闭合 pct 展示值精确相同
ok    T4-stress 043 n=5 D/peak 非 gap 来源逐条相同
ok    T4-stress 043 n=5 D/peak |Δ| <= 4*n*2**-52*S + 2
ok    T4-stress 043 n=5 D/peak 策略集合相同
ok    T4-stress 043 n=5 D/peak/fifo 非 gap 来源逐条相同
ok    T4-stress 043 n=5 D/peak/fifo |Δ| <= 4*n*2**-52*S + 2
ok    T4-stress 043 n=5 D/peak/fifo 闭合 pct 展示值精确相同
ok    T4-stress 043 n=5 D/peak/lifo 非 gap 来源逐条相同
ok    T4-stress 043 n=5 D/peak/lifo |Δ| <= 4*n*2**-52*S + 2
ok    T4-stress 043 n=5 D/peak/lifo 闭合 pct 展示值精确相同
ok    T4-stress 043 n=5 D/peak/pro_rata 非 gap 来源逐条相同
ok    T4-stress 043 n=5 D/peak/pro_rata |Δ| <= 4*n*2**-52*S + 2
ok    T4-stress 043 n=5 D/peak/pro_rata 闭合 pct 展示值精确相同
ok    T4-stress 044 n=3 实际模拟边数齐全
ok    T4-stress 044 n=3/current 两版本库存等于整数边表余额
ok    T4-stress 044 n=3/peak 两版本库存等于整数边表余额
ok    T4-stress 044 n=3 两版本供应量相同
ok    T4-stress 044 n=3/pro_rata 逐笔短缺入桶数量精确相同
ok    T4-stress 044 n=3/fifo 逐笔短缺入桶数量精确相同
ok    T4-stress 044 n=3/lifo 逐笔短缺入桶数量精确相同
ok    T4-stress 044 n=3 实体集合不变
ok    T4-stress 044 n=3 D/current stock_raw 相同
ok    T4-stress 044 n=3 D/current 闭合 pct 展示值精确相同
ok    T4-stress 044 n=3 D/current 非 gap 来源逐条相同
ok    T4-stress 044 n=3 D/current |Δ| <= 4*n*2**-52*S + 2
ok    T4-stress 044 n=3 D/current 策略集合相同
ok    T4-stress 044 n=3 D/current/fifo 非 gap 来源逐条相同
ok    T4-stress 044 n=3 D/current/fifo |Δ| <= 4*n*2**-52*S + 2
ok    T4-stress 044 n=3 D/current/fifo 闭合 pct 展示值精确相同
ok    T4-stress 044 n=3 D/current/lifo 非 gap 来源逐条相同
ok    T4-stress 044 n=3 D/current/lifo |Δ| <= 4*n*2**-52*S + 2
ok    T4-stress 044 n=3 D/current/lifo 闭合 pct 展示值精确相同
ok    T4-stress 044 n=3 D/current/pro_rata 非 gap 来源逐条相同
ok    T4-stress 044 n=3 D/current/pro_rata |Δ| <= 4*n*2**-52*S + 2
ok    T4-stress 044 n=3 D/current/pro_rata 闭合 pct 展示值精确相同
ok    T4-stress 044 n=3 D/peak stock_raw 相同
ok    T4-stress 044 n=3 D/peak 闭合 pct 展示值精确相同
ok    T4-stress 044 n=3 D/peak 非 gap 来源逐条相同
ok    T4-stress 044 n=3 D/peak |Δ| <= 4*n*2**-52*S + 2
ok    T4-stress 044 n=3 D/peak 策略集合相同
ok    T4-stress 044 n=3 D/peak/fifo 非 gap 来源逐条相同
ok    T4-stress 044 n=3 D/peak/fifo |Δ| <= 4*n*2**-52*S + 2
ok    T4-stress 044 n=3 D/peak/fifo 闭合 pct 展示值精确相同
ok    T4-stress 044 n=3 D/peak/lifo 非 gap 来源逐条相同
ok    T4-stress 044 n=3 D/peak/lifo |Δ| <= 4*n*2**-52*S + 2
ok    T4-stress 044 n=3 D/peak/lifo 闭合 pct 展示值精确相同
ok    T4-stress 044 n=3 D/peak/pro_rata 非 gap 来源逐条相同
ok    T4-stress 044 n=3 D/peak/pro_rata |Δ| <= 4*n*2**-52*S + 2
ok    T4-stress 044 n=3 D/peak/pro_rata 闭合 pct 展示值精确相同
ok    T4-stress 045 n=7 实际模拟边数齐全
ok    T4-stress 045 n=7/current 两版本库存等于整数边表余额
ok    T4-stress 045 n=7/peak 两版本库存等于整数边表余额
ok    T4-stress 045 n=7 两版本供应量相同
ok    T4-stress 045 n=7/pro_rata 逐笔短缺入桶数量精确相同
ok    T4-stress 045 n=7/fifo 逐笔短缺入桶数量精确相同
ok    T4-stress 045 n=7/lifo 逐笔短缺入桶数量精确相同
ok    T4-stress 045 n=7 实体集合不变
ok    T4-stress 045 n=7 D/current stock_raw 相同
ok    T4-stress 045 n=7 D/current 闭合 pct 展示值精确相同
ok    T4-stress 045 n=7 D/current 非 gap 来源逐条相同
ok    T4-stress 045 n=7 D/current |Δ| <= 4*n*2**-52*S + 2
ok    T4-stress 045 n=7 D/current 策略集合相同
ok    T4-stress 045 n=7 D/current/fifo 非 gap 来源逐条相同
ok    T4-stress 045 n=7 D/current/fifo |Δ| <= 4*n*2**-52*S + 2
ok    T4-stress 045 n=7 D/current/fifo 闭合 pct 展示值精确相同
ok    T4-stress 045 n=7 D/current/lifo 非 gap 来源逐条相同
ok    T4-stress 045 n=7 D/current/lifo |Δ| <= 4*n*2**-52*S + 2
ok    T4-stress 045 n=7 D/current/lifo 闭合 pct 展示值精确相同
ok    T4-stress 045 n=7 D/current/pro_rata 非 gap 来源逐条相同
ok    T4-stress 045 n=7 D/current/pro_rata |Δ| <= 4*n*2**-52*S + 2
ok    T4-stress 045 n=7 D/current/pro_rata 闭合 pct 展示值精确相同
ok    T4-stress 045 n=7 D/peak stock_raw 相同
ok    T4-stress 045 n=7 D/peak 闭合 pct 展示值精确相同
ok    T4-stress 045 n=7 D/peak 非 gap 来源逐条相同
ok    T4-stress 045 n=7 D/peak |Δ| <= 4*n*2**-52*S + 2
ok    T4-stress 045 n=7 D/peak 策略集合相同
ok    T4-stress 045 n=7 D/peak/fifo 非 gap 来源逐条相同
ok    T4-stress 045 n=7 D/peak/fifo |Δ| <= 4*n*2**-52*S + 2
ok    T4-stress 045 n=7 D/peak/fifo 闭合 pct 展示值精确相同
ok    T4-stress 045 n=7 D/peak/lifo 非 gap 来源逐条相同
ok    T4-stress 045 n=7 D/peak/lifo |Δ| <= 4*n*2**-52*S + 2
ok    T4-stress 045 n=7 D/peak/lifo 闭合 pct 展示值精确相同
ok    T4-stress 045 n=7 D/peak/pro_rata 非 gap 来源逐条相同
ok    T4-stress 045 n=7 D/peak/pro_rata |Δ| <= 4*n*2**-52*S + 2
ok    T4-stress 045 n=7 D/peak/pro_rata 闭合 pct 展示值精确相同
ok    T4-stress 046 n=6 实际模拟边数齐全
ok    T4-stress 046 n=6/current 两版本库存等于整数边表余额
ok    T4-stress 046 n=6/peak 两版本库存等于整数边表余额
ok    T4-stress 046 n=6 两版本供应量相同
ok    T4-stress 046 n=6/pro_rata 逐笔短缺入桶数量精确相同
ok    T4-stress 046 n=6/fifo 逐笔短缺入桶数量精确相同
ok    T4-stress 046 n=6/lifo 逐笔短缺入桶数量精确相同
ok    T4-stress 046 n=6 实体集合不变
ok    T4-stress 046 n=6 D/current stock_raw 相同
ok    T4-stress 046 n=6 D/current 闭合 pct 展示值精确相同
ok    T4-stress 046 n=6 D/current 非 gap 来源逐条相同
ok    T4-stress 046 n=6 D/current |Δ| <= 4*n*2**-52*S + 2
ok    T4-stress 046 n=6 D/current 策略集合相同
ok    T4-stress 046 n=6 D/current/fifo 非 gap 来源逐条相同
ok    T4-stress 046 n=6 D/current/fifo |Δ| <= 4*n*2**-52*S + 2
ok    T4-stress 046 n=6 D/current/fifo 闭合 pct 展示值精确相同
ok    T4-stress 046 n=6 D/current/lifo 非 gap 来源逐条相同
ok    T4-stress 046 n=6 D/current/lifo |Δ| <= 4*n*2**-52*S + 2
ok    T4-stress 046 n=6 D/current/lifo 闭合 pct 展示值精确相同
ok    T4-stress 046 n=6 D/current/pro_rata 非 gap 来源逐条相同
ok    T4-stress 046 n=6 D/current/pro_rata |Δ| <= 4*n*2**-52*S + 2
ok    T4-stress 046 n=6 D/current/pro_rata 闭合 pct 展示值精确相同
ok    T4-stress 046 n=6 D/peak stock_raw 相同
ok    T4-stress 046 n=6 D/peak 闭合 pct 展示值精确相同
ok    T4-stress 046 n=6 D/peak 非 gap 来源逐条相同
ok    T4-stress 046 n=6 D/peak |Δ| <= 4*n*2**-52*S + 2
ok    T4-stress 046 n=6 D/peak 策略集合相同
ok    T4-stress 046 n=6 D/peak/fifo 非 gap 来源逐条相同
ok    T4-stress 046 n=6 D/peak/fifo |Δ| <= 4*n*2**-52*S + 2
ok    T4-stress 046 n=6 D/peak/fifo 闭合 pct 展示值精确相同
ok    T4-stress 046 n=6 D/peak/lifo 非 gap 来源逐条相同
ok    T4-stress 046 n=6 D/peak/lifo |Δ| <= 4*n*2**-52*S + 2
ok    T4-stress 046 n=6 D/peak/lifo 闭合 pct 展示值精确相同
ok    T4-stress 046 n=6 D/peak/pro_rata 非 gap 来源逐条相同
ok    T4-stress 046 n=6 D/peak/pro_rata |Δ| <= 4*n*2**-52*S + 2
ok    T4-stress 046 n=6 D/peak/pro_rata 闭合 pct 展示值精确相同
ok    T4-stress 047 n=3 实际模拟边数齐全
ok    T4-stress 047 n=3/current 两版本库存等于整数边表余额
ok    T4-stress 047 n=3/peak 两版本库存等于整数边表余额
ok    T4-stress 047 n=3 两版本供应量相同
ok    T4-stress 047 n=3/pro_rata 逐笔短缺入桶数量精确相同
ok    T4-stress 047 n=3/fifo 逐笔短缺入桶数量精确相同
ok    T4-stress 047 n=3/lifo 逐笔短缺入桶数量精确相同
ok    T4-stress 047 n=3 实体集合不变
ok    T4-stress 047 n=3 D/current stock_raw 相同
ok    T4-stress 047 n=3 D/current 闭合 pct 展示值精确相同
ok    T4-stress 047 n=3 D/current 非 gap 来源逐条相同
ok    T4-stress 047 n=3 D/current |Δ| <= 4*n*2**-52*S + 2
ok    T4-stress 047 n=3 D/current 策略集合相同
ok    T4-stress 047 n=3 D/current/fifo 非 gap 来源逐条相同
ok    T4-stress 047 n=3 D/current/fifo |Δ| <= 4*n*2**-52*S + 2
ok    T4-stress 047 n=3 D/current/fifo 闭合 pct 展示值精确相同
ok    T4-stress 047 n=3 D/current/lifo 非 gap 来源逐条相同
ok    T4-stress 047 n=3 D/current/lifo |Δ| <= 4*n*2**-52*S + 2
ok    T4-stress 047 n=3 D/current/lifo 闭合 pct 展示值精确相同
ok    T4-stress 047 n=3 D/current/pro_rata 非 gap 来源逐条相同
ok    T4-stress 047 n=3 D/current/pro_rata |Δ| <= 4*n*2**-52*S + 2
ok    T4-stress 047 n=3 D/current/pro_rata 闭合 pct 展示值精确相同
ok    T4-stress 047 n=3 D/peak stock_raw 相同
ok    T4-stress 047 n=3 D/peak 闭合 pct 展示值精确相同
ok    T4-stress 047 n=3 D/peak 非 gap 来源逐条相同
ok    T4-stress 047 n=3 D/peak |Δ| <= 4*n*2**-52*S + 2
ok    T4-stress 047 n=3 D/peak 策略集合相同
ok    T4-stress 047 n=3 D/peak/fifo 非 gap 来源逐条相同
ok    T4-stress 047 n=3 D/peak/fifo |Δ| <= 4*n*2**-52*S + 2
ok    T4-stress 047 n=3 D/peak/fifo 闭合 pct 展示值精确相同
ok    T4-stress 047 n=3 D/peak/lifo 非 gap 来源逐条相同
ok    T4-stress 047 n=3 D/peak/lifo |Δ| <= 4*n*2**-52*S + 2
ok    T4-stress 047 n=3 D/peak/lifo 闭合 pct 展示值精确相同
ok    T4-stress 047 n=3 D/peak/pro_rata 非 gap 来源逐条相同
ok    T4-stress 047 n=3 D/peak/pro_rata |Δ| <= 4*n*2**-52*S + 2
ok    T4-stress 047 n=3 D/peak/pro_rata 闭合 pct 展示值精确相同
ok    T4-stress 048 n=8 实际模拟边数齐全
ok    T4-stress 048 n=8/current 两版本库存等于整数边表余额
ok    T4-stress 048 n=8/peak 两版本库存等于整数边表余额
ok    T4-stress 048 n=8 两版本供应量相同
ok    T4-stress 048 n=8/pro_rata 逐笔短缺入桶数量精确相同
ok    T4-stress 048 n=8/fifo 逐笔短缺入桶数量精确相同
ok    T4-stress 048 n=8/lifo 逐笔短缺入桶数量精确相同
ok    T4-stress 048 n=8 实体集合不变
ok    T4-stress 048 n=8 D/current stock_raw 相同
ok    T4-stress 048 n=8 D/current 闭合 pct 展示值精确相同
ok    T4-stress 048 n=8 D/current 非 gap 来源逐条相同
ok    T4-stress 048 n=8 D/current |Δ| <= 4*n*2**-52*S + 2
ok    T4-stress 048 n=8 D/current 策略集合相同
ok    T4-stress 048 n=8 D/current/fifo 非 gap 来源逐条相同
ok    T4-stress 048 n=8 D/current/fifo |Δ| <= 4*n*2**-52*S + 2
ok    T4-stress 048 n=8 D/current/fifo 闭合 pct 展示值精确相同
ok    T4-stress 048 n=8 D/current/lifo 非 gap 来源逐条相同
ok    T4-stress 048 n=8 D/current/lifo |Δ| <= 4*n*2**-52*S + 2
ok    T4-stress 048 n=8 D/current/lifo 闭合 pct 展示值精确相同
ok    T4-stress 048 n=8 D/current/pro_rata 非 gap 来源逐条相同
ok    T4-stress 048 n=8 D/current/pro_rata |Δ| <= 4*n*2**-52*S + 2
ok    T4-stress 048 n=8 D/current/pro_rata 闭合 pct 展示值精确相同
ok    T4-stress 048 n=8 D/peak stock_raw 相同
ok    T4-stress 048 n=8 D/peak 闭合 pct 展示值精确相同
ok    T4-stress 048 n=8 D/peak 非 gap 来源逐条相同
ok    T4-stress 048 n=8 D/peak |Δ| <= 4*n*2**-52*S + 2
ok    T4-stress 048 n=8 D/peak 策略集合相同
ok    T4-stress 048 n=8 D/peak/fifo 非 gap 来源逐条相同
ok    T4-stress 048 n=8 D/peak/fifo |Δ| <= 4*n*2**-52*S + 2
ok    T4-stress 048 n=8 D/peak/fifo 闭合 pct 展示值精确相同
ok    T4-stress 048 n=8 D/peak/lifo 非 gap 来源逐条相同
ok    T4-stress 048 n=8 D/peak/lifo |Δ| <= 4*n*2**-52*S + 2
ok    T4-stress 048 n=8 D/peak/lifo 闭合 pct 展示值精确相同
ok    T4-stress 048 n=8 D/peak/pro_rata 非 gap 来源逐条相同
ok    T4-stress 048 n=8 D/peak/pro_rata |Δ| <= 4*n*2**-52*S + 2
ok    T4-stress 048 n=8 D/peak/pro_rata 闭合 pct 展示值精确相同
ok    T4-stress 049 n=3 实际模拟边数齐全
ok    T4-stress 049 n=3/current 两版本库存等于整数边表余额
ok    T4-stress 049 n=3/peak 两版本库存等于整数边表余额
ok    T4-stress 049 n=3 两版本供应量相同
ok    T4-stress 049 n=3/pro_rata 逐笔短缺入桶数量精确相同
ok    T4-stress 049 n=3/fifo 逐笔短缺入桶数量精确相同
ok    T4-stress 049 n=3/lifo 逐笔短缺入桶数量精确相同
ok    T4-stress 049 n=3 实体集合不变
ok    T4-stress 049 n=3 D/current stock_raw 相同
ok    T4-stress 049 n=3 D/current 闭合 pct 展示值精确相同
ok    T4-stress 049 n=3 D/current 非 gap 来源逐条相同
ok    T4-stress 049 n=3 D/current |Δ| <= 4*n*2**-52*S + 2
ok    T4-stress 049 n=3 D/current 策略集合相同
ok    T4-stress 049 n=3 D/current/fifo 非 gap 来源逐条相同
ok    T4-stress 049 n=3 D/current/fifo |Δ| <= 4*n*2**-52*S + 2
ok    T4-stress 049 n=3 D/current/fifo 闭合 pct 展示值精确相同
ok    T4-stress 049 n=3 D/current/lifo 非 gap 来源逐条相同
ok    T4-stress 049 n=3 D/current/lifo |Δ| <= 4*n*2**-52*S + 2
ok    T4-stress 049 n=3 D/current/lifo 闭合 pct 展示值精确相同
ok    T4-stress 049 n=3 D/current/pro_rata 非 gap 来源逐条相同
ok    T4-stress 049 n=3 D/current/pro_rata |Δ| <= 4*n*2**-52*S + 2
ok    T4-stress 049 n=3 D/current/pro_rata 闭合 pct 展示值精确相同
ok    T4-stress 049 n=3 D/peak stock_raw 相同
ok    T4-stress 049 n=3 D/peak 闭合 pct 展示值精确相同
ok    T4-stress 049 n=3 D/peak 非 gap 来源逐条相同
ok    T4-stress 049 n=3 D/peak |Δ| <= 4*n*2**-52*S + 2
ok    T4-stress 049 n=3 D/peak 策略集合相同
ok    T4-stress 049 n=3 D/peak/fifo 非 gap 来源逐条相同
ok    T4-stress 049 n=3 D/peak/fifo |Δ| <= 4*n*2**-52*S + 2
ok    T4-stress 049 n=3 D/peak/fifo 闭合 pct 展示值精确相同
ok    T4-stress 049 n=3 D/peak/lifo 非 gap 来源逐条相同
ok    T4-stress 049 n=3 D/peak/lifo |Δ| <= 4*n*2**-52*S + 2
ok    T4-stress 049 n=3 D/peak/lifo 闭合 pct 展示值精确相同
ok    T4-stress 049 n=3 D/peak/pro_rata 非 gap 来源逐条相同
ok    T4-stress 049 n=3 D/peak/pro_rata |Δ| <= 4*n*2**-52*S + 2
ok    T4-stress 049 n=3 D/peak/pro_rata 闭合 pct 展示值精确相同
ok    T4-stress 050 n=6 实际模拟边数齐全
ok    T4-stress 050 n=6/current 两版本库存等于整数边表余额
ok    T4-stress 050 n=6/peak 两版本库存等于整数边表余额
ok    T4-stress 050 n=6 两版本供应量相同
ok    T4-stress 050 n=6/pro_rata 逐笔短缺入桶数量精确相同
ok    T4-stress 050 n=6/fifo 逐笔短缺入桶数量精确相同
ok    T4-stress 050 n=6/lifo 逐笔短缺入桶数量精确相同
ok    T4-stress 050 n=6 实体集合不变
ok    T4-stress 050 n=6 D/current stock_raw 相同
ok    T4-stress 050 n=6 D/current 闭合 pct 展示值精确相同
ok    T4-stress 050 n=6 D/current 非 gap 来源逐条相同
ok    T4-stress 050 n=6 D/current |Δ| <= 4*n*2**-52*S + 2
ok    T4-stress 050 n=6 D/current 策略集合相同
ok    T4-stress 050 n=6 D/current/fifo 非 gap 来源逐条相同
ok    T4-stress 050 n=6 D/current/fifo |Δ| <= 4*n*2**-52*S + 2
ok    T4-stress 050 n=6 D/current/fifo 闭合 pct 展示值精确相同
ok    T4-stress 050 n=6 D/current/lifo 非 gap 来源逐条相同
ok    T4-stress 050 n=6 D/current/lifo |Δ| <= 4*n*2**-52*S + 2
ok    T4-stress 050 n=6 D/current/lifo 闭合 pct 展示值精确相同
ok    T4-stress 050 n=6 D/current/pro_rata 非 gap 来源逐条相同
ok    T4-stress 050 n=6 D/current/pro_rata |Δ| <= 4*n*2**-52*S + 2
ok    T4-stress 050 n=6 D/current/pro_rata 闭合 pct 展示值精确相同
ok    T4-stress 050 n=6 D/peak stock_raw 相同
ok    T4-stress 050 n=6 D/peak 闭合 pct 展示值精确相同
ok    T4-stress 050 n=6 D/peak 非 gap 来源逐条相同
ok    T4-stress 050 n=6 D/peak |Δ| <= 4*n*2**-52*S + 2
ok    T4-stress 050 n=6 D/peak 策略集合相同
ok    T4-stress 050 n=6 D/peak/fifo 非 gap 来源逐条相同
ok    T4-stress 050 n=6 D/peak/fifo |Δ| <= 4*n*2**-52*S + 2
ok    T4-stress 050 n=6 D/peak/fifo 闭合 pct 展示值精确相同
ok    T4-stress 050 n=6 D/peak/lifo 非 gap 来源逐条相同
ok    T4-stress 050 n=6 D/peak/lifo |Δ| <= 4*n*2**-52*S + 2
ok    T4-stress 050 n=6 D/peak/lifo 闭合 pct 展示值精确相同
ok    T4-stress 050 n=6 D/peak/pro_rata 非 gap 来源逐条相同
ok    T4-stress 050 n=6 D/peak/pro_rata |Δ| <= 4*n*2**-52*S + 2
ok    T4-stress 050 n=6 D/peak/pro_rata 闭合 pct 展示值精确相同
ok    T4-stress 051 n=8 实际模拟边数齐全
ok    T4-stress 051 n=8/current 两版本库存等于整数边表余额
ok    T4-stress 051 n=8/peak 两版本库存等于整数边表余额
ok    T4-stress 051 n=8 两版本供应量相同
ok    T4-stress 051 n=8/pro_rata 逐笔短缺入桶数量精确相同
ok    T4-stress 051 n=8/fifo 逐笔短缺入桶数量精确相同
ok    T4-stress 051 n=8/lifo 逐笔短缺入桶数量精确相同
ok    T4-stress 051 n=8 实体集合不变
ok    T4-stress 051 n=8 D/current stock_raw 相同
ok    T4-stress 051 n=8 D/current 闭合 pct 展示值精确相同
ok    T4-stress 051 n=8 D/current 非 gap 来源逐条相同
ok    T4-stress 051 n=8 D/current |Δ| <= 4*n*2**-52*S + 2
ok    T4-stress 051 n=8 D/current 策略集合相同
ok    T4-stress 051 n=8 D/current/fifo 非 gap 来源逐条相同
ok    T4-stress 051 n=8 D/current/fifo |Δ| <= 4*n*2**-52*S + 2
ok    T4-stress 051 n=8 D/current/fifo 闭合 pct 展示值精确相同
ok    T4-stress 051 n=8 D/current/lifo 非 gap 来源逐条相同
ok    T4-stress 051 n=8 D/current/lifo |Δ| <= 4*n*2**-52*S + 2
ok    T4-stress 051 n=8 D/current/lifo 闭合 pct 展示值精确相同
ok    T4-stress 051 n=8 D/current/pro_rata 非 gap 来源逐条相同
ok    T4-stress 051 n=8 D/current/pro_rata |Δ| <= 4*n*2**-52*S + 2
ok    T4-stress 051 n=8 D/current/pro_rata 闭合 pct 展示值精确相同
ok    T4-stress 051 n=8 D/peak stock_raw 相同
ok    T4-stress 051 n=8 D/peak 闭合 pct 展示值精确相同
ok    T4-stress 051 n=8 D/peak 非 gap 来源逐条相同
ok    T4-stress 051 n=8 D/peak |Δ| <= 4*n*2**-52*S + 2
ok    T4-stress 051 n=8 D/peak 策略集合相同
ok    T4-stress 051 n=8 D/peak/fifo 非 gap 来源逐条相同
ok    T4-stress 051 n=8 D/peak/fifo |Δ| <= 4*n*2**-52*S + 2
ok    T4-stress 051 n=8 D/peak/fifo 闭合 pct 展示值精确相同
ok    T4-stress 051 n=8 D/peak/lifo 非 gap 来源逐条相同
ok    T4-stress 051 n=8 D/peak/lifo |Δ| <= 4*n*2**-52*S + 2
ok    T4-stress 051 n=8 D/peak/lifo 闭合 pct 展示值精确相同
ok    T4-stress 051 n=8 D/peak/pro_rata 非 gap 来源逐条相同
ok    T4-stress 051 n=8 D/peak/pro_rata |Δ| <= 4*n*2**-52*S + 2
ok    T4-stress 051 n=8 D/peak/pro_rata 闭合 pct 展示值精确相同
ok    T4-stress 052 n=7 实际模拟边数齐全
ok    T4-stress 052 n=7/current 两版本库存等于整数边表余额
ok    T4-stress 052 n=7/peak 两版本库存等于整数边表余额
ok    T4-stress 052 n=7 两版本供应量相同
ok    T4-stress 052 n=7/pro_rata 逐笔短缺入桶数量精确相同
ok    T4-stress 052 n=7/fifo 逐笔短缺入桶数量精确相同
ok    T4-stress 052 n=7/lifo 逐笔短缺入桶数量精确相同
ok    T4-stress 052 n=7 实体集合不变
ok    T4-stress 052 n=7 D/current stock_raw 相同
ok    T4-stress 052 n=7 D/current 闭合 pct 展示值精确相同
ok    T4-stress 052 n=7 D/current 非 gap 来源逐条相同
ok    T4-stress 052 n=7 D/current |Δ| <= 4*n*2**-52*S + 2
ok    T4-stress 052 n=7 D/current 策略集合相同
ok    T4-stress 052 n=7 D/current/fifo 非 gap 来源逐条相同
ok    T4-stress 052 n=7 D/current/fifo |Δ| <= 4*n*2**-52*S + 2
ok    T4-stress 052 n=7 D/current/fifo 闭合 pct 展示值精确相同
ok    T4-stress 052 n=7 D/current/lifo 非 gap 来源逐条相同
ok    T4-stress 052 n=7 D/current/lifo |Δ| <= 4*n*2**-52*S + 2
ok    T4-stress 052 n=7 D/current/lifo 闭合 pct 展示值精确相同
ok    T4-stress 052 n=7 D/current/pro_rata 非 gap 来源逐条相同
ok    T4-stress 052 n=7 D/current/pro_rata |Δ| <= 4*n*2**-52*S + 2
ok    T4-stress 052 n=7 D/current/pro_rata 闭合 pct 展示值精确相同
ok    T4-stress 052 n=7 D/peak stock_raw 相同
ok    T4-stress 052 n=7 D/peak 闭合 pct 展示值精确相同
ok    T4-stress 052 n=7 D/peak 非 gap 来源逐条相同
ok    T4-stress 052 n=7 D/peak |Δ| <= 4*n*2**-52*S + 2
ok    T4-stress 052 n=7 D/peak 策略集合相同
ok    T4-stress 052 n=7 D/peak/fifo 非 gap 来源逐条相同
ok    T4-stress 052 n=7 D/peak/fifo |Δ| <= 4*n*2**-52*S + 2
ok    T4-stress 052 n=7 D/peak/fifo 闭合 pct 展示值精确相同
ok    T4-stress 052 n=7 D/peak/lifo 非 gap 来源逐条相同
ok    T4-stress 052 n=7 D/peak/lifo |Δ| <= 4*n*2**-52*S + 2
ok    T4-stress 052 n=7 D/peak/lifo 闭合 pct 展示值精确相同
ok    T4-stress 052 n=7 D/peak/pro_rata 非 gap 来源逐条相同
ok    T4-stress 052 n=7 D/peak/pro_rata |Δ| <= 4*n*2**-52*S + 2
ok    T4-stress 052 n=7 D/peak/pro_rata 闭合 pct 展示值精确相同
ok    T4-stress 053 n=3 实际模拟边数齐全
ok    T4-stress 053 n=3/current 两版本库存等于整数边表余额
ok    T4-stress 053 n=3/peak 两版本库存等于整数边表余额
ok    T4-stress 053 n=3 两版本供应量相同
ok    T4-stress 053 n=3/pro_rata 逐笔短缺入桶数量精确相同
ok    T4-stress 053 n=3/fifo 逐笔短缺入桶数量精确相同
ok    T4-stress 053 n=3/lifo 逐笔短缺入桶数量精确相同
ok    T4-stress 053 n=3 实体集合不变
ok    T4-stress 053 n=3 D/current stock_raw 相同
ok    T4-stress 053 n=3 D/current 闭合 pct 展示值精确相同
ok    T4-stress 053 n=3 D/current 非 gap 来源逐条相同
ok    T4-stress 053 n=3 D/current |Δ| <= 4*n*2**-52*S + 2
ok    T4-stress 053 n=3 D/current 策略集合相同
ok    T4-stress 053 n=3 D/current/fifo 非 gap 来源逐条相同
ok    T4-stress 053 n=3 D/current/fifo |Δ| <= 4*n*2**-52*S + 2
ok    T4-stress 053 n=3 D/current/fifo 闭合 pct 展示值精确相同
ok    T4-stress 053 n=3 D/current/lifo 非 gap 来源逐条相同
ok    T4-stress 053 n=3 D/current/lifo |Δ| <= 4*n*2**-52*S + 2
ok    T4-stress 053 n=3 D/current/lifo 闭合 pct 展示值精确相同
ok    T4-stress 053 n=3 D/current/pro_rata 非 gap 来源逐条相同
ok    T4-stress 053 n=3 D/current/pro_rata |Δ| <= 4*n*2**-52*S + 2
ok    T4-stress 053 n=3 D/current/pro_rata 闭合 pct 展示值精确相同
ok    T4-stress 053 n=3 D/peak stock_raw 相同
ok    T4-stress 053 n=3 D/peak 闭合 pct 展示值精确相同
ok    T4-stress 053 n=3 D/peak 非 gap 来源逐条相同
ok    T4-stress 053 n=3 D/peak |Δ| <= 4*n*2**-52*S + 2
ok    T4-stress 053 n=3 D/peak 策略集合相同
ok    T4-stress 053 n=3 D/peak/fifo 非 gap 来源逐条相同
ok    T4-stress 053 n=3 D/peak/fifo |Δ| <= 4*n*2**-52*S + 2
ok    T4-stress 053 n=3 D/peak/fifo 闭合 pct 展示值精确相同
ok    T4-stress 053 n=3 D/peak/lifo 非 gap 来源逐条相同
ok    T4-stress 053 n=3 D/peak/lifo |Δ| <= 4*n*2**-52*S + 2
ok    T4-stress 053 n=3 D/peak/lifo 闭合 pct 展示值精确相同
ok    T4-stress 053 n=3 D/peak/pro_rata 非 gap 来源逐条相同
ok    T4-stress 053 n=3 D/peak/pro_rata |Δ| <= 4*n*2**-52*S + 2
ok    T4-stress 053 n=3 D/peak/pro_rata 闭合 pct 展示值精确相同
ok    T4-stress 054 n=8 实际模拟边数齐全
ok    T4-stress 054 n=8/current 两版本库存等于整数边表余额
ok    T4-stress 054 n=8/peak 两版本库存等于整数边表余额
ok    T4-stress 054 n=8 两版本供应量相同
ok    T4-stress 054 n=8/pro_rata 逐笔短缺入桶数量精确相同
ok    T4-stress 054 n=8/fifo 逐笔短缺入桶数量精确相同
ok    T4-stress 054 n=8/lifo 逐笔短缺入桶数量精确相同
ok    T4-stress 054 n=8 实体集合不变
ok    T4-stress 054 n=8 D/current stock_raw 相同
ok    T4-stress 054 n=8 D/current 闭合 pct 展示值精确相同
ok    T4-stress 054 n=8 D/current 非 gap 来源逐条相同
ok    T4-stress 054 n=8 D/current |Δ| <= 4*n*2**-52*S + 2
ok    T4-stress 054 n=8 D/current 策略集合相同
ok    T4-stress 054 n=8 D/current/fifo 非 gap 来源逐条相同
ok    T4-stress 054 n=8 D/current/fifo |Δ| <= 4*n*2**-52*S + 2
ok    T4-stress 054 n=8 D/current/fifo 闭合 pct 展示值精确相同
ok    T4-stress 054 n=8 D/current/lifo 非 gap 来源逐条相同
ok    T4-stress 054 n=8 D/current/lifo |Δ| <= 4*n*2**-52*S + 2
ok    T4-stress 054 n=8 D/current/lifo 闭合 pct 展示值精确相同
ok    T4-stress 054 n=8 D/current/pro_rata 非 gap 来源逐条相同
ok    T4-stress 054 n=8 D/current/pro_rata |Δ| <= 4*n*2**-52*S + 2
ok    T4-stress 054 n=8 D/current/pro_rata 闭合 pct 展示值精确相同
ok    T4-stress 054 n=8 D/peak stock_raw 相同
ok    T4-stress 054 n=8 D/peak 闭合 pct 展示值精确相同
ok    T4-stress 054 n=8 D/peak 非 gap 来源逐条相同
ok    T4-stress 054 n=8 D/peak |Δ| <= 4*n*2**-52*S + 2
ok    T4-stress 054 n=8 D/peak 策略集合相同
ok    T4-stress 054 n=8 D/peak/fifo 非 gap 来源逐条相同
ok    T4-stress 054 n=8 D/peak/fifo |Δ| <= 4*n*2**-52*S + 2
ok    T4-stress 054 n=8 D/peak/fifo 闭合 pct 展示值精确相同
ok    T4-stress 054 n=8 D/peak/lifo 非 gap 来源逐条相同
ok    T4-stress 054 n=8 D/peak/lifo |Δ| <= 4*n*2**-52*S + 2
ok    T4-stress 054 n=8 D/peak/lifo 闭合 pct 展示值精确相同
ok    T4-stress 054 n=8 D/peak/pro_rata 非 gap 来源逐条相同
ok    T4-stress 054 n=8 D/peak/pro_rata |Δ| <= 4*n*2**-52*S + 2
ok    T4-stress 054 n=8 D/peak/pro_rata 闭合 pct 展示值精确相同
ok    T4-stress 055 n=8 实际模拟边数齐全
ok    T4-stress 055 n=8/current 两版本库存等于整数边表余额
ok    T4-stress 055 n=8/peak 两版本库存等于整数边表余额
ok    T4-stress 055 n=8 两版本供应量相同
ok    T4-stress 055 n=8/pro_rata 逐笔短缺入桶数量精确相同
ok    T4-stress 055 n=8/fifo 逐笔短缺入桶数量精确相同
ok    T4-stress 055 n=8/lifo 逐笔短缺入桶数量精确相同
ok    T4-stress 055 n=8 实体集合不变
ok    T4-stress 055 n=8 D/current stock_raw 相同
ok    T4-stress 055 n=8 D/current 闭合 pct 展示值精确相同
ok    T4-stress 055 n=8 D/current 非 gap 来源逐条相同
ok    T4-stress 055 n=8 D/current |Δ| <= 4*n*2**-52*S + 2
ok    T4-stress 055 n=8 D/current 策略集合相同
ok    T4-stress 055 n=8 D/current/fifo 非 gap 来源逐条相同
ok    T4-stress 055 n=8 D/current/fifo |Δ| <= 4*n*2**-52*S + 2
ok    T4-stress 055 n=8 D/current/fifo 闭合 pct 展示值精确相同
ok    T4-stress 055 n=8 D/current/lifo 非 gap 来源逐条相同
ok    T4-stress 055 n=8 D/current/lifo |Δ| <= 4*n*2**-52*S + 2
ok    T4-stress 055 n=8 D/current/lifo 闭合 pct 展示值精确相同
ok    T4-stress 055 n=8 D/current/pro_rata 非 gap 来源逐条相同
ok    T4-stress 055 n=8 D/current/pro_rata |Δ| <= 4*n*2**-52*S + 2
ok    T4-stress 055 n=8 D/current/pro_rata 闭合 pct 展示值精确相同
ok    T4-stress 055 n=8 D/peak stock_raw 相同
ok    T4-stress 055 n=8 D/peak 闭合 pct 展示值精确相同
ok    T4-stress 055 n=8 D/peak 非 gap 来源逐条相同
ok    T4-stress 055 n=8 D/peak |Δ| <= 4*n*2**-52*S + 2
ok    T4-stress 055 n=8 D/peak 策略集合相同
ok    T4-stress 055 n=8 D/peak/fifo 非 gap 来源逐条相同
ok    T4-stress 055 n=8 D/peak/fifo |Δ| <= 4*n*2**-52*S + 2
ok    T4-stress 055 n=8 D/peak/fifo 闭合 pct 展示值精确相同
ok    T4-stress 055 n=8 D/peak/lifo 非 gap 来源逐条相同
ok    T4-stress 055 n=8 D/peak/lifo |Δ| <= 4*n*2**-52*S + 2
ok    T4-stress 055 n=8 D/peak/lifo 闭合 pct 展示值精确相同
ok    T4-stress 055 n=8 D/peak/pro_rata 非 gap 来源逐条相同
ok    T4-stress 055 n=8 D/peak/pro_rata |Δ| <= 4*n*2**-52*S + 2
ok    T4-stress 055 n=8 D/peak/pro_rata 闭合 pct 展示值精确相同
ok    T4-stress 056 n=7 实际模拟边数齐全
ok    T4-stress 056 n=7/current 两版本库存等于整数边表余额
ok    T4-stress 056 n=7/peak 两版本库存等于整数边表余额
ok    T4-stress 056 n=7 两版本供应量相同
ok    T4-stress 056 n=7/pro_rata 逐笔短缺入桶数量精确相同
ok    T4-stress 056 n=7/fifo 逐笔短缺入桶数量精确相同
ok    T4-stress 056 n=7/lifo 逐笔短缺入桶数量精确相同
ok    T4-stress 056 n=7 实体集合不变
ok    T4-stress 056 n=7 D/current stock_raw 相同
ok    T4-stress 056 n=7 D/current 闭合 pct 展示值精确相同
ok    T4-stress 056 n=7 D/current 非 gap 来源逐条相同
ok    T4-stress 056 n=7 D/current |Δ| <= 4*n*2**-52*S + 2
ok    T4-stress 056 n=7 D/current 策略集合相同
ok    T4-stress 056 n=7 D/current/fifo 非 gap 来源逐条相同
ok    T4-stress 056 n=7 D/current/fifo |Δ| <= 4*n*2**-52*S + 2
ok    T4-stress 056 n=7 D/current/fifo 闭合 pct 展示值精确相同
ok    T4-stress 056 n=7 D/current/lifo 非 gap 来源逐条相同
ok    T4-stress 056 n=7 D/current/lifo |Δ| <= 4*n*2**-52*S + 2
ok    T4-stress 056 n=7 D/current/lifo 闭合 pct 展示值精确相同
ok    T4-stress 056 n=7 D/current/pro_rata 非 gap 来源逐条相同
ok    T4-stress 056 n=7 D/current/pro_rata |Δ| <= 4*n*2**-52*S + 2
ok    T4-stress 056 n=7 D/current/pro_rata 闭合 pct 展示值精确相同
ok    T4-stress 056 n=7 D/peak stock_raw 相同
ok    T4-stress 056 n=7 D/peak 闭合 pct 展示值精确相同
ok    T4-stress 056 n=7 D/peak 非 gap 来源逐条相同
ok    T4-stress 056 n=7 D/peak |Δ| <= 4*n*2**-52*S + 2
ok    T4-stress 056 n=7 D/peak 策略集合相同
ok    T4-stress 056 n=7 D/peak/fifo 非 gap 来源逐条相同
ok    T4-stress 056 n=7 D/peak/fifo |Δ| <= 4*n*2**-52*S + 2
ok    T4-stress 056 n=7 D/peak/fifo 闭合 pct 展示值精确相同
ok    T4-stress 056 n=7 D/peak/lifo 非 gap 来源逐条相同
ok    T4-stress 056 n=7 D/peak/lifo |Δ| <= 4*n*2**-52*S + 2
ok    T4-stress 056 n=7 D/peak/lifo 闭合 pct 展示值精确相同
ok    T4-stress 056 n=7 D/peak/pro_rata 非 gap 来源逐条相同
ok    T4-stress 056 n=7 D/peak/pro_rata |Δ| <= 4*n*2**-52*S + 2
ok    T4-stress 056 n=7 D/peak/pro_rata 闭合 pct 展示值精确相同
ok    T4-stress 057 n=3 实际模拟边数齐全
ok    T4-stress 057 n=3/current 两版本库存等于整数边表余额
ok    T4-stress 057 n=3/peak 两版本库存等于整数边表余额
ok    T4-stress 057 n=3 两版本供应量相同
ok    T4-stress 057 n=3/pro_rata 逐笔短缺入桶数量精确相同
ok    T4-stress 057 n=3/fifo 逐笔短缺入桶数量精确相同
ok    T4-stress 057 n=3/lifo 逐笔短缺入桶数量精确相同
ok    T4-stress 057 n=3 实体集合不变
ok    T4-stress 057 n=3 D/current stock_raw 相同
ok    T4-stress 057 n=3 D/current 闭合 pct 展示值精确相同
ok    T4-stress 057 n=3 D/current 非 gap 来源逐条相同
ok    T4-stress 057 n=3 D/current |Δ| <= 4*n*2**-52*S + 2
ok    T4-stress 057 n=3 D/current 策略集合相同
ok    T4-stress 057 n=3 D/current/fifo 非 gap 来源逐条相同
ok    T4-stress 057 n=3 D/current/fifo |Δ| <= 4*n*2**-52*S + 2
ok    T4-stress 057 n=3 D/current/fifo 闭合 pct 展示值精确相同
ok    T4-stress 057 n=3 D/current/lifo 非 gap 来源逐条相同
ok    T4-stress 057 n=3 D/current/lifo |Δ| <= 4*n*2**-52*S + 2
ok    T4-stress 057 n=3 D/current/lifo 闭合 pct 展示值精确相同
ok    T4-stress 057 n=3 D/current/pro_rata 非 gap 来源逐条相同
ok    T4-stress 057 n=3 D/current/pro_rata |Δ| <= 4*n*2**-52*S + 2
ok    T4-stress 057 n=3 D/current/pro_rata 闭合 pct 展示值精确相同
ok    T4-stress 057 n=3 D/peak stock_raw 相同
ok    T4-stress 057 n=3 D/peak 闭合 pct 展示值精确相同
ok    T4-stress 057 n=3 D/peak 非 gap 来源逐条相同
ok    T4-stress 057 n=3 D/peak |Δ| <= 4*n*2**-52*S + 2
ok    T4-stress 057 n=3 D/peak 策略集合相同
ok    T4-stress 057 n=3 D/peak/fifo 非 gap 来源逐条相同
ok    T4-stress 057 n=3 D/peak/fifo |Δ| <= 4*n*2**-52*S + 2
ok    T4-stress 057 n=3 D/peak/fifo 闭合 pct 展示值精确相同
ok    T4-stress 057 n=3 D/peak/lifo 非 gap 来源逐条相同
ok    T4-stress 057 n=3 D/peak/lifo |Δ| <= 4*n*2**-52*S + 2
ok    T4-stress 057 n=3 D/peak/lifo 闭合 pct 展示值精确相同
ok    T4-stress 057 n=3 D/peak/pro_rata 非 gap 来源逐条相同
ok    T4-stress 057 n=3 D/peak/pro_rata |Δ| <= 4*n*2**-52*S + 2
ok    T4-stress 057 n=3 D/peak/pro_rata 闭合 pct 展示值精确相同
ok    T4-stress 058 n=7 实际模拟边数齐全
ok    T4-stress 058 n=7/current 两版本库存等于整数边表余额
ok    T4-stress 058 n=7/peak 两版本库存等于整数边表余额
ok    T4-stress 058 n=7 两版本供应量相同
ok    T4-stress 058 n=7/pro_rata 逐笔短缺入桶数量精确相同
ok    T4-stress 058 n=7/fifo 逐笔短缺入桶数量精确相同
ok    T4-stress 058 n=7/lifo 逐笔短缺入桶数量精确相同
ok    T4-stress 058 n=7 实体集合不变
ok    T4-stress 058 n=7 D/current stock_raw 相同
ok    T4-stress 058 n=7 D/current 闭合 pct 展示值精确相同
ok    T4-stress 058 n=7 D/current 非 gap 来源逐条相同
ok    T4-stress 058 n=7 D/current |Δ| <= 4*n*2**-52*S + 2
ok    T4-stress 058 n=7 D/current 策略集合相同
ok    T4-stress 058 n=7 D/current/fifo 非 gap 来源逐条相同
ok    T4-stress 058 n=7 D/current/fifo |Δ| <= 4*n*2**-52*S + 2
ok    T4-stress 058 n=7 D/current/fifo 闭合 pct 展示值精确相同
ok    T4-stress 058 n=7 D/current/lifo 非 gap 来源逐条相同
ok    T4-stress 058 n=7 D/current/lifo |Δ| <= 4*n*2**-52*S + 2
ok    T4-stress 058 n=7 D/current/lifo 闭合 pct 展示值精确相同
ok    T4-stress 058 n=7 D/current/pro_rata 非 gap 来源逐条相同
ok    T4-stress 058 n=7 D/current/pro_rata |Δ| <= 4*n*2**-52*S + 2
ok    T4-stress 058 n=7 D/current/pro_rata 闭合 pct 展示值精确相同
ok    T4-stress 058 n=7 D/peak stock_raw 相同
ok    T4-stress 058 n=7 D/peak 闭合 pct 展示值精确相同
ok    T4-stress 058 n=7 D/peak 非 gap 来源逐条相同
ok    T4-stress 058 n=7 D/peak |Δ| <= 4*n*2**-52*S + 2
ok    T4-stress 058 n=7 D/peak 策略集合相同
ok    T4-stress 058 n=7 D/peak/fifo 非 gap 来源逐条相同
ok    T4-stress 058 n=7 D/peak/fifo |Δ| <= 4*n*2**-52*S + 2
ok    T4-stress 058 n=7 D/peak/fifo 闭合 pct 展示值精确相同
ok    T4-stress 058 n=7 D/peak/lifo 非 gap 来源逐条相同
ok    T4-stress 058 n=7 D/peak/lifo |Δ| <= 4*n*2**-52*S + 2
ok    T4-stress 058 n=7 D/peak/lifo 闭合 pct 展示值精确相同
ok    T4-stress 058 n=7 D/peak/pro_rata 非 gap 来源逐条相同
ok    T4-stress 058 n=7 D/peak/pro_rata |Δ| <= 4*n*2**-52*S + 2
ok    T4-stress 058 n=7 D/peak/pro_rata 闭合 pct 展示值精确相同
ok    T4-stress 059 n=5 实际模拟边数齐全
ok    T4-stress 059 n=5/current 两版本库存等于整数边表余额
ok    T4-stress 059 n=5/peak 两版本库存等于整数边表余额
ok    T4-stress 059 n=5 两版本供应量相同
ok    T4-stress 059 n=5/pro_rata 逐笔短缺入桶数量精确相同
ok    T4-stress 059 n=5/fifo 逐笔短缺入桶数量精确相同
ok    T4-stress 059 n=5/lifo 逐笔短缺入桶数量精确相同
ok    T4-stress 059 n=5 实体集合不变
ok    T4-stress 059 n=5 D/current stock_raw 相同
ok    T4-stress 059 n=5 D/current 闭合 pct 展示值精确相同
ok    T4-stress 059 n=5 D/current 非 gap 来源逐条相同
ok    T4-stress 059 n=5 D/current |Δ| <= 4*n*2**-52*S + 2
ok    T4-stress 059 n=5 D/current 策略集合相同
ok    T4-stress 059 n=5 D/current/fifo 非 gap 来源逐条相同
ok    T4-stress 059 n=5 D/current/fifo |Δ| <= 4*n*2**-52*S + 2
ok    T4-stress 059 n=5 D/current/fifo 闭合 pct 展示值精确相同
ok    T4-stress 059 n=5 D/current/lifo 非 gap 来源逐条相同
ok    T4-stress 059 n=5 D/current/lifo |Δ| <= 4*n*2**-52*S + 2
ok    T4-stress 059 n=5 D/current/lifo 闭合 pct 展示值精确相同
ok    T4-stress 059 n=5 D/current/pro_rata 非 gap 来源逐条相同
ok    T4-stress 059 n=5 D/current/pro_rata |Δ| <= 4*n*2**-52*S + 2
ok    T4-stress 059 n=5 D/current/pro_rata 闭合 pct 展示值精确相同
ok    T4-stress 059 n=5 D/peak stock_raw 相同
ok    T4-stress 059 n=5 D/peak 闭合 pct 展示值精确相同
ok    T4-stress 059 n=5 D/peak 非 gap 来源逐条相同
ok    T4-stress 059 n=5 D/peak |Δ| <= 4*n*2**-52*S + 2
ok    T4-stress 059 n=5 D/peak 策略集合相同
ok    T4-stress 059 n=5 D/peak/fifo 非 gap 来源逐条相同
ok    T4-stress 059 n=5 D/peak/fifo |Δ| <= 4*n*2**-52*S + 2
ok    T4-stress 059 n=5 D/peak/fifo 闭合 pct 展示值精确相同
ok    T4-stress 059 n=5 D/peak/lifo 非 gap 来源逐条相同
ok    T4-stress 059 n=5 D/peak/lifo |Δ| <= 4*n*2**-52*S + 2
ok    T4-stress 059 n=5 D/peak/lifo 闭合 pct 展示值精确相同
ok    T4-stress 059 n=5 D/peak/pro_rata 非 gap 来源逐条相同
ok    T4-stress 059 n=5 D/peak/pro_rata |Δ| <= 4*n*2**-52*S + 2
ok    T4-stress 059 n=5 D/peak/pro_rata 闭合 pct 展示值精确相同
ok    T4-stress 060 n=7 实际模拟边数齐全
ok    T4-stress 060 n=7/current 两版本库存等于整数边表余额
ok    T4-stress 060 n=7/peak 两版本库存等于整数边表余额
ok    T4-stress 060 n=7 两版本供应量相同
ok    T4-stress 060 n=7/pro_rata 逐笔短缺入桶数量精确相同
ok    T4-stress 060 n=7/fifo 逐笔短缺入桶数量精确相同
ok    T4-stress 060 n=7/lifo 逐笔短缺入桶数量精确相同
ok    T4-stress 060 n=7 实体集合不变
ok    T4-stress 060 n=7 D/current stock_raw 相同
ok    T4-stress 060 n=7 D/current 闭合 pct 展示值精确相同
ok    T4-stress 060 n=7 D/current 非 gap 来源逐条相同
ok    T4-stress 060 n=7 D/current |Δ| <= 4*n*2**-52*S + 2
ok    T4-stress 060 n=7 D/current 策略集合相同
ok    T4-stress 060 n=7 D/current/fifo 非 gap 来源逐条相同
ok    T4-stress 060 n=7 D/current/fifo |Δ| <= 4*n*2**-52*S + 2
ok    T4-stress 060 n=7 D/current/fifo 闭合 pct 展示值精确相同
ok    T4-stress 060 n=7 D/current/lifo 非 gap 来源逐条相同
ok    T4-stress 060 n=7 D/current/lifo |Δ| <= 4*n*2**-52*S + 2
ok    T4-stress 060 n=7 D/current/lifo 闭合 pct 展示值精确相同
ok    T4-stress 060 n=7 D/current/pro_rata 非 gap 来源逐条相同
ok    T4-stress 060 n=7 D/current/pro_rata |Δ| <= 4*n*2**-52*S + 2
ok    T4-stress 060 n=7 D/current/pro_rata 闭合 pct 展示值精确相同
ok    T4-stress 060 n=7 D/peak stock_raw 相同
ok    T4-stress 060 n=7 D/peak 闭合 pct 展示值精确相同
ok    T4-stress 060 n=7 D/peak 非 gap 来源逐条相同
ok    T4-stress 060 n=7 D/peak |Δ| <= 4*n*2**-52*S + 2
ok    T4-stress 060 n=7 D/peak 策略集合相同
ok    T4-stress 060 n=7 D/peak/fifo 非 gap 来源逐条相同
ok    T4-stress 060 n=7 D/peak/fifo |Δ| <= 4*n*2**-52*S + 2
ok    T4-stress 060 n=7 D/peak/fifo 闭合 pct 展示值精确相同
ok    T4-stress 060 n=7 D/peak/lifo 非 gap 来源逐条相同
ok    T4-stress 060 n=7 D/peak/lifo |Δ| <= 4*n*2**-52*S + 2
ok    T4-stress 060 n=7 D/peak/lifo 闭合 pct 展示值精确相同
ok    T4-stress 060 n=7 D/peak/pro_rata 非 gap 来源逐条相同
ok    T4-stress 060 n=7 D/peak/pro_rata |Δ| <= 4*n*2**-52*S + 2
ok    T4-stress 060 n=7 D/peak/pro_rata 闭合 pct 展示值精确相同
ok    T4-stress 061 n=4 实际模拟边数齐全
ok    T4-stress 061 n=4/current 两版本库存等于整数边表余额
ok    T4-stress 061 n=4/peak 两版本库存等于整数边表余额
ok    T4-stress 061 n=4 两版本供应量相同
ok    T4-stress 061 n=4/pro_rata 逐笔短缺入桶数量精确相同
ok    T4-stress 061 n=4/fifo 逐笔短缺入桶数量精确相同
ok    T4-stress 061 n=4/lifo 逐笔短缺入桶数量精确相同
ok    T4-stress 061 n=4 实体集合不变
ok    T4-stress 061 n=4 D/current stock_raw 相同
ok    T4-stress 061 n=4 D/current 闭合 pct 展示值精确相同
ok    T4-stress 061 n=4 D/current 非 gap 来源逐条相同
ok    T4-stress 061 n=4 D/current |Δ| <= 4*n*2**-52*S + 2
ok    T4-stress 061 n=4 D/current 策略集合相同
ok    T4-stress 061 n=4 D/current/fifo 非 gap 来源逐条相同
ok    T4-stress 061 n=4 D/current/fifo |Δ| <= 4*n*2**-52*S + 2
ok    T4-stress 061 n=4 D/current/fifo 闭合 pct 展示值精确相同
ok    T4-stress 061 n=4 D/current/lifo 非 gap 来源逐条相同
ok    T4-stress 061 n=4 D/current/lifo |Δ| <= 4*n*2**-52*S + 2
ok    T4-stress 061 n=4 D/current/lifo 闭合 pct 展示值精确相同
ok    T4-stress 061 n=4 D/current/pro_rata 非 gap 来源逐条相同
ok    T4-stress 061 n=4 D/current/pro_rata |Δ| <= 4*n*2**-52*S + 2
ok    T4-stress 061 n=4 D/current/pro_rata 闭合 pct 展示值精确相同
ok    T4-stress 061 n=4 D/peak stock_raw 相同
ok    T4-stress 061 n=4 D/peak 闭合 pct 展示值精确相同
ok    T4-stress 061 n=4 D/peak 非 gap 来源逐条相同
ok    T4-stress 061 n=4 D/peak |Δ| <= 4*n*2**-52*S + 2
ok    T4-stress 061 n=4 D/peak 策略集合相同
ok    T4-stress 061 n=4 D/peak/fifo 非 gap 来源逐条相同
ok    T4-stress 061 n=4 D/peak/fifo |Δ| <= 4*n*2**-52*S + 2
ok    T4-stress 061 n=4 D/peak/fifo 闭合 pct 展示值精确相同
ok    T4-stress 061 n=4 D/peak/lifo 非 gap 来源逐条相同
ok    T4-stress 061 n=4 D/peak/lifo |Δ| <= 4*n*2**-52*S + 2
ok    T4-stress 061 n=4 D/peak/lifo 闭合 pct 展示值精确相同
ok    T4-stress 061 n=4 D/peak/pro_rata 非 gap 来源逐条相同
ok    T4-stress 061 n=4 D/peak/pro_rata |Δ| <= 4*n*2**-52*S + 2
ok    T4-stress 061 n=4 D/peak/pro_rata 闭合 pct 展示值精确相同
ok    T4-stress 062 n=6 实际模拟边数齐全
ok    T4-stress 062 n=6/current 两版本库存等于整数边表余额
ok    T4-stress 062 n=6/peak 两版本库存等于整数边表余额
ok    T4-stress 062 n=6 两版本供应量相同
ok    T4-stress 062 n=6/pro_rata 逐笔短缺入桶数量精确相同
ok    T4-stress 062 n=6/fifo 逐笔短缺入桶数量精确相同
ok    T4-stress 062 n=6/lifo 逐笔短缺入桶数量精确相同
ok    T4-stress 062 n=6 实体集合不变
ok    T4-stress 062 n=6 D/current stock_raw 相同
ok    T4-stress 062 n=6 D/current 闭合 pct 展示值精确相同
ok    T4-stress 062 n=6 D/current 非 gap 来源逐条相同
ok    T4-stress 062 n=6 D/current |Δ| <= 4*n*2**-52*S + 2
ok    T4-stress 062 n=6 D/current 策略集合相同
ok    T4-stress 062 n=6 D/current/fifo 非 gap 来源逐条相同
ok    T4-stress 062 n=6 D/current/fifo |Δ| <= 4*n*2**-52*S + 2
ok    T4-stress 062 n=6 D/current/fifo 闭合 pct 展示值精确相同
ok    T4-stress 062 n=6 D/current/lifo 非 gap 来源逐条相同
ok    T4-stress 062 n=6 D/current/lifo |Δ| <= 4*n*2**-52*S + 2
ok    T4-stress 062 n=6 D/current/lifo 闭合 pct 展示值精确相同
ok    T4-stress 062 n=6 D/current/pro_rata 非 gap 来源逐条相同
ok    T4-stress 062 n=6 D/current/pro_rata |Δ| <= 4*n*2**-52*S + 2
ok    T4-stress 062 n=6 D/current/pro_rata 闭合 pct 展示值精确相同
ok    T4-stress 062 n=6 D/peak stock_raw 相同
ok    T4-stress 062 n=6 D/peak 闭合 pct 展示值精确相同
ok    T4-stress 062 n=6 D/peak 非 gap 来源逐条相同
ok    T4-stress 062 n=6 D/peak |Δ| <= 4*n*2**-52*S + 2
ok    T4-stress 062 n=6 D/peak 策略集合相同
ok    T4-stress 062 n=6 D/peak/fifo 非 gap 来源逐条相同
ok    T4-stress 062 n=6 D/peak/fifo |Δ| <= 4*n*2**-52*S + 2
ok    T4-stress 062 n=6 D/peak/fifo 闭合 pct 展示值精确相同
ok    T4-stress 062 n=6 D/peak/lifo 非 gap 来源逐条相同
ok    T4-stress 062 n=6 D/peak/lifo |Δ| <= 4*n*2**-52*S + 2
ok    T4-stress 062 n=6 D/peak/lifo 闭合 pct 展示值精确相同
ok    T4-stress 062 n=6 D/peak/pro_rata 非 gap 来源逐条相同
ok    T4-stress 062 n=6 D/peak/pro_rata |Δ| <= 4*n*2**-52*S + 2
ok    T4-stress 062 n=6 D/peak/pro_rata 闭合 pct 展示值精确相同
ok    T4-stress 063 n=3 实际模拟边数齐全
ok    T4-stress 063 n=3/current 两版本库存等于整数边表余额
ok    T4-stress 063 n=3/peak 两版本库存等于整数边表余额
ok    T4-stress 063 n=3 两版本供应量相同
ok    T4-stress 063 n=3/pro_rata 逐笔短缺入桶数量精确相同
ok    T4-stress 063 n=3/fifo 逐笔短缺入桶数量精确相同
ok    T4-stress 063 n=3/lifo 逐笔短缺入桶数量精确相同
ok    T4-stress 063 n=3 实体集合不变
ok    T4-stress 063 n=3 D/current stock_raw 相同
ok    T4-stress 063 n=3 D/current 闭合 pct 展示值精确相同
ok    T4-stress 063 n=3 D/current 非 gap 来源逐条相同
ok    T4-stress 063 n=3 D/current |Δ| <= 4*n*2**-52*S + 2
ok    T4-stress 063 n=3 D/current 策略集合相同
ok    T4-stress 063 n=3 D/current/fifo 非 gap 来源逐条相同
ok    T4-stress 063 n=3 D/current/fifo |Δ| <= 4*n*2**-52*S + 2
ok    T4-stress 063 n=3 D/current/fifo 闭合 pct 展示值精确相同
ok    T4-stress 063 n=3 D/current/lifo 非 gap 来源逐条相同
ok    T4-stress 063 n=3 D/current/lifo |Δ| <= 4*n*2**-52*S + 2
ok    T4-stress 063 n=3 D/current/lifo 闭合 pct 展示值精确相同
ok    T4-stress 063 n=3 D/current/pro_rata 非 gap 来源逐条相同
ok    T4-stress 063 n=3 D/current/pro_rata |Δ| <= 4*n*2**-52*S + 2
ok    T4-stress 063 n=3 D/current/pro_rata 闭合 pct 展示值精确相同
ok    T4-stress 063 n=3 D/peak stock_raw 相同
ok    T4-stress 063 n=3 D/peak 闭合 pct 展示值精确相同
ok    T4-stress 063 n=3 D/peak 非 gap 来源逐条相同
ok    T4-stress 063 n=3 D/peak |Δ| <= 4*n*2**-52*S + 2
ok    T4-stress 063 n=3 D/peak 策略集合相同
ok    T4-stress 063 n=3 D/peak/fifo 非 gap 来源逐条相同
ok    T4-stress 063 n=3 D/peak/fifo |Δ| <= 4*n*2**-52*S + 2
ok    T4-stress 063 n=3 D/peak/fifo 闭合 pct 展示值精确相同
ok    T4-stress 063 n=3 D/peak/lifo 非 gap 来源逐条相同
ok    T4-stress 063 n=3 D/peak/lifo |Δ| <= 4*n*2**-52*S + 2
ok    T4-stress 063 n=3 D/peak/lifo 闭合 pct 展示值精确相同
ok    T4-stress 063 n=3 D/peak/pro_rata 非 gap 来源逐条相同
ok    T4-stress 063 n=3 D/peak/pro_rata |Δ| <= 4*n*2**-52*S + 2
ok    T4-stress 063 n=3 D/peak/pro_rata 闭合 pct 展示值精确相同
ok    T4-stress 064 n=8 实际模拟边数齐全
ok    T4-stress 064 n=8/current 两版本库存等于整数边表余额
ok    T4-stress 064 n=8/peak 两版本库存等于整数边表余额
ok    T4-stress 064 n=8 两版本供应量相同
ok    T4-stress 064 n=8/pro_rata 逐笔短缺入桶数量精确相同
ok    T4-stress 064 n=8/fifo 逐笔短缺入桶数量精确相同
ok    T4-stress 064 n=8/lifo 逐笔短缺入桶数量精确相同
ok    T4-stress 064 n=8 实体集合不变
ok    T4-stress 064 n=8 D/current stock_raw 相同
ok    T4-stress 064 n=8 D/current 闭合 pct 展示值精确相同
ok    T4-stress 064 n=8 D/current 非 gap 来源逐条相同
ok    T4-stress 064 n=8 D/current |Δ| <= 4*n*2**-52*S + 2
ok    T4-stress 064 n=8 D/current 策略集合相同
ok    T4-stress 064 n=8 D/current/fifo 非 gap 来源逐条相同
ok    T4-stress 064 n=8 D/current/fifo |Δ| <= 4*n*2**-52*S + 2
ok    T4-stress 064 n=8 D/current/fifo 闭合 pct 展示值精确相同
ok    T4-stress 064 n=8 D/current/lifo 非 gap 来源逐条相同
ok    T4-stress 064 n=8 D/current/lifo |Δ| <= 4*n*2**-52*S + 2
ok    T4-stress 064 n=8 D/current/lifo 闭合 pct 展示值精确相同
ok    T4-stress 064 n=8 D/current/pro_rata 非 gap 来源逐条相同
ok    T4-stress 064 n=8 D/current/pro_rata |Δ| <= 4*n*2**-52*S + 2
ok    T4-stress 064 n=8 D/current/pro_rata 闭合 pct 展示值精确相同
ok    T4-stress 064 n=8 D/peak stock_raw 相同
ok    T4-stress 064 n=8 D/peak 闭合 pct 展示值精确相同
ok    T4-stress 064 n=8 D/peak 非 gap 来源逐条相同
ok    T4-stress 064 n=8 D/peak |Δ| <= 4*n*2**-52*S + 2
ok    T4-stress 064 n=8 D/peak 策略集合相同
ok    T4-stress 064 n=8 D/peak/fifo 非 gap 来源逐条相同
ok    T4-stress 064 n=8 D/peak/fifo |Δ| <= 4*n*2**-52*S + 2
ok    T4-stress 064 n=8 D/peak/fifo 闭合 pct 展示值精确相同
ok    T4-stress 064 n=8 D/peak/lifo 非 gap 来源逐条相同
ok    T4-stress 064 n=8 D/peak/lifo |Δ| <= 4*n*2**-52*S + 2
ok    T4-stress 064 n=8 D/peak/lifo 闭合 pct 展示值精确相同
ok    T4-stress 064 n=8 D/peak/pro_rata 非 gap 来源逐条相同
ok    T4-stress 064 n=8 D/peak/pro_rata |Δ| <= 4*n*2**-52*S + 2
ok    T4-stress 064 n=8 D/peak/pro_rata 闭合 pct 展示值精确相同
ok    T4-stress 065 n=4 实际模拟边数齐全
ok    T4-stress 065 n=4/current 两版本库存等于整数边表余额
ok    T4-stress 065 n=4/peak 两版本库存等于整数边表余额
ok    T4-stress 065 n=4 两版本供应量相同
ok    T4-stress 065 n=4/pro_rata 逐笔短缺入桶数量精确相同
ok    T4-stress 065 n=4/fifo 逐笔短缺入桶数量精确相同
ok    T4-stress 065 n=4/lifo 逐笔短缺入桶数量精确相同
ok    T4-stress 065 n=4 实体集合不变
ok    T4-stress 065 n=4 D/current stock_raw 相同
ok    T4-stress 065 n=4 D/current 闭合 pct 展示值精确相同
ok    T4-stress 065 n=4 D/current 非 gap 来源逐条相同
ok    T4-stress 065 n=4 D/current |Δ| <= 4*n*2**-52*S + 2
ok    T4-stress 065 n=4 D/current 策略集合相同
ok    T4-stress 065 n=4 D/current/fifo 非 gap 来源逐条相同
ok    T4-stress 065 n=4 D/current/fifo |Δ| <= 4*n*2**-52*S + 2
ok    T4-stress 065 n=4 D/current/fifo 闭合 pct 展示值精确相同
ok    T4-stress 065 n=4 D/current/lifo 非 gap 来源逐条相同
ok    T4-stress 065 n=4 D/current/lifo |Δ| <= 4*n*2**-52*S + 2
ok    T4-stress 065 n=4 D/current/lifo 闭合 pct 展示值精确相同
ok    T4-stress 065 n=4 D/current/pro_rata 非 gap 来源逐条相同
ok    T4-stress 065 n=4 D/current/pro_rata |Δ| <= 4*n*2**-52*S + 2
ok    T4-stress 065 n=4 D/current/pro_rata 闭合 pct 展示值精确相同
ok    T4-stress 065 n=4 D/peak stock_raw 相同
ok    T4-stress 065 n=4 D/peak 闭合 pct 展示值精确相同
ok    T4-stress 065 n=4 D/peak 非 gap 来源逐条相同
ok    T4-stress 065 n=4 D/peak |Δ| <= 4*n*2**-52*S + 2
ok    T4-stress 065 n=4 D/peak 策略集合相同
ok    T4-stress 065 n=4 D/peak/fifo 非 gap 来源逐条相同
ok    T4-stress 065 n=4 D/peak/fifo |Δ| <= 4*n*2**-52*S + 2
ok    T4-stress 065 n=4 D/peak/fifo 闭合 pct 展示值精确相同
ok    T4-stress 065 n=4 D/peak/lifo 非 gap 来源逐条相同
ok    T4-stress 065 n=4 D/peak/lifo |Δ| <= 4*n*2**-52*S + 2
ok    T4-stress 065 n=4 D/peak/lifo 闭合 pct 展示值精确相同
ok    T4-stress 065 n=4 D/peak/pro_rata 非 gap 来源逐条相同
ok    T4-stress 065 n=4 D/peak/pro_rata |Δ| <= 4*n*2**-52*S + 2
ok    T4-stress 065 n=4 D/peak/pro_rata 闭合 pct 展示值精确相同
ok    T4-stress 066 n=8 实际模拟边数齐全
ok    T4-stress 066 n=8/current 两版本库存等于整数边表余额
ok    T4-stress 066 n=8/peak 两版本库存等于整数边表余额
ok    T4-stress 066 n=8 两版本供应量相同
ok    T4-stress 066 n=8/pro_rata 逐笔短缺入桶数量精确相同
ok    T4-stress 066 n=8/fifo 逐笔短缺入桶数量精确相同
ok    T4-stress 066 n=8/lifo 逐笔短缺入桶数量精确相同
ok    T4-stress 066 n=8 实体集合不变
ok    T4-stress 066 n=8 D/current stock_raw 相同
ok    T4-stress 066 n=8 D/current 闭合 pct 展示值精确相同
ok    T4-stress 066 n=8 D/current 非 gap 来源逐条相同
ok    T4-stress 066 n=8 D/current |Δ| <= 4*n*2**-52*S + 2
ok    T4-stress 066 n=8 D/current 策略集合相同
ok    T4-stress 066 n=8 D/current/fifo 非 gap 来源逐条相同
ok    T4-stress 066 n=8 D/current/fifo |Δ| <= 4*n*2**-52*S + 2
ok    T4-stress 066 n=8 D/current/fifo 闭合 pct 展示值精确相同
ok    T4-stress 066 n=8 D/current/lifo 非 gap 来源逐条相同
ok    T4-stress 066 n=8 D/current/lifo |Δ| <= 4*n*2**-52*S + 2
ok    T4-stress 066 n=8 D/current/lifo 闭合 pct 展示值精确相同
ok    T4-stress 066 n=8 D/current/pro_rata 非 gap 来源逐条相同
ok    T4-stress 066 n=8 D/current/pro_rata |Δ| <= 4*n*2**-52*S + 2
ok    T4-stress 066 n=8 D/current/pro_rata 闭合 pct 展示值精确相同
ok    T4-stress 066 n=8 D/peak stock_raw 相同
ok    T4-stress 066 n=8 D/peak 闭合 pct 展示值精确相同
ok    T4-stress 066 n=8 D/peak 非 gap 来源逐条相同
ok    T4-stress 066 n=8 D/peak |Δ| <= 4*n*2**-52*S + 2
ok    T4-stress 066 n=8 D/peak 策略集合相同
ok    T4-stress 066 n=8 D/peak/fifo 非 gap 来源逐条相同
ok    T4-stress 066 n=8 D/peak/fifo |Δ| <= 4*n*2**-52*S + 2
ok    T4-stress 066 n=8 D/peak/fifo 闭合 pct 展示值精确相同
ok    T4-stress 066 n=8 D/peak/lifo 非 gap 来源逐条相同
ok    T4-stress 066 n=8 D/peak/lifo |Δ| <= 4*n*2**-52*S + 2
ok    T4-stress 066 n=8 D/peak/lifo 闭合 pct 展示值精确相同
ok    T4-stress 066 n=8 D/peak/pro_rata 非 gap 来源逐条相同
ok    T4-stress 066 n=8 D/peak/pro_rata |Δ| <= 4*n*2**-52*S + 2
ok    T4-stress 066 n=8 D/peak/pro_rata 闭合 pct 展示值精确相同
ok    T4-stress 067 n=3 实际模拟边数齐全
ok    T4-stress 067 n=3/current 两版本库存等于整数边表余额
ok    T4-stress 067 n=3/peak 两版本库存等于整数边表余额
ok    T4-stress 067 n=3 两版本供应量相同
ok    T4-stress 067 n=3/pro_rata 逐笔短缺入桶数量精确相同
ok    T4-stress 067 n=3/fifo 逐笔短缺入桶数量精确相同
ok    T4-stress 067 n=3/lifo 逐笔短缺入桶数量精确相同
ok    T4-stress 067 n=3 实体集合不变
ok    T4-stress 067 n=3 D/current stock_raw 相同
ok    T4-stress 067 n=3 D/current 闭合 pct 展示值精确相同
ok    T4-stress 067 n=3 D/current 非 gap 来源逐条相同
ok    T4-stress 067 n=3 D/current |Δ| <= 4*n*2**-52*S + 2
ok    T4-stress 067 n=3 D/current 策略集合相同
ok    T4-stress 067 n=3 D/current/fifo 非 gap 来源逐条相同
ok    T4-stress 067 n=3 D/current/fifo |Δ| <= 4*n*2**-52*S + 2
ok    T4-stress 067 n=3 D/current/fifo 闭合 pct 展示值精确相同
ok    T4-stress 067 n=3 D/current/lifo 非 gap 来源逐条相同
ok    T4-stress 067 n=3 D/current/lifo |Δ| <= 4*n*2**-52*S + 2
ok    T4-stress 067 n=3 D/current/lifo 闭合 pct 展示值精确相同
ok    T4-stress 067 n=3 D/current/pro_rata 非 gap 来源逐条相同
ok    T4-stress 067 n=3 D/current/pro_rata |Δ| <= 4*n*2**-52*S + 2
ok    T4-stress 067 n=3 D/current/pro_rata 闭合 pct 展示值精确相同
ok    T4-stress 067 n=3 D/peak stock_raw 相同
ok    T4-stress 067 n=3 D/peak 闭合 pct 展示值精确相同
ok    T4-stress 067 n=3 D/peak 非 gap 来源逐条相同
ok    T4-stress 067 n=3 D/peak |Δ| <= 4*n*2**-52*S + 2
ok    T4-stress 067 n=3 D/peak 策略集合相同
ok    T4-stress 067 n=3 D/peak/fifo 非 gap 来源逐条相同
ok    T4-stress 067 n=3 D/peak/fifo |Δ| <= 4*n*2**-52*S + 2
ok    T4-stress 067 n=3 D/peak/fifo 闭合 pct 展示值精确相同
ok    T4-stress 067 n=3 D/peak/lifo 非 gap 来源逐条相同
ok    T4-stress 067 n=3 D/peak/lifo |Δ| <= 4*n*2**-52*S + 2
ok    T4-stress 067 n=3 D/peak/lifo 闭合 pct 展示值精确相同
ok    T4-stress 067 n=3 D/peak/pro_rata 非 gap 来源逐条相同
ok    T4-stress 067 n=3 D/peak/pro_rata |Δ| <= 4*n*2**-52*S + 2
ok    T4-stress 067 n=3 D/peak/pro_rata 闭合 pct 展示值精确相同
ok    T4-stress 068 n=5 实际模拟边数齐全
ok    T4-stress 068 n=5/current 两版本库存等于整数边表余额
ok    T4-stress 068 n=5/peak 两版本库存等于整数边表余额
ok    T4-stress 068 n=5 两版本供应量相同
ok    T4-stress 068 n=5/pro_rata 逐笔短缺入桶数量精确相同
ok    T4-stress 068 n=5/fifo 逐笔短缺入桶数量精确相同
ok    T4-stress 068 n=5/lifo 逐笔短缺入桶数量精确相同
ok    T4-stress 068 n=5 实体集合不变
ok    T4-stress 068 n=5 D/current stock_raw 相同
ok    T4-stress 068 n=5 D/current 闭合 pct 展示值精确相同
ok    T4-stress 068 n=5 D/current 非 gap 来源逐条相同
ok    T4-stress 068 n=5 D/current |Δ| <= 4*n*2**-52*S + 2
ok    T4-stress 068 n=5 D/current 策略集合相同
ok    T4-stress 068 n=5 D/current/fifo 非 gap 来源逐条相同
ok    T4-stress 068 n=5 D/current/fifo |Δ| <= 4*n*2**-52*S + 2
ok    T4-stress 068 n=5 D/current/fifo 闭合 pct 展示值精确相同
ok    T4-stress 068 n=5 D/current/lifo 非 gap 来源逐条相同
ok    T4-stress 068 n=5 D/current/lifo |Δ| <= 4*n*2**-52*S + 2
ok    T4-stress 068 n=5 D/current/lifo 闭合 pct 展示值精确相同
ok    T4-stress 068 n=5 D/current/pro_rata 非 gap 来源逐条相同
ok    T4-stress 068 n=5 D/current/pro_rata |Δ| <= 4*n*2**-52*S + 2
ok    T4-stress 068 n=5 D/current/pro_rata 闭合 pct 展示值精确相同
ok    T4-stress 068 n=5 D/peak stock_raw 相同
ok    T4-stress 068 n=5 D/peak 闭合 pct 展示值精确相同
ok    T4-stress 068 n=5 D/peak 非 gap 来源逐条相同
ok    T4-stress 068 n=5 D/peak |Δ| <= 4*n*2**-52*S + 2
ok    T4-stress 068 n=5 D/peak 策略集合相同
ok    T4-stress 068 n=5 D/peak/fifo 非 gap 来源逐条相同
ok    T4-stress 068 n=5 D/peak/fifo |Δ| <= 4*n*2**-52*S + 2
ok    T4-stress 068 n=5 D/peak/fifo 闭合 pct 展示值精确相同
ok    T4-stress 068 n=5 D/peak/lifo 非 gap 来源逐条相同
ok    T4-stress 068 n=5 D/peak/lifo |Δ| <= 4*n*2**-52*S + 2
ok    T4-stress 068 n=5 D/peak/lifo 闭合 pct 展示值精确相同
ok    T4-stress 068 n=5 D/peak/pro_rata 非 gap 来源逐条相同
ok    T4-stress 068 n=5 D/peak/pro_rata |Δ| <= 4*n*2**-52*S + 2
ok    T4-stress 068 n=5 D/peak/pro_rata 闭合 pct 展示值精确相同
ok    T4-stress 069 n=4 实际模拟边数齐全
ok    T4-stress 069 n=4/current 两版本库存等于整数边表余额
ok    T4-stress 069 n=4/peak 两版本库存等于整数边表余额
ok    T4-stress 069 n=4 两版本供应量相同
ok    T4-stress 069 n=4/pro_rata 逐笔短缺入桶数量精确相同
ok    T4-stress 069 n=4/fifo 逐笔短缺入桶数量精确相同
ok    T4-stress 069 n=4/lifo 逐笔短缺入桶数量精确相同
ok    T4-stress 069 n=4 实体集合不变
ok    T4-stress 069 n=4 D/current stock_raw 相同
ok    T4-stress 069 n=4 D/current 闭合 pct 展示值精确相同
ok    T4-stress 069 n=4 D/current 非 gap 来源逐条相同
ok    T4-stress 069 n=4 D/current |Δ| <= 4*n*2**-52*S + 2
ok    T4-stress 069 n=4 D/current 策略集合相同
ok    T4-stress 069 n=4 D/current/fifo 非 gap 来源逐条相同
ok    T4-stress 069 n=4 D/current/fifo |Δ| <= 4*n*2**-52*S + 2
ok    T4-stress 069 n=4 D/current/fifo 闭合 pct 展示值精确相同
ok    T4-stress 069 n=4 D/current/lifo 非 gap 来源逐条相同
ok    T4-stress 069 n=4 D/current/lifo |Δ| <= 4*n*2**-52*S + 2
ok    T4-stress 069 n=4 D/current/lifo 闭合 pct 展示值精确相同
ok    T4-stress 069 n=4 D/current/pro_rata 非 gap 来源逐条相同
ok    T4-stress 069 n=4 D/current/pro_rata |Δ| <= 4*n*2**-52*S + 2
ok    T4-stress 069 n=4 D/current/pro_rata 闭合 pct 展示值精确相同
ok    T4-stress 069 n=4 D/peak stock_raw 相同
ok    T4-stress 069 n=4 D/peak 闭合 pct 展示值精确相同
ok    T4-stress 069 n=4 D/peak 非 gap 来源逐条相同
ok    T4-stress 069 n=4 D/peak |Δ| <= 4*n*2**-52*S + 2
ok    T4-stress 069 n=4 D/peak 策略集合相同
ok    T4-stress 069 n=4 D/peak/fifo 非 gap 来源逐条相同
ok    T4-stress 069 n=4 D/peak/fifo |Δ| <= 4*n*2**-52*S + 2
ok    T4-stress 069 n=4 D/peak/fifo 闭合 pct 展示值精确相同
ok    T4-stress 069 n=4 D/peak/lifo 非 gap 来源逐条相同
ok    T4-stress 069 n=4 D/peak/lifo |Δ| <= 4*n*2**-52*S + 2
ok    T4-stress 069 n=4 D/peak/lifo 闭合 pct 展示值精确相同
ok    T4-stress 069 n=4 D/peak/pro_rata 非 gap 来源逐条相同
ok    T4-stress 069 n=4 D/peak/pro_rata |Δ| <= 4*n*2**-52*S + 2
ok    T4-stress 069 n=4 D/peak/pro_rata 闭合 pct 展示值精确相同
ok    T4-stress 070 n=3 实际模拟边数齐全
ok    T4-stress 070 n=3/current 两版本库存等于整数边表余额
ok    T4-stress 070 n=3/peak 两版本库存等于整数边表余额
ok    T4-stress 070 n=3 两版本供应量相同
ok    T4-stress 070 n=3/pro_rata 逐笔短缺入桶数量精确相同
ok    T4-stress 070 n=3/fifo 逐笔短缺入桶数量精确相同
ok    T4-stress 070 n=3/lifo 逐笔短缺入桶数量精确相同
ok    T4-stress 070 n=3 实体集合不变
ok    T4-stress 070 n=3 D/current stock_raw 相同
ok    T4-stress 070 n=3 D/current 闭合 pct 展示值精确相同
ok    T4-stress 070 n=3 D/current 非 gap 来源逐条相同
ok    T4-stress 070 n=3 D/current |Δ| <= 4*n*2**-52*S + 2
ok    T4-stress 070 n=3 D/current 策略集合相同
ok    T4-stress 070 n=3 D/current/fifo 非 gap 来源逐条相同
ok    T4-stress 070 n=3 D/current/fifo |Δ| <= 4*n*2**-52*S + 2
ok    T4-stress 070 n=3 D/current/fifo 闭合 pct 展示值精确相同
ok    T4-stress 070 n=3 D/current/lifo 非 gap 来源逐条相同
ok    T4-stress 070 n=3 D/current/lifo |Δ| <= 4*n*2**-52*S + 2
ok    T4-stress 070 n=3 D/current/lifo 闭合 pct 展示值精确相同
ok    T4-stress 070 n=3 D/current/pro_rata 非 gap 来源逐条相同
ok    T4-stress 070 n=3 D/current/pro_rata |Δ| <= 4*n*2**-52*S + 2
ok    T4-stress 070 n=3 D/current/pro_rata 闭合 pct 展示值精确相同
ok    T4-stress 070 n=3 D/peak stock_raw 相同
ok    T4-stress 070 n=3 D/peak 闭合 pct 展示值精确相同
ok    T4-stress 070 n=3 D/peak 非 gap 来源逐条相同
ok    T4-stress 070 n=3 D/peak |Δ| <= 4*n*2**-52*S + 2
ok    T4-stress 070 n=3 D/peak 策略集合相同
ok    T4-stress 070 n=3 D/peak/fifo 非 gap 来源逐条相同
ok    T4-stress 070 n=3 D/peak/fifo |Δ| <= 4*n*2**-52*S + 2
ok    T4-stress 070 n=3 D/peak/fifo 闭合 pct 展示值精确相同
ok    T4-stress 070 n=3 D/peak/lifo 非 gap 来源逐条相同
ok    T4-stress 070 n=3 D/peak/lifo |Δ| <= 4*n*2**-52*S + 2
ok    T4-stress 070 n=3 D/peak/lifo 闭合 pct 展示值精确相同
ok    T4-stress 070 n=3 D/peak/pro_rata 非 gap 来源逐条相同
ok    T4-stress 070 n=3 D/peak/pro_rata |Δ| <= 4*n*2**-52*S + 2
ok    T4-stress 070 n=3 D/peak/pro_rata 闭合 pct 展示值精确相同
ok    T4-stress 071 n=6 实际模拟边数齐全
ok    T4-stress 071 n=6/current 两版本库存等于整数边表余额
ok    T4-stress 071 n=6/peak 两版本库存等于整数边表余额
ok    T4-stress 071 n=6 两版本供应量相同
ok    T4-stress 071 n=6/pro_rata 逐笔短缺入桶数量精确相同
ok    T4-stress 071 n=6/fifo 逐笔短缺入桶数量精确相同
ok    T4-stress 071 n=6/lifo 逐笔短缺入桶数量精确相同
ok    T4-stress 071 n=6 实体集合不变
ok    T4-stress 071 n=6 D/current stock_raw 相同
ok    T4-stress 071 n=6 D/current 闭合 pct 展示值精确相同
ok    T4-stress 071 n=6 D/current 非 gap 来源逐条相同
ok    T4-stress 071 n=6 D/current |Δ| <= 4*n*2**-52*S + 2
ok    T4-stress 071 n=6 D/current 策略集合相同
ok    T4-stress 071 n=6 D/current/fifo 非 gap 来源逐条相同
ok    T4-stress 071 n=6 D/current/fifo |Δ| <= 4*n*2**-52*S + 2
ok    T4-stress 071 n=6 D/current/fifo 闭合 pct 展示值精确相同
ok    T4-stress 071 n=6 D/current/lifo 非 gap 来源逐条相同
ok    T4-stress 071 n=6 D/current/lifo |Δ| <= 4*n*2**-52*S + 2
ok    T4-stress 071 n=6 D/current/lifo 闭合 pct 展示值精确相同
ok    T4-stress 071 n=6 D/current/pro_rata 非 gap 来源逐条相同
ok    T4-stress 071 n=6 D/current/pro_rata |Δ| <= 4*n*2**-52*S + 2
ok    T4-stress 071 n=6 D/current/pro_rata 闭合 pct 展示值精确相同
ok    T4-stress 071 n=6 D/peak stock_raw 相同
ok    T4-stress 071 n=6 D/peak 闭合 pct 展示值精确相同
ok    T4-stress 071 n=6 D/peak 非 gap 来源逐条相同
ok    T4-stress 071 n=6 D/peak |Δ| <= 4*n*2**-52*S + 2
ok    T4-stress 071 n=6 D/peak 策略集合相同
ok    T4-stress 071 n=6 D/peak/fifo 非 gap 来源逐条相同
ok    T4-stress 071 n=6 D/peak/fifo |Δ| <= 4*n*2**-52*S + 2
ok    T4-stress 071 n=6 D/peak/fifo 闭合 pct 展示值精确相同
ok    T4-stress 071 n=6 D/peak/lifo 非 gap 来源逐条相同
ok    T4-stress 071 n=6 D/peak/lifo |Δ| <= 4*n*2**-52*S + 2
ok    T4-stress 071 n=6 D/peak/lifo 闭合 pct 展示值精确相同
ok    T4-stress 071 n=6 D/peak/pro_rata 非 gap 来源逐条相同
ok    T4-stress 071 n=6 D/peak/pro_rata |Δ| <= 4*n*2**-52*S + 2
ok    T4-stress 071 n=6 D/peak/pro_rata 闭合 pct 展示值精确相同
ok    T4-stress 072 n=8 实际模拟边数齐全
ok    T4-stress 072 n=8/current 两版本库存等于整数边表余额
ok    T4-stress 072 n=8/peak 两版本库存等于整数边表余额
ok    T4-stress 072 n=8 两版本供应量相同
ok    T4-stress 072 n=8/pro_rata 逐笔短缺入桶数量精确相同
ok    T4-stress 072 n=8/fifo 逐笔短缺入桶数量精确相同
ok    T4-stress 072 n=8/lifo 逐笔短缺入桶数量精确相同
ok    T4-stress 072 n=8 实体集合不变
ok    T4-stress 072 n=8 D/current stock_raw 相同
ok    T4-stress 072 n=8 D/current 闭合 pct 展示值精确相同
ok    T4-stress 072 n=8 D/current 非 gap 来源逐条相同
ok    T4-stress 072 n=8 D/current |Δ| <= 4*n*2**-52*S + 2
ok    T4-stress 072 n=8 D/current 策略集合相同
ok    T4-stress 072 n=8 D/current/fifo 非 gap 来源逐条相同
ok    T4-stress 072 n=8 D/current/fifo |Δ| <= 4*n*2**-52*S + 2
ok    T4-stress 072 n=8 D/current/fifo 闭合 pct 展示值精确相同
ok    T4-stress 072 n=8 D/current/lifo 非 gap 来源逐条相同
ok    T4-stress 072 n=8 D/current/lifo |Δ| <= 4*n*2**-52*S + 2
ok    T4-stress 072 n=8 D/current/lifo 闭合 pct 展示值精确相同
ok    T4-stress 072 n=8 D/current/pro_rata 非 gap 来源逐条相同
ok    T4-stress 072 n=8 D/current/pro_rata |Δ| <= 4*n*2**-52*S + 2
ok    T4-stress 072 n=8 D/current/pro_rata 闭合 pct 展示值精确相同
ok    T4-stress 072 n=8 D/peak stock_raw 相同
ok    T4-stress 072 n=8 D/peak 闭合 pct 展示值精确相同
ok    T4-stress 072 n=8 D/peak 非 gap 来源逐条相同
ok    T4-stress 072 n=8 D/peak |Δ| <= 4*n*2**-52*S + 2
ok    T4-stress 072 n=8 D/peak 策略集合相同
ok    T4-stress 072 n=8 D/peak/fifo 非 gap 来源逐条相同
ok    T4-stress 072 n=8 D/peak/fifo |Δ| <= 4*n*2**-52*S + 2
ok    T4-stress 072 n=8 D/peak/fifo 闭合 pct 展示值精确相同
ok    T4-stress 072 n=8 D/peak/lifo 非 gap 来源逐条相同
ok    T4-stress 072 n=8 D/peak/lifo |Δ| <= 4*n*2**-52*S + 2
ok    T4-stress 072 n=8 D/peak/lifo 闭合 pct 展示值精确相同
ok    T4-stress 072 n=8 D/peak/pro_rata 非 gap 来源逐条相同
ok    T4-stress 072 n=8 D/peak/pro_rata |Δ| <= 4*n*2**-52*S + 2
ok    T4-stress 072 n=8 D/peak/pro_rata 闭合 pct 展示值精确相同
ok    T4-stress 073 n=7 实际模拟边数齐全
ok    T4-stress 073 n=7/current 两版本库存等于整数边表余额
ok    T4-stress 073 n=7/peak 两版本库存等于整数边表余额
ok    T4-stress 073 n=7 两版本供应量相同
ok    T4-stress 073 n=7/pro_rata 逐笔短缺入桶数量精确相同
ok    T4-stress 073 n=7/fifo 逐笔短缺入桶数量精确相同
ok    T4-stress 073 n=7/lifo 逐笔短缺入桶数量精确相同
ok    T4-stress 073 n=7 实体集合不变
ok    T4-stress 073 n=7 D/current stock_raw 相同
ok    T4-stress 073 n=7 D/current 闭合 pct 展示值精确相同
ok    T4-stress 073 n=7 D/current 非 gap 来源逐条相同
ok    T4-stress 073 n=7 D/current |Δ| <= 4*n*2**-52*S + 2
ok    T4-stress 073 n=7 D/current 策略集合相同
ok    T4-stress 073 n=7 D/current/fifo 非 gap 来源逐条相同
ok    T4-stress 073 n=7 D/current/fifo |Δ| <= 4*n*2**-52*S + 2
ok    T4-stress 073 n=7 D/current/fifo 闭合 pct 展示值精确相同
ok    T4-stress 073 n=7 D/current/lifo 非 gap 来源逐条相同
ok    T4-stress 073 n=7 D/current/lifo |Δ| <= 4*n*2**-52*S + 2
ok    T4-stress 073 n=7 D/current/lifo 闭合 pct 展示值精确相同
ok    T4-stress 073 n=7 D/current/pro_rata 非 gap 来源逐条相同
ok    T4-stress 073 n=7 D/current/pro_rata |Δ| <= 4*n*2**-52*S + 2
ok    T4-stress 073 n=7 D/current/pro_rata 闭合 pct 展示值精确相同
ok    T4-stress 073 n=7 D/peak stock_raw 相同
ok    T4-stress 073 n=7 D/peak 闭合 pct 展示值精确相同
ok    T4-stress 073 n=7 D/peak 非 gap 来源逐条相同
ok    T4-stress 073 n=7 D/peak |Δ| <= 4*n*2**-52*S + 2
ok    T4-stress 073 n=7 D/peak 策略集合相同
ok    T4-stress 073 n=7 D/peak/fifo 非 gap 来源逐条相同
ok    T4-stress 073 n=7 D/peak/fifo |Δ| <= 4*n*2**-52*S + 2
ok    T4-stress 073 n=7 D/peak/fifo 闭合 pct 展示值精确相同
ok    T4-stress 073 n=7 D/peak/lifo 非 gap 来源逐条相同
ok    T4-stress 073 n=7 D/peak/lifo |Δ| <= 4*n*2**-52*S + 2
ok    T4-stress 073 n=7 D/peak/lifo 闭合 pct 展示值精确相同
ok    T4-stress 073 n=7 D/peak/pro_rata 非 gap 来源逐条相同
ok    T4-stress 073 n=7 D/peak/pro_rata |Δ| <= 4*n*2**-52*S + 2
ok    T4-stress 073 n=7 D/peak/pro_rata 闭合 pct 展示值精确相同
ok    T4-stress 074 n=4 实际模拟边数齐全
ok    T4-stress 074 n=4/current 两版本库存等于整数边表余额
ok    T4-stress 074 n=4/peak 两版本库存等于整数边表余额
ok    T4-stress 074 n=4 两版本供应量相同
ok    T4-stress 074 n=4/pro_rata 逐笔短缺入桶数量精确相同
ok    T4-stress 074 n=4/fifo 逐笔短缺入桶数量精确相同
ok    T4-stress 074 n=4/lifo 逐笔短缺入桶数量精确相同
ok    T4-stress 074 n=4 实体集合不变
ok    T4-stress 074 n=4 D/current stock_raw 相同
ok    T4-stress 074 n=4 D/current 闭合 pct 展示值精确相同
ok    T4-stress 074 n=4 D/current 非 gap 来源逐条相同
ok    T4-stress 074 n=4 D/current |Δ| <= 4*n*2**-52*S + 2
ok    T4-stress 074 n=4 D/current 策略集合相同
ok    T4-stress 074 n=4 D/current/fifo 非 gap 来源逐条相同
ok    T4-stress 074 n=4 D/current/fifo |Δ| <= 4*n*2**-52*S + 2
ok    T4-stress 074 n=4 D/current/fifo 闭合 pct 展示值精确相同
ok    T4-stress 074 n=4 D/current/lifo 非 gap 来源逐条相同
ok    T4-stress 074 n=4 D/current/lifo |Δ| <= 4*n*2**-52*S + 2
ok    T4-stress 074 n=4 D/current/lifo 闭合 pct 展示值精确相同
ok    T4-stress 074 n=4 D/current/pro_rata 非 gap 来源逐条相同
ok    T4-stress 074 n=4 D/current/pro_rata |Δ| <= 4*n*2**-52*S + 2
ok    T4-stress 074 n=4 D/current/pro_rata 闭合 pct 展示值精确相同
ok    T4-stress 074 n=4 D/peak stock_raw 相同
ok    T4-stress 074 n=4 D/peak 闭合 pct 展示值精确相同
ok    T4-stress 074 n=4 D/peak 非 gap 来源逐条相同
ok    T4-stress 074 n=4 D/peak |Δ| <= 4*n*2**-52*S + 2
ok    T4-stress 074 n=4 D/peak 策略集合相同
ok    T4-stress 074 n=4 D/peak/fifo 非 gap 来源逐条相同
ok    T4-stress 074 n=4 D/peak/fifo |Δ| <= 4*n*2**-52*S + 2
ok    T4-stress 074 n=4 D/peak/fifo 闭合 pct 展示值精确相同
ok    T4-stress 074 n=4 D/peak/lifo 非 gap 来源逐条相同
ok    T4-stress 074 n=4 D/peak/lifo |Δ| <= 4*n*2**-52*S + 2
ok    T4-stress 074 n=4 D/peak/lifo 闭合 pct 展示值精确相同
ok    T4-stress 074 n=4 D/peak/pro_rata 非 gap 来源逐条相同
ok    T4-stress 074 n=4 D/peak/pro_rata |Δ| <= 4*n*2**-52*S + 2
ok    T4-stress 074 n=4 D/peak/pro_rata 闭合 pct 展示值精确相同
ok    T4-stress 075 n=3 实际模拟边数齐全
ok    T4-stress 075 n=3/current 两版本库存等于整数边表余额
ok    T4-stress 075 n=3/peak 两版本库存等于整数边表余额
ok    T4-stress 075 n=3 两版本供应量相同
ok    T4-stress 075 n=3/pro_rata 逐笔短缺入桶数量精确相同
ok    T4-stress 075 n=3/fifo 逐笔短缺入桶数量精确相同
ok    T4-stress 075 n=3/lifo 逐笔短缺入桶数量精确相同
ok    T4-stress 075 n=3 实体集合不变
ok    T4-stress 075 n=3 D/current stock_raw 相同
ok    T4-stress 075 n=3 D/current 闭合 pct 展示值精确相同
ok    T4-stress 075 n=3 D/current 非 gap 来源逐条相同
ok    T4-stress 075 n=3 D/current |Δ| <= 4*n*2**-52*S + 2
ok    T4-stress 075 n=3 D/current 策略集合相同
ok    T4-stress 075 n=3 D/current/fifo 非 gap 来源逐条相同
ok    T4-stress 075 n=3 D/current/fifo |Δ| <= 4*n*2**-52*S + 2
ok    T4-stress 075 n=3 D/current/fifo 闭合 pct 展示值精确相同
ok    T4-stress 075 n=3 D/current/lifo 非 gap 来源逐条相同
ok    T4-stress 075 n=3 D/current/lifo |Δ| <= 4*n*2**-52*S + 2
ok    T4-stress 075 n=3 D/current/lifo 闭合 pct 展示值精确相同
ok    T4-stress 075 n=3 D/current/pro_rata 非 gap 来源逐条相同
ok    T4-stress 075 n=3 D/current/pro_rata |Δ| <= 4*n*2**-52*S + 2
ok    T4-stress 075 n=3 D/current/pro_rata 闭合 pct 展示值精确相同
ok    T4-stress 075 n=3 D/peak stock_raw 相同
ok    T4-stress 075 n=3 D/peak 闭合 pct 展示值精确相同
ok    T4-stress 075 n=3 D/peak 非 gap 来源逐条相同
ok    T4-stress 075 n=3 D/peak |Δ| <= 4*n*2**-52*S + 2
ok    T4-stress 075 n=3 D/peak 策略集合相同
ok    T4-stress 075 n=3 D/peak/fifo 非 gap 来源逐条相同
ok    T4-stress 075 n=3 D/peak/fifo |Δ| <= 4*n*2**-52*S + 2
ok    T4-stress 075 n=3 D/peak/fifo 闭合 pct 展示值精确相同
ok    T4-stress 075 n=3 D/peak/lifo 非 gap 来源逐条相同
ok    T4-stress 075 n=3 D/peak/lifo |Δ| <= 4*n*2**-52*S + 2
ok    T4-stress 075 n=3 D/peak/lifo 闭合 pct 展示值精确相同
ok    T4-stress 075 n=3 D/peak/pro_rata 非 gap 来源逐条相同
ok    T4-stress 075 n=3 D/peak/pro_rata |Δ| <= 4*n*2**-52*S + 2
ok    T4-stress 075 n=3 D/peak/pro_rata 闭合 pct 展示值精确相同
ok    T4-stress 076 n=3 实际模拟边数齐全
ok    T4-stress 076 n=3/current 两版本库存等于整数边表余额
ok    T4-stress 076 n=3/peak 两版本库存等于整数边表余额
ok    T4-stress 076 n=3 两版本供应量相同
ok    T4-stress 076 n=3/pro_rata 逐笔短缺入桶数量精确相同
ok    T4-stress 076 n=3/fifo 逐笔短缺入桶数量精确相同
ok    T4-stress 076 n=3/lifo 逐笔短缺入桶数量精确相同
ok    T4-stress 076 n=3 实体集合不变
ok    T4-stress 076 n=3 D/current stock_raw 相同
ok    T4-stress 076 n=3 D/current 闭合 pct 展示值精确相同
ok    T4-stress 076 n=3 D/current 非 gap 来源逐条相同
ok    T4-stress 076 n=3 D/current |Δ| <= 4*n*2**-52*S + 2
ok    T4-stress 076 n=3 D/current 策略集合相同
ok    T4-stress 076 n=3 D/current/fifo 非 gap 来源逐条相同
ok    T4-stress 076 n=3 D/current/fifo |Δ| <= 4*n*2**-52*S + 2
ok    T4-stress 076 n=3 D/current/fifo 闭合 pct 展示值精确相同
ok    T4-stress 076 n=3 D/current/lifo 非 gap 来源逐条相同
ok    T4-stress 076 n=3 D/current/lifo |Δ| <= 4*n*2**-52*S + 2
ok    T4-stress 076 n=3 D/current/lifo 闭合 pct 展示值精确相同
ok    T4-stress 076 n=3 D/current/pro_rata 非 gap 来源逐条相同
ok    T4-stress 076 n=3 D/current/pro_rata |Δ| <= 4*n*2**-52*S + 2
ok    T4-stress 076 n=3 D/current/pro_rata 闭合 pct 展示值精确相同
ok    T4-stress 076 n=3 D/peak stock_raw 相同
ok    T4-stress 076 n=3 D/peak 闭合 pct 展示值精确相同
ok    T4-stress 076 n=3 D/peak 非 gap 来源逐条相同
ok    T4-stress 076 n=3 D/peak |Δ| <= 4*n*2**-52*S + 2
ok    T4-stress 076 n=3 D/peak 策略集合相同
ok    T4-stress 076 n=3 D/peak/fifo 非 gap 来源逐条相同
ok    T4-stress 076 n=3 D/peak/fifo |Δ| <= 4*n*2**-52*S + 2
ok    T4-stress 076 n=3 D/peak/fifo 闭合 pct 展示值精确相同
ok    T4-stress 076 n=3 D/peak/lifo 非 gap 来源逐条相同
ok    T4-stress 076 n=3 D/peak/lifo |Δ| <= 4*n*2**-52*S + 2
ok    T4-stress 076 n=3 D/peak/lifo 闭合 pct 展示值精确相同
ok    T4-stress 076 n=3 D/peak/pro_rata 非 gap 来源逐条相同
ok    T4-stress 076 n=3 D/peak/pro_rata |Δ| <= 4*n*2**-52*S + 2
ok    T4-stress 076 n=3 D/peak/pro_rata 闭合 pct 展示值精确相同
ok    T4-stress 077 n=7 实际模拟边数齐全
ok    T4-stress 077 n=7/current 两版本库存等于整数边表余额
ok    T4-stress 077 n=7/peak 两版本库存等于整数边表余额
ok    T4-stress 077 n=7 两版本供应量相同
ok    T4-stress 077 n=7/pro_rata 逐笔短缺入桶数量精确相同
ok    T4-stress 077 n=7/fifo 逐笔短缺入桶数量精确相同
ok    T4-stress 077 n=7/lifo 逐笔短缺入桶数量精确相同
ok    T4-stress 077 n=7 实体集合不变
ok    T4-stress 077 n=7 D/current stock_raw 相同
ok    T4-stress 077 n=7 D/current 闭合 pct 展示值精确相同
ok    T4-stress 077 n=7 D/current 非 gap 来源逐条相同
ok    T4-stress 077 n=7 D/current |Δ| <= 4*n*2**-52*S + 2
ok    T4-stress 077 n=7 D/current 策略集合相同
ok    T4-stress 077 n=7 D/current/fifo 非 gap 来源逐条相同
ok    T4-stress 077 n=7 D/current/fifo |Δ| <= 4*n*2**-52*S + 2
ok    T4-stress 077 n=7 D/current/fifo 闭合 pct 展示值精确相同
ok    T4-stress 077 n=7 D/current/lifo 非 gap 来源逐条相同
ok    T4-stress 077 n=7 D/current/lifo |Δ| <= 4*n*2**-52*S + 2
ok    T4-stress 077 n=7 D/current/lifo 闭合 pct 展示值精确相同
ok    T4-stress 077 n=7 D/current/pro_rata 非 gap 来源逐条相同
ok    T4-stress 077 n=7 D/current/pro_rata |Δ| <= 4*n*2**-52*S + 2
ok    T4-stress 077 n=7 D/current/pro_rata 闭合 pct 展示值精确相同
ok    T4-stress 077 n=7 D/peak stock_raw 相同
ok    T4-stress 077 n=7 D/peak 闭合 pct 展示值精确相同
ok    T4-stress 077 n=7 D/peak 非 gap 来源逐条相同
ok    T4-stress 077 n=7 D/peak |Δ| <= 4*n*2**-52*S + 2
ok    T4-stress 077 n=7 D/peak 策略集合相同
ok    T4-stress 077 n=7 D/peak/fifo 非 gap 来源逐条相同
ok    T4-stress 077 n=7 D/peak/fifo |Δ| <= 4*n*2**-52*S + 2
ok    T4-stress 077 n=7 D/peak/fifo 闭合 pct 展示值精确相同
ok    T4-stress 077 n=7 D/peak/lifo 非 gap 来源逐条相同
ok    T4-stress 077 n=7 D/peak/lifo |Δ| <= 4*n*2**-52*S + 2
ok    T4-stress 077 n=7 D/peak/lifo 闭合 pct 展示值精确相同
ok    T4-stress 077 n=7 D/peak/pro_rata 非 gap 来源逐条相同
ok    T4-stress 077 n=7 D/peak/pro_rata |Δ| <= 4*n*2**-52*S + 2
ok    T4-stress 077 n=7 D/peak/pro_rata 闭合 pct 展示值精确相同
ok    T4-stress 078 n=6 实际模拟边数齐全
ok    T4-stress 078 n=6/current 两版本库存等于整数边表余额
ok    T4-stress 078 n=6/peak 两版本库存等于整数边表余额
ok    T4-stress 078 n=6 两版本供应量相同
ok    T4-stress 078 n=6/pro_rata 逐笔短缺入桶数量精确相同
ok    T4-stress 078 n=6/fifo 逐笔短缺入桶数量精确相同
ok    T4-stress 078 n=6/lifo 逐笔短缺入桶数量精确相同
ok    T4-stress 078 n=6 实体集合不变
ok    T4-stress 078 n=6 D/current stock_raw 相同
ok    T4-stress 078 n=6 D/current 闭合 pct 展示值精确相同
ok    T4-stress 078 n=6 D/current 非 gap 来源逐条相同
ok    T4-stress 078 n=6 D/current |Δ| <= 4*n*2**-52*S + 2
ok    T4-stress 078 n=6 D/current 策略集合相同
ok    T4-stress 078 n=6 D/current/fifo 非 gap 来源逐条相同
ok    T4-stress 078 n=6 D/current/fifo |Δ| <= 4*n*2**-52*S + 2
ok    T4-stress 078 n=6 D/current/fifo 闭合 pct 展示值精确相同
ok    T4-stress 078 n=6 D/current/lifo 非 gap 来源逐条相同
ok    T4-stress 078 n=6 D/current/lifo |Δ| <= 4*n*2**-52*S + 2
ok    T4-stress 078 n=6 D/current/lifo 闭合 pct 展示值精确相同
ok    T4-stress 078 n=6 D/current/pro_rata 非 gap 来源逐条相同
ok    T4-stress 078 n=6 D/current/pro_rata |Δ| <= 4*n*2**-52*S + 2
ok    T4-stress 078 n=6 D/current/pro_rata 闭合 pct 展示值精确相同
ok    T4-stress 078 n=6 D/peak stock_raw 相同
ok    T4-stress 078 n=6 D/peak 闭合 pct 展示值精确相同
ok    T4-stress 078 n=6 D/peak 非 gap 来源逐条相同
ok    T4-stress 078 n=6 D/peak |Δ| <= 4*n*2**-52*S + 2
ok    T4-stress 078 n=6 D/peak 策略集合相同
ok    T4-stress 078 n=6 D/peak/fifo 非 gap 来源逐条相同
ok    T4-stress 078 n=6 D/peak/fifo |Δ| <= 4*n*2**-52*S + 2
ok    T4-stress 078 n=6 D/peak/fifo 闭合 pct 展示值精确相同
ok    T4-stress 078 n=6 D/peak/lifo 非 gap 来源逐条相同
ok    T4-stress 078 n=6 D/peak/lifo |Δ| <= 4*n*2**-52*S + 2
ok    T4-stress 078 n=6 D/peak/lifo 闭合 pct 展示值精确相同
ok    T4-stress 078 n=6 D/peak/pro_rata 非 gap 来源逐条相同
ok    T4-stress 078 n=6 D/peak/pro_rata |Δ| <= 4*n*2**-52*S + 2
ok    T4-stress 078 n=6 D/peak/pro_rata 闭合 pct 展示值精确相同
ok    T4-stress 079 n=7 实际模拟边数齐全
ok    T4-stress 079 n=7/current 两版本库存等于整数边表余额
ok    T4-stress 079 n=7/peak 两版本库存等于整数边表余额
ok    T4-stress 079 n=7 两版本供应量相同
ok    T4-stress 079 n=7/pro_rata 逐笔短缺入桶数量精确相同
ok    T4-stress 079 n=7/fifo 逐笔短缺入桶数量精确相同
ok    T4-stress 079 n=7/lifo 逐笔短缺入桶数量精确相同
ok    T4-stress 079 n=7 实体集合不变
ok    T4-stress 079 n=7 D/current stock_raw 相同
ok    T4-stress 079 n=7 D/current 闭合 pct 展示值精确相同
ok    T4-stress 079 n=7 D/current 非 gap 来源逐条相同
ok    T4-stress 079 n=7 D/current |Δ| <= 4*n*2**-52*S + 2
ok    T4-stress 079 n=7 D/current 策略集合相同
ok    T4-stress 079 n=7 D/current/fifo 非 gap 来源逐条相同
ok    T4-stress 079 n=7 D/current/fifo |Δ| <= 4*n*2**-52*S + 2
ok    T4-stress 079 n=7 D/current/fifo 闭合 pct 展示值精确相同
ok    T4-stress 079 n=7 D/current/lifo 非 gap 来源逐条相同
ok    T4-stress 079 n=7 D/current/lifo |Δ| <= 4*n*2**-52*S + 2
ok    T4-stress 079 n=7 D/current/lifo 闭合 pct 展示值精确相同
ok    T4-stress 079 n=7 D/current/pro_rata 非 gap 来源逐条相同
ok    T4-stress 079 n=7 D/current/pro_rata |Δ| <= 4*n*2**-52*S + 2
ok    T4-stress 079 n=7 D/current/pro_rata 闭合 pct 展示值精确相同
ok    T4-stress 079 n=7 D/peak stock_raw 相同
ok    T4-stress 079 n=7 D/peak 闭合 pct 展示值精确相同
ok    T4-stress 079 n=7 D/peak 非 gap 来源逐条相同
ok    T4-stress 079 n=7 D/peak |Δ| <= 4*n*2**-52*S + 2
ok    T4-stress 079 n=7 D/peak 策略集合相同
ok    T4-stress 079 n=7 D/peak/fifo 非 gap 来源逐条相同
ok    T4-stress 079 n=7 D/peak/fifo |Δ| <= 4*n*2**-52*S + 2
ok    T4-stress 079 n=7 D/peak/fifo 闭合 pct 展示值精确相同
ok    T4-stress 079 n=7 D/peak/lifo 非 gap 来源逐条相同
ok    T4-stress 079 n=7 D/peak/lifo |Δ| <= 4*n*2**-52*S + 2
ok    T4-stress 079 n=7 D/peak/lifo 闭合 pct 展示值精确相同
ok    T4-stress 079 n=7 D/peak/pro_rata 非 gap 来源逐条相同
ok    T4-stress 079 n=7 D/peak/pro_rata |Δ| <= 4*n*2**-52*S + 2
ok    T4-stress 079 n=7 D/peak/pro_rata 闭合 pct 展示值精确相同
ok    T4-stress 080 n=3 实际模拟边数齐全
ok    T4-stress 080 n=3/current 两版本库存等于整数边表余额
ok    T4-stress 080 n=3/peak 两版本库存等于整数边表余额
ok    T4-stress 080 n=3 两版本供应量相同
ok    T4-stress 080 n=3/pro_rata 逐笔短缺入桶数量精确相同
ok    T4-stress 080 n=3/fifo 逐笔短缺入桶数量精确相同
ok    T4-stress 080 n=3/lifo 逐笔短缺入桶数量精确相同
ok    T4-stress 080 n=3 实体集合不变
ok    T4-stress 080 n=3 D/current stock_raw 相同
ok    T4-stress 080 n=3 D/current 闭合 pct 展示值精确相同
ok    T4-stress 080 n=3 D/current 非 gap 来源逐条相同
ok    T4-stress 080 n=3 D/current |Δ| <= 4*n*2**-52*S + 2
ok    T4-stress 080 n=3 D/current 策略集合相同
ok    T4-stress 080 n=3 D/current/fifo 非 gap 来源逐条相同
ok    T4-stress 080 n=3 D/current/fifo |Δ| <= 4*n*2**-52*S + 2
ok    T4-stress 080 n=3 D/current/fifo 闭合 pct 展示值精确相同
ok    T4-stress 080 n=3 D/current/lifo 非 gap 来源逐条相同
ok    T4-stress 080 n=3 D/current/lifo |Δ| <= 4*n*2**-52*S + 2
ok    T4-stress 080 n=3 D/current/lifo 闭合 pct 展示值精确相同
ok    T4-stress 080 n=3 D/current/pro_rata 非 gap 来源逐条相同
ok    T4-stress 080 n=3 D/current/pro_rata |Δ| <= 4*n*2**-52*S + 2
ok    T4-stress 080 n=3 D/current/pro_rata 闭合 pct 展示值精确相同
ok    T4-stress 080 n=3 D/peak stock_raw 相同
ok    T4-stress 080 n=3 D/peak 闭合 pct 展示值精确相同
ok    T4-stress 080 n=3 D/peak 非 gap 来源逐条相同
ok    T4-stress 080 n=3 D/peak |Δ| <= 4*n*2**-52*S + 2
ok    T4-stress 080 n=3 D/peak 策略集合相同
ok    T4-stress 080 n=3 D/peak/fifo 非 gap 来源逐条相同
ok    T4-stress 080 n=3 D/peak/fifo |Δ| <= 4*n*2**-52*S + 2
ok    T4-stress 080 n=3 D/peak/fifo 闭合 pct 展示值精确相同
ok    T4-stress 080 n=3 D/peak/lifo 非 gap 来源逐条相同
ok    T4-stress 080 n=3 D/peak/lifo |Δ| <= 4*n*2**-52*S + 2
ok    T4-stress 080 n=3 D/peak/lifo 闭合 pct 展示值精确相同
ok    T4-stress 080 n=3 D/peak/pro_rata 非 gap 来源逐条相同
ok    T4-stress 080 n=3 D/peak/pro_rata |Δ| <= 4*n*2**-52*S + 2
ok    T4-stress 080 n=3 D/peak/pro_rata 闭合 pct 展示值精确相同
ok    T4-stress 081 n=5 实际模拟边数齐全
ok    T4-stress 081 n=5/current 两版本库存等于整数边表余额
ok    T4-stress 081 n=5/peak 两版本库存等于整数边表余额
ok    T4-stress 081 n=5 两版本供应量相同
ok    T4-stress 081 n=5/pro_rata 逐笔短缺入桶数量精确相同
ok    T4-stress 081 n=5/fifo 逐笔短缺入桶数量精确相同
ok    T4-stress 081 n=5/lifo 逐笔短缺入桶数量精确相同
ok    T4-stress 081 n=5 实体集合不变
ok    T4-stress 081 n=5 D/current stock_raw 相同
ok    T4-stress 081 n=5 D/current 闭合 pct 展示值精确相同
ok    T4-stress 081 n=5 D/current 非 gap 来源逐条相同
ok    T4-stress 081 n=5 D/current |Δ| <= 4*n*2**-52*S + 2
ok    T4-stress 081 n=5 D/current 策略集合相同
ok    T4-stress 081 n=5 D/current/fifo 非 gap 来源逐条相同
ok    T4-stress 081 n=5 D/current/fifo |Δ| <= 4*n*2**-52*S + 2
ok    T4-stress 081 n=5 D/current/fifo 闭合 pct 展示值精确相同
ok    T4-stress 081 n=5 D/current/lifo 非 gap 来源逐条相同
ok    T4-stress 081 n=5 D/current/lifo |Δ| <= 4*n*2**-52*S + 2
ok    T4-stress 081 n=5 D/current/lifo 闭合 pct 展示值精确相同
ok    T4-stress 081 n=5 D/current/pro_rata 非 gap 来源逐条相同
ok    T4-stress 081 n=5 D/current/pro_rata |Δ| <= 4*n*2**-52*S + 2
ok    T4-stress 081 n=5 D/current/pro_rata 闭合 pct 展示值精确相同
ok    T4-stress 081 n=5 D/peak stock_raw 相同
ok    T4-stress 081 n=5 D/peak 闭合 pct 展示值精确相同
ok    T4-stress 081 n=5 D/peak 非 gap 来源逐条相同
ok    T4-stress 081 n=5 D/peak |Δ| <= 4*n*2**-52*S + 2
ok    T4-stress 081 n=5 D/peak 策略集合相同
ok    T4-stress 081 n=5 D/peak/fifo 非 gap 来源逐条相同
ok    T4-stress 081 n=5 D/peak/fifo |Δ| <= 4*n*2**-52*S + 2
ok    T4-stress 081 n=5 D/peak/fifo 闭合 pct 展示值精确相同
ok    T4-stress 081 n=5 D/peak/lifo 非 gap 来源逐条相同
ok    T4-stress 081 n=5 D/peak/lifo |Δ| <= 4*n*2**-52*S + 2
ok    T4-stress 081 n=5 D/peak/lifo 闭合 pct 展示值精确相同
ok    T4-stress 081 n=5 D/peak/pro_rata 非 gap 来源逐条相同
ok    T4-stress 081 n=5 D/peak/pro_rata |Δ| <= 4*n*2**-52*S + 2
ok    T4-stress 081 n=5 D/peak/pro_rata 闭合 pct 展示值精确相同
ok    T4-stress 082 n=6 实际模拟边数齐全
ok    T4-stress 082 n=6/current 两版本库存等于整数边表余额
ok    T4-stress 082 n=6/peak 两版本库存等于整数边表余额
ok    T4-stress 082 n=6 两版本供应量相同
ok    T4-stress 082 n=6/pro_rata 逐笔短缺入桶数量精确相同
ok    T4-stress 082 n=6/fifo 逐笔短缺入桶数量精确相同
ok    T4-stress 082 n=6/lifo 逐笔短缺入桶数量精确相同
ok    T4-stress 082 n=6 实体集合不变
ok    T4-stress 082 n=6 D/current stock_raw 相同
ok    T4-stress 082 n=6 D/current 闭合 pct 展示值精确相同
ok    T4-stress 082 n=6 D/current 非 gap 来源逐条相同
ok    T4-stress 082 n=6 D/current |Δ| <= 4*n*2**-52*S + 2
ok    T4-stress 082 n=6 D/current 策略集合相同
ok    T4-stress 082 n=6 D/current/fifo 非 gap 来源逐条相同
ok    T4-stress 082 n=6 D/current/fifo |Δ| <= 4*n*2**-52*S + 2
ok    T4-stress 082 n=6 D/current/fifo 闭合 pct 展示值精确相同
ok    T4-stress 082 n=6 D/current/lifo 非 gap 来源逐条相同
ok    T4-stress 082 n=6 D/current/lifo |Δ| <= 4*n*2**-52*S + 2
ok    T4-stress 082 n=6 D/current/lifo 闭合 pct 展示值精确相同
ok    T4-stress 082 n=6 D/current/pro_rata 非 gap 来源逐条相同
ok    T4-stress 082 n=6 D/current/pro_rata |Δ| <= 4*n*2**-52*S + 2
ok    T4-stress 082 n=6 D/current/pro_rata 闭合 pct 展示值精确相同
ok    T4-stress 082 n=6 D/peak stock_raw 相同
ok    T4-stress 082 n=6 D/peak 闭合 pct 展示值精确相同
ok    T4-stress 082 n=6 D/peak 非 gap 来源逐条相同
ok    T4-stress 082 n=6 D/peak |Δ| <= 4*n*2**-52*S + 2
ok    T4-stress 082 n=6 D/peak 策略集合相同
ok    T4-stress 082 n=6 D/peak/fifo 非 gap 来源逐条相同
ok    T4-stress 082 n=6 D/peak/fifo |Δ| <= 4*n*2**-52*S + 2
ok    T4-stress 082 n=6 D/peak/fifo 闭合 pct 展示值精确相同
ok    T4-stress 082 n=6 D/peak/lifo 非 gap 来源逐条相同
ok    T4-stress 082 n=6 D/peak/lifo |Δ| <= 4*n*2**-52*S + 2
ok    T4-stress 082 n=6 D/peak/lifo 闭合 pct 展示值精确相同
ok    T4-stress 082 n=6 D/peak/pro_rata 非 gap 来源逐条相同
ok    T4-stress 082 n=6 D/peak/pro_rata |Δ| <= 4*n*2**-52*S + 2
ok    T4-stress 082 n=6 D/peak/pro_rata 闭合 pct 展示值精确相同
ok    T4-stress 083 n=5 实际模拟边数齐全
ok    T4-stress 083 n=5/current 两版本库存等于整数边表余额
ok    T4-stress 083 n=5/peak 两版本库存等于整数边表余额
ok    T4-stress 083 n=5 两版本供应量相同
ok    T4-stress 083 n=5/pro_rata 逐笔短缺入桶数量精确相同
ok    T4-stress 083 n=5/fifo 逐笔短缺入桶数量精确相同
ok    T4-stress 083 n=5/lifo 逐笔短缺入桶数量精确相同
ok    T4-stress 083 n=5 实体集合不变
ok    T4-stress 083 n=5 D/current stock_raw 相同
ok    T4-stress 083 n=5 D/current 闭合 pct 展示值精确相同
ok    T4-stress 083 n=5 D/current 非 gap 来源逐条相同
ok    T4-stress 083 n=5 D/current |Δ| <= 4*n*2**-52*S + 2
ok    T4-stress 083 n=5 D/current 策略集合相同
ok    T4-stress 083 n=5 D/current/fifo 非 gap 来源逐条相同
ok    T4-stress 083 n=5 D/current/fifo |Δ| <= 4*n*2**-52*S + 2
ok    T4-stress 083 n=5 D/current/fifo 闭合 pct 展示值精确相同
ok    T4-stress 083 n=5 D/current/lifo 非 gap 来源逐条相同
ok    T4-stress 083 n=5 D/current/lifo |Δ| <= 4*n*2**-52*S + 2
ok    T4-stress 083 n=5 D/current/lifo 闭合 pct 展示值精确相同
ok    T4-stress 083 n=5 D/current/pro_rata 非 gap 来源逐条相同
ok    T4-stress 083 n=5 D/current/pro_rata |Δ| <= 4*n*2**-52*S + 2
ok    T4-stress 083 n=5 D/current/pro_rata 闭合 pct 展示值精确相同
ok    T4-stress 083 n=5 D/peak stock_raw 相同
ok    T4-stress 083 n=5 D/peak 闭合 pct 展示值精确相同
ok    T4-stress 083 n=5 D/peak 非 gap 来源逐条相同
ok    T4-stress 083 n=5 D/peak |Δ| <= 4*n*2**-52*S + 2
ok    T4-stress 083 n=5 D/peak 策略集合相同
ok    T4-stress 083 n=5 D/peak/fifo 非 gap 来源逐条相同
ok    T4-stress 083 n=5 D/peak/fifo |Δ| <= 4*n*2**-52*S + 2
ok    T4-stress 083 n=5 D/peak/fifo 闭合 pct 展示值精确相同
ok    T4-stress 083 n=5 D/peak/lifo 非 gap 来源逐条相同
ok    T4-stress 083 n=5 D/peak/lifo |Δ| <= 4*n*2**-52*S + 2
ok    T4-stress 083 n=5 D/peak/lifo 闭合 pct 展示值精确相同
ok    T4-stress 083 n=5 D/peak/pro_rata 非 gap 来源逐条相同
ok    T4-stress 083 n=5 D/peak/pro_rata |Δ| <= 4*n*2**-52*S + 2
ok    T4-stress 083 n=5 D/peak/pro_rata 闭合 pct 展示值精确相同
ok    T4-stress 084 n=7 实际模拟边数齐全
ok    T4-stress 084 n=7/current 两版本库存等于整数边表余额
ok    T4-stress 084 n=7/peak 两版本库存等于整数边表余额
ok    T4-stress 084 n=7 两版本供应量相同
ok    T4-stress 084 n=7/pro_rata 逐笔短缺入桶数量精确相同
ok    T4-stress 084 n=7/fifo 逐笔短缺入桶数量精确相同
ok    T4-stress 084 n=7/lifo 逐笔短缺入桶数量精确相同
ok    T4-stress 084 n=7 实体集合不变
ok    T4-stress 084 n=7 D/current stock_raw 相同
ok    T4-stress 084 n=7 D/current 闭合 pct 展示值精确相同
ok    T4-stress 084 n=7 D/current 非 gap 来源逐条相同
ok    T4-stress 084 n=7 D/current |Δ| <= 4*n*2**-52*S + 2
ok    T4-stress 084 n=7 D/current 策略集合相同
ok    T4-stress 084 n=7 D/current/fifo 非 gap 来源逐条相同
ok    T4-stress 084 n=7 D/current/fifo |Δ| <= 4*n*2**-52*S + 2
ok    T4-stress 084 n=7 D/current/fifo 闭合 pct 展示值精确相同
ok    T4-stress 084 n=7 D/current/lifo 非 gap 来源逐条相同
ok    T4-stress 084 n=7 D/current/lifo |Δ| <= 4*n*2**-52*S + 2
ok    T4-stress 084 n=7 D/current/lifo 闭合 pct 展示值精确相同
ok    T4-stress 084 n=7 D/current/pro_rata 非 gap 来源逐条相同
ok    T4-stress 084 n=7 D/current/pro_rata |Δ| <= 4*n*2**-52*S + 2
ok    T4-stress 084 n=7 D/current/pro_rata 闭合 pct 展示值精确相同
ok    T4-stress 084 n=7 D/peak stock_raw 相同
ok    T4-stress 084 n=7 D/peak 闭合 pct 展示值精确相同
ok    T4-stress 084 n=7 D/peak 非 gap 来源逐条相同
ok    T4-stress 084 n=7 D/peak |Δ| <= 4*n*2**-52*S + 2
ok    T4-stress 084 n=7 D/peak 策略集合相同
ok    T4-stress 084 n=7 D/peak/fifo 非 gap 来源逐条相同
ok    T4-stress 084 n=7 D/peak/fifo |Δ| <= 4*n*2**-52*S + 2
ok    T4-stress 084 n=7 D/peak/fifo 闭合 pct 展示值精确相同
ok    T4-stress 084 n=7 D/peak/lifo 非 gap 来源逐条相同
ok    T4-stress 084 n=7 D/peak/lifo |Δ| <= 4*n*2**-52*S + 2
ok    T4-stress 084 n=7 D/peak/lifo 闭合 pct 展示值精确相同
ok    T4-stress 084 n=7 D/peak/pro_rata 非 gap 来源逐条相同
ok    T4-stress 084 n=7 D/peak/pro_rata |Δ| <= 4*n*2**-52*S + 2
ok    T4-stress 084 n=7 D/peak/pro_rata 闭合 pct 展示值精确相同
ok    T4-stress 085 n=8 实际模拟边数齐全
ok    T4-stress 085 n=8/current 两版本库存等于整数边表余额
ok    T4-stress 085 n=8/peak 两版本库存等于整数边表余额
ok    T4-stress 085 n=8 两版本供应量相同
ok    T4-stress 085 n=8/pro_rata 逐笔短缺入桶数量精确相同
ok    T4-stress 085 n=8/fifo 逐笔短缺入桶数量精确相同
ok    T4-stress 085 n=8/lifo 逐笔短缺入桶数量精确相同
ok    T4-stress 085 n=8 实体集合不变
ok    T4-stress 085 n=8 D/current stock_raw 相同
ok    T4-stress 085 n=8 D/current 闭合 pct 展示值精确相同
ok    T4-stress 085 n=8 D/current 非 gap 来源逐条相同
ok    T4-stress 085 n=8 D/current |Δ| <= 4*n*2**-52*S + 2
ok    T4-stress 085 n=8 D/current 策略集合相同
ok    T4-stress 085 n=8 D/current/fifo 非 gap 来源逐条相同
ok    T4-stress 085 n=8 D/current/fifo |Δ| <= 4*n*2**-52*S + 2
ok    T4-stress 085 n=8 D/current/fifo 闭合 pct 展示值精确相同
ok    T4-stress 085 n=8 D/current/lifo 非 gap 来源逐条相同
ok    T4-stress 085 n=8 D/current/lifo |Δ| <= 4*n*2**-52*S + 2
ok    T4-stress 085 n=8 D/current/lifo 闭合 pct 展示值精确相同
ok    T4-stress 085 n=8 D/current/pro_rata 非 gap 来源逐条相同
ok    T4-stress 085 n=8 D/current/pro_rata |Δ| <= 4*n*2**-52*S + 2
ok    T4-stress 085 n=8 D/current/pro_rata 闭合 pct 展示值精确相同
ok    T4-stress 085 n=8 D/peak stock_raw 相同
ok    T4-stress 085 n=8 D/peak 闭合 pct 展示值精确相同
ok    T4-stress 085 n=8 D/peak 非 gap 来源逐条相同
ok    T4-stress 085 n=8 D/peak |Δ| <= 4*n*2**-52*S + 2
ok    T4-stress 085 n=8 D/peak 策略集合相同
ok    T4-stress 085 n=8 D/peak/fifo 非 gap 来源逐条相同
ok    T4-stress 085 n=8 D/peak/fifo |Δ| <= 4*n*2**-52*S + 2
ok    T4-stress 085 n=8 D/peak/fifo 闭合 pct 展示值精确相同
ok    T4-stress 085 n=8 D/peak/lifo 非 gap 来源逐条相同
ok    T4-stress 085 n=8 D/peak/lifo |Δ| <= 4*n*2**-52*S + 2
ok    T4-stress 085 n=8 D/peak/lifo 闭合 pct 展示值精确相同
ok    T4-stress 085 n=8 D/peak/pro_rata 非 gap 来源逐条相同
ok    T4-stress 085 n=8 D/peak/pro_rata |Δ| <= 4*n*2**-52*S + 2
ok    T4-stress 085 n=8 D/peak/pro_rata 闭合 pct 展示值精确相同
ok    T4-stress 086 n=8 实际模拟边数齐全
ok    T4-stress 086 n=8/current 两版本库存等于整数边表余额
ok    T4-stress 086 n=8/peak 两版本库存等于整数边表余额
ok    T4-stress 086 n=8 两版本供应量相同
ok    T4-stress 086 n=8/pro_rata 逐笔短缺入桶数量精确相同
ok    T4-stress 086 n=8/fifo 逐笔短缺入桶数量精确相同
ok    T4-stress 086 n=8/lifo 逐笔短缺入桶数量精确相同
ok    T4-stress 086 n=8 实体集合不变
ok    T4-stress 086 n=8 D/current stock_raw 相同
ok    T4-stress 086 n=8 D/current 闭合 pct 展示值精确相同
ok    T4-stress 086 n=8 D/current 非 gap 来源逐条相同
ok    T4-stress 086 n=8 D/current |Δ| <= 4*n*2**-52*S + 2
ok    T4-stress 086 n=8 D/current 策略集合相同
ok    T4-stress 086 n=8 D/current/fifo 非 gap 来源逐条相同
ok    T4-stress 086 n=8 D/current/fifo |Δ| <= 4*n*2**-52*S + 2
ok    T4-stress 086 n=8 D/current/fifo 闭合 pct 展示值精确相同
ok    T4-stress 086 n=8 D/current/lifo 非 gap 来源逐条相同
ok    T4-stress 086 n=8 D/current/lifo |Δ| <= 4*n*2**-52*S + 2
ok    T4-stress 086 n=8 D/current/lifo 闭合 pct 展示值精确相同
ok    T4-stress 086 n=8 D/current/pro_rata 非 gap 来源逐条相同
ok    T4-stress 086 n=8 D/current/pro_rata |Δ| <= 4*n*2**-52*S + 2
ok    T4-stress 086 n=8 D/current/pro_rata 闭合 pct 展示值精确相同
ok    T4-stress 086 n=8 D/peak stock_raw 相同
ok    T4-stress 086 n=8 D/peak 闭合 pct 展示值精确相同
ok    T4-stress 086 n=8 D/peak 非 gap 来源逐条相同
ok    T4-stress 086 n=8 D/peak |Δ| <= 4*n*2**-52*S + 2
ok    T4-stress 086 n=8 D/peak 策略集合相同
ok    T4-stress 086 n=8 D/peak/fifo 非 gap 来源逐条相同
ok    T4-stress 086 n=8 D/peak/fifo |Δ| <= 4*n*2**-52*S + 2
ok    T4-stress 086 n=8 D/peak/fifo 闭合 pct 展示值精确相同
ok    T4-stress 086 n=8 D/peak/lifo 非 gap 来源逐条相同
ok    T4-stress 086 n=8 D/peak/lifo |Δ| <= 4*n*2**-52*S + 2
ok    T4-stress 086 n=8 D/peak/lifo 闭合 pct 展示值精确相同
ok    T4-stress 086 n=8 D/peak/pro_rata 非 gap 来源逐条相同
ok    T4-stress 086 n=8 D/peak/pro_rata |Δ| <= 4*n*2**-52*S + 2
ok    T4-stress 086 n=8 D/peak/pro_rata 闭合 pct 展示值精确相同
ok    T4-stress 087 n=3 实际模拟边数齐全
ok    T4-stress 087 n=3/current 两版本库存等于整数边表余额
ok    T4-stress 087 n=3/peak 两版本库存等于整数边表余额
ok    T4-stress 087 n=3 两版本供应量相同
ok    T4-stress 087 n=3/pro_rata 逐笔短缺入桶数量精确相同
ok    T4-stress 087 n=3/fifo 逐笔短缺入桶数量精确相同
ok    T4-stress 087 n=3/lifo 逐笔短缺入桶数量精确相同
ok    T4-stress 087 n=3 实体集合不变
ok    T4-stress 087 n=3 D/current stock_raw 相同
ok    T4-stress 087 n=3 D/current 闭合 pct 展示值精确相同
ok    T4-stress 087 n=3 D/current 非 gap 来源逐条相同
ok    T4-stress 087 n=3 D/current |Δ| <= 4*n*2**-52*S + 2
ok    T4-stress 087 n=3 D/current 策略集合相同
ok    T4-stress 087 n=3 D/current/fifo 非 gap 来源逐条相同
ok    T4-stress 087 n=3 D/current/fifo |Δ| <= 4*n*2**-52*S + 2
ok    T4-stress 087 n=3 D/current/fifo 闭合 pct 展示值精确相同
ok    T4-stress 087 n=3 D/current/lifo 非 gap 来源逐条相同
ok    T4-stress 087 n=3 D/current/lifo |Δ| <= 4*n*2**-52*S + 2
ok    T4-stress 087 n=3 D/current/lifo 闭合 pct 展示值精确相同
ok    T4-stress 087 n=3 D/current/pro_rata 非 gap 来源逐条相同
ok    T4-stress 087 n=3 D/current/pro_rata |Δ| <= 4*n*2**-52*S + 2
ok    T4-stress 087 n=3 D/current/pro_rata 闭合 pct 展示值精确相同
ok    T4-stress 087 n=3 D/peak stock_raw 相同
ok    T4-stress 087 n=3 D/peak 闭合 pct 展示值精确相同
ok    T4-stress 087 n=3 D/peak 非 gap 来源逐条相同
ok    T4-stress 087 n=3 D/peak |Δ| <= 4*n*2**-52*S + 2
ok    T4-stress 087 n=3 D/peak 策略集合相同
ok    T4-stress 087 n=3 D/peak/fifo 非 gap 来源逐条相同
ok    T4-stress 087 n=3 D/peak/fifo |Δ| <= 4*n*2**-52*S + 2
ok    T4-stress 087 n=3 D/peak/fifo 闭合 pct 展示值精确相同
ok    T4-stress 087 n=3 D/peak/lifo 非 gap 来源逐条相同
ok    T4-stress 087 n=3 D/peak/lifo |Δ| <= 4*n*2**-52*S + 2
ok    T4-stress 087 n=3 D/peak/lifo 闭合 pct 展示值精确相同
ok    T4-stress 087 n=3 D/peak/pro_rata 非 gap 来源逐条相同
ok    T4-stress 087 n=3 D/peak/pro_rata |Δ| <= 4*n*2**-52*S + 2
ok    T4-stress 087 n=3 D/peak/pro_rata 闭合 pct 展示值精确相同
ok    T4-stress 088 n=7 实际模拟边数齐全
ok    T4-stress 088 n=7/current 两版本库存等于整数边表余额
ok    T4-stress 088 n=7/peak 两版本库存等于整数边表余额
ok    T4-stress 088 n=7 两版本供应量相同
ok    T4-stress 088 n=7/pro_rata 逐笔短缺入桶数量精确相同
ok    T4-stress 088 n=7/fifo 逐笔短缺入桶数量精确相同
ok    T4-stress 088 n=7/lifo 逐笔短缺入桶数量精确相同
ok    T4-stress 088 n=7 实体集合不变
ok    T4-stress 088 n=7 D/current stock_raw 相同
ok    T4-stress 088 n=7 D/current 闭合 pct 展示值精确相同
ok    T4-stress 088 n=7 D/current 非 gap 来源逐条相同
ok    T4-stress 088 n=7 D/current |Δ| <= 4*n*2**-52*S + 2
ok    T4-stress 088 n=7 D/current 策略集合相同
ok    T4-stress 088 n=7 D/current/fifo 非 gap 来源逐条相同
ok    T4-stress 088 n=7 D/current/fifo |Δ| <= 4*n*2**-52*S + 2
ok    T4-stress 088 n=7 D/current/fifo 闭合 pct 展示值精确相同
ok    T4-stress 088 n=7 D/current/lifo 非 gap 来源逐条相同
ok    T4-stress 088 n=7 D/current/lifo |Δ| <= 4*n*2**-52*S + 2
ok    T4-stress 088 n=7 D/current/lifo 闭合 pct 展示值精确相同
ok    T4-stress 088 n=7 D/current/pro_rata 非 gap 来源逐条相同
ok    T4-stress 088 n=7 D/current/pro_rata |Δ| <= 4*n*2**-52*S + 2
ok    T4-stress 088 n=7 D/current/pro_rata 闭合 pct 展示值精确相同
ok    T4-stress 088 n=7 D/peak stock_raw 相同
ok    T4-stress 088 n=7 D/peak 闭合 pct 展示值精确相同
ok    T4-stress 088 n=7 D/peak 非 gap 来源逐条相同
ok    T4-stress 088 n=7 D/peak |Δ| <= 4*n*2**-52*S + 2
ok    T4-stress 088 n=7 D/peak 策略集合相同
ok    T4-stress 088 n=7 D/peak/fifo 非 gap 来源逐条相同
ok    T4-stress 088 n=7 D/peak/fifo |Δ| <= 4*n*2**-52*S + 2
ok    T4-stress 088 n=7 D/peak/fifo 闭合 pct 展示值精确相同
ok    T4-stress 088 n=7 D/peak/lifo 非 gap 来源逐条相同
ok    T4-stress 088 n=7 D/peak/lifo |Δ| <= 4*n*2**-52*S + 2
ok    T4-stress 088 n=7 D/peak/lifo 闭合 pct 展示值精确相同
ok    T4-stress 088 n=7 D/peak/pro_rata 非 gap 来源逐条相同
ok    T4-stress 088 n=7 D/peak/pro_rata |Δ| <= 4*n*2**-52*S + 2
ok    T4-stress 088 n=7 D/peak/pro_rata 闭合 pct 展示值精确相同
ok    T4-stress 089 n=4 实际模拟边数齐全
ok    T4-stress 089 n=4/current 两版本库存等于整数边表余额
ok    T4-stress 089 n=4/peak 两版本库存等于整数边表余额
ok    T4-stress 089 n=4 两版本供应量相同
ok    T4-stress 089 n=4/pro_rata 逐笔短缺入桶数量精确相同
ok    T4-stress 089 n=4/fifo 逐笔短缺入桶数量精确相同
ok    T4-stress 089 n=4/lifo 逐笔短缺入桶数量精确相同
ok    T4-stress 089 n=4 实体集合不变
ok    T4-stress 089 n=4 D/current stock_raw 相同
ok    T4-stress 089 n=4 D/current 闭合 pct 展示值精确相同
ok    T4-stress 089 n=4 D/current 非 gap 来源逐条相同
ok    T4-stress 089 n=4 D/current |Δ| <= 4*n*2**-52*S + 2
ok    T4-stress 089 n=4 D/current 策略集合相同
ok    T4-stress 089 n=4 D/current/fifo 非 gap 来源逐条相同
ok    T4-stress 089 n=4 D/current/fifo |Δ| <= 4*n*2**-52*S + 2
ok    T4-stress 089 n=4 D/current/fifo 闭合 pct 展示值精确相同
ok    T4-stress 089 n=4 D/current/lifo 非 gap 来源逐条相同
ok    T4-stress 089 n=4 D/current/lifo |Δ| <= 4*n*2**-52*S + 2
ok    T4-stress 089 n=4 D/current/lifo 闭合 pct 展示值精确相同
ok    T4-stress 089 n=4 D/current/pro_rata 非 gap 来源逐条相同
ok    T4-stress 089 n=4 D/current/pro_rata |Δ| <= 4*n*2**-52*S + 2
ok    T4-stress 089 n=4 D/current/pro_rata 闭合 pct 展示值精确相同
ok    T4-stress 089 n=4 D/peak stock_raw 相同
ok    T4-stress 089 n=4 D/peak 闭合 pct 展示值精确相同
ok    T4-stress 089 n=4 D/peak 非 gap 来源逐条相同
ok    T4-stress 089 n=4 D/peak |Δ| <= 4*n*2**-52*S + 2
ok    T4-stress 089 n=4 D/peak 策略集合相同
ok    T4-stress 089 n=4 D/peak/fifo 非 gap 来源逐条相同
ok    T4-stress 089 n=4 D/peak/fifo |Δ| <= 4*n*2**-52*S + 2
ok    T4-stress 089 n=4 D/peak/fifo 闭合 pct 展示值精确相同
ok    T4-stress 089 n=4 D/peak/lifo 非 gap 来源逐条相同
ok    T4-stress 089 n=4 D/peak/lifo |Δ| <= 4*n*2**-52*S + 2
ok    T4-stress 089 n=4 D/peak/lifo 闭合 pct 展示值精确相同
ok    T4-stress 089 n=4 D/peak/pro_rata 非 gap 来源逐条相同
ok    T4-stress 089 n=4 D/peak/pro_rata |Δ| <= 4*n*2**-52*S + 2
ok    T4-stress 089 n=4 D/peak/pro_rata 闭合 pct 展示值精确相同
ok    T4-stress 090 n=3 实际模拟边数齐全
ok    T4-stress 090 n=3/current 两版本库存等于整数边表余额
ok    T4-stress 090 n=3/peak 两版本库存等于整数边表余额
ok    T4-stress 090 n=3 两版本供应量相同
ok    T4-stress 090 n=3/pro_rata 逐笔短缺入桶数量精确相同
ok    T4-stress 090 n=3/fifo 逐笔短缺入桶数量精确相同
ok    T4-stress 090 n=3/lifo 逐笔短缺入桶数量精确相同
ok    T4-stress 090 n=3 实体集合不变
ok    T4-stress 090 n=3 D/current stock_raw 相同
ok    T4-stress 090 n=3 D/current 闭合 pct 展示值精确相同
ok    T4-stress 090 n=3 D/current 非 gap 来源逐条相同
ok    T4-stress 090 n=3 D/current |Δ| <= 4*n*2**-52*S + 2
ok    T4-stress 090 n=3 D/current 策略集合相同
ok    T4-stress 090 n=3 D/current/fifo 非 gap 来源逐条相同
ok    T4-stress 090 n=3 D/current/fifo |Δ| <= 4*n*2**-52*S + 2
ok    T4-stress 090 n=3 D/current/fifo 闭合 pct 展示值精确相同
ok    T4-stress 090 n=3 D/current/lifo 非 gap 来源逐条相同
ok    T4-stress 090 n=3 D/current/lifo |Δ| <= 4*n*2**-52*S + 2
ok    T4-stress 090 n=3 D/current/lifo 闭合 pct 展示值精确相同
ok    T4-stress 090 n=3 D/current/pro_rata 非 gap 来源逐条相同
ok    T4-stress 090 n=3 D/current/pro_rata |Δ| <= 4*n*2**-52*S + 2
ok    T4-stress 090 n=3 D/current/pro_rata 闭合 pct 展示值精确相同
ok    T4-stress 090 n=3 D/peak stock_raw 相同
ok    T4-stress 090 n=3 D/peak 闭合 pct 展示值精确相同
ok    T4-stress 090 n=3 D/peak 非 gap 来源逐条相同
ok    T4-stress 090 n=3 D/peak |Δ| <= 4*n*2**-52*S + 2
ok    T4-stress 090 n=3 D/peak 策略集合相同
ok    T4-stress 090 n=3 D/peak/fifo 非 gap 来源逐条相同
ok    T4-stress 090 n=3 D/peak/fifo |Δ| <= 4*n*2**-52*S + 2
ok    T4-stress 090 n=3 D/peak/fifo 闭合 pct 展示值精确相同
ok    T4-stress 090 n=3 D/peak/lifo 非 gap 来源逐条相同
ok    T4-stress 090 n=3 D/peak/lifo |Δ| <= 4*n*2**-52*S + 2
ok    T4-stress 090 n=3 D/peak/lifo 闭合 pct 展示值精确相同
ok    T4-stress 090 n=3 D/peak/pro_rata 非 gap 来源逐条相同
ok    T4-stress 090 n=3 D/peak/pro_rata |Δ| <= 4*n*2**-52*S + 2
ok    T4-stress 090 n=3 D/peak/pro_rata 闭合 pct 展示值精确相同
ok    T4-stress 091 n=5 实际模拟边数齐全
ok    T4-stress 091 n=5/current 两版本库存等于整数边表余额
ok    T4-stress 091 n=5/peak 两版本库存等于整数边表余额
ok    T4-stress 091 n=5 两版本供应量相同
ok    T4-stress 091 n=5/pro_rata 逐笔短缺入桶数量精确相同
ok    T4-stress 091 n=5/fifo 逐笔短缺入桶数量精确相同
ok    T4-stress 091 n=5/lifo 逐笔短缺入桶数量精确相同
ok    T4-stress 091 n=5 实体集合不变
ok    T4-stress 091 n=5 D/current stock_raw 相同
ok    T4-stress 091 n=5 D/current 闭合 pct 展示值精确相同
ok    T4-stress 091 n=5 D/current 非 gap 来源逐条相同
ok    T4-stress 091 n=5 D/current |Δ| <= 4*n*2**-52*S + 2
ok    T4-stress 091 n=5 D/current 策略集合相同
ok    T4-stress 091 n=5 D/current/fifo 非 gap 来源逐条相同
ok    T4-stress 091 n=5 D/current/fifo |Δ| <= 4*n*2**-52*S + 2
ok    T4-stress 091 n=5 D/current/fifo 闭合 pct 展示值精确相同
ok    T4-stress 091 n=5 D/current/lifo 非 gap 来源逐条相同
ok    T4-stress 091 n=5 D/current/lifo |Δ| <= 4*n*2**-52*S + 2
ok    T4-stress 091 n=5 D/current/lifo 闭合 pct 展示值精确相同
ok    T4-stress 091 n=5 D/current/pro_rata 非 gap 来源逐条相同
ok    T4-stress 091 n=5 D/current/pro_rata |Δ| <= 4*n*2**-52*S + 2
ok    T4-stress 091 n=5 D/current/pro_rata 闭合 pct 展示值精确相同
ok    T4-stress 091 n=5 D/peak stock_raw 相同
ok    T4-stress 091 n=5 D/peak 闭合 pct 展示值精确相同
ok    T4-stress 091 n=5 D/peak 非 gap 来源逐条相同
ok    T4-stress 091 n=5 D/peak |Δ| <= 4*n*2**-52*S + 2
ok    T4-stress 091 n=5 D/peak 策略集合相同
ok    T4-stress 091 n=5 D/peak/fifo 非 gap 来源逐条相同
ok    T4-stress 091 n=5 D/peak/fifo |Δ| <= 4*n*2**-52*S + 2
ok    T4-stress 091 n=5 D/peak/fifo 闭合 pct 展示值精确相同
ok    T4-stress 091 n=5 D/peak/lifo 非 gap 来源逐条相同
ok    T4-stress 091 n=5 D/peak/lifo |Δ| <= 4*n*2**-52*S + 2
ok    T4-stress 091 n=5 D/peak/lifo 闭合 pct 展示值精确相同
ok    T4-stress 091 n=5 D/peak/pro_rata 非 gap 来源逐条相同
ok    T4-stress 091 n=5 D/peak/pro_rata |Δ| <= 4*n*2**-52*S + 2
ok    T4-stress 091 n=5 D/peak/pro_rata 闭合 pct 展示值精确相同
ok    T4-stress 092 n=7 实际模拟边数齐全
ok    T4-stress 092 n=7/current 两版本库存等于整数边表余额
ok    T4-stress 092 n=7/peak 两版本库存等于整数边表余额
ok    T4-stress 092 n=7 两版本供应量相同
ok    T4-stress 092 n=7/pro_rata 逐笔短缺入桶数量精确相同
ok    T4-stress 092 n=7/fifo 逐笔短缺入桶数量精确相同
ok    T4-stress 092 n=7/lifo 逐笔短缺入桶数量精确相同
ok    T4-stress 092 n=7 实体集合不变
ok    T4-stress 092 n=7 D/current stock_raw 相同
ok    T4-stress 092 n=7 D/current 闭合 pct 展示值精确相同
ok    T4-stress 092 n=7 D/current 非 gap 来源逐条相同
ok    T4-stress 092 n=7 D/current |Δ| <= 4*n*2**-52*S + 2
ok    T4-stress 092 n=7 D/current 策略集合相同
ok    T4-stress 092 n=7 D/current/fifo 非 gap 来源逐条相同
ok    T4-stress 092 n=7 D/current/fifo |Δ| <= 4*n*2**-52*S + 2
ok    T4-stress 092 n=7 D/current/fifo 闭合 pct 展示值精确相同
ok    T4-stress 092 n=7 D/current/lifo 非 gap 来源逐条相同
ok    T4-stress 092 n=7 D/current/lifo |Δ| <= 4*n*2**-52*S + 2
ok    T4-stress 092 n=7 D/current/lifo 闭合 pct 展示值精确相同
ok    T4-stress 092 n=7 D/current/pro_rata 非 gap 来源逐条相同
ok    T4-stress 092 n=7 D/current/pro_rata |Δ| <= 4*n*2**-52*S + 2
ok    T4-stress 092 n=7 D/current/pro_rata 闭合 pct 展示值精确相同
ok    T4-stress 092 n=7 D/peak stock_raw 相同
ok    T4-stress 092 n=7 D/peak 闭合 pct 展示值精确相同
ok    T4-stress 092 n=7 D/peak 非 gap 来源逐条相同
ok    T4-stress 092 n=7 D/peak |Δ| <= 4*n*2**-52*S + 2
ok    T4-stress 092 n=7 D/peak 策略集合相同
ok    T4-stress 092 n=7 D/peak/fifo 非 gap 来源逐条相同
ok    T4-stress 092 n=7 D/peak/fifo |Δ| <= 4*n*2**-52*S + 2
ok    T4-stress 092 n=7 D/peak/fifo 闭合 pct 展示值精确相同
ok    T4-stress 092 n=7 D/peak/lifo 非 gap 来源逐条相同
ok    T4-stress 092 n=7 D/peak/lifo |Δ| <= 4*n*2**-52*S + 2
ok    T4-stress 092 n=7 D/peak/lifo 闭合 pct 展示值精确相同
ok    T4-stress 092 n=7 D/peak/pro_rata 非 gap 来源逐条相同
ok    T4-stress 092 n=7 D/peak/pro_rata |Δ| <= 4*n*2**-52*S + 2
ok    T4-stress 092 n=7 D/peak/pro_rata 闭合 pct 展示值精确相同
ok    T4-stress 093 n=3 实际模拟边数齐全
ok    T4-stress 093 n=3/current 两版本库存等于整数边表余额
ok    T4-stress 093 n=3/peak 两版本库存等于整数边表余额
ok    T4-stress 093 n=3 两版本供应量相同
ok    T4-stress 093 n=3/pro_rata 逐笔短缺入桶数量精确相同
ok    T4-stress 093 n=3/fifo 逐笔短缺入桶数量精确相同
ok    T4-stress 093 n=3/lifo 逐笔短缺入桶数量精确相同
ok    T4-stress 093 n=3 实体集合不变
ok    T4-stress 093 n=3 D/current stock_raw 相同
ok    T4-stress 093 n=3 D/current 闭合 pct 展示值精确相同
ok    T4-stress 093 n=3 D/current 非 gap 来源逐条相同
ok    T4-stress 093 n=3 D/current |Δ| <= 4*n*2**-52*S + 2
ok    T4-stress 093 n=3 D/current 策略集合相同
ok    T4-stress 093 n=3 D/current/fifo 非 gap 来源逐条相同
ok    T4-stress 093 n=3 D/current/fifo |Δ| <= 4*n*2**-52*S + 2
ok    T4-stress 093 n=3 D/current/fifo 闭合 pct 展示值精确相同
ok    T4-stress 093 n=3 D/current/lifo 非 gap 来源逐条相同
ok    T4-stress 093 n=3 D/current/lifo |Δ| <= 4*n*2**-52*S + 2
ok    T4-stress 093 n=3 D/current/lifo 闭合 pct 展示值精确相同
ok    T4-stress 093 n=3 D/current/pro_rata 非 gap 来源逐条相同
ok    T4-stress 093 n=3 D/current/pro_rata |Δ| <= 4*n*2**-52*S + 2
ok    T4-stress 093 n=3 D/current/pro_rata 闭合 pct 展示值精确相同
ok    T4-stress 093 n=3 D/peak stock_raw 相同
ok    T4-stress 093 n=3 D/peak 闭合 pct 展示值精确相同
ok    T4-stress 093 n=3 D/peak 非 gap 来源逐条相同
ok    T4-stress 093 n=3 D/peak |Δ| <= 4*n*2**-52*S + 2
ok    T4-stress 093 n=3 D/peak 策略集合相同
ok    T4-stress 093 n=3 D/peak/fifo 非 gap 来源逐条相同
ok    T4-stress 093 n=3 D/peak/fifo |Δ| <= 4*n*2**-52*S + 2
ok    T4-stress 093 n=3 D/peak/fifo 闭合 pct 展示值精确相同
ok    T4-stress 093 n=3 D/peak/lifo 非 gap 来源逐条相同
ok    T4-stress 093 n=3 D/peak/lifo |Δ| <= 4*n*2**-52*S + 2
ok    T4-stress 093 n=3 D/peak/lifo 闭合 pct 展示值精确相同
ok    T4-stress 093 n=3 D/peak/pro_rata 非 gap 来源逐条相同
ok    T4-stress 093 n=3 D/peak/pro_rata |Δ| <= 4*n*2**-52*S + 2
ok    T4-stress 093 n=3 D/peak/pro_rata 闭合 pct 展示值精确相同
ok    T4-stress 094 n=7 实际模拟边数齐全
ok    T4-stress 094 n=7/current 两版本库存等于整数边表余额
ok    T4-stress 094 n=7/peak 两版本库存等于整数边表余额
ok    T4-stress 094 n=7 两版本供应量相同
ok    T4-stress 094 n=7/pro_rata 逐笔短缺入桶数量精确相同
ok    T4-stress 094 n=7/fifo 逐笔短缺入桶数量精确相同
ok    T4-stress 094 n=7/lifo 逐笔短缺入桶数量精确相同
ok    T4-stress 094 n=7 实体集合不变
ok    T4-stress 094 n=7 D/current stock_raw 相同
ok    T4-stress 094 n=7 D/current 闭合 pct 展示值精确相同
ok    T4-stress 094 n=7 D/current 非 gap 来源逐条相同
ok    T4-stress 094 n=7 D/current |Δ| <= 4*n*2**-52*S + 2
ok    T4-stress 094 n=7 D/current 策略集合相同
ok    T4-stress 094 n=7 D/current/fifo 非 gap 来源逐条相同
ok    T4-stress 094 n=7 D/current/fifo |Δ| <= 4*n*2**-52*S + 2
ok    T4-stress 094 n=7 D/current/fifo 闭合 pct 展示值精确相同
ok    T4-stress 094 n=7 D/current/lifo 非 gap 来源逐条相同
ok    T4-stress 094 n=7 D/current/lifo |Δ| <= 4*n*2**-52*S + 2
ok    T4-stress 094 n=7 D/current/lifo 闭合 pct 展示值精确相同
ok    T4-stress 094 n=7 D/current/pro_rata 非 gap 来源逐条相同
ok    T4-stress 094 n=7 D/current/pro_rata |Δ| <= 4*n*2**-52*S + 2
ok    T4-stress 094 n=7 D/current/pro_rata 闭合 pct 展示值精确相同
ok    T4-stress 094 n=7 D/peak stock_raw 相同
ok    T4-stress 094 n=7 D/peak 闭合 pct 展示值精确相同
ok    T4-stress 094 n=7 D/peak 非 gap 来源逐条相同
ok    T4-stress 094 n=7 D/peak |Δ| <= 4*n*2**-52*S + 2
ok    T4-stress 094 n=7 D/peak 策略集合相同
ok    T4-stress 094 n=7 D/peak/fifo 非 gap 来源逐条相同
ok    T4-stress 094 n=7 D/peak/fifo |Δ| <= 4*n*2**-52*S + 2
ok    T4-stress 094 n=7 D/peak/fifo 闭合 pct 展示值精确相同
ok    T4-stress 094 n=7 D/peak/lifo 非 gap 来源逐条相同
ok    T4-stress 094 n=7 D/peak/lifo |Δ| <= 4*n*2**-52*S + 2
ok    T4-stress 094 n=7 D/peak/lifo 闭合 pct 展示值精确相同
ok    T4-stress 094 n=7 D/peak/pro_rata 非 gap 来源逐条相同
ok    T4-stress 094 n=7 D/peak/pro_rata |Δ| <= 4*n*2**-52*S + 2
ok    T4-stress 094 n=7 D/peak/pro_rata 闭合 pct 展示值精确相同
ok    T4-stress 095 n=5 实际模拟边数齐全
ok    T4-stress 095 n=5/current 两版本库存等于整数边表余额
ok    T4-stress 095 n=5/peak 两版本库存等于整数边表余额
ok    T4-stress 095 n=5 两版本供应量相同
ok    T4-stress 095 n=5/pro_rata 逐笔短缺入桶数量精确相同
ok    T4-stress 095 n=5/fifo 逐笔短缺入桶数量精确相同
ok    T4-stress 095 n=5/lifo 逐笔短缺入桶数量精确相同
ok    T4-stress 095 n=5 实体集合不变
ok    T4-stress 095 n=5 D/current stock_raw 相同
ok    T4-stress 095 n=5 D/current 闭合 pct 展示值精确相同
ok    T4-stress 095 n=5 D/current 非 gap 来源逐条相同
ok    T4-stress 095 n=5 D/current |Δ| <= 4*n*2**-52*S + 2
ok    T4-stress 095 n=5 D/current 策略集合相同
ok    T4-stress 095 n=5 D/current/fifo 非 gap 来源逐条相同
ok    T4-stress 095 n=5 D/current/fifo |Δ| <= 4*n*2**-52*S + 2
ok    T4-stress 095 n=5 D/current/fifo 闭合 pct 展示值精确相同
ok    T4-stress 095 n=5 D/current/lifo 非 gap 来源逐条相同
ok    T4-stress 095 n=5 D/current/lifo |Δ| <= 4*n*2**-52*S + 2
ok    T4-stress 095 n=5 D/current/lifo 闭合 pct 展示值精确相同
ok    T4-stress 095 n=5 D/current/pro_rata 非 gap 来源逐条相同
ok    T4-stress 095 n=5 D/current/pro_rata |Δ| <= 4*n*2**-52*S + 2
ok    T4-stress 095 n=5 D/current/pro_rata 闭合 pct 展示值精确相同
ok    T4-stress 095 n=5 D/peak stock_raw 相同
ok    T4-stress 095 n=5 D/peak 闭合 pct 展示值精确相同
ok    T4-stress 095 n=5 D/peak 非 gap 来源逐条相同
ok    T4-stress 095 n=5 D/peak |Δ| <= 4*n*2**-52*S + 2
ok    T4-stress 095 n=5 D/peak 策略集合相同
ok    T4-stress 095 n=5 D/peak/fifo 非 gap 来源逐条相同
ok    T4-stress 095 n=5 D/peak/fifo |Δ| <= 4*n*2**-52*S + 2
ok    T4-stress 095 n=5 D/peak/fifo 闭合 pct 展示值精确相同
ok    T4-stress 095 n=5 D/peak/lifo 非 gap 来源逐条相同
ok    T4-stress 095 n=5 D/peak/lifo |Δ| <= 4*n*2**-52*S + 2
ok    T4-stress 095 n=5 D/peak/lifo 闭合 pct 展示值精确相同
ok    T4-stress 095 n=5 D/peak/pro_rata 非 gap 来源逐条相同
ok    T4-stress 095 n=5 D/peak/pro_rata |Δ| <= 4*n*2**-52*S + 2
ok    T4-stress 095 n=5 D/peak/pro_rata 闭合 pct 展示值精确相同
ok    T4-stress 096 n=6 实际模拟边数齐全
ok    T4-stress 096 n=6/current 两版本库存等于整数边表余额
ok    T4-stress 096 n=6/peak 两版本库存等于整数边表余额
ok    T4-stress 096 n=6 两版本供应量相同
ok    T4-stress 096 n=6/pro_rata 逐笔短缺入桶数量精确相同
ok    T4-stress 096 n=6/fifo 逐笔短缺入桶数量精确相同
ok    T4-stress 096 n=6/lifo 逐笔短缺入桶数量精确相同
ok    T4-stress 096 n=6 实体集合不变
ok    T4-stress 096 n=6 D/current stock_raw 相同
ok    T4-stress 096 n=6 D/current 闭合 pct 展示值精确相同
ok    T4-stress 096 n=6 D/current 非 gap 来源逐条相同
ok    T4-stress 096 n=6 D/current |Δ| <= 4*n*2**-52*S + 2
ok    T4-stress 096 n=6 D/current 策略集合相同
ok    T4-stress 096 n=6 D/current/fifo 非 gap 来源逐条相同
ok    T4-stress 096 n=6 D/current/fifo |Δ| <= 4*n*2**-52*S + 2
ok    T4-stress 096 n=6 D/current/fifo 闭合 pct 展示值精确相同
ok    T4-stress 096 n=6 D/current/lifo 非 gap 来源逐条相同
ok    T4-stress 096 n=6 D/current/lifo |Δ| <= 4*n*2**-52*S + 2
ok    T4-stress 096 n=6 D/current/lifo 闭合 pct 展示值精确相同
ok    T4-stress 096 n=6 D/current/pro_rata 非 gap 来源逐条相同
ok    T4-stress 096 n=6 D/current/pro_rata |Δ| <= 4*n*2**-52*S + 2
ok    T4-stress 096 n=6 D/current/pro_rata 闭合 pct 展示值精确相同
ok    T4-stress 096 n=6 D/peak stock_raw 相同
ok    T4-stress 096 n=6 D/peak 闭合 pct 展示值精确相同
ok    T4-stress 096 n=6 D/peak 非 gap 来源逐条相同
ok    T4-stress 096 n=6 D/peak |Δ| <= 4*n*2**-52*S + 2
ok    T4-stress 096 n=6 D/peak 策略集合相同
ok    T4-stress 096 n=6 D/peak/fifo 非 gap 来源逐条相同
ok    T4-stress 096 n=6 D/peak/fifo |Δ| <= 4*n*2**-52*S + 2
ok    T4-stress 096 n=6 D/peak/fifo 闭合 pct 展示值精确相同
ok    T4-stress 096 n=6 D/peak/lifo 非 gap 来源逐条相同
ok    T4-stress 096 n=6 D/peak/lifo |Δ| <= 4*n*2**-52*S + 2
ok    T4-stress 096 n=6 D/peak/lifo 闭合 pct 展示值精确相同
ok    T4-stress 096 n=6 D/peak/pro_rata 非 gap 来源逐条相同
ok    T4-stress 096 n=6 D/peak/pro_rata |Δ| <= 4*n*2**-52*S + 2
ok    T4-stress 096 n=6 D/peak/pro_rata 闭合 pct 展示值精确相同
ok    T4-stress 097 n=5 实际模拟边数齐全
ok    T4-stress 097 n=5/current 两版本库存等于整数边表余额
ok    T4-stress 097 n=5/peak 两版本库存等于整数边表余额
ok    T4-stress 097 n=5 两版本供应量相同
ok    T4-stress 097 n=5/pro_rata 逐笔短缺入桶数量精确相同
ok    T4-stress 097 n=5/fifo 逐笔短缺入桶数量精确相同
ok    T4-stress 097 n=5/lifo 逐笔短缺入桶数量精确相同
ok    T4-stress 097 n=5 实体集合不变
ok    T4-stress 097 n=5 D/current stock_raw 相同
ok    T4-stress 097 n=5 D/current 闭合 pct 展示值精确相同
ok    T4-stress 097 n=5 D/current 非 gap 来源逐条相同
ok    T4-stress 097 n=5 D/current |Δ| <= 4*n*2**-52*S + 2
ok    T4-stress 097 n=5 D/current 策略集合相同
ok    T4-stress 097 n=5 D/current/fifo 非 gap 来源逐条相同
ok    T4-stress 097 n=5 D/current/fifo |Δ| <= 4*n*2**-52*S + 2
ok    T4-stress 097 n=5 D/current/fifo 闭合 pct 展示值精确相同
ok    T4-stress 097 n=5 D/current/lifo 非 gap 来源逐条相同
ok    T4-stress 097 n=5 D/current/lifo |Δ| <= 4*n*2**-52*S + 2
ok    T4-stress 097 n=5 D/current/lifo 闭合 pct 展示值精确相同
ok    T4-stress 097 n=5 D/current/pro_rata 非 gap 来源逐条相同
ok    T4-stress 097 n=5 D/current/pro_rata |Δ| <= 4*n*2**-52*S + 2
ok    T4-stress 097 n=5 D/current/pro_rata 闭合 pct 展示值精确相同
ok    T4-stress 097 n=5 D/peak stock_raw 相同
ok    T4-stress 097 n=5 D/peak 闭合 pct 展示值精确相同
ok    T4-stress 097 n=5 D/peak 非 gap 来源逐条相同
ok    T4-stress 097 n=5 D/peak |Δ| <= 4*n*2**-52*S + 2
ok    T4-stress 097 n=5 D/peak 策略集合相同
ok    T4-stress 097 n=5 D/peak/fifo 非 gap 来源逐条相同
ok    T4-stress 097 n=5 D/peak/fifo |Δ| <= 4*n*2**-52*S + 2
ok    T4-stress 097 n=5 D/peak/fifo 闭合 pct 展示值精确相同
ok    T4-stress 097 n=5 D/peak/lifo 非 gap 来源逐条相同
ok    T4-stress 097 n=5 D/peak/lifo |Δ| <= 4*n*2**-52*S + 2
ok    T4-stress 097 n=5 D/peak/lifo 闭合 pct 展示值精确相同
ok    T4-stress 097 n=5 D/peak/pro_rata 非 gap 来源逐条相同
ok    T4-stress 097 n=5 D/peak/pro_rata |Δ| <= 4*n*2**-52*S + 2
ok    T4-stress 097 n=5 D/peak/pro_rata 闭合 pct 展示值精确相同
ok    T4-stress 098 n=7 实际模拟边数齐全
ok    T4-stress 098 n=7/current 两版本库存等于整数边表余额
ok    T4-stress 098 n=7/peak 两版本库存等于整数边表余额
ok    T4-stress 098 n=7 两版本供应量相同
ok    T4-stress 098 n=7/pro_rata 逐笔短缺入桶数量精确相同
ok    T4-stress 098 n=7/fifo 逐笔短缺入桶数量精确相同
ok    T4-stress 098 n=7/lifo 逐笔短缺入桶数量精确相同
ok    T4-stress 098 n=7 实体集合不变
ok    T4-stress 098 n=7 D/current stock_raw 相同
ok    T4-stress 098 n=7 D/current 闭合 pct 展示值精确相同
ok    T4-stress 098 n=7 D/current 非 gap 来源逐条相同
ok    T4-stress 098 n=7 D/current |Δ| <= 4*n*2**-52*S + 2
ok    T4-stress 098 n=7 D/current 策略集合相同
ok    T4-stress 098 n=7 D/current/fifo 非 gap 来源逐条相同
ok    T4-stress 098 n=7 D/current/fifo |Δ| <= 4*n*2**-52*S + 2
ok    T4-stress 098 n=7 D/current/fifo 闭合 pct 展示值精确相同
ok    T4-stress 098 n=7 D/current/lifo 非 gap 来源逐条相同
ok    T4-stress 098 n=7 D/current/lifo |Δ| <= 4*n*2**-52*S + 2
ok    T4-stress 098 n=7 D/current/lifo 闭合 pct 展示值精确相同
ok    T4-stress 098 n=7 D/current/pro_rata 非 gap 来源逐条相同
ok    T4-stress 098 n=7 D/current/pro_rata |Δ| <= 4*n*2**-52*S + 2
ok    T4-stress 098 n=7 D/current/pro_rata 闭合 pct 展示值精确相同
ok    T4-stress 098 n=7 D/peak stock_raw 相同
ok    T4-stress 098 n=7 D/peak 闭合 pct 展示值精确相同
ok    T4-stress 098 n=7 D/peak 非 gap 来源逐条相同
ok    T4-stress 098 n=7 D/peak |Δ| <= 4*n*2**-52*S + 2
ok    T4-stress 098 n=7 D/peak 策略集合相同
ok    T4-stress 098 n=7 D/peak/fifo 非 gap 来源逐条相同
ok    T4-stress 098 n=7 D/peak/fifo |Δ| <= 4*n*2**-52*S + 2
ok    T4-stress 098 n=7 D/peak/fifo 闭合 pct 展示值精确相同
ok    T4-stress 098 n=7 D/peak/lifo 非 gap 来源逐条相同
ok    T4-stress 098 n=7 D/peak/lifo |Δ| <= 4*n*2**-52*S + 2
ok    T4-stress 098 n=7 D/peak/lifo 闭合 pct 展示值精确相同
ok    T4-stress 098 n=7 D/peak/pro_rata 非 gap 来源逐条相同
ok    T4-stress 098 n=7 D/peak/pro_rata |Δ| <= 4*n*2**-52*S + 2
ok    T4-stress 098 n=7 D/peak/pro_rata 闭合 pct 展示值精确相同
ok    T4-stress 099 n=8 实际模拟边数齐全
ok    T4-stress 099 n=8/current 两版本库存等于整数边表余额
ok    T4-stress 099 n=8/peak 两版本库存等于整数边表余额
ok    T4-stress 099 n=8 两版本供应量相同
ok    T4-stress 099 n=8/pro_rata 逐笔短缺入桶数量精确相同
ok    T4-stress 099 n=8/fifo 逐笔短缺入桶数量精确相同
ok    T4-stress 099 n=8/lifo 逐笔短缺入桶数量精确相同
ok    T4-stress 099 n=8 实体集合不变
ok    T4-stress 099 n=8 D/current stock_raw 相同
ok    T4-stress 099 n=8 D/current 闭合 pct 展示值精确相同
ok    T4-stress 099 n=8 D/current 非 gap 来源逐条相同
ok    T4-stress 099 n=8 D/current |Δ| <= 4*n*2**-52*S + 2
ok    T4-stress 099 n=8 D/current 策略集合相同
ok    T4-stress 099 n=8 D/current/fifo 非 gap 来源逐条相同
ok    T4-stress 099 n=8 D/current/fifo |Δ| <= 4*n*2**-52*S + 2
ok    T4-stress 099 n=8 D/current/fifo 闭合 pct 展示值精确相同
ok    T4-stress 099 n=8 D/current/lifo 非 gap 来源逐条相同
ok    T4-stress 099 n=8 D/current/lifo |Δ| <= 4*n*2**-52*S + 2
ok    T4-stress 099 n=8 D/current/lifo 闭合 pct 展示值精确相同
ok    T4-stress 099 n=8 D/current/pro_rata 非 gap 来源逐条相同
ok    T4-stress 099 n=8 D/current/pro_rata |Δ| <= 4*n*2**-52*S + 2
ok    T4-stress 099 n=8 D/current/pro_rata 闭合 pct 展示值精确相同
ok    T4-stress 099 n=8 D/peak stock_raw 相同
ok    T4-stress 099 n=8 D/peak 闭合 pct 展示值精确相同
ok    T4-stress 099 n=8 D/peak 非 gap 来源逐条相同
ok    T4-stress 099 n=8 D/peak |Δ| <= 4*n*2**-52*S + 2
ok    T4-stress 099 n=8 D/peak 策略集合相同
ok    T4-stress 099 n=8 D/peak/fifo 非 gap 来源逐条相同
ok    T4-stress 099 n=8 D/peak/fifo |Δ| <= 4*n*2**-52*S + 2
ok    T4-stress 099 n=8 D/peak/fifo 闭合 pct 展示值精确相同
ok    T4-stress 099 n=8 D/peak/lifo 非 gap 来源逐条相同
ok    T4-stress 099 n=8 D/peak/lifo |Δ| <= 4*n*2**-52*S + 2
ok    T4-stress 099 n=8 D/peak/lifo 闭合 pct 展示值精确相同
ok    T4-stress 099 n=8 D/peak/pro_rata 非 gap 来源逐条相同
ok    T4-stress 099 n=8 D/peak/pro_rata |Δ| <= 4*n*2**-52*S + 2
ok    T4-stress 099 n=8 D/peak/pro_rata 闭合 pct 展示值精确相同
ok    T4-stress 100 n=5 实际模拟边数齐全
ok    T4-stress 100 n=5/current 两版本库存等于整数边表余额
ok    T4-stress 100 n=5/peak 两版本库存等于整数边表余额
ok    T4-stress 100 n=5 两版本供应量相同
ok    T4-stress 100 n=5/pro_rata 逐笔短缺入桶数量精确相同
ok    T4-stress 100 n=5/fifo 逐笔短缺入桶数量精确相同
ok    T4-stress 100 n=5/lifo 逐笔短缺入桶数量精确相同
ok    T4-stress 100 n=5 实体集合不变
ok    T4-stress 100 n=5 D/current stock_raw 相同
ok    T4-stress 100 n=5 D/current 闭合 pct 展示值精确相同
ok    T4-stress 100 n=5 D/current 非 gap 来源逐条相同
ok    T4-stress 100 n=5 D/current |Δ| <= 4*n*2**-52*S + 2
ok    T4-stress 100 n=5 D/current 策略集合相同
ok    T4-stress 100 n=5 D/current/fifo 非 gap 来源逐条相同
ok    T4-stress 100 n=5 D/current/fifo |Δ| <= 4*n*2**-52*S + 2
ok    T4-stress 100 n=5 D/current/fifo 闭合 pct 展示值精确相同
ok    T4-stress 100 n=5 D/current/lifo 非 gap 来源逐条相同
ok    T4-stress 100 n=5 D/current/lifo |Δ| <= 4*n*2**-52*S + 2
ok    T4-stress 100 n=5 D/current/lifo 闭合 pct 展示值精确相同
ok    T4-stress 100 n=5 D/current/pro_rata 非 gap 来源逐条相同
ok    T4-stress 100 n=5 D/current/pro_rata |Δ| <= 4*n*2**-52*S + 2
ok    T4-stress 100 n=5 D/current/pro_rata 闭合 pct 展示值精确相同
ok    T4-stress 100 n=5 D/peak stock_raw 相同
ok    T4-stress 100 n=5 D/peak 闭合 pct 展示值精确相同
ok    T4-stress 100 n=5 D/peak 非 gap 来源逐条相同
ok    T4-stress 100 n=5 D/peak |Δ| <= 4*n*2**-52*S + 2
ok    T4-stress 100 n=5 D/peak 策略集合相同
ok    T4-stress 100 n=5 D/peak/fifo 非 gap 来源逐条相同
ok    T4-stress 100 n=5 D/peak/fifo |Δ| <= 4*n*2**-52*S + 2
ok    T4-stress 100 n=5 D/peak/fifo 闭合 pct 展示值精确相同
ok    T4-stress 100 n=5 D/peak/lifo 非 gap 来源逐条相同
ok    T4-stress 100 n=5 D/peak/lifo |Δ| <= 4*n*2**-52*S + 2
ok    T4-stress 100 n=5 D/peak/lifo 闭合 pct 展示值精确相同
ok    T4-stress 100 n=5 D/peak/pro_rata 非 gap 来源逐条相同
ok    T4-stress 100 n=5 D/peak/pro_rata |Δ| <= 4*n*2**-52*S + 2
ok    T4-stress 100 n=5 D/peak/pro_rata 闭合 pct 展示值精确相同
ok    T4-stress 101 n=8 实际模拟边数齐全
ok    T4-stress 101 n=8/current 两版本库存等于整数边表余额
ok    T4-stress 101 n=8/peak 两版本库存等于整数边表余额
ok    T4-stress 101 n=8 两版本供应量相同
ok    T4-stress 101 n=8/pro_rata 逐笔短缺入桶数量精确相同
ok    T4-stress 101 n=8/fifo 逐笔短缺入桶数量精确相同
ok    T4-stress 101 n=8/lifo 逐笔短缺入桶数量精确相同
ok    T4-stress 101 n=8 实体集合不变
ok    T4-stress 101 n=8 D/current stock_raw 相同
ok    T4-stress 101 n=8 D/current 闭合 pct 展示值精确相同
ok    T4-stress 101 n=8 D/current 非 gap 来源逐条相同
ok    T4-stress 101 n=8 D/current |Δ| <= 4*n*2**-52*S + 2
ok    T4-stress 101 n=8 D/current 策略集合相同
ok    T4-stress 101 n=8 D/current/fifo 非 gap 来源逐条相同
ok    T4-stress 101 n=8 D/current/fifo |Δ| <= 4*n*2**-52*S + 2
ok    T4-stress 101 n=8 D/current/fifo 闭合 pct 展示值精确相同
ok    T4-stress 101 n=8 D/current/lifo 非 gap 来源逐条相同
ok    T4-stress 101 n=8 D/current/lifo |Δ| <= 4*n*2**-52*S + 2
ok    T4-stress 101 n=8 D/current/lifo 闭合 pct 展示值精确相同
ok    T4-stress 101 n=8 D/current/pro_rata 非 gap 来源逐条相同
ok    T4-stress 101 n=8 D/current/pro_rata |Δ| <= 4*n*2**-52*S + 2
ok    T4-stress 101 n=8 D/current/pro_rata 闭合 pct 展示值精确相同
ok    T4-stress 101 n=8 D/peak stock_raw 相同
ok    T4-stress 101 n=8 D/peak 闭合 pct 展示值精确相同
ok    T4-stress 101 n=8 D/peak 非 gap 来源逐条相同
ok    T4-stress 101 n=8 D/peak |Δ| <= 4*n*2**-52*S + 2
ok    T4-stress 101 n=8 D/peak 策略集合相同
ok    T4-stress 101 n=8 D/peak/fifo 非 gap 来源逐条相同
ok    T4-stress 101 n=8 D/peak/fifo |Δ| <= 4*n*2**-52*S + 2
ok    T4-stress 101 n=8 D/peak/fifo 闭合 pct 展示值精确相同
ok    T4-stress 101 n=8 D/peak/lifo 非 gap 来源逐条相同
ok    T4-stress 101 n=8 D/peak/lifo |Δ| <= 4*n*2**-52*S + 2
ok    T4-stress 101 n=8 D/peak/lifo 闭合 pct 展示值精确相同
ok    T4-stress 101 n=8 D/peak/pro_rata 非 gap 来源逐条相同
ok    T4-stress 101 n=8 D/peak/pro_rata |Δ| <= 4*n*2**-52*S + 2
ok    T4-stress 101 n=8 D/peak/pro_rata 闭合 pct 展示值精确相同
ok    T4-stress 102 n=7 实际模拟边数齐全
ok    T4-stress 102 n=7/current 两版本库存等于整数边表余额
ok    T4-stress 102 n=7/peak 两版本库存等于整数边表余额
ok    T4-stress 102 n=7 两版本供应量相同
ok    T4-stress 102 n=7/pro_rata 逐笔短缺入桶数量精确相同
ok    T4-stress 102 n=7/fifo 逐笔短缺入桶数量精确相同
ok    T4-stress 102 n=7/lifo 逐笔短缺入桶数量精确相同
ok    T4-stress 102 n=7 实体集合不变
ok    T4-stress 102 n=7 D/current stock_raw 相同
ok    T4-stress 102 n=7 D/current 闭合 pct 展示值精确相同
ok    T4-stress 102 n=7 D/current 非 gap 来源逐条相同
ok    T4-stress 102 n=7 D/current |Δ| <= 4*n*2**-52*S + 2
ok    T4-stress 102 n=7 D/current 策略集合相同
ok    T4-stress 102 n=7 D/current/fifo 非 gap 来源逐条相同
ok    T4-stress 102 n=7 D/current/fifo |Δ| <= 4*n*2**-52*S + 2
ok    T4-stress 102 n=7 D/current/fifo 闭合 pct 展示值精确相同
ok    T4-stress 102 n=7 D/current/lifo 非 gap 来源逐条相同
ok    T4-stress 102 n=7 D/current/lifo |Δ| <= 4*n*2**-52*S + 2
ok    T4-stress 102 n=7 D/current/lifo 闭合 pct 展示值精确相同
ok    T4-stress 102 n=7 D/current/pro_rata 非 gap 来源逐条相同
ok    T4-stress 102 n=7 D/current/pro_rata |Δ| <= 4*n*2**-52*S + 2
ok    T4-stress 102 n=7 D/current/pro_rata 闭合 pct 展示值精确相同
ok    T4-stress 102 n=7 D/peak stock_raw 相同
ok    T4-stress 102 n=7 D/peak 闭合 pct 展示值精确相同
ok    T4-stress 102 n=7 D/peak 非 gap 来源逐条相同
ok    T4-stress 102 n=7 D/peak |Δ| <= 4*n*2**-52*S + 2
ok    T4-stress 102 n=7 D/peak 策略集合相同
ok    T4-stress 102 n=7 D/peak/fifo 非 gap 来源逐条相同
ok    T4-stress 102 n=7 D/peak/fifo |Δ| <= 4*n*2**-52*S + 2
ok    T4-stress 102 n=7 D/peak/fifo 闭合 pct 展示值精确相同
ok    T4-stress 102 n=7 D/peak/lifo 非 gap 来源逐条相同
ok    T4-stress 102 n=7 D/peak/lifo |Δ| <= 4*n*2**-52*S + 2
ok    T4-stress 102 n=7 D/peak/lifo 闭合 pct 展示值精确相同
ok    T4-stress 102 n=7 D/peak/pro_rata 非 gap 来源逐条相同
ok    T4-stress 102 n=7 D/peak/pro_rata |Δ| <= 4*n*2**-52*S + 2
ok    T4-stress 102 n=7 D/peak/pro_rata 闭合 pct 展示值精确相同
ok    T4-stress 103 n=5 实际模拟边数齐全
ok    T4-stress 103 n=5/current 两版本库存等于整数边表余额
ok    T4-stress 103 n=5/peak 两版本库存等于整数边表余额
ok    T4-stress 103 n=5 两版本供应量相同
ok    T4-stress 103 n=5/pro_rata 逐笔短缺入桶数量精确相同
ok    T4-stress 103 n=5/fifo 逐笔短缺入桶数量精确相同
ok    T4-stress 103 n=5/lifo 逐笔短缺入桶数量精确相同
ok    T4-stress 103 n=5 实体集合不变
ok    T4-stress 103 n=5 D/current stock_raw 相同
ok    T4-stress 103 n=5 D/current 闭合 pct 展示值精确相同
ok    T4-stress 103 n=5 D/current 非 gap 来源逐条相同
ok    T4-stress 103 n=5 D/current |Δ| <= 4*n*2**-52*S + 2
ok    T4-stress 103 n=5 D/current 策略集合相同
ok    T4-stress 103 n=5 D/current/fifo 非 gap 来源逐条相同
ok    T4-stress 103 n=5 D/current/fifo |Δ| <= 4*n*2**-52*S + 2
ok    T4-stress 103 n=5 D/current/fifo 闭合 pct 展示值精确相同
ok    T4-stress 103 n=5 D/current/lifo 非 gap 来源逐条相同
ok    T4-stress 103 n=5 D/current/lifo |Δ| <= 4*n*2**-52*S + 2
ok    T4-stress 103 n=5 D/current/lifo 闭合 pct 展示值精确相同
ok    T4-stress 103 n=5 D/current/pro_rata 非 gap 来源逐条相同
ok    T4-stress 103 n=5 D/current/pro_rata |Δ| <= 4*n*2**-52*S + 2
ok    T4-stress 103 n=5 D/current/pro_rata 闭合 pct 展示值精确相同
ok    T4-stress 103 n=5 D/peak stock_raw 相同
ok    T4-stress 103 n=5 D/peak 闭合 pct 展示值精确相同
ok    T4-stress 103 n=5 D/peak 非 gap 来源逐条相同
ok    T4-stress 103 n=5 D/peak |Δ| <= 4*n*2**-52*S + 2
ok    T4-stress 103 n=5 D/peak 策略集合相同
ok    T4-stress 103 n=5 D/peak/fifo 非 gap 来源逐条相同
ok    T4-stress 103 n=5 D/peak/fifo |Δ| <= 4*n*2**-52*S + 2
ok    T4-stress 103 n=5 D/peak/fifo 闭合 pct 展示值精确相同
ok    T4-stress 103 n=5 D/peak/lifo 非 gap 来源逐条相同
ok    T4-stress 103 n=5 D/peak/lifo |Δ| <= 4*n*2**-52*S + 2
ok    T4-stress 103 n=5 D/peak/lifo 闭合 pct 展示值精确相同
ok    T4-stress 103 n=5 D/peak/pro_rata 非 gap 来源逐条相同
ok    T4-stress 103 n=5 D/peak/pro_rata |Δ| <= 4*n*2**-52*S + 2
ok    T4-stress 103 n=5 D/peak/pro_rata 闭合 pct 展示值精确相同
ok    T4-stress 104 n=8 实际模拟边数齐全
ok    T4-stress 104 n=8/current 两版本库存等于整数边表余额
ok    T4-stress 104 n=8/peak 两版本库存等于整数边表余额
ok    T4-stress 104 n=8 两版本供应量相同
ok    T4-stress 104 n=8/pro_rata 逐笔短缺入桶数量精确相同
ok    T4-stress 104 n=8/fifo 逐笔短缺入桶数量精确相同
ok    T4-stress 104 n=8/lifo 逐笔短缺入桶数量精确相同
ok    T4-stress 104 n=8 实体集合不变
ok    T4-stress 104 n=8 D/current stock_raw 相同
ok    T4-stress 104 n=8 D/current 闭合 pct 展示值精确相同
ok    T4-stress 104 n=8 D/current 非 gap 来源逐条相同
ok    T4-stress 104 n=8 D/current |Δ| <= 4*n*2**-52*S + 2
ok    T4-stress 104 n=8 D/current 策略集合相同
ok    T4-stress 104 n=8 D/current/fifo 非 gap 来源逐条相同
ok    T4-stress 104 n=8 D/current/fifo |Δ| <= 4*n*2**-52*S + 2
ok    T4-stress 104 n=8 D/current/fifo 闭合 pct 展示值精确相同
ok    T4-stress 104 n=8 D/current/lifo 非 gap 来源逐条相同
ok    T4-stress 104 n=8 D/current/lifo |Δ| <= 4*n*2**-52*S + 2
ok    T4-stress 104 n=8 D/current/lifo 闭合 pct 展示值精确相同
ok    T4-stress 104 n=8 D/current/pro_rata 非 gap 来源逐条相同
ok    T4-stress 104 n=8 D/current/pro_rata |Δ| <= 4*n*2**-52*S + 2
ok    T4-stress 104 n=8 D/current/pro_rata 闭合 pct 展示值精确相同
ok    T4-stress 104 n=8 D/peak stock_raw 相同
ok    T4-stress 104 n=8 D/peak 闭合 pct 展示值精确相同
ok    T4-stress 104 n=8 D/peak 非 gap 来源逐条相同
ok    T4-stress 104 n=8 D/peak |Δ| <= 4*n*2**-52*S + 2
ok    T4-stress 104 n=8 D/peak 策略集合相同
ok    T4-stress 104 n=8 D/peak/fifo 非 gap 来源逐条相同
ok    T4-stress 104 n=8 D/peak/fifo |Δ| <= 4*n*2**-52*S + 2
ok    T4-stress 104 n=8 D/peak/fifo 闭合 pct 展示值精确相同
ok    T4-stress 104 n=8 D/peak/lifo 非 gap 来源逐条相同
ok    T4-stress 104 n=8 D/peak/lifo |Δ| <= 4*n*2**-52*S + 2
ok    T4-stress 104 n=8 D/peak/lifo 闭合 pct 展示值精确相同
ok    T4-stress 104 n=8 D/peak/pro_rata 非 gap 来源逐条相同
ok    T4-stress 104 n=8 D/peak/pro_rata |Δ| <= 4*n*2**-52*S + 2
ok    T4-stress 104 n=8 D/peak/pro_rata 闭合 pct 展示值精确相同
ok    T4-stress 105 n=4 实际模拟边数齐全
ok    T4-stress 105 n=4/current 两版本库存等于整数边表余额
ok    T4-stress 105 n=4/peak 两版本库存等于整数边表余额
ok    T4-stress 105 n=4 两版本供应量相同
ok    T4-stress 105 n=4/pro_rata 逐笔短缺入桶数量精确相同
ok    T4-stress 105 n=4/fifo 逐笔短缺入桶数量精确相同
ok    T4-stress 105 n=4/lifo 逐笔短缺入桶数量精确相同
ok    T4-stress 105 n=4 实体集合不变
ok    T4-stress 105 n=4 D/current stock_raw 相同
ok    T4-stress 105 n=4 D/current 闭合 pct 展示值精确相同
ok    T4-stress 105 n=4 D/current 非 gap 来源逐条相同
ok    T4-stress 105 n=4 D/current |Δ| <= 4*n*2**-52*S + 2
ok    T4-stress 105 n=4 D/current 策略集合相同
ok    T4-stress 105 n=4 D/current/fifo 非 gap 来源逐条相同
ok    T4-stress 105 n=4 D/current/fifo |Δ| <= 4*n*2**-52*S + 2
ok    T4-stress 105 n=4 D/current/fifo 闭合 pct 展示值精确相同
ok    T4-stress 105 n=4 D/current/lifo 非 gap 来源逐条相同
ok    T4-stress 105 n=4 D/current/lifo |Δ| <= 4*n*2**-52*S + 2
ok    T4-stress 105 n=4 D/current/lifo 闭合 pct 展示值精确相同
ok    T4-stress 105 n=4 D/current/pro_rata 非 gap 来源逐条相同
ok    T4-stress 105 n=4 D/current/pro_rata |Δ| <= 4*n*2**-52*S + 2
ok    T4-stress 105 n=4 D/current/pro_rata 闭合 pct 展示值精确相同
ok    T4-stress 105 n=4 D/peak stock_raw 相同
ok    T4-stress 105 n=4 D/peak 闭合 pct 展示值精确相同
ok    T4-stress 105 n=4 D/peak 非 gap 来源逐条相同
ok    T4-stress 105 n=4 D/peak |Δ| <= 4*n*2**-52*S + 2
ok    T4-stress 105 n=4 D/peak 策略集合相同
ok    T4-stress 105 n=4 D/peak/fifo 非 gap 来源逐条相同
ok    T4-stress 105 n=4 D/peak/fifo |Δ| <= 4*n*2**-52*S + 2
ok    T4-stress 105 n=4 D/peak/fifo 闭合 pct 展示值精确相同
ok    T4-stress 105 n=4 D/peak/lifo 非 gap 来源逐条相同
ok    T4-stress 105 n=4 D/peak/lifo |Δ| <= 4*n*2**-52*S + 2
ok    T4-stress 105 n=4 D/peak/lifo 闭合 pct 展示值精确相同
ok    T4-stress 105 n=4 D/peak/pro_rata 非 gap 来源逐条相同
ok    T4-stress 105 n=4 D/peak/pro_rata |Δ| <= 4*n*2**-52*S + 2
ok    T4-stress 105 n=4 D/peak/pro_rata 闭合 pct 展示值精确相同
ok    T4-stress 106 n=8 实际模拟边数齐全
ok    T4-stress 106 n=8/current 两版本库存等于整数边表余额
ok    T4-stress 106 n=8/peak 两版本库存等于整数边表余额
ok    T4-stress 106 n=8 两版本供应量相同
ok    T4-stress 106 n=8/pro_rata 逐笔短缺入桶数量精确相同
ok    T4-stress 106 n=8/fifo 逐笔短缺入桶数量精确相同
ok    T4-stress 106 n=8/lifo 逐笔短缺入桶数量精确相同
ok    T4-stress 106 n=8 实体集合不变
ok    T4-stress 106 n=8 D/current stock_raw 相同
ok    T4-stress 106 n=8 D/current 闭合 pct 展示值精确相同
ok    T4-stress 106 n=8 D/current 非 gap 来源逐条相同
ok    T4-stress 106 n=8 D/current |Δ| <= 4*n*2**-52*S + 2
ok    T4-stress 106 n=8 D/current 策略集合相同
ok    T4-stress 106 n=8 D/current/fifo 非 gap 来源逐条相同
ok    T4-stress 106 n=8 D/current/fifo |Δ| <= 4*n*2**-52*S + 2
ok    T4-stress 106 n=8 D/current/fifo 闭合 pct 展示值精确相同
ok    T4-stress 106 n=8 D/current/lifo 非 gap 来源逐条相同
ok    T4-stress 106 n=8 D/current/lifo |Δ| <= 4*n*2**-52*S + 2
ok    T4-stress 106 n=8 D/current/lifo 闭合 pct 展示值精确相同
ok    T4-stress 106 n=8 D/current/pro_rata 非 gap 来源逐条相同
ok    T4-stress 106 n=8 D/current/pro_rata |Δ| <= 4*n*2**-52*S + 2
ok    T4-stress 106 n=8 D/current/pro_rata 闭合 pct 展示值精确相同
ok    T4-stress 106 n=8 D/peak stock_raw 相同
ok    T4-stress 106 n=8 D/peak 闭合 pct 展示值精确相同
ok    T4-stress 106 n=8 D/peak 非 gap 来源逐条相同
ok    T4-stress 106 n=8 D/peak |Δ| <= 4*n*2**-52*S + 2
ok    T4-stress 106 n=8 D/peak 策略集合相同
ok    T4-stress 106 n=8 D/peak/fifo 非 gap 来源逐条相同
ok    T4-stress 106 n=8 D/peak/fifo |Δ| <= 4*n*2**-52*S + 2
ok    T4-stress 106 n=8 D/peak/fifo 闭合 pct 展示值精确相同
ok    T4-stress 106 n=8 D/peak/lifo 非 gap 来源逐条相同
ok    T4-stress 106 n=8 D/peak/lifo |Δ| <= 4*n*2**-52*S + 2
ok    T4-stress 106 n=8 D/peak/lifo 闭合 pct 展示值精确相同
ok    T4-stress 106 n=8 D/peak/pro_rata 非 gap 来源逐条相同
ok    T4-stress 106 n=8 D/peak/pro_rata |Δ| <= 4*n*2**-52*S + 2
ok    T4-stress 106 n=8 D/peak/pro_rata 闭合 pct 展示值精确相同
ok    T4-stress 107 n=4 实际模拟边数齐全
ok    T4-stress 107 n=4/current 两版本库存等于整数边表余额
ok    T4-stress 107 n=4/peak 两版本库存等于整数边表余额
ok    T4-stress 107 n=4 两版本供应量相同
ok    T4-stress 107 n=4/pro_rata 逐笔短缺入桶数量精确相同
ok    T4-stress 107 n=4/fifo 逐笔短缺入桶数量精确相同
ok    T4-stress 107 n=4/lifo 逐笔短缺入桶数量精确相同
ok    T4-stress 107 n=4 实体集合不变
ok    T4-stress 107 n=4 D/current stock_raw 相同
ok    T4-stress 107 n=4 D/current 闭合 pct 展示值精确相同
ok    T4-stress 107 n=4 D/current 非 gap 来源逐条相同
ok    T4-stress 107 n=4 D/current |Δ| <= 4*n*2**-52*S + 2
ok    T4-stress 107 n=4 D/current 策略集合相同
ok    T4-stress 107 n=4 D/current/fifo 非 gap 来源逐条相同
ok    T4-stress 107 n=4 D/current/fifo |Δ| <= 4*n*2**-52*S + 2
ok    T4-stress 107 n=4 D/current/fifo 闭合 pct 展示值精确相同
ok    T4-stress 107 n=4 D/current/lifo 非 gap 来源逐条相同
ok    T4-stress 107 n=4 D/current/lifo |Δ| <= 4*n*2**-52*S + 2
ok    T4-stress 107 n=4 D/current/lifo 闭合 pct 展示值精确相同
ok    T4-stress 107 n=4 D/current/pro_rata 非 gap 来源逐条相同
ok    T4-stress 107 n=4 D/current/pro_rata |Δ| <= 4*n*2**-52*S + 2
ok    T4-stress 107 n=4 D/current/pro_rata 闭合 pct 展示值精确相同
ok    T4-stress 107 n=4 D/peak stock_raw 相同
ok    T4-stress 107 n=4 D/peak 闭合 pct 展示值精确相同
ok    T4-stress 107 n=4 D/peak 非 gap 来源逐条相同
ok    T4-stress 107 n=4 D/peak |Δ| <= 4*n*2**-52*S + 2
ok    T4-stress 107 n=4 D/peak 策略集合相同
ok    T4-stress 107 n=4 D/peak/fifo 非 gap 来源逐条相同
ok    T4-stress 107 n=4 D/peak/fifo |Δ| <= 4*n*2**-52*S + 2
ok    T4-stress 107 n=4 D/peak/fifo 闭合 pct 展示值精确相同
ok    T4-stress 107 n=4 D/peak/lifo 非 gap 来源逐条相同
ok    T4-stress 107 n=4 D/peak/lifo |Δ| <= 4*n*2**-52*S + 2
ok    T4-stress 107 n=4 D/peak/lifo 闭合 pct 展示值精确相同
ok    T4-stress 107 n=4 D/peak/pro_rata 非 gap 来源逐条相同
ok    T4-stress 107 n=4 D/peak/pro_rata |Δ| <= 4*n*2**-52*S + 2
ok    T4-stress 107 n=4 D/peak/pro_rata 闭合 pct 展示值精确相同
ok    T4-stress 108 n=3 实际模拟边数齐全
ok    T4-stress 108 n=3/current 两版本库存等于整数边表余额
ok    T4-stress 108 n=3/peak 两版本库存等于整数边表余额
ok    T4-stress 108 n=3 两版本供应量相同
ok    T4-stress 108 n=3/pro_rata 逐笔短缺入桶数量精确相同
ok    T4-stress 108 n=3/fifo 逐笔短缺入桶数量精确相同
ok    T4-stress 108 n=3/lifo 逐笔短缺入桶数量精确相同
ok    T4-stress 108 n=3 实体集合不变
ok    T4-stress 108 n=3 D/current stock_raw 相同
ok    T4-stress 108 n=3 D/current 闭合 pct 展示值精确相同
ok    T4-stress 108 n=3 D/current 非 gap 来源逐条相同
ok    T4-stress 108 n=3 D/current |Δ| <= 4*n*2**-52*S + 2
ok    T4-stress 108 n=3 D/current 策略集合相同
ok    T4-stress 108 n=3 D/current/fifo 非 gap 来源逐条相同
ok    T4-stress 108 n=3 D/current/fifo |Δ| <= 4*n*2**-52*S + 2
ok    T4-stress 108 n=3 D/current/fifo 闭合 pct 展示值精确相同
ok    T4-stress 108 n=3 D/current/lifo 非 gap 来源逐条相同
ok    T4-stress 108 n=3 D/current/lifo |Δ| <= 4*n*2**-52*S + 2
ok    T4-stress 108 n=3 D/current/lifo 闭合 pct 展示值精确相同
ok    T4-stress 108 n=3 D/current/pro_rata 非 gap 来源逐条相同
ok    T4-stress 108 n=3 D/current/pro_rata |Δ| <= 4*n*2**-52*S + 2
ok    T4-stress 108 n=3 D/current/pro_rata 闭合 pct 展示值精确相同
ok    T4-stress 108 n=3 D/peak stock_raw 相同
ok    T4-stress 108 n=3 D/peak 闭合 pct 展示值精确相同
ok    T4-stress 108 n=3 D/peak 非 gap 来源逐条相同
ok    T4-stress 108 n=3 D/peak |Δ| <= 4*n*2**-52*S + 2
ok    T4-stress 108 n=3 D/peak 策略集合相同
ok    T4-stress 108 n=3 D/peak/fifo 非 gap 来源逐条相同
ok    T4-stress 108 n=3 D/peak/fifo |Δ| <= 4*n*2**-52*S + 2
ok    T4-stress 108 n=3 D/peak/fifo 闭合 pct 展示值精确相同
ok    T4-stress 108 n=3 D/peak/lifo 非 gap 来源逐条相同
ok    T4-stress 108 n=3 D/peak/lifo |Δ| <= 4*n*2**-52*S + 2
ok    T4-stress 108 n=3 D/peak/lifo 闭合 pct 展示值精确相同
ok    T4-stress 108 n=3 D/peak/pro_rata 非 gap 来源逐条相同
ok    T4-stress 108 n=3 D/peak/pro_rata |Δ| <= 4*n*2**-52*S + 2
ok    T4-stress 108 n=3 D/peak/pro_rata 闭合 pct 展示值精确相同
ok    T4-stress 109 n=3 实际模拟边数齐全
ok    T4-stress 109 n=3/current 两版本库存等于整数边表余额
ok    T4-stress 109 n=3/peak 两版本库存等于整数边表余额
ok    T4-stress 109 n=3 两版本供应量相同
ok    T4-stress 109 n=3/pro_rata 逐笔短缺入桶数量精确相同
ok    T4-stress 109 n=3/fifo 逐笔短缺入桶数量精确相同
ok    T4-stress 109 n=3/lifo 逐笔短缺入桶数量精确相同
ok    T4-stress 109 n=3 实体集合不变
ok    T4-stress 109 n=3 D/current stock_raw 相同
ok    T4-stress 109 n=3 D/current 闭合 pct 展示值精确相同
ok    T4-stress 109 n=3 D/current 非 gap 来源逐条相同
ok    T4-stress 109 n=3 D/current |Δ| <= 4*n*2**-52*S + 2
ok    T4-stress 109 n=3 D/current 策略集合相同
ok    T4-stress 109 n=3 D/current/fifo 非 gap 来源逐条相同
ok    T4-stress 109 n=3 D/current/fifo |Δ| <= 4*n*2**-52*S + 2
ok    T4-stress 109 n=3 D/current/fifo 闭合 pct 展示值精确相同
ok    T4-stress 109 n=3 D/current/lifo 非 gap 来源逐条相同
ok    T4-stress 109 n=3 D/current/lifo |Δ| <= 4*n*2**-52*S + 2
ok    T4-stress 109 n=3 D/current/lifo 闭合 pct 展示值精确相同
ok    T4-stress 109 n=3 D/current/pro_rata 非 gap 来源逐条相同
ok    T4-stress 109 n=3 D/current/pro_rata |Δ| <= 4*n*2**-52*S + 2
ok    T4-stress 109 n=3 D/current/pro_rata 闭合 pct 展示值精确相同
ok    T4-stress 109 n=3 D/peak stock_raw 相同
ok    T4-stress 109 n=3 D/peak 闭合 pct 展示值精确相同
ok    T4-stress 109 n=3 D/peak 非 gap 来源逐条相同
ok    T4-stress 109 n=3 D/peak |Δ| <= 4*n*2**-52*S + 2
ok    T4-stress 109 n=3 D/peak 策略集合相同
ok    T4-stress 109 n=3 D/peak/fifo 非 gap 来源逐条相同
ok    T4-stress 109 n=3 D/peak/fifo |Δ| <= 4*n*2**-52*S + 2
ok    T4-stress 109 n=3 D/peak/fifo 闭合 pct 展示值精确相同
ok    T4-stress 109 n=3 D/peak/lifo 非 gap 来源逐条相同
ok    T4-stress 109 n=3 D/peak/lifo |Δ| <= 4*n*2**-52*S + 2
ok    T4-stress 109 n=3 D/peak/lifo 闭合 pct 展示值精确相同
ok    T4-stress 109 n=3 D/peak/pro_rata 非 gap 来源逐条相同
ok    T4-stress 109 n=3 D/peak/pro_rata |Δ| <= 4*n*2**-52*S + 2
ok    T4-stress 109 n=3 D/peak/pro_rata 闭合 pct 展示值精确相同
ok    T4-stress 110 n=8 实际模拟边数齐全
ok    T4-stress 110 n=8/current 两版本库存等于整数边表余额
ok    T4-stress 110 n=8/peak 两版本库存等于整数边表余额
ok    T4-stress 110 n=8 两版本供应量相同
ok    T4-stress 110 n=8/pro_rata 逐笔短缺入桶数量精确相同
ok    T4-stress 110 n=8/fifo 逐笔短缺入桶数量精确相同
ok    T4-stress 110 n=8/lifo 逐笔短缺入桶数量精确相同
ok    T4-stress 110 n=8 实体集合不变
ok    T4-stress 110 n=8 D/current stock_raw 相同
ok    T4-stress 110 n=8 D/current 闭合 pct 展示值精确相同
ok    T4-stress 110 n=8 D/current 非 gap 来源逐条相同
ok    T4-stress 110 n=8 D/current |Δ| <= 4*n*2**-52*S + 2
ok    T4-stress 110 n=8 D/current 策略集合相同
ok    T4-stress 110 n=8 D/current/fifo 非 gap 来源逐条相同
ok    T4-stress 110 n=8 D/current/fifo |Δ| <= 4*n*2**-52*S + 2
ok    T4-stress 110 n=8 D/current/fifo 闭合 pct 展示值精确相同
ok    T4-stress 110 n=8 D/current/lifo 非 gap 来源逐条相同
ok    T4-stress 110 n=8 D/current/lifo |Δ| <= 4*n*2**-52*S + 2
ok    T4-stress 110 n=8 D/current/lifo 闭合 pct 展示值精确相同
ok    T4-stress 110 n=8 D/current/pro_rata 非 gap 来源逐条相同
ok    T4-stress 110 n=8 D/current/pro_rata |Δ| <= 4*n*2**-52*S + 2
ok    T4-stress 110 n=8 D/current/pro_rata 闭合 pct 展示值精确相同
ok    T4-stress 110 n=8 D/peak stock_raw 相同
ok    T4-stress 110 n=8 D/peak 闭合 pct 展示值精确相同
ok    T4-stress 110 n=8 D/peak 非 gap 来源逐条相同
ok    T4-stress 110 n=8 D/peak |Δ| <= 4*n*2**-52*S + 2
ok    T4-stress 110 n=8 D/peak 策略集合相同
ok    T4-stress 110 n=8 D/peak/fifo 非 gap 来源逐条相同
ok    T4-stress 110 n=8 D/peak/fifo |Δ| <= 4*n*2**-52*S + 2
ok    T4-stress 110 n=8 D/peak/fifo 闭合 pct 展示值精确相同
ok    T4-stress 110 n=8 D/peak/lifo 非 gap 来源逐条相同
ok    T4-stress 110 n=8 D/peak/lifo |Δ| <= 4*n*2**-52*S + 2
ok    T4-stress 110 n=8 D/peak/lifo 闭合 pct 展示值精确相同
ok    T4-stress 110 n=8 D/peak/pro_rata 非 gap 来源逐条相同
ok    T4-stress 110 n=8 D/peak/pro_rata |Δ| <= 4*n*2**-52*S + 2
ok    T4-stress 110 n=8 D/peak/pro_rata 闭合 pct 展示值精确相同
ok    T4-stress 111 n=8 实际模拟边数齐全
ok    T4-stress 111 n=8/current 两版本库存等于整数边表余额
ok    T4-stress 111 n=8/peak 两版本库存等于整数边表余额
ok    T4-stress 111 n=8 两版本供应量相同
ok    T4-stress 111 n=8/pro_rata 逐笔短缺入桶数量精确相同
ok    T4-stress 111 n=8/fifo 逐笔短缺入桶数量精确相同
ok    T4-stress 111 n=8/lifo 逐笔短缺入桶数量精确相同
ok    T4-stress 111 n=8 实体集合不变
ok    T4-stress 111 n=8 D/current stock_raw 相同
ok    T4-stress 111 n=8 D/current 闭合 pct 展示值精确相同
ok    T4-stress 111 n=8 D/current 非 gap 来源逐条相同
ok    T4-stress 111 n=8 D/current |Δ| <= 4*n*2**-52*S + 2
ok    T4-stress 111 n=8 D/current 策略集合相同
ok    T4-stress 111 n=8 D/current/fifo 非 gap 来源逐条相同
ok    T4-stress 111 n=8 D/current/fifo |Δ| <= 4*n*2**-52*S + 2
ok    T4-stress 111 n=8 D/current/fifo 闭合 pct 展示值精确相同
ok    T4-stress 111 n=8 D/current/lifo 非 gap 来源逐条相同
ok    T4-stress 111 n=8 D/current/lifo |Δ| <= 4*n*2**-52*S + 2
ok    T4-stress 111 n=8 D/current/lifo 闭合 pct 展示值精确相同
ok    T4-stress 111 n=8 D/current/pro_rata 非 gap 来源逐条相同
ok    T4-stress 111 n=8 D/current/pro_rata |Δ| <= 4*n*2**-52*S + 2
ok    T4-stress 111 n=8 D/current/pro_rata 闭合 pct 展示值精确相同
ok    T4-stress 111 n=8 D/peak stock_raw 相同
ok    T4-stress 111 n=8 D/peak 闭合 pct 展示值精确相同
ok    T4-stress 111 n=8 D/peak 非 gap 来源逐条相同
ok    T4-stress 111 n=8 D/peak |Δ| <= 4*n*2**-52*S + 2
ok    T4-stress 111 n=8 D/peak 策略集合相同
ok    T4-stress 111 n=8 D/peak/fifo 非 gap 来源逐条相同
ok    T4-stress 111 n=8 D/peak/fifo |Δ| <= 4*n*2**-52*S + 2
ok    T4-stress 111 n=8 D/peak/fifo 闭合 pct 展示值精确相同
ok    T4-stress 111 n=8 D/peak/lifo 非 gap 来源逐条相同
ok    T4-stress 111 n=8 D/peak/lifo |Δ| <= 4*n*2**-52*S + 2
ok    T4-stress 111 n=8 D/peak/lifo 闭合 pct 展示值精确相同
ok    T4-stress 111 n=8 D/peak/pro_rata 非 gap 来源逐条相同
ok    T4-stress 111 n=8 D/peak/pro_rata |Δ| <= 4*n*2**-52*S + 2
ok    T4-stress 111 n=8 D/peak/pro_rata 闭合 pct 展示值精确相同
ok    T4-stress 112 n=4 实际模拟边数齐全
ok    T4-stress 112 n=4/current 两版本库存等于整数边表余额
ok    T4-stress 112 n=4/peak 两版本库存等于整数边表余额
ok    T4-stress 112 n=4 两版本供应量相同
ok    T4-stress 112 n=4/pro_rata 逐笔短缺入桶数量精确相同
ok    T4-stress 112 n=4/fifo 逐笔短缺入桶数量精确相同
ok    T4-stress 112 n=4/lifo 逐笔短缺入桶数量精确相同
ok    T4-stress 112 n=4 实体集合不变
ok    T4-stress 112 n=4 D/current stock_raw 相同
ok    T4-stress 112 n=4 D/current 闭合 pct 展示值精确相同
ok    T4-stress 112 n=4 D/current 非 gap 来源逐条相同
ok    T4-stress 112 n=4 D/current |Δ| <= 4*n*2**-52*S + 2
ok    T4-stress 112 n=4 D/current 策略集合相同
ok    T4-stress 112 n=4 D/current/fifo 非 gap 来源逐条相同
ok    T4-stress 112 n=4 D/current/fifo |Δ| <= 4*n*2**-52*S + 2
ok    T4-stress 112 n=4 D/current/fifo 闭合 pct 展示值精确相同
ok    T4-stress 112 n=4 D/current/lifo 非 gap 来源逐条相同
ok    T4-stress 112 n=4 D/current/lifo |Δ| <= 4*n*2**-52*S + 2
ok    T4-stress 112 n=4 D/current/lifo 闭合 pct 展示值精确相同
ok    T4-stress 112 n=4 D/current/pro_rata 非 gap 来源逐条相同
ok    T4-stress 112 n=4 D/current/pro_rata |Δ| <= 4*n*2**-52*S + 2
ok    T4-stress 112 n=4 D/current/pro_rata 闭合 pct 展示值精确相同
ok    T4-stress 112 n=4 D/peak stock_raw 相同
ok    T4-stress 112 n=4 D/peak 闭合 pct 展示值精确相同
ok    T4-stress 112 n=4 D/peak 非 gap 来源逐条相同
ok    T4-stress 112 n=4 D/peak |Δ| <= 4*n*2**-52*S + 2
ok    T4-stress 112 n=4 D/peak 策略集合相同
ok    T4-stress 112 n=4 D/peak/fifo 非 gap 来源逐条相同
ok    T4-stress 112 n=4 D/peak/fifo |Δ| <= 4*n*2**-52*S + 2
ok    T4-stress 112 n=4 D/peak/fifo 闭合 pct 展示值精确相同
ok    T4-stress 112 n=4 D/peak/lifo 非 gap 来源逐条相同
ok    T4-stress 112 n=4 D/peak/lifo |Δ| <= 4*n*2**-52*S + 2
ok    T4-stress 112 n=4 D/peak/lifo 闭合 pct 展示值精确相同
ok    T4-stress 112 n=4 D/peak/pro_rata 非 gap 来源逐条相同
ok    T4-stress 112 n=4 D/peak/pro_rata |Δ| <= 4*n*2**-52*S + 2
ok    T4-stress 112 n=4 D/peak/pro_rata 闭合 pct 展示值精确相同
ok    T4-stress 113 n=5 实际模拟边数齐全
ok    T4-stress 113 n=5/current 两版本库存等于整数边表余额
ok    T4-stress 113 n=5/peak 两版本库存等于整数边表余额
ok    T4-stress 113 n=5 两版本供应量相同
ok    T4-stress 113 n=5/pro_rata 逐笔短缺入桶数量精确相同
ok    T4-stress 113 n=5/fifo 逐笔短缺入桶数量精确相同
ok    T4-stress 113 n=5/lifo 逐笔短缺入桶数量精确相同
ok    T4-stress 113 n=5 实体集合不变
ok    T4-stress 113 n=5 D/current stock_raw 相同
ok    T4-stress 113 n=5 D/current 闭合 pct 展示值精确相同
ok    T4-stress 113 n=5 D/current 非 gap 来源逐条相同
ok    T4-stress 113 n=5 D/current |Δ| <= 4*n*2**-52*S + 2
ok    T4-stress 113 n=5 D/current 策略集合相同
ok    T4-stress 113 n=5 D/current/fifo 非 gap 来源逐条相同
ok    T4-stress 113 n=5 D/current/fifo |Δ| <= 4*n*2**-52*S + 2
ok    T4-stress 113 n=5 D/current/fifo 闭合 pct 展示值精确相同
ok    T4-stress 113 n=5 D/current/lifo 非 gap 来源逐条相同
ok    T4-stress 113 n=5 D/current/lifo |Δ| <= 4*n*2**-52*S + 2
ok    T4-stress 113 n=5 D/current/lifo 闭合 pct 展示值精确相同
ok    T4-stress 113 n=5 D/current/pro_rata 非 gap 来源逐条相同
ok    T4-stress 113 n=5 D/current/pro_rata |Δ| <= 4*n*2**-52*S + 2
ok    T4-stress 113 n=5 D/current/pro_rata 闭合 pct 展示值精确相同
ok    T4-stress 113 n=5 D/peak stock_raw 相同
ok    T4-stress 113 n=5 D/peak 闭合 pct 展示值精确相同
ok    T4-stress 113 n=5 D/peak 非 gap 来源逐条相同
ok    T4-stress 113 n=5 D/peak |Δ| <= 4*n*2**-52*S + 2
ok    T4-stress 113 n=5 D/peak 策略集合相同
ok    T4-stress 113 n=5 D/peak/fifo 非 gap 来源逐条相同
ok    T4-stress 113 n=5 D/peak/fifo |Δ| <= 4*n*2**-52*S + 2
ok    T4-stress 113 n=5 D/peak/fifo 闭合 pct 展示值精确相同
ok    T4-stress 113 n=5 D/peak/lifo 非 gap 来源逐条相同
ok    T4-stress 113 n=5 D/peak/lifo |Δ| <= 4*n*2**-52*S + 2
ok    T4-stress 113 n=5 D/peak/lifo 闭合 pct 展示值精确相同
ok    T4-stress 113 n=5 D/peak/pro_rata 非 gap 来源逐条相同
ok    T4-stress 113 n=5 D/peak/pro_rata |Δ| <= 4*n*2**-52*S + 2
ok    T4-stress 113 n=5 D/peak/pro_rata 闭合 pct 展示值精确相同
ok    T4-stress 114 n=4 实际模拟边数齐全
ok    T4-stress 114 n=4/current 两版本库存等于整数边表余额
ok    T4-stress 114 n=4/peak 两版本库存等于整数边表余额
ok    T4-stress 114 n=4 两版本供应量相同
ok    T4-stress 114 n=4/pro_rata 逐笔短缺入桶数量精确相同
ok    T4-stress 114 n=4/fifo 逐笔短缺入桶数量精确相同
ok    T4-stress 114 n=4/lifo 逐笔短缺入桶数量精确相同
ok    T4-stress 114 n=4 实体集合不变
ok    T4-stress 114 n=4 D/current stock_raw 相同
ok    T4-stress 114 n=4 D/current 闭合 pct 展示值精确相同
ok    T4-stress 114 n=4 D/current 非 gap 来源逐条相同
ok    T4-stress 114 n=4 D/current |Δ| <= 4*n*2**-52*S + 2
ok    T4-stress 114 n=4 D/current 策略集合相同
ok    T4-stress 114 n=4 D/current/fifo 非 gap 来源逐条相同
ok    T4-stress 114 n=4 D/current/fifo |Δ| <= 4*n*2**-52*S + 2
ok    T4-stress 114 n=4 D/current/fifo 闭合 pct 展示值精确相同
ok    T4-stress 114 n=4 D/current/lifo 非 gap 来源逐条相同
ok    T4-stress 114 n=4 D/current/lifo |Δ| <= 4*n*2**-52*S + 2
ok    T4-stress 114 n=4 D/current/lifo 闭合 pct 展示值精确相同
ok    T4-stress 114 n=4 D/current/pro_rata 非 gap 来源逐条相同
ok    T4-stress 114 n=4 D/current/pro_rata |Δ| <= 4*n*2**-52*S + 2
ok    T4-stress 114 n=4 D/current/pro_rata 闭合 pct 展示值精确相同
ok    T4-stress 114 n=4 D/peak stock_raw 相同
ok    T4-stress 114 n=4 D/peak 闭合 pct 展示值精确相同
ok    T4-stress 114 n=4 D/peak 非 gap 来源逐条相同
ok    T4-stress 114 n=4 D/peak |Δ| <= 4*n*2**-52*S + 2
ok    T4-stress 114 n=4 D/peak 策略集合相同
ok    T4-stress 114 n=4 D/peak/fifo 非 gap 来源逐条相同
ok    T4-stress 114 n=4 D/peak/fifo |Δ| <= 4*n*2**-52*S + 2
ok    T4-stress 114 n=4 D/peak/fifo 闭合 pct 展示值精确相同
ok    T4-stress 114 n=4 D/peak/lifo 非 gap 来源逐条相同
ok    T4-stress 114 n=4 D/peak/lifo |Δ| <= 4*n*2**-52*S + 2
ok    T4-stress 114 n=4 D/peak/lifo 闭合 pct 展示值精确相同
ok    T4-stress 114 n=4 D/peak/pro_rata 非 gap 来源逐条相同
ok    T4-stress 114 n=4 D/peak/pro_rata |Δ| <= 4*n*2**-52*S + 2
ok    T4-stress 114 n=4 D/peak/pro_rata 闭合 pct 展示值精确相同
ok    T4-stress 115 n=5 实际模拟边数齐全
ok    T4-stress 115 n=5/current 两版本库存等于整数边表余额
ok    T4-stress 115 n=5/peak 两版本库存等于整数边表余额
ok    T4-stress 115 n=5 两版本供应量相同
ok    T4-stress 115 n=5/pro_rata 逐笔短缺入桶数量精确相同
ok    T4-stress 115 n=5/fifo 逐笔短缺入桶数量精确相同
ok    T4-stress 115 n=5/lifo 逐笔短缺入桶数量精确相同
ok    T4-stress 115 n=5 实体集合不变
ok    T4-stress 115 n=5 D/current stock_raw 相同
ok    T4-stress 115 n=5 D/current 闭合 pct 展示值精确相同
ok    T4-stress 115 n=5 D/current 非 gap 来源逐条相同
ok    T4-stress 115 n=5 D/current |Δ| <= 4*n*2**-52*S + 2
ok    T4-stress 115 n=5 D/current 策略集合相同
ok    T4-stress 115 n=5 D/current/fifo 非 gap 来源逐条相同
ok    T4-stress 115 n=5 D/current/fifo |Δ| <= 4*n*2**-52*S + 2
ok    T4-stress 115 n=5 D/current/fifo 闭合 pct 展示值精确相同
ok    T4-stress 115 n=5 D/current/lifo 非 gap 来源逐条相同
ok    T4-stress 115 n=5 D/current/lifo |Δ| <= 4*n*2**-52*S + 2
ok    T4-stress 115 n=5 D/current/lifo 闭合 pct 展示值精确相同
ok    T4-stress 115 n=5 D/current/pro_rata 非 gap 来源逐条相同
ok    T4-stress 115 n=5 D/current/pro_rata |Δ| <= 4*n*2**-52*S + 2
ok    T4-stress 115 n=5 D/current/pro_rata 闭合 pct 展示值精确相同
ok    T4-stress 115 n=5 D/peak stock_raw 相同
ok    T4-stress 115 n=5 D/peak 闭合 pct 展示值精确相同
ok    T4-stress 115 n=5 D/peak 非 gap 来源逐条相同
ok    T4-stress 115 n=5 D/peak |Δ| <= 4*n*2**-52*S + 2
ok    T4-stress 115 n=5 D/peak 策略集合相同
ok    T4-stress 115 n=5 D/peak/fifo 非 gap 来源逐条相同
ok    T4-stress 115 n=5 D/peak/fifo |Δ| <= 4*n*2**-52*S + 2
ok    T4-stress 115 n=5 D/peak/fifo 闭合 pct 展示值精确相同
ok    T4-stress 115 n=5 D/peak/lifo 非 gap 来源逐条相同
ok    T4-stress 115 n=5 D/peak/lifo |Δ| <= 4*n*2**-52*S + 2
ok    T4-stress 115 n=5 D/peak/lifo 闭合 pct 展示值精确相同
ok    T4-stress 115 n=5 D/peak/pro_rata 非 gap 来源逐条相同
ok    T4-stress 115 n=5 D/peak/pro_rata |Δ| <= 4*n*2**-52*S + 2
ok    T4-stress 115 n=5 D/peak/pro_rata 闭合 pct 展示值精确相同
ok    T4-stress 116 n=3 实际模拟边数齐全
ok    T4-stress 116 n=3/current 两版本库存等于整数边表余额
ok    T4-stress 116 n=3/peak 两版本库存等于整数边表余额
ok    T4-stress 116 n=3 两版本供应量相同
ok    T4-stress 116 n=3/pro_rata 逐笔短缺入桶数量精确相同
ok    T4-stress 116 n=3/fifo 逐笔短缺入桶数量精确相同
ok    T4-stress 116 n=3/lifo 逐笔短缺入桶数量精确相同
ok    T4-stress 116 n=3 实体集合不变
ok    T4-stress 116 n=3 D/current stock_raw 相同
ok    T4-stress 116 n=3 D/current 闭合 pct 展示值精确相同
ok    T4-stress 116 n=3 D/current 非 gap 来源逐条相同
ok    T4-stress 116 n=3 D/current |Δ| <= 4*n*2**-52*S + 2
ok    T4-stress 116 n=3 D/current 策略集合相同
ok    T4-stress 116 n=3 D/current/fifo 非 gap 来源逐条相同
ok    T4-stress 116 n=3 D/current/fifo |Δ| <= 4*n*2**-52*S + 2
ok    T4-stress 116 n=3 D/current/fifo 闭合 pct 展示值精确相同
ok    T4-stress 116 n=3 D/current/lifo 非 gap 来源逐条相同
ok    T4-stress 116 n=3 D/current/lifo |Δ| <= 4*n*2**-52*S + 2
ok    T4-stress 116 n=3 D/current/lifo 闭合 pct 展示值精确相同
ok    T4-stress 116 n=3 D/current/pro_rata 非 gap 来源逐条相同
ok    T4-stress 116 n=3 D/current/pro_rata |Δ| <= 4*n*2**-52*S + 2
ok    T4-stress 116 n=3 D/current/pro_rata 闭合 pct 展示值精确相同
ok    T4-stress 116 n=3 D/peak stock_raw 相同
ok    T4-stress 116 n=3 D/peak 闭合 pct 展示值精确相同
ok    T4-stress 116 n=3 D/peak 非 gap 来源逐条相同
ok    T4-stress 116 n=3 D/peak |Δ| <= 4*n*2**-52*S + 2
ok    T4-stress 116 n=3 D/peak 策略集合相同
ok    T4-stress 116 n=3 D/peak/fifo 非 gap 来源逐条相同
ok    T4-stress 116 n=3 D/peak/fifo |Δ| <= 4*n*2**-52*S + 2
ok    T4-stress 116 n=3 D/peak/fifo 闭合 pct 展示值精确相同
ok    T4-stress 116 n=3 D/peak/lifo 非 gap 来源逐条相同
ok    T4-stress 116 n=3 D/peak/lifo |Δ| <= 4*n*2**-52*S + 2
ok    T4-stress 116 n=3 D/peak/lifo 闭合 pct 展示值精确相同
ok    T4-stress 116 n=3 D/peak/pro_rata 非 gap 来源逐条相同
ok    T4-stress 116 n=3 D/peak/pro_rata |Δ| <= 4*n*2**-52*S + 2
ok    T4-stress 116 n=3 D/peak/pro_rata 闭合 pct 展示值精确相同
ok    T4-stress 117 n=8 实际模拟边数齐全
ok    T4-stress 117 n=8/current 两版本库存等于整数边表余额
ok    T4-stress 117 n=8/peak 两版本库存等于整数边表余额
ok    T4-stress 117 n=8 两版本供应量相同
ok    T4-stress 117 n=8/pro_rata 逐笔短缺入桶数量精确相同
ok    T4-stress 117 n=8/fifo 逐笔短缺入桶数量精确相同
ok    T4-stress 117 n=8/lifo 逐笔短缺入桶数量精确相同
ok    T4-stress 117 n=8 实体集合不变
ok    T4-stress 117 n=8 D/current stock_raw 相同
ok    T4-stress 117 n=8 D/current 闭合 pct 展示值精确相同
ok    T4-stress 117 n=8 D/current 非 gap 来源逐条相同
ok    T4-stress 117 n=8 D/current |Δ| <= 4*n*2**-52*S + 2
ok    T4-stress 117 n=8 D/current 策略集合相同
ok    T4-stress 117 n=8 D/current/fifo 非 gap 来源逐条相同
ok    T4-stress 117 n=8 D/current/fifo |Δ| <= 4*n*2**-52*S + 2
ok    T4-stress 117 n=8 D/current/fifo 闭合 pct 展示值精确相同
ok    T4-stress 117 n=8 D/current/lifo 非 gap 来源逐条相同
ok    T4-stress 117 n=8 D/current/lifo |Δ| <= 4*n*2**-52*S + 2
ok    T4-stress 117 n=8 D/current/lifo 闭合 pct 展示值精确相同
ok    T4-stress 117 n=8 D/current/pro_rata 非 gap 来源逐条相同
ok    T4-stress 117 n=8 D/current/pro_rata |Δ| <= 4*n*2**-52*S + 2
ok    T4-stress 117 n=8 D/current/pro_rata 闭合 pct 展示值精确相同
ok    T4-stress 117 n=8 D/peak stock_raw 相同
ok    T4-stress 117 n=8 D/peak 闭合 pct 展示值精确相同
ok    T4-stress 117 n=8 D/peak 非 gap 来源逐条相同
ok    T4-stress 117 n=8 D/peak |Δ| <= 4*n*2**-52*S + 2
ok    T4-stress 117 n=8 D/peak 策略集合相同
ok    T4-stress 117 n=8 D/peak/fifo 非 gap 来源逐条相同
ok    T4-stress 117 n=8 D/peak/fifo |Δ| <= 4*n*2**-52*S + 2
ok    T4-stress 117 n=8 D/peak/fifo 闭合 pct 展示值精确相同
ok    T4-stress 117 n=8 D/peak/lifo 非 gap 来源逐条相同
ok    T4-stress 117 n=8 D/peak/lifo |Δ| <= 4*n*2**-52*S + 2
ok    T4-stress 117 n=8 D/peak/lifo 闭合 pct 展示值精确相同
ok    T4-stress 117 n=8 D/peak/pro_rata 非 gap 来源逐条相同
ok    T4-stress 117 n=8 D/peak/pro_rata |Δ| <= 4*n*2**-52*S + 2
ok    T4-stress 117 n=8 D/peak/pro_rata 闭合 pct 展示值精确相同
ok    T4-stress 118 n=4 实际模拟边数齐全
ok    T4-stress 118 n=4/current 两版本库存等于整数边表余额
ok    T4-stress 118 n=4/peak 两版本库存等于整数边表余额
ok    T4-stress 118 n=4 两版本供应量相同
ok    T4-stress 118 n=4/pro_rata 逐笔短缺入桶数量精确相同
ok    T4-stress 118 n=4/fifo 逐笔短缺入桶数量精确相同
ok    T4-stress 118 n=4/lifo 逐笔短缺入桶数量精确相同
ok    T4-stress 118 n=4 实体集合不变
ok    T4-stress 118 n=4 D/current stock_raw 相同
ok    T4-stress 118 n=4 D/current 闭合 pct 展示值精确相同
ok    T4-stress 118 n=4 D/current 非 gap 来源逐条相同
ok    T4-stress 118 n=4 D/current |Δ| <= 4*n*2**-52*S + 2
ok    T4-stress 118 n=4 D/current 策略集合相同
ok    T4-stress 118 n=4 D/current/fifo 非 gap 来源逐条相同
ok    T4-stress 118 n=4 D/current/fifo |Δ| <= 4*n*2**-52*S + 2
ok    T4-stress 118 n=4 D/current/fifo 闭合 pct 展示值精确相同
ok    T4-stress 118 n=4 D/current/lifo 非 gap 来源逐条相同
ok    T4-stress 118 n=4 D/current/lifo |Δ| <= 4*n*2**-52*S + 2
ok    T4-stress 118 n=4 D/current/lifo 闭合 pct 展示值精确相同
ok    T4-stress 118 n=4 D/current/pro_rata 非 gap 来源逐条相同
ok    T4-stress 118 n=4 D/current/pro_rata |Δ| <= 4*n*2**-52*S + 2
ok    T4-stress 118 n=4 D/current/pro_rata 闭合 pct 展示值精确相同
ok    T4-stress 118 n=4 D/peak stock_raw 相同
ok    T4-stress 118 n=4 D/peak 闭合 pct 展示值精确相同
ok    T4-stress 118 n=4 D/peak 非 gap 来源逐条相同
ok    T4-stress 118 n=4 D/peak |Δ| <= 4*n*2**-52*S + 2
ok    T4-stress 118 n=4 D/peak 策略集合相同
ok    T4-stress 118 n=4 D/peak/fifo 非 gap 来源逐条相同
ok    T4-stress 118 n=4 D/peak/fifo |Δ| <= 4*n*2**-52*S + 2
ok    T4-stress 118 n=4 D/peak/fifo 闭合 pct 展示值精确相同
ok    T4-stress 118 n=4 D/peak/lifo 非 gap 来源逐条相同
ok    T4-stress 118 n=4 D/peak/lifo |Δ| <= 4*n*2**-52*S + 2
ok    T4-stress 118 n=4 D/peak/lifo 闭合 pct 展示值精确相同
ok    T4-stress 118 n=4 D/peak/pro_rata 非 gap 来源逐条相同
ok    T4-stress 118 n=4 D/peak/pro_rata |Δ| <= 4*n*2**-52*S + 2
ok    T4-stress 118 n=4 D/peak/pro_rata 闭合 pct 展示值精确相同
ok    T4-stress 119 n=5 实际模拟边数齐全
ok    T4-stress 119 n=5/current 两版本库存等于整数边表余额
ok    T4-stress 119 n=5/peak 两版本库存等于整数边表余额
ok    T4-stress 119 n=5 两版本供应量相同
ok    T4-stress 119 n=5/pro_rata 逐笔短缺入桶数量精确相同
ok    T4-stress 119 n=5/fifo 逐笔短缺入桶数量精确相同
ok    T4-stress 119 n=5/lifo 逐笔短缺入桶数量精确相同
ok    T4-stress 119 n=5 实体集合不变
ok    T4-stress 119 n=5 D/current stock_raw 相同
ok    T4-stress 119 n=5 D/current 闭合 pct 展示值精确相同
ok    T4-stress 119 n=5 D/current 非 gap 来源逐条相同
ok    T4-stress 119 n=5 D/current |Δ| <= 4*n*2**-52*S + 2
ok    T4-stress 119 n=5 D/current 策略集合相同
ok    T4-stress 119 n=5 D/current/fifo 非 gap 来源逐条相同
ok    T4-stress 119 n=5 D/current/fifo |Δ| <= 4*n*2**-52*S + 2
ok    T4-stress 119 n=5 D/current/fifo 闭合 pct 展示值精确相同
ok    T4-stress 119 n=5 D/current/lifo 非 gap 来源逐条相同
ok    T4-stress 119 n=5 D/current/lifo |Δ| <= 4*n*2**-52*S + 2
ok    T4-stress 119 n=5 D/current/lifo 闭合 pct 展示值精确相同
ok    T4-stress 119 n=5 D/current/pro_rata 非 gap 来源逐条相同
ok    T4-stress 119 n=5 D/current/pro_rata |Δ| <= 4*n*2**-52*S + 2
ok    T4-stress 119 n=5 D/current/pro_rata 闭合 pct 展示值精确相同
ok    T4-stress 119 n=5 D/peak stock_raw 相同
ok    T4-stress 119 n=5 D/peak 闭合 pct 展示值精确相同
ok    T4-stress 119 n=5 D/peak 非 gap 来源逐条相同
ok    T4-stress 119 n=5 D/peak |Δ| <= 4*n*2**-52*S + 2
ok    T4-stress 119 n=5 D/peak 策略集合相同
ok    T4-stress 119 n=5 D/peak/fifo 非 gap 来源逐条相同
ok    T4-stress 119 n=5 D/peak/fifo |Δ| <= 4*n*2**-52*S + 2
ok    T4-stress 119 n=5 D/peak/fifo 闭合 pct 展示值精确相同
ok    T4-stress 119 n=5 D/peak/lifo 非 gap 来源逐条相同
ok    T4-stress 119 n=5 D/peak/lifo |Δ| <= 4*n*2**-52*S + 2
ok    T4-stress 119 n=5 D/peak/lifo 闭合 pct 展示值精确相同
ok    T4-stress 119 n=5 D/peak/pro_rata 非 gap 来源逐条相同
ok    T4-stress 119 n=5 D/peak/pro_rata |Δ| <= 4*n*2**-52*S + 2
ok    T4-stress 119 n=5 D/peak/pro_rata 闭合 pct 展示值精确相同
ok    T4-stress 120 n=7 实际模拟边数齐全
ok    T4-stress 120 n=7/current 两版本库存等于整数边表余额
ok    T4-stress 120 n=7/peak 两版本库存等于整数边表余额
ok    T4-stress 120 n=7 两版本供应量相同
ok    T4-stress 120 n=7/pro_rata 逐笔短缺入桶数量精确相同
ok    T4-stress 120 n=7/fifo 逐笔短缺入桶数量精确相同
ok    T4-stress 120 n=7/lifo 逐笔短缺入桶数量精确相同
ok    T4-stress 120 n=7 实体集合不变
ok    T4-stress 120 n=7 D/current stock_raw 相同
ok    T4-stress 120 n=7 D/current 闭合 pct 展示值精确相同
ok    T4-stress 120 n=7 D/current 非 gap 来源逐条相同
ok    T4-stress 120 n=7 D/current |Δ| <= 4*n*2**-52*S + 2
ok    T4-stress 120 n=7 D/current 策略集合相同
ok    T4-stress 120 n=7 D/current/fifo 非 gap 来源逐条相同
ok    T4-stress 120 n=7 D/current/fifo |Δ| <= 4*n*2**-52*S + 2
ok    T4-stress 120 n=7 D/current/fifo 闭合 pct 展示值精确相同
ok    T4-stress 120 n=7 D/current/lifo 非 gap 来源逐条相同
ok    T4-stress 120 n=7 D/current/lifo |Δ| <= 4*n*2**-52*S + 2
ok    T4-stress 120 n=7 D/current/lifo 闭合 pct 展示值精确相同
ok    T4-stress 120 n=7 D/current/pro_rata 非 gap 来源逐条相同
ok    T4-stress 120 n=7 D/current/pro_rata |Δ| <= 4*n*2**-52*S + 2
ok    T4-stress 120 n=7 D/current/pro_rata 闭合 pct 展示值精确相同
ok    T4-stress 120 n=7 D/peak stock_raw 相同
ok    T4-stress 120 n=7 D/peak 闭合 pct 展示值精确相同
ok    T4-stress 120 n=7 D/peak 非 gap 来源逐条相同
ok    T4-stress 120 n=7 D/peak |Δ| <= 4*n*2**-52*S + 2
ok    T4-stress 120 n=7 D/peak 策略集合相同
ok    T4-stress 120 n=7 D/peak/fifo 非 gap 来源逐条相同
ok    T4-stress 120 n=7 D/peak/fifo |Δ| <= 4*n*2**-52*S + 2
ok    T4-stress 120 n=7 D/peak/fifo 闭合 pct 展示值精确相同
ok    T4-stress 120 n=7 D/peak/lifo 非 gap 来源逐条相同
ok    T4-stress 120 n=7 D/peak/lifo |Δ| <= 4*n*2**-52*S + 2
ok    T4-stress 120 n=7 D/peak/lifo 闭合 pct 展示值精确相同
ok    T4-stress 120 n=7 D/peak/pro_rata 非 gap 来源逐条相同
ok    T4-stress 120 n=7 D/peak/pro_rata |Δ| <= 4*n*2**-52*S + 2
ok    T4-stress 120 n=7 D/peak/pro_rata 闭合 pct 展示值精确相同
ok    T4-stress 121 n=6 实际模拟边数齐全
ok    T4-stress 121 n=6/current 两版本库存等于整数边表余额
ok    T4-stress 121 n=6/peak 两版本库存等于整数边表余额
ok    T4-stress 121 n=6 两版本供应量相同
ok    T4-stress 121 n=6/pro_rata 逐笔短缺入桶数量精确相同
ok    T4-stress 121 n=6/fifo 逐笔短缺入桶数量精确相同
ok    T4-stress 121 n=6/lifo 逐笔短缺入桶数量精确相同
ok    T4-stress 121 n=6 实体集合不变
ok    T4-stress 121 n=6 D/current stock_raw 相同
ok    T4-stress 121 n=6 D/current 闭合 pct 展示值精确相同
ok    T4-stress 121 n=6 D/current 非 gap 来源逐条相同
ok    T4-stress 121 n=6 D/current |Δ| <= 4*n*2**-52*S + 2
ok    T4-stress 121 n=6 D/current 策略集合相同
ok    T4-stress 121 n=6 D/current/fifo 非 gap 来源逐条相同
ok    T4-stress 121 n=6 D/current/fifo |Δ| <= 4*n*2**-52*S + 2
ok    T4-stress 121 n=6 D/current/fifo 闭合 pct 展示值精确相同
ok    T4-stress 121 n=6 D/current/lifo 非 gap 来源逐条相同
ok    T4-stress 121 n=6 D/current/lifo |Δ| <= 4*n*2**-52*S + 2
ok    T4-stress 121 n=6 D/current/lifo 闭合 pct 展示值精确相同
ok    T4-stress 121 n=6 D/current/pro_rata 非 gap 来源逐条相同
ok    T4-stress 121 n=6 D/current/pro_rata |Δ| <= 4*n*2**-52*S + 2
ok    T4-stress 121 n=6 D/current/pro_rata 闭合 pct 展示值精确相同
ok    T4-stress 121 n=6 D/peak stock_raw 相同
ok    T4-stress 121 n=6 D/peak 闭合 pct 展示值精确相同
ok    T4-stress 121 n=6 D/peak 非 gap 来源逐条相同
ok    T4-stress 121 n=6 D/peak |Δ| <= 4*n*2**-52*S + 2
ok    T4-stress 121 n=6 D/peak 策略集合相同
ok    T4-stress 121 n=6 D/peak/fifo 非 gap 来源逐条相同
ok    T4-stress 121 n=6 D/peak/fifo |Δ| <= 4*n*2**-52*S + 2
ok    T4-stress 121 n=6 D/peak/fifo 闭合 pct 展示值精确相同
ok    T4-stress 121 n=6 D/peak/lifo 非 gap 来源逐条相同
ok    T4-stress 121 n=6 D/peak/lifo |Δ| <= 4*n*2**-52*S + 2
ok    T4-stress 121 n=6 D/peak/lifo 闭合 pct 展示值精确相同
ok    T4-stress 121 n=6 D/peak/pro_rata 非 gap 来源逐条相同
ok    T4-stress 121 n=6 D/peak/pro_rata |Δ| <= 4*n*2**-52*S + 2
ok    T4-stress 121 n=6 D/peak/pro_rata 闭合 pct 展示值精确相同
ok    T4-stress 122 n=8 实际模拟边数齐全
ok    T4-stress 122 n=8/current 两版本库存等于整数边表余额
ok    T4-stress 122 n=8/peak 两版本库存等于整数边表余额
ok    T4-stress 122 n=8 两版本供应量相同
ok    T4-stress 122 n=8/pro_rata 逐笔短缺入桶数量精确相同
ok    T4-stress 122 n=8/fifo 逐笔短缺入桶数量精确相同
ok    T4-stress 122 n=8/lifo 逐笔短缺入桶数量精确相同
ok    T4-stress 122 n=8 实体集合不变
ok    T4-stress 122 n=8 D/current stock_raw 相同
ok    T4-stress 122 n=8 D/current 闭合 pct 展示值精确相同
ok    T4-stress 122 n=8 D/current 非 gap 来源逐条相同
ok    T4-stress 122 n=8 D/current |Δ| <= 4*n*2**-52*S + 2
ok    T4-stress 122 n=8 D/current 策略集合相同
ok    T4-stress 122 n=8 D/current/fifo 非 gap 来源逐条相同
ok    T4-stress 122 n=8 D/current/fifo |Δ| <= 4*n*2**-52*S + 2
ok    T4-stress 122 n=8 D/current/fifo 闭合 pct 展示值精确相同
ok    T4-stress 122 n=8 D/current/lifo 非 gap 来源逐条相同
ok    T4-stress 122 n=8 D/current/lifo |Δ| <= 4*n*2**-52*S + 2
ok    T4-stress 122 n=8 D/current/lifo 闭合 pct 展示值精确相同
ok    T4-stress 122 n=8 D/current/pro_rata 非 gap 来源逐条相同
ok    T4-stress 122 n=8 D/current/pro_rata |Δ| <= 4*n*2**-52*S + 2
ok    T4-stress 122 n=8 D/current/pro_rata 闭合 pct 展示值精确相同
ok    T4-stress 122 n=8 D/peak stock_raw 相同
ok    T4-stress 122 n=8 D/peak 闭合 pct 展示值精确相同
ok    T4-stress 122 n=8 D/peak 非 gap 来源逐条相同
ok    T4-stress 122 n=8 D/peak |Δ| <= 4*n*2**-52*S + 2
ok    T4-stress 122 n=8 D/peak 策略集合相同
ok    T4-stress 122 n=8 D/peak/fifo 非 gap 来源逐条相同
ok    T4-stress 122 n=8 D/peak/fifo |Δ| <= 4*n*2**-52*S + 2
ok    T4-stress 122 n=8 D/peak/fifo 闭合 pct 展示值精确相同
ok    T4-stress 122 n=8 D/peak/lifo 非 gap 来源逐条相同
ok    T4-stress 122 n=8 D/peak/lifo |Δ| <= 4*n*2**-52*S + 2
ok    T4-stress 122 n=8 D/peak/lifo 闭合 pct 展示值精确相同
ok    T4-stress 122 n=8 D/peak/pro_rata 非 gap 来源逐条相同
ok    T4-stress 122 n=8 D/peak/pro_rata |Δ| <= 4*n*2**-52*S + 2
ok    T4-stress 122 n=8 D/peak/pro_rata 闭合 pct 展示值精确相同
ok    T4-stress 123 n=5 实际模拟边数齐全
ok    T4-stress 123 n=5/current 两版本库存等于整数边表余额
ok    T4-stress 123 n=5/peak 两版本库存等于整数边表余额
ok    T4-stress 123 n=5 两版本供应量相同
ok    T4-stress 123 n=5/pro_rata 逐笔短缺入桶数量精确相同
ok    T4-stress 123 n=5/fifo 逐笔短缺入桶数量精确相同
ok    T4-stress 123 n=5/lifo 逐笔短缺入桶数量精确相同
ok    T4-stress 123 n=5 实体集合不变
ok    T4-stress 123 n=5 D/current stock_raw 相同
ok    T4-stress 123 n=5 D/current 闭合 pct 展示值精确相同
ok    T4-stress 123 n=5 D/current 非 gap 来源逐条相同
ok    T4-stress 123 n=5 D/current |Δ| <= 4*n*2**-52*S + 2
ok    T4-stress 123 n=5 D/current 策略集合相同
ok    T4-stress 123 n=5 D/current/fifo 非 gap 来源逐条相同
ok    T4-stress 123 n=5 D/current/fifo |Δ| <= 4*n*2**-52*S + 2
ok    T4-stress 123 n=5 D/current/fifo 闭合 pct 展示值精确相同
ok    T4-stress 123 n=5 D/current/lifo 非 gap 来源逐条相同
ok    T4-stress 123 n=5 D/current/lifo |Δ| <= 4*n*2**-52*S + 2
ok    T4-stress 123 n=5 D/current/lifo 闭合 pct 展示值精确相同
ok    T4-stress 123 n=5 D/current/pro_rata 非 gap 来源逐条相同
ok    T4-stress 123 n=5 D/current/pro_rata |Δ| <= 4*n*2**-52*S + 2
ok    T4-stress 123 n=5 D/current/pro_rata 闭合 pct 展示值精确相同
ok    T4-stress 123 n=5 D/peak stock_raw 相同
ok    T4-stress 123 n=5 D/peak 闭合 pct 展示值精确相同
ok    T4-stress 123 n=5 D/peak 非 gap 来源逐条相同
ok    T4-stress 123 n=5 D/peak |Δ| <= 4*n*2**-52*S + 2
ok    T4-stress 123 n=5 D/peak 策略集合相同
ok    T4-stress 123 n=5 D/peak/fifo 非 gap 来源逐条相同
ok    T4-stress 123 n=5 D/peak/fifo |Δ| <= 4*n*2**-52*S + 2
ok    T4-stress 123 n=5 D/peak/fifo 闭合 pct 展示值精确相同
ok    T4-stress 123 n=5 D/peak/lifo 非 gap 来源逐条相同
ok    T4-stress 123 n=5 D/peak/lifo |Δ| <= 4*n*2**-52*S + 2
ok    T4-stress 123 n=5 D/peak/lifo 闭合 pct 展示值精确相同
ok    T4-stress 123 n=5 D/peak/pro_rata 非 gap 来源逐条相同
ok    T4-stress 123 n=5 D/peak/pro_rata |Δ| <= 4*n*2**-52*S + 2
ok    T4-stress 123 n=5 D/peak/pro_rata 闭合 pct 展示值精确相同
ok    T4-stress 124 n=5 实际模拟边数齐全
ok    T4-stress 124 n=5/current 两版本库存等于整数边表余额
ok    T4-stress 124 n=5/peak 两版本库存等于整数边表余额
ok    T4-stress 124 n=5 两版本供应量相同
ok    T4-stress 124 n=5/pro_rata 逐笔短缺入桶数量精确相同
ok    T4-stress 124 n=5/fifo 逐笔短缺入桶数量精确相同
ok    T4-stress 124 n=5/lifo 逐笔短缺入桶数量精确相同
ok    T4-stress 124 n=5 实体集合不变
ok    T4-stress 124 n=5 D/current stock_raw 相同
ok    T4-stress 124 n=5 D/current 闭合 pct 展示值精确相同
ok    T4-stress 124 n=5 D/current 非 gap 来源逐条相同
ok    T4-stress 124 n=5 D/current |Δ| <= 4*n*2**-52*S + 2
ok    T4-stress 124 n=5 D/current 策略集合相同
ok    T4-stress 124 n=5 D/current/fifo 非 gap 来源逐条相同
ok    T4-stress 124 n=5 D/current/fifo |Δ| <= 4*n*2**-52*S + 2
ok    T4-stress 124 n=5 D/current/fifo 闭合 pct 展示值精确相同
ok    T4-stress 124 n=5 D/current/lifo 非 gap 来源逐条相同
ok    T4-stress 124 n=5 D/current/lifo |Δ| <= 4*n*2**-52*S + 2
ok    T4-stress 124 n=5 D/current/lifo 闭合 pct 展示值精确相同
ok    T4-stress 124 n=5 D/current/pro_rata 非 gap 来源逐条相同
ok    T4-stress 124 n=5 D/current/pro_rata |Δ| <= 4*n*2**-52*S + 2
ok    T4-stress 124 n=5 D/current/pro_rata 闭合 pct 展示值精确相同
ok    T4-stress 124 n=5 D/peak stock_raw 相同
ok    T4-stress 124 n=5 D/peak 闭合 pct 展示值精确相同
ok    T4-stress 124 n=5 D/peak 非 gap 来源逐条相同
ok    T4-stress 124 n=5 D/peak |Δ| <= 4*n*2**-52*S + 2
ok    T4-stress 124 n=5 D/peak 策略集合相同
ok    T4-stress 124 n=5 D/peak/fifo 非 gap 来源逐条相同
ok    T4-stress 124 n=5 D/peak/fifo |Δ| <= 4*n*2**-52*S + 2
ok    T4-stress 124 n=5 D/peak/fifo 闭合 pct 展示值精确相同
ok    T4-stress 124 n=5 D/peak/lifo 非 gap 来源逐条相同
ok    T4-stress 124 n=5 D/peak/lifo |Δ| <= 4*n*2**-52*S + 2
ok    T4-stress 124 n=5 D/peak/lifo 闭合 pct 展示值精确相同
ok    T4-stress 124 n=5 D/peak/pro_rata 非 gap 来源逐条相同
ok    T4-stress 124 n=5 D/peak/pro_rata |Δ| <= 4*n*2**-52*S + 2
ok    T4-stress 124 n=5 D/peak/pro_rata 闭合 pct 展示值精确相同
ok    T4-stress 125 n=5 实际模拟边数齐全
ok    T4-stress 125 n=5/current 两版本库存等于整数边表余额
ok    T4-stress 125 n=5/peak 两版本库存等于整数边表余额
ok    T4-stress 125 n=5 两版本供应量相同
ok    T4-stress 125 n=5/pro_rata 逐笔短缺入桶数量精确相同
ok    T4-stress 125 n=5/fifo 逐笔短缺入桶数量精确相同
ok    T4-stress 125 n=5/lifo 逐笔短缺入桶数量精确相同
ok    T4-stress 125 n=5 实体集合不变
ok    T4-stress 125 n=5 D/current stock_raw 相同
ok    T4-stress 125 n=5 D/current 闭合 pct 展示值精确相同
ok    T4-stress 125 n=5 D/current 非 gap 来源逐条相同
ok    T4-stress 125 n=5 D/current |Δ| <= 4*n*2**-52*S + 2
ok    T4-stress 125 n=5 D/current 策略集合相同
ok    T4-stress 125 n=5 D/current/fifo 非 gap 来源逐条相同
ok    T4-stress 125 n=5 D/current/fifo |Δ| <= 4*n*2**-52*S + 2
ok    T4-stress 125 n=5 D/current/fifo 闭合 pct 展示值精确相同
ok    T4-stress 125 n=5 D/current/lifo 非 gap 来源逐条相同
ok    T4-stress 125 n=5 D/current/lifo |Δ| <= 4*n*2**-52*S + 2
ok    T4-stress 125 n=5 D/current/lifo 闭合 pct 展示值精确相同
ok    T4-stress 125 n=5 D/current/pro_rata 非 gap 来源逐条相同
ok    T4-stress 125 n=5 D/current/pro_rata |Δ| <= 4*n*2**-52*S + 2
ok    T4-stress 125 n=5 D/current/pro_rata 闭合 pct 展示值精确相同
ok    T4-stress 125 n=5 D/peak stock_raw 相同
ok    T4-stress 125 n=5 D/peak 闭合 pct 展示值精确相同
ok    T4-stress 125 n=5 D/peak 非 gap 来源逐条相同
ok    T4-stress 125 n=5 D/peak |Δ| <= 4*n*2**-52*S + 2
ok    T4-stress 125 n=5 D/peak 策略集合相同
ok    T4-stress 125 n=5 D/peak/fifo 非 gap 来源逐条相同
ok    T4-stress 125 n=5 D/peak/fifo |Δ| <= 4*n*2**-52*S + 2
ok    T4-stress 125 n=5 D/peak/fifo 闭合 pct 展示值精确相同
ok    T4-stress 125 n=5 D/peak/lifo 非 gap 来源逐条相同
ok    T4-stress 125 n=5 D/peak/lifo |Δ| <= 4*n*2**-52*S + 2
ok    T4-stress 125 n=5 D/peak/lifo 闭合 pct 展示值精确相同
ok    T4-stress 125 n=5 D/peak/pro_rata 非 gap 来源逐条相同
ok    T4-stress 125 n=5 D/peak/pro_rata |Δ| <= 4*n*2**-52*S + 2
ok    T4-stress 125 n=5 D/peak/pro_rata 闭合 pct 展示值精确相同
ok    T4-stress 126 n=8 实际模拟边数齐全
ok    T4-stress 126 n=8/current 两版本库存等于整数边表余额
ok    T4-stress 126 n=8/peak 两版本库存等于整数边表余额
ok    T4-stress 126 n=8 两版本供应量相同
ok    T4-stress 126 n=8/pro_rata 逐笔短缺入桶数量精确相同
ok    T4-stress 126 n=8/fifo 逐笔短缺入桶数量精确相同
ok    T4-stress 126 n=8/lifo 逐笔短缺入桶数量精确相同
ok    T4-stress 126 n=8 实体集合不变
ok    T4-stress 126 n=8 D/current stock_raw 相同
ok    T4-stress 126 n=8 D/current 闭合 pct 展示值精确相同
ok    T4-stress 126 n=8 D/current 非 gap 来源逐条相同
ok    T4-stress 126 n=8 D/current |Δ| <= 4*n*2**-52*S + 2
ok    T4-stress 126 n=8 D/current 策略集合相同
ok    T4-stress 126 n=8 D/current/fifo 非 gap 来源逐条相同
ok    T4-stress 126 n=8 D/current/fifo |Δ| <= 4*n*2**-52*S + 2
ok    T4-stress 126 n=8 D/current/fifo 闭合 pct 展示值精确相同
ok    T4-stress 126 n=8 D/current/lifo 非 gap 来源逐条相同
ok    T4-stress 126 n=8 D/current/lifo |Δ| <= 4*n*2**-52*S + 2
ok    T4-stress 126 n=8 D/current/lifo 闭合 pct 展示值精确相同
ok    T4-stress 126 n=8 D/current/pro_rata 非 gap 来源逐条相同
ok    T4-stress 126 n=8 D/current/pro_rata |Δ| <= 4*n*2**-52*S + 2
ok    T4-stress 126 n=8 D/current/pro_rata 闭合 pct 展示值精确相同
ok    T4-stress 126 n=8 D/peak stock_raw 相同
ok    T4-stress 126 n=8 D/peak 闭合 pct 展示值精确相同
ok    T4-stress 126 n=8 D/peak 非 gap 来源逐条相同
ok    T4-stress 126 n=8 D/peak |Δ| <= 4*n*2**-52*S + 2
ok    T4-stress 126 n=8 D/peak 策略集合相同
ok    T4-stress 126 n=8 D/peak/fifo 非 gap 来源逐条相同
ok    T4-stress 126 n=8 D/peak/fifo |Δ| <= 4*n*2**-52*S + 2
ok    T4-stress 126 n=8 D/peak/fifo 闭合 pct 展示值精确相同
ok    T4-stress 126 n=8 D/peak/lifo 非 gap 来源逐条相同
ok    T4-stress 126 n=8 D/peak/lifo |Δ| <= 4*n*2**-52*S + 2
ok    T4-stress 126 n=8 D/peak/lifo 闭合 pct 展示值精确相同
ok    T4-stress 126 n=8 D/peak/pro_rata 非 gap 来源逐条相同
ok    T4-stress 126 n=8 D/peak/pro_rata |Δ| <= 4*n*2**-52*S + 2
ok    T4-stress 126 n=8 D/peak/pro_rata 闭合 pct 展示值精确相同
ok    T4-stress 127 n=6 实际模拟边数齐全
ok    T4-stress 127 n=6/current 两版本库存等于整数边表余额
ok    T4-stress 127 n=6/peak 两版本库存等于整数边表余额
ok    T4-stress 127 n=6 两版本供应量相同
ok    T4-stress 127 n=6/pro_rata 逐笔短缺入桶数量精确相同
ok    T4-stress 127 n=6/fifo 逐笔短缺入桶数量精确相同
ok    T4-stress 127 n=6/lifo 逐笔短缺入桶数量精确相同
ok    T4-stress 127 n=6 实体集合不变
ok    T4-stress 127 n=6 D/current stock_raw 相同
ok    T4-stress 127 n=6 D/current 闭合 pct 展示值精确相同
ok    T4-stress 127 n=6 D/current 非 gap 来源逐条相同
ok    T4-stress 127 n=6 D/current |Δ| <= 4*n*2**-52*S + 2
ok    T4-stress 127 n=6 D/current 策略集合相同
ok    T4-stress 127 n=6 D/current/fifo 非 gap 来源逐条相同
ok    T4-stress 127 n=6 D/current/fifo |Δ| <= 4*n*2**-52*S + 2
ok    T4-stress 127 n=6 D/current/fifo 闭合 pct 展示值精确相同
ok    T4-stress 127 n=6 D/current/lifo 非 gap 来源逐条相同
ok    T4-stress 127 n=6 D/current/lifo |Δ| <= 4*n*2**-52*S + 2
ok    T4-stress 127 n=6 D/current/lifo 闭合 pct 展示值精确相同
ok    T4-stress 127 n=6 D/current/pro_rata 非 gap 来源逐条相同
ok    T4-stress 127 n=6 D/current/pro_rata |Δ| <= 4*n*2**-52*S + 2
ok    T4-stress 127 n=6 D/current/pro_rata 闭合 pct 展示值精确相同
ok    T4-stress 127 n=6 D/peak stock_raw 相同
ok    T4-stress 127 n=6 D/peak 闭合 pct 展示值精确相同
ok    T4-stress 127 n=6 D/peak 非 gap 来源逐条相同
ok    T4-stress 127 n=6 D/peak |Δ| <= 4*n*2**-52*S + 2
ok    T4-stress 127 n=6 D/peak 策略集合相同
ok    T4-stress 127 n=6 D/peak/fifo 非 gap 来源逐条相同
ok    T4-stress 127 n=6 D/peak/fifo |Δ| <= 4*n*2**-52*S + 2
ok    T4-stress 127 n=6 D/peak/fifo 闭合 pct 展示值精确相同
ok    T4-stress 127 n=6 D/peak/lifo 非 gap 来源逐条相同
ok    T4-stress 127 n=6 D/peak/lifo |Δ| <= 4*n*2**-52*S + 2
ok    T4-stress 127 n=6 D/peak/lifo 闭合 pct 展示值精确相同
ok    T4-stress 127 n=6 D/peak/pro_rata 非 gap 来源逐条相同
ok    T4-stress 127 n=6 D/peak/pro_rata |Δ| <= 4*n*2**-52*S + 2
ok    T4-stress 127 n=6 D/peak/pro_rata 闭合 pct 展示值精确相同
ok    T4-stress 128 n=6 实际模拟边数齐全
ok    T4-stress 128 n=6/current 两版本库存等于整数边表余额
ok    T4-stress 128 n=6/peak 两版本库存等于整数边表余额
ok    T4-stress 128 n=6 两版本供应量相同
ok    T4-stress 128 n=6/pro_rata 逐笔短缺入桶数量精确相同
ok    T4-stress 128 n=6/fifo 逐笔短缺入桶数量精确相同
ok    T4-stress 128 n=6/lifo 逐笔短缺入桶数量精确相同
ok    T4-stress 128 n=6 实体集合不变
ok    T4-stress 128 n=6 D/current stock_raw 相同
ok    T4-stress 128 n=6 D/current 闭合 pct 展示值精确相同
ok    T4-stress 128 n=6 D/current 非 gap 来源逐条相同
ok    T4-stress 128 n=6 D/current |Δ| <= 4*n*2**-52*S + 2
ok    T4-stress 128 n=6 D/current 策略集合相同
ok    T4-stress 128 n=6 D/current/fifo 非 gap 来源逐条相同
ok    T4-stress 128 n=6 D/current/fifo |Δ| <= 4*n*2**-52*S + 2
ok    T4-stress 128 n=6 D/current/fifo 闭合 pct 展示值精确相同
ok    T4-stress 128 n=6 D/current/lifo 非 gap 来源逐条相同
ok    T4-stress 128 n=6 D/current/lifo |Δ| <= 4*n*2**-52*S + 2
ok    T4-stress 128 n=6 D/current/lifo 闭合 pct 展示值精确相同
ok    T4-stress 128 n=6 D/current/pro_rata 非 gap 来源逐条相同
ok    T4-stress 128 n=6 D/current/pro_rata |Δ| <= 4*n*2**-52*S + 2
ok    T4-stress 128 n=6 D/current/pro_rata 闭合 pct 展示值精确相同
ok    T4-stress 128 n=6 D/peak stock_raw 相同
ok    T4-stress 128 n=6 D/peak 闭合 pct 展示值精确相同
ok    T4-stress 128 n=6 D/peak 非 gap 来源逐条相同
ok    T4-stress 128 n=6 D/peak |Δ| <= 4*n*2**-52*S + 2
ok    T4-stress 128 n=6 D/peak 策略集合相同
ok    T4-stress 128 n=6 D/peak/fifo 非 gap 来源逐条相同
ok    T4-stress 128 n=6 D/peak/fifo |Δ| <= 4*n*2**-52*S + 2
ok    T4-stress 128 n=6 D/peak/fifo 闭合 pct 展示值精确相同
ok    T4-stress 128 n=6 D/peak/lifo 非 gap 来源逐条相同
ok    T4-stress 128 n=6 D/peak/lifo |Δ| <= 4*n*2**-52*S + 2
ok    T4-stress 128 n=6 D/peak/lifo 闭合 pct 展示值精确相同
ok    T4-stress 128 n=6 D/peak/pro_rata 非 gap 来源逐条相同
ok    T4-stress 128 n=6 D/peak/pro_rata |Δ| <= 4*n*2**-52*S + 2
ok    T4-stress 128 n=6 D/peak/pro_rata 闭合 pct 展示值精确相同
ok    T4-stress 129 n=3 实际模拟边数齐全
ok    T4-stress 129 n=3/current 两版本库存等于整数边表余额
ok    T4-stress 129 n=3/peak 两版本库存等于整数边表余额
ok    T4-stress 129 n=3 两版本供应量相同
ok    T4-stress 129 n=3/pro_rata 逐笔短缺入桶数量精确相同
ok    T4-stress 129 n=3/fifo 逐笔短缺入桶数量精确相同
ok    T4-stress 129 n=3/lifo 逐笔短缺入桶数量精确相同
ok    T4-stress 129 n=3 实体集合不变
ok    T4-stress 129 n=3 D/current stock_raw 相同
ok    T4-stress 129 n=3 D/current 闭合 pct 展示值精确相同
ok    T4-stress 129 n=3 D/current 非 gap 来源逐条相同
ok    T4-stress 129 n=3 D/current |Δ| <= 4*n*2**-52*S + 2
ok    T4-stress 129 n=3 D/current 策略集合相同
ok    T4-stress 129 n=3 D/current/fifo 非 gap 来源逐条相同
ok    T4-stress 129 n=3 D/current/fifo |Δ| <= 4*n*2**-52*S + 2
ok    T4-stress 129 n=3 D/current/fifo 闭合 pct 展示值精确相同
ok    T4-stress 129 n=3 D/current/lifo 非 gap 来源逐条相同
ok    T4-stress 129 n=3 D/current/lifo |Δ| <= 4*n*2**-52*S + 2
ok    T4-stress 129 n=3 D/current/lifo 闭合 pct 展示值精确相同
ok    T4-stress 129 n=3 D/current/pro_rata 非 gap 来源逐条相同
ok    T4-stress 129 n=3 D/current/pro_rata |Δ| <= 4*n*2**-52*S + 2
ok    T4-stress 129 n=3 D/current/pro_rata 闭合 pct 展示值精确相同
ok    T4-stress 129 n=3 D/peak stock_raw 相同
ok    T4-stress 129 n=3 D/peak 闭合 pct 展示值精确相同
ok    T4-stress 129 n=3 D/peak 非 gap 来源逐条相同
ok    T4-stress 129 n=3 D/peak |Δ| <= 4*n*2**-52*S + 2
ok    T4-stress 129 n=3 D/peak 策略集合相同
ok    T4-stress 129 n=3 D/peak/fifo 非 gap 来源逐条相同
ok    T4-stress 129 n=3 D/peak/fifo |Δ| <= 4*n*2**-52*S + 2
ok    T4-stress 129 n=3 D/peak/fifo 闭合 pct 展示值精确相同
ok    T4-stress 129 n=3 D/peak/lifo 非 gap 来源逐条相同
ok    T4-stress 129 n=3 D/peak/lifo |Δ| <= 4*n*2**-52*S + 2
ok    T4-stress 129 n=3 D/peak/lifo 闭合 pct 展示值精确相同
ok    T4-stress 129 n=3 D/peak/pro_rata 非 gap 来源逐条相同
ok    T4-stress 129 n=3 D/peak/pro_rata |Δ| <= 4*n*2**-52*S + 2
ok    T4-stress 129 n=3 D/peak/pro_rata 闭合 pct 展示值精确相同
ok    T4-stress 130 n=5 实际模拟边数齐全
ok    T4-stress 130 n=5/current 两版本库存等于整数边表余额
ok    T4-stress 130 n=5/peak 两版本库存等于整数边表余额
ok    T4-stress 130 n=5 两版本供应量相同
ok    T4-stress 130 n=5/pro_rata 逐笔短缺入桶数量精确相同
ok    T4-stress 130 n=5/fifo 逐笔短缺入桶数量精确相同
ok    T4-stress 130 n=5/lifo 逐笔短缺入桶数量精确相同
ok    T4-stress 130 n=5 实体集合不变
ok    T4-stress 130 n=5 D/current stock_raw 相同
ok    T4-stress 130 n=5 D/current 闭合 pct 展示值精确相同
ok    T4-stress 130 n=5 D/current 非 gap 来源逐条相同
ok    T4-stress 130 n=5 D/current |Δ| <= 4*n*2**-52*S + 2
ok    T4-stress 130 n=5 D/current 策略集合相同
ok    T4-stress 130 n=5 D/current/fifo 非 gap 来源逐条相同
ok    T4-stress 130 n=5 D/current/fifo |Δ| <= 4*n*2**-52*S + 2
ok    T4-stress 130 n=5 D/current/fifo 闭合 pct 展示值精确相同
ok    T4-stress 130 n=5 D/current/lifo 非 gap 来源逐条相同
ok    T4-stress 130 n=5 D/current/lifo |Δ| <= 4*n*2**-52*S + 2
ok    T4-stress 130 n=5 D/current/lifo 闭合 pct 展示值精确相同
ok    T4-stress 130 n=5 D/current/pro_rata 非 gap 来源逐条相同
ok    T4-stress 130 n=5 D/current/pro_rata |Δ| <= 4*n*2**-52*S + 2
ok    T4-stress 130 n=5 D/current/pro_rata 闭合 pct 展示值精确相同
ok    T4-stress 130 n=5 D/peak stock_raw 相同
ok    T4-stress 130 n=5 D/peak 闭合 pct 展示值精确相同
ok    T4-stress 130 n=5 D/peak 非 gap 来源逐条相同
ok    T4-stress 130 n=5 D/peak |Δ| <= 4*n*2**-52*S + 2
ok    T4-stress 130 n=5 D/peak 策略集合相同
ok    T4-stress 130 n=5 D/peak/fifo 非 gap 来源逐条相同
ok    T4-stress 130 n=5 D/peak/fifo |Δ| <= 4*n*2**-52*S + 2
ok    T4-stress 130 n=5 D/peak/fifo 闭合 pct 展示值精确相同
ok    T4-stress 130 n=5 D/peak/lifo 非 gap 来源逐条相同
ok    T4-stress 130 n=5 D/peak/lifo |Δ| <= 4*n*2**-52*S + 2
ok    T4-stress 130 n=5 D/peak/lifo 闭合 pct 展示值精确相同
ok    T4-stress 130 n=5 D/peak/pro_rata 非 gap 来源逐条相同
ok    T4-stress 130 n=5 D/peak/pro_rata |Δ| <= 4*n*2**-52*S + 2
ok    T4-stress 130 n=5 D/peak/pro_rata 闭合 pct 展示值精确相同
ok    T4-stress 131 n=8 实际模拟边数齐全
ok    T4-stress 131 n=8/current 两版本库存等于整数边表余额
ok    T4-stress 131 n=8/peak 两版本库存等于整数边表余额
ok    T4-stress 131 n=8 两版本供应量相同
ok    T4-stress 131 n=8/pro_rata 逐笔短缺入桶数量精确相同
ok    T4-stress 131 n=8/fifo 逐笔短缺入桶数量精确相同
ok    T4-stress 131 n=8/lifo 逐笔短缺入桶数量精确相同
ok    T4-stress 131 n=8 实体集合不变
ok    T4-stress 131 n=8 D/current stock_raw 相同
ok    T4-stress 131 n=8 D/current 闭合 pct 展示值精确相同
ok    T4-stress 131 n=8 D/current 非 gap 来源逐条相同
ok    T4-stress 131 n=8 D/current |Δ| <= 4*n*2**-52*S + 2
ok    T4-stress 131 n=8 D/current 策略集合相同
ok    T4-stress 131 n=8 D/current/fifo 非 gap 来源逐条相同
ok    T4-stress 131 n=8 D/current/fifo |Δ| <= 4*n*2**-52*S + 2
ok    T4-stress 131 n=8 D/current/fifo 闭合 pct 展示值精确相同
ok    T4-stress 131 n=8 D/current/lifo 非 gap 来源逐条相同
ok    T4-stress 131 n=8 D/current/lifo |Δ| <= 4*n*2**-52*S + 2
ok    T4-stress 131 n=8 D/current/lifo 闭合 pct 展示值精确相同
ok    T4-stress 131 n=8 D/current/pro_rata 非 gap 来源逐条相同
ok    T4-stress 131 n=8 D/current/pro_rata |Δ| <= 4*n*2**-52*S + 2
ok    T4-stress 131 n=8 D/current/pro_rata 闭合 pct 展示值精确相同
ok    T4-stress 131 n=8 D/peak stock_raw 相同
ok    T4-stress 131 n=8 D/peak 闭合 pct 展示值精确相同
ok    T4-stress 131 n=8 D/peak 非 gap 来源逐条相同
ok    T4-stress 131 n=8 D/peak |Δ| <= 4*n*2**-52*S + 2
ok    T4-stress 131 n=8 D/peak 策略集合相同
ok    T4-stress 131 n=8 D/peak/fifo 非 gap 来源逐条相同
ok    T4-stress 131 n=8 D/peak/fifo |Δ| <= 4*n*2**-52*S + 2
ok    T4-stress 131 n=8 D/peak/fifo 闭合 pct 展示值精确相同
ok    T4-stress 131 n=8 D/peak/lifo 非 gap 来源逐条相同
ok    T4-stress 131 n=8 D/peak/lifo |Δ| <= 4*n*2**-52*S + 2
ok    T4-stress 131 n=8 D/peak/lifo 闭合 pct 展示值精确相同
ok    T4-stress 131 n=8 D/peak/pro_rata 非 gap 来源逐条相同
ok    T4-stress 131 n=8 D/peak/pro_rata |Δ| <= 4*n*2**-52*S + 2
ok    T4-stress 131 n=8 D/peak/pro_rata 闭合 pct 展示值精确相同
ok    T4-stress 132 n=8 实际模拟边数齐全
ok    T4-stress 132 n=8/current 两版本库存等于整数边表余额
ok    T4-stress 132 n=8/peak 两版本库存等于整数边表余额
ok    T4-stress 132 n=8 两版本供应量相同
ok    T4-stress 132 n=8/pro_rata 逐笔短缺入桶数量精确相同
ok    T4-stress 132 n=8/fifo 逐笔短缺入桶数量精确相同
ok    T4-stress 132 n=8/lifo 逐笔短缺入桶数量精确相同
ok    T4-stress 132 n=8 实体集合不变
ok    T4-stress 132 n=8 D/current stock_raw 相同
ok    T4-stress 132 n=8 D/current 闭合 pct 展示值精确相同
ok    T4-stress 132 n=8 D/current 非 gap 来源逐条相同
ok    T4-stress 132 n=8 D/current |Δ| <= 4*n*2**-52*S + 2
ok    T4-stress 132 n=8 D/current 策略集合相同
ok    T4-stress 132 n=8 D/current/fifo 非 gap 来源逐条相同
ok    T4-stress 132 n=8 D/current/fifo |Δ| <= 4*n*2**-52*S + 2
ok    T4-stress 132 n=8 D/current/fifo 闭合 pct 展示值精确相同
ok    T4-stress 132 n=8 D/current/lifo 非 gap 来源逐条相同
ok    T4-stress 132 n=8 D/current/lifo |Δ| <= 4*n*2**-52*S + 2
ok    T4-stress 132 n=8 D/current/lifo 闭合 pct 展示值精确相同
ok    T4-stress 132 n=8 D/current/pro_rata 非 gap 来源逐条相同
ok    T4-stress 132 n=8 D/current/pro_rata |Δ| <= 4*n*2**-52*S + 2
ok    T4-stress 132 n=8 D/current/pro_rata 闭合 pct 展示值精确相同
ok    T4-stress 132 n=8 D/peak stock_raw 相同
ok    T4-stress 132 n=8 D/peak 闭合 pct 展示值精确相同
ok    T4-stress 132 n=8 D/peak 非 gap 来源逐条相同
ok    T4-stress 132 n=8 D/peak |Δ| <= 4*n*2**-52*S + 2
ok    T4-stress 132 n=8 D/peak 策略集合相同
ok    T4-stress 132 n=8 D/peak/fifo 非 gap 来源逐条相同
ok    T4-stress 132 n=8 D/peak/fifo |Δ| <= 4*n*2**-52*S + 2
ok    T4-stress 132 n=8 D/peak/fifo 闭合 pct 展示值精确相同
ok    T4-stress 132 n=8 D/peak/lifo 非 gap 来源逐条相同
ok    T4-stress 132 n=8 D/peak/lifo |Δ| <= 4*n*2**-52*S + 2
ok    T4-stress 132 n=8 D/peak/lifo 闭合 pct 展示值精确相同
ok    T4-stress 132 n=8 D/peak/pro_rata 非 gap 来源逐条相同
ok    T4-stress 132 n=8 D/peak/pro_rata |Δ| <= 4*n*2**-52*S + 2
ok    T4-stress 132 n=8 D/peak/pro_rata 闭合 pct 展示值精确相同
ok    T4-stress 133 n=5 实际模拟边数齐全
ok    T4-stress 133 n=5/current 两版本库存等于整数边表余额
ok    T4-stress 133 n=5/peak 两版本库存等于整数边表余额
ok    T4-stress 133 n=5 两版本供应量相同
ok    T4-stress 133 n=5/pro_rata 逐笔短缺入桶数量精确相同
ok    T4-stress 133 n=5/fifo 逐笔短缺入桶数量精确相同
ok    T4-stress 133 n=5/lifo 逐笔短缺入桶数量精确相同
ok    T4-stress 133 n=5 实体集合不变
ok    T4-stress 133 n=5 D/current stock_raw 相同
ok    T4-stress 133 n=5 D/current 闭合 pct 展示值精确相同
ok    T4-stress 133 n=5 D/current 非 gap 来源逐条相同
ok    T4-stress 133 n=5 D/current |Δ| <= 4*n*2**-52*S + 2
ok    T4-stress 133 n=5 D/current 策略集合相同
ok    T4-stress 133 n=5 D/current/fifo 非 gap 来源逐条相同
ok    T4-stress 133 n=5 D/current/fifo |Δ| <= 4*n*2**-52*S + 2
ok    T4-stress 133 n=5 D/current/fifo 闭合 pct 展示值精确相同
ok    T4-stress 133 n=5 D/current/lifo 非 gap 来源逐条相同
ok    T4-stress 133 n=5 D/current/lifo |Δ| <= 4*n*2**-52*S + 2
ok    T4-stress 133 n=5 D/current/lifo 闭合 pct 展示值精确相同
ok    T4-stress 133 n=5 D/current/pro_rata 非 gap 来源逐条相同
ok    T4-stress 133 n=5 D/current/pro_rata |Δ| <= 4*n*2**-52*S + 2
ok    T4-stress 133 n=5 D/current/pro_rata 闭合 pct 展示值精确相同
ok    T4-stress 133 n=5 D/peak stock_raw 相同
ok    T4-stress 133 n=5 D/peak 闭合 pct 展示值精确相同
ok    T4-stress 133 n=5 D/peak 非 gap 来源逐条相同
ok    T4-stress 133 n=5 D/peak |Δ| <= 4*n*2**-52*S + 2
ok    T4-stress 133 n=5 D/peak 策略集合相同
ok    T4-stress 133 n=5 D/peak/fifo 非 gap 来源逐条相同
ok    T4-stress 133 n=5 D/peak/fifo |Δ| <= 4*n*2**-52*S + 2
ok    T4-stress 133 n=5 D/peak/fifo 闭合 pct 展示值精确相同
ok    T4-stress 133 n=5 D/peak/lifo 非 gap 来源逐条相同
ok    T4-stress 133 n=5 D/peak/lifo |Δ| <= 4*n*2**-52*S + 2
ok    T4-stress 133 n=5 D/peak/lifo 闭合 pct 展示值精确相同
ok    T4-stress 133 n=5 D/peak/pro_rata 非 gap 来源逐条相同
ok    T4-stress 133 n=5 D/peak/pro_rata |Δ| <= 4*n*2**-52*S + 2
ok    T4-stress 133 n=5 D/peak/pro_rata 闭合 pct 展示值精确相同
ok    T4-stress 134 n=7 实际模拟边数齐全
ok    T4-stress 134 n=7/current 两版本库存等于整数边表余额
ok    T4-stress 134 n=7/peak 两版本库存等于整数边表余额
ok    T4-stress 134 n=7 两版本供应量相同
ok    T4-stress 134 n=7/pro_rata 逐笔短缺入桶数量精确相同
ok    T4-stress 134 n=7/fifo 逐笔短缺入桶数量精确相同
ok    T4-stress 134 n=7/lifo 逐笔短缺入桶数量精确相同
ok    T4-stress 134 n=7 实体集合不变
ok    T4-stress 134 n=7 D/current stock_raw 相同
ok    T4-stress 134 n=7 D/current 闭合 pct 展示值精确相同
ok    T4-stress 134 n=7 D/current 非 gap 来源逐条相同
ok    T4-stress 134 n=7 D/current |Δ| <= 4*n*2**-52*S + 2
ok    T4-stress 134 n=7 D/current 策略集合相同
ok    T4-stress 134 n=7 D/current/fifo 非 gap 来源逐条相同
ok    T4-stress 134 n=7 D/current/fifo |Δ| <= 4*n*2**-52*S + 2
ok    T4-stress 134 n=7 D/current/fifo 闭合 pct 展示值精确相同
ok    T4-stress 134 n=7 D/current/lifo 非 gap 来源逐条相同
ok    T4-stress 134 n=7 D/current/lifo |Δ| <= 4*n*2**-52*S + 2
ok    T4-stress 134 n=7 D/current/lifo 闭合 pct 展示值精确相同
ok    T4-stress 134 n=7 D/current/pro_rata 非 gap 来源逐条相同
ok    T4-stress 134 n=7 D/current/pro_rata |Δ| <= 4*n*2**-52*S + 2
ok    T4-stress 134 n=7 D/current/pro_rata 闭合 pct 展示值精确相同
ok    T4-stress 134 n=7 D/peak stock_raw 相同
ok    T4-stress 134 n=7 D/peak 闭合 pct 展示值精确相同
ok    T4-stress 134 n=7 D/peak 非 gap 来源逐条相同
ok    T4-stress 134 n=7 D/peak |Δ| <= 4*n*2**-52*S + 2
ok    T4-stress 134 n=7 D/peak 策略集合相同
ok    T4-stress 134 n=7 D/peak/fifo 非 gap 来源逐条相同
ok    T4-stress 134 n=7 D/peak/fifo |Δ| <= 4*n*2**-52*S + 2
ok    T4-stress 134 n=7 D/peak/fifo 闭合 pct 展示值精确相同
ok    T4-stress 134 n=7 D/peak/lifo 非 gap 来源逐条相同
ok    T4-stress 134 n=7 D/peak/lifo |Δ| <= 4*n*2**-52*S + 2
ok    T4-stress 134 n=7 D/peak/lifo 闭合 pct 展示值精确相同
ok    T4-stress 134 n=7 D/peak/pro_rata 非 gap 来源逐条相同
ok    T4-stress 134 n=7 D/peak/pro_rata |Δ| <= 4*n*2**-52*S + 2
ok    T4-stress 134 n=7 D/peak/pro_rata 闭合 pct 展示值精确相同
ok    T4-stress 135 n=5 实际模拟边数齐全
ok    T4-stress 135 n=5/current 两版本库存等于整数边表余额
ok    T4-stress 135 n=5/peak 两版本库存等于整数边表余额
ok    T4-stress 135 n=5 两版本供应量相同
ok    T4-stress 135 n=5/pro_rata 逐笔短缺入桶数量精确相同
ok    T4-stress 135 n=5/fifo 逐笔短缺入桶数量精确相同
ok    T4-stress 135 n=5/lifo 逐笔短缺入桶数量精确相同
ok    T4-stress 135 n=5 实体集合不变
ok    T4-stress 135 n=5 D/current stock_raw 相同
ok    T4-stress 135 n=5 D/current 闭合 pct 展示值精确相同
ok    T4-stress 135 n=5 D/current 非 gap 来源逐条相同
ok    T4-stress 135 n=5 D/current |Δ| <= 4*n*2**-52*S + 2
ok    T4-stress 135 n=5 D/current 策略集合相同
ok    T4-stress 135 n=5 D/current/fifo 非 gap 来源逐条相同
ok    T4-stress 135 n=5 D/current/fifo |Δ| <= 4*n*2**-52*S + 2
ok    T4-stress 135 n=5 D/current/fifo 闭合 pct 展示值精确相同
ok    T4-stress 135 n=5 D/current/lifo 非 gap 来源逐条相同
ok    T4-stress 135 n=5 D/current/lifo |Δ| <= 4*n*2**-52*S + 2
ok    T4-stress 135 n=5 D/current/lifo 闭合 pct 展示值精确相同
ok    T4-stress 135 n=5 D/current/pro_rata 非 gap 来源逐条相同
ok    T4-stress 135 n=5 D/current/pro_rata |Δ| <= 4*n*2**-52*S + 2
ok    T4-stress 135 n=5 D/current/pro_rata 闭合 pct 展示值精确相同
ok    T4-stress 135 n=5 D/peak stock_raw 相同
ok    T4-stress 135 n=5 D/peak 闭合 pct 展示值精确相同
ok    T4-stress 135 n=5 D/peak 非 gap 来源逐条相同
ok    T4-stress 135 n=5 D/peak |Δ| <= 4*n*2**-52*S + 2
ok    T4-stress 135 n=5 D/peak 策略集合相同
ok    T4-stress 135 n=5 D/peak/fifo 非 gap 来源逐条相同
ok    T4-stress 135 n=5 D/peak/fifo |Δ| <= 4*n*2**-52*S + 2
ok    T4-stress 135 n=5 D/peak/fifo 闭合 pct 展示值精确相同
ok    T4-stress 135 n=5 D/peak/lifo 非 gap 来源逐条相同
ok    T4-stress 135 n=5 D/peak/lifo |Δ| <= 4*n*2**-52*S + 2
ok    T4-stress 135 n=5 D/peak/lifo 闭合 pct 展示值精确相同
ok    T4-stress 135 n=5 D/peak/pro_rata 非 gap 来源逐条相同
ok    T4-stress 135 n=5 D/peak/pro_rata |Δ| <= 4*n*2**-52*S + 2
ok    T4-stress 135 n=5 D/peak/pro_rata 闭合 pct 展示值精确相同
ok    T4-stress 136 n=3 实际模拟边数齐全
ok    T4-stress 136 n=3/current 两版本库存等于整数边表余额
ok    T4-stress 136 n=3/peak 两版本库存等于整数边表余额
ok    T4-stress 136 n=3 两版本供应量相同
ok    T4-stress 136 n=3/pro_rata 逐笔短缺入桶数量精确相同
ok    T4-stress 136 n=3/fifo 逐笔短缺入桶数量精确相同
ok    T4-stress 136 n=3/lifo 逐笔短缺入桶数量精确相同
ok    T4-stress 136 n=3 实体集合不变
ok    T4-stress 136 n=3 D/current stock_raw 相同
ok    T4-stress 136 n=3 D/current 闭合 pct 展示值精确相同
ok    T4-stress 136 n=3 D/current 非 gap 来源逐条相同
ok    T4-stress 136 n=3 D/current |Δ| <= 4*n*2**-52*S + 2
ok    T4-stress 136 n=3 D/current 策略集合相同
ok    T4-stress 136 n=3 D/current/fifo 非 gap 来源逐条相同
ok    T4-stress 136 n=3 D/current/fifo |Δ| <= 4*n*2**-52*S + 2
ok    T4-stress 136 n=3 D/current/fifo 闭合 pct 展示值精确相同
ok    T4-stress 136 n=3 D/current/lifo 非 gap 来源逐条相同
ok    T4-stress 136 n=3 D/current/lifo |Δ| <= 4*n*2**-52*S + 2
ok    T4-stress 136 n=3 D/current/lifo 闭合 pct 展示值精确相同
ok    T4-stress 136 n=3 D/current/pro_rata 非 gap 来源逐条相同
ok    T4-stress 136 n=3 D/current/pro_rata |Δ| <= 4*n*2**-52*S + 2
ok    T4-stress 136 n=3 D/current/pro_rata 闭合 pct 展示值精确相同
ok    T4-stress 136 n=3 D/peak stock_raw 相同
ok    T4-stress 136 n=3 D/peak 闭合 pct 展示值精确相同
ok    T4-stress 136 n=3 D/peak 非 gap 来源逐条相同
ok    T4-stress 136 n=3 D/peak |Δ| <= 4*n*2**-52*S + 2
ok    T4-stress 136 n=3 D/peak 策略集合相同
ok    T4-stress 136 n=3 D/peak/fifo 非 gap 来源逐条相同
ok    T4-stress 136 n=3 D/peak/fifo |Δ| <= 4*n*2**-52*S + 2
ok    T4-stress 136 n=3 D/peak/fifo 闭合 pct 展示值精确相同
ok    T4-stress 136 n=3 D/peak/lifo 非 gap 来源逐条相同
ok    T4-stress 136 n=3 D/peak/lifo |Δ| <= 4*n*2**-52*S + 2
ok    T4-stress 136 n=3 D/peak/lifo 闭合 pct 展示值精确相同
ok    T4-stress 136 n=3 D/peak/pro_rata 非 gap 来源逐条相同
ok    T4-stress 136 n=3 D/peak/pro_rata |Δ| <= 4*n*2**-52*S + 2
ok    T4-stress 136 n=3 D/peak/pro_rata 闭合 pct 展示值精确相同
ok    T4-stress 137 n=7 实际模拟边数齐全
ok    T4-stress 137 n=7/current 两版本库存等于整数边表余额
ok    T4-stress 137 n=7/peak 两版本库存等于整数边表余额
ok    T4-stress 137 n=7 两版本供应量相同
ok    T4-stress 137 n=7/pro_rata 逐笔短缺入桶数量精确相同
ok    T4-stress 137 n=7/fifo 逐笔短缺入桶数量精确相同
ok    T4-stress 137 n=7/lifo 逐笔短缺入桶数量精确相同
ok    T4-stress 137 n=7 实体集合不变
ok    T4-stress 137 n=7 D/current stock_raw 相同
ok    T4-stress 137 n=7 D/current 闭合 pct 展示值精确相同
ok    T4-stress 137 n=7 D/current 非 gap 来源逐条相同
ok    T4-stress 137 n=7 D/current |Δ| <= 4*n*2**-52*S + 2
ok    T4-stress 137 n=7 D/current 策略集合相同
ok    T4-stress 137 n=7 D/current/fifo 非 gap 来源逐条相同
ok    T4-stress 137 n=7 D/current/fifo |Δ| <= 4*n*2**-52*S + 2
ok    T4-stress 137 n=7 D/current/fifo 闭合 pct 展示值精确相同
ok    T4-stress 137 n=7 D/current/lifo 非 gap 来源逐条相同
ok    T4-stress 137 n=7 D/current/lifo |Δ| <= 4*n*2**-52*S + 2
ok    T4-stress 137 n=7 D/current/lifo 闭合 pct 展示值精确相同
ok    T4-stress 137 n=7 D/current/pro_rata 非 gap 来源逐条相同
ok    T4-stress 137 n=7 D/current/pro_rata |Δ| <= 4*n*2**-52*S + 2
ok    T4-stress 137 n=7 D/current/pro_rata 闭合 pct 展示值精确相同
ok    T4-stress 137 n=7 D/peak stock_raw 相同
ok    T4-stress 137 n=7 D/peak 闭合 pct 展示值精确相同
ok    T4-stress 137 n=7 D/peak 非 gap 来源逐条相同
ok    T4-stress 137 n=7 D/peak |Δ| <= 4*n*2**-52*S + 2
ok    T4-stress 137 n=7 D/peak 策略集合相同
ok    T4-stress 137 n=7 D/peak/fifo 非 gap 来源逐条相同
ok    T4-stress 137 n=7 D/peak/fifo |Δ| <= 4*n*2**-52*S + 2
ok    T4-stress 137 n=7 D/peak/fifo 闭合 pct 展示值精确相同
ok    T4-stress 137 n=7 D/peak/lifo 非 gap 来源逐条相同
ok    T4-stress 137 n=7 D/peak/lifo |Δ| <= 4*n*2**-52*S + 2
ok    T4-stress 137 n=7 D/peak/lifo 闭合 pct 展示值精确相同
ok    T4-stress 137 n=7 D/peak/pro_rata 非 gap 来源逐条相同
ok    T4-stress 137 n=7 D/peak/pro_rata |Δ| <= 4*n*2**-52*S + 2
ok    T4-stress 137 n=7 D/peak/pro_rata 闭合 pct 展示值精确相同
ok    T4-stress 138 n=8 实际模拟边数齐全
ok    T4-stress 138 n=8/current 两版本库存等于整数边表余额
ok    T4-stress 138 n=8/peak 两版本库存等于整数边表余额
ok    T4-stress 138 n=8 两版本供应量相同
ok    T4-stress 138 n=8/pro_rata 逐笔短缺入桶数量精确相同
ok    T4-stress 138 n=8/fifo 逐笔短缺入桶数量精确相同
ok    T4-stress 138 n=8/lifo 逐笔短缺入桶数量精确相同
ok    T4-stress 138 n=8 实体集合不变
ok    T4-stress 138 n=8 D/current stock_raw 相同
ok    T4-stress 138 n=8 D/current 闭合 pct 展示值精确相同
ok    T4-stress 138 n=8 D/current 非 gap 来源逐条相同
ok    T4-stress 138 n=8 D/current |Δ| <= 4*n*2**-52*S + 2
ok    T4-stress 138 n=8 D/current 策略集合相同
ok    T4-stress 138 n=8 D/current/fifo 非 gap 来源逐条相同
ok    T4-stress 138 n=8 D/current/fifo |Δ| <= 4*n*2**-52*S + 2
ok    T4-stress 138 n=8 D/current/fifo 闭合 pct 展示值精确相同
ok    T4-stress 138 n=8 D/current/lifo 非 gap 来源逐条相同
ok    T4-stress 138 n=8 D/current/lifo |Δ| <= 4*n*2**-52*S + 2
ok    T4-stress 138 n=8 D/current/lifo 闭合 pct 展示值精确相同
ok    T4-stress 138 n=8 D/current/pro_rata 非 gap 来源逐条相同
ok    T4-stress 138 n=8 D/current/pro_rata |Δ| <= 4*n*2**-52*S + 2
ok    T4-stress 138 n=8 D/current/pro_rata 闭合 pct 展示值精确相同
ok    T4-stress 138 n=8 D/peak stock_raw 相同
ok    T4-stress 138 n=8 D/peak 闭合 pct 展示值精确相同
ok    T4-stress 138 n=8 D/peak 非 gap 来源逐条相同
ok    T4-stress 138 n=8 D/peak |Δ| <= 4*n*2**-52*S + 2
ok    T4-stress 138 n=8 D/peak 策略集合相同
ok    T4-stress 138 n=8 D/peak/fifo 非 gap 来源逐条相同
ok    T4-stress 138 n=8 D/peak/fifo |Δ| <= 4*n*2**-52*S + 2
ok    T4-stress 138 n=8 D/peak/fifo 闭合 pct 展示值精确相同
ok    T4-stress 138 n=8 D/peak/lifo 非 gap 来源逐条相同
ok    T4-stress 138 n=8 D/peak/lifo |Δ| <= 4*n*2**-52*S + 2
ok    T4-stress 138 n=8 D/peak/lifo 闭合 pct 展示值精确相同
ok    T4-stress 138 n=8 D/peak/pro_rata 非 gap 来源逐条相同
ok    T4-stress 138 n=8 D/peak/pro_rata |Δ| <= 4*n*2**-52*S + 2
ok    T4-stress 138 n=8 D/peak/pro_rata 闭合 pct 展示值精确相同
ok    T4-stress 139 n=4 实际模拟边数齐全
ok    T4-stress 139 n=4/current 两版本库存等于整数边表余额
ok    T4-stress 139 n=4/peak 两版本库存等于整数边表余额
ok    T4-stress 139 n=4 两版本供应量相同
ok    T4-stress 139 n=4/pro_rata 逐笔短缺入桶数量精确相同
ok    T4-stress 139 n=4/fifo 逐笔短缺入桶数量精确相同
ok    T4-stress 139 n=4/lifo 逐笔短缺入桶数量精确相同
ok    T4-stress 139 n=4 实体集合不变
ok    T4-stress 139 n=4 D/current stock_raw 相同
ok    T4-stress 139 n=4 D/current 闭合 pct 展示值精确相同
ok    T4-stress 139 n=4 D/current 非 gap 来源逐条相同
ok    T4-stress 139 n=4 D/current |Δ| <= 4*n*2**-52*S + 2
ok    T4-stress 139 n=4 D/current 策略集合相同
ok    T4-stress 139 n=4 D/current/fifo 非 gap 来源逐条相同
ok    T4-stress 139 n=4 D/current/fifo |Δ| <= 4*n*2**-52*S + 2
ok    T4-stress 139 n=4 D/current/fifo 闭合 pct 展示值精确相同
ok    T4-stress 139 n=4 D/current/lifo 非 gap 来源逐条相同
ok    T4-stress 139 n=4 D/current/lifo |Δ| <= 4*n*2**-52*S + 2
ok    T4-stress 139 n=4 D/current/lifo 闭合 pct 展示值精确相同
ok    T4-stress 139 n=4 D/current/pro_rata 非 gap 来源逐条相同
ok    T4-stress 139 n=4 D/current/pro_rata |Δ| <= 4*n*2**-52*S + 2
ok    T4-stress 139 n=4 D/current/pro_rata 闭合 pct 展示值精确相同
ok    T4-stress 139 n=4 D/peak stock_raw 相同
ok    T4-stress 139 n=4 D/peak 闭合 pct 展示值精确相同
ok    T4-stress 139 n=4 D/peak 非 gap 来源逐条相同
ok    T4-stress 139 n=4 D/peak |Δ| <= 4*n*2**-52*S + 2
ok    T4-stress 139 n=4 D/peak 策略集合相同
ok    T4-stress 139 n=4 D/peak/fifo 非 gap 来源逐条相同
ok    T4-stress 139 n=4 D/peak/fifo |Δ| <= 4*n*2**-52*S + 2
ok    T4-stress 139 n=4 D/peak/fifo 闭合 pct 展示值精确相同
ok    T4-stress 139 n=4 D/peak/lifo 非 gap 来源逐条相同
ok    T4-stress 139 n=4 D/peak/lifo |Δ| <= 4*n*2**-52*S + 2
ok    T4-stress 139 n=4 D/peak/lifo 闭合 pct 展示值精确相同
ok    T4-stress 139 n=4 D/peak/pro_rata 非 gap 来源逐条相同
ok    T4-stress 139 n=4 D/peak/pro_rata |Δ| <= 4*n*2**-52*S + 2
ok    T4-stress 139 n=4 D/peak/pro_rata 闭合 pct 展示值精确相同
ok    T4-stress 140 n=8 实际模拟边数齐全
ok    T4-stress 140 n=8/current 两版本库存等于整数边表余额
ok    T4-stress 140 n=8/peak 两版本库存等于整数边表余额
ok    T4-stress 140 n=8 两版本供应量相同
ok    T4-stress 140 n=8/pro_rata 逐笔短缺入桶数量精确相同
ok    T4-stress 140 n=8/fifo 逐笔短缺入桶数量精确相同
ok    T4-stress 140 n=8/lifo 逐笔短缺入桶数量精确相同
ok    T4-stress 140 n=8 实体集合不变
ok    T4-stress 140 n=8 D/current stock_raw 相同
ok    T4-stress 140 n=8 D/current 闭合 pct 展示值精确相同
ok    T4-stress 140 n=8 D/current 非 gap 来源逐条相同
ok    T4-stress 140 n=8 D/current |Δ| <= 4*n*2**-52*S + 2
ok    T4-stress 140 n=8 D/current 策略集合相同
ok    T4-stress 140 n=8 D/current/fifo 非 gap 来源逐条相同
ok    T4-stress 140 n=8 D/current/fifo |Δ| <= 4*n*2**-52*S + 2
ok    T4-stress 140 n=8 D/current/fifo 闭合 pct 展示值精确相同
ok    T4-stress 140 n=8 D/current/lifo 非 gap 来源逐条相同
ok    T4-stress 140 n=8 D/current/lifo |Δ| <= 4*n*2**-52*S + 2
ok    T4-stress 140 n=8 D/current/lifo 闭合 pct 展示值精确相同
ok    T4-stress 140 n=8 D/current/pro_rata 非 gap 来源逐条相同
ok    T4-stress 140 n=8 D/current/pro_rata |Δ| <= 4*n*2**-52*S + 2
ok    T4-stress 140 n=8 D/current/pro_rata 闭合 pct 展示值精确相同
ok    T4-stress 140 n=8 D/peak stock_raw 相同
ok    T4-stress 140 n=8 D/peak 闭合 pct 展示值精确相同
ok    T4-stress 140 n=8 D/peak 非 gap 来源逐条相同
ok    T4-stress 140 n=8 D/peak |Δ| <= 4*n*2**-52*S + 2
ok    T4-stress 140 n=8 D/peak 策略集合相同
ok    T4-stress 140 n=8 D/peak/fifo 非 gap 来源逐条相同
ok    T4-stress 140 n=8 D/peak/fifo |Δ| <= 4*n*2**-52*S + 2
ok    T4-stress 140 n=8 D/peak/fifo 闭合 pct 展示值精确相同
ok    T4-stress 140 n=8 D/peak/lifo 非 gap 来源逐条相同
ok    T4-stress 140 n=8 D/peak/lifo |Δ| <= 4*n*2**-52*S + 2
ok    T4-stress 140 n=8 D/peak/lifo 闭合 pct 展示值精确相同
ok    T4-stress 140 n=8 D/peak/pro_rata 非 gap 来源逐条相同
ok    T4-stress 140 n=8 D/peak/pro_rata |Δ| <= 4*n*2**-52*S + 2
ok    T4-stress 140 n=8 D/peak/pro_rata 闭合 pct 展示值精确相同
ok    T4-stress 141 n=6 实际模拟边数齐全
ok    T4-stress 141 n=6/current 两版本库存等于整数边表余额
ok    T4-stress 141 n=6/peak 两版本库存等于整数边表余额
ok    T4-stress 141 n=6 两版本供应量相同
ok    T4-stress 141 n=6/pro_rata 逐笔短缺入桶数量精确相同
ok    T4-stress 141 n=6/fifo 逐笔短缺入桶数量精确相同
ok    T4-stress 141 n=6/lifo 逐笔短缺入桶数量精确相同
ok    T4-stress 141 n=6 实体集合不变
ok    T4-stress 141 n=6 D/current stock_raw 相同
ok    T4-stress 141 n=6 D/current 闭合 pct 展示值精确相同
ok    T4-stress 141 n=6 D/current 非 gap 来源逐条相同
ok    T4-stress 141 n=6 D/current |Δ| <= 4*n*2**-52*S + 2
ok    T4-stress 141 n=6 D/current 策略集合相同
ok    T4-stress 141 n=6 D/current/fifo 非 gap 来源逐条相同
ok    T4-stress 141 n=6 D/current/fifo |Δ| <= 4*n*2**-52*S + 2
ok    T4-stress 141 n=6 D/current/fifo 闭合 pct 展示值精确相同
ok    T4-stress 141 n=6 D/current/lifo 非 gap 来源逐条相同
ok    T4-stress 141 n=6 D/current/lifo |Δ| <= 4*n*2**-52*S + 2
ok    T4-stress 141 n=6 D/current/lifo 闭合 pct 展示值精确相同
ok    T4-stress 141 n=6 D/current/pro_rata 非 gap 来源逐条相同
ok    T4-stress 141 n=6 D/current/pro_rata |Δ| <= 4*n*2**-52*S + 2
ok    T4-stress 141 n=6 D/current/pro_rata 闭合 pct 展示值精确相同
ok    T4-stress 141 n=6 D/peak stock_raw 相同
ok    T4-stress 141 n=6 D/peak 闭合 pct 展示值精确相同
ok    T4-stress 141 n=6 D/peak 非 gap 来源逐条相同
ok    T4-stress 141 n=6 D/peak |Δ| <= 4*n*2**-52*S + 2
ok    T4-stress 141 n=6 D/peak 策略集合相同
ok    T4-stress 141 n=6 D/peak/fifo 非 gap 来源逐条相同
ok    T4-stress 141 n=6 D/peak/fifo |Δ| <= 4*n*2**-52*S + 2
ok    T4-stress 141 n=6 D/peak/fifo 闭合 pct 展示值精确相同
ok    T4-stress 141 n=6 D/peak/lifo 非 gap 来源逐条相同
ok    T4-stress 141 n=6 D/peak/lifo |Δ| <= 4*n*2**-52*S + 2
ok    T4-stress 141 n=6 D/peak/lifo 闭合 pct 展示值精确相同
ok    T4-stress 141 n=6 D/peak/pro_rata 非 gap 来源逐条相同
ok    T4-stress 141 n=6 D/peak/pro_rata |Δ| <= 4*n*2**-52*S + 2
ok    T4-stress 141 n=6 D/peak/pro_rata 闭合 pct 展示值精确相同
ok    T4-stress 142 n=5 实际模拟边数齐全
ok    T4-stress 142 n=5/current 两版本库存等于整数边表余额
ok    T4-stress 142 n=5/peak 两版本库存等于整数边表余额
ok    T4-stress 142 n=5 两版本供应量相同
ok    T4-stress 142 n=5/pro_rata 逐笔短缺入桶数量精确相同
ok    T4-stress 142 n=5/fifo 逐笔短缺入桶数量精确相同
ok    T4-stress 142 n=5/lifo 逐笔短缺入桶数量精确相同
ok    T4-stress 142 n=5 实体集合不变
ok    T4-stress 142 n=5 D/current stock_raw 相同
ok    T4-stress 142 n=5 D/current 闭合 pct 展示值精确相同
ok    T4-stress 142 n=5 D/current 非 gap 来源逐条相同
ok    T4-stress 142 n=5 D/current |Δ| <= 4*n*2**-52*S + 2
ok    T4-stress 142 n=5 D/current 策略集合相同
ok    T4-stress 142 n=5 D/current/fifo 非 gap 来源逐条相同
ok    T4-stress 142 n=5 D/current/fifo |Δ| <= 4*n*2**-52*S + 2
ok    T4-stress 142 n=5 D/current/fifo 闭合 pct 展示值精确相同
ok    T4-stress 142 n=5 D/current/lifo 非 gap 来源逐条相同
ok    T4-stress 142 n=5 D/current/lifo |Δ| <= 4*n*2**-52*S + 2
ok    T4-stress 142 n=5 D/current/lifo 闭合 pct 展示值精确相同
ok    T4-stress 142 n=5 D/current/pro_rata 非 gap 来源逐条相同
ok    T4-stress 142 n=5 D/current/pro_rata |Δ| <= 4*n*2**-52*S + 2
ok    T4-stress 142 n=5 D/current/pro_rata 闭合 pct 展示值精确相同
ok    T4-stress 142 n=5 D/peak stock_raw 相同
ok    T4-stress 142 n=5 D/peak 闭合 pct 展示值精确相同
ok    T4-stress 142 n=5 D/peak 非 gap 来源逐条相同
ok    T4-stress 142 n=5 D/peak |Δ| <= 4*n*2**-52*S + 2
ok    T4-stress 142 n=5 D/peak 策略集合相同
ok    T4-stress 142 n=5 D/peak/fifo 非 gap 来源逐条相同
ok    T4-stress 142 n=5 D/peak/fifo |Δ| <= 4*n*2**-52*S + 2
ok    T4-stress 142 n=5 D/peak/fifo 闭合 pct 展示值精确相同
ok    T4-stress 142 n=5 D/peak/lifo 非 gap 来源逐条相同
ok    T4-stress 142 n=5 D/peak/lifo |Δ| <= 4*n*2**-52*S + 2
ok    T4-stress 142 n=5 D/peak/lifo 闭合 pct 展示值精确相同
ok    T4-stress 142 n=5 D/peak/pro_rata 非 gap 来源逐条相同
ok    T4-stress 142 n=5 D/peak/pro_rata |Δ| <= 4*n*2**-52*S + 2
ok    T4-stress 142 n=5 D/peak/pro_rata 闭合 pct 展示值精确相同
ok    T4-stress 143 n=3 实际模拟边数齐全
ok    T4-stress 143 n=3/current 两版本库存等于整数边表余额
ok    T4-stress 143 n=3/peak 两版本库存等于整数边表余额
ok    T4-stress 143 n=3 两版本供应量相同
ok    T4-stress 143 n=3/pro_rata 逐笔短缺入桶数量精确相同
ok    T4-stress 143 n=3/fifo 逐笔短缺入桶数量精确相同
ok    T4-stress 143 n=3/lifo 逐笔短缺入桶数量精确相同
ok    T4-stress 143 n=3 实体集合不变
ok    T4-stress 143 n=3 D/current stock_raw 相同
ok    T4-stress 143 n=3 D/current 闭合 pct 展示值精确相同
ok    T4-stress 143 n=3 D/current 非 gap 来源逐条相同
ok    T4-stress 143 n=3 D/current |Δ| <= 4*n*2**-52*S + 2
ok    T4-stress 143 n=3 D/current 策略集合相同
ok    T4-stress 143 n=3 D/current/fifo 非 gap 来源逐条相同
ok    T4-stress 143 n=3 D/current/fifo |Δ| <= 4*n*2**-52*S + 2
ok    T4-stress 143 n=3 D/current/fifo 闭合 pct 展示值精确相同
ok    T4-stress 143 n=3 D/current/lifo 非 gap 来源逐条相同
ok    T4-stress 143 n=3 D/current/lifo |Δ| <= 4*n*2**-52*S + 2
ok    T4-stress 143 n=3 D/current/lifo 闭合 pct 展示值精确相同
ok    T4-stress 143 n=3 D/current/pro_rata 非 gap 来源逐条相同
ok    T4-stress 143 n=3 D/current/pro_rata |Δ| <= 4*n*2**-52*S + 2
ok    T4-stress 143 n=3 D/current/pro_rata 闭合 pct 展示值精确相同
ok    T4-stress 143 n=3 D/peak stock_raw 相同
ok    T4-stress 143 n=3 D/peak 闭合 pct 展示值精确相同
ok    T4-stress 143 n=3 D/peak 非 gap 来源逐条相同
ok    T4-stress 143 n=3 D/peak |Δ| <= 4*n*2**-52*S + 2
ok    T4-stress 143 n=3 D/peak 策略集合相同
ok    T4-stress 143 n=3 D/peak/fifo 非 gap 来源逐条相同
ok    T4-stress 143 n=3 D/peak/fifo |Δ| <= 4*n*2**-52*S + 2
ok    T4-stress 143 n=3 D/peak/fifo 闭合 pct 展示值精确相同
ok    T4-stress 143 n=3 D/peak/lifo 非 gap 来源逐条相同
ok    T4-stress 143 n=3 D/peak/lifo |Δ| <= 4*n*2**-52*S + 2
ok    T4-stress 143 n=3 D/peak/lifo 闭合 pct 展示值精确相同
ok    T4-stress 143 n=3 D/peak/pro_rata 非 gap 来源逐条相同
ok    T4-stress 143 n=3 D/peak/pro_rata |Δ| <= 4*n*2**-52*S + 2
ok    T4-stress 143 n=3 D/peak/pro_rata 闭合 pct 展示值精确相同
ok    T4-stress 144 n=4 实际模拟边数齐全
ok    T4-stress 144 n=4/current 两版本库存等于整数边表余额
ok    T4-stress 144 n=4/peak 两版本库存等于整数边表余额
ok    T4-stress 144 n=4 两版本供应量相同
ok    T4-stress 144 n=4/pro_rata 逐笔短缺入桶数量精确相同
ok    T4-stress 144 n=4/fifo 逐笔短缺入桶数量精确相同
ok    T4-stress 144 n=4/lifo 逐笔短缺入桶数量精确相同
ok    T4-stress 144 n=4 实体集合不变
ok    T4-stress 144 n=4 D/current stock_raw 相同
ok    T4-stress 144 n=4 D/current 闭合 pct 展示值精确相同
ok    T4-stress 144 n=4 D/current 非 gap 来源逐条相同
ok    T4-stress 144 n=4 D/current |Δ| <= 4*n*2**-52*S + 2
ok    T4-stress 144 n=4 D/current 策略集合相同
ok    T4-stress 144 n=4 D/current/fifo 非 gap 来源逐条相同
ok    T4-stress 144 n=4 D/current/fifo |Δ| <= 4*n*2**-52*S + 2
ok    T4-stress 144 n=4 D/current/fifo 闭合 pct 展示值精确相同
ok    T4-stress 144 n=4 D/current/lifo 非 gap 来源逐条相同
ok    T4-stress 144 n=4 D/current/lifo |Δ| <= 4*n*2**-52*S + 2
ok    T4-stress 144 n=4 D/current/lifo 闭合 pct 展示值精确相同
ok    T4-stress 144 n=4 D/current/pro_rata 非 gap 来源逐条相同
ok    T4-stress 144 n=4 D/current/pro_rata |Δ| <= 4*n*2**-52*S + 2
ok    T4-stress 144 n=4 D/current/pro_rata 闭合 pct 展示值精确相同
ok    T4-stress 144 n=4 D/peak stock_raw 相同
ok    T4-stress 144 n=4 D/peak 闭合 pct 展示值精确相同
ok    T4-stress 144 n=4 D/peak 非 gap 来源逐条相同
ok    T4-stress 144 n=4 D/peak |Δ| <= 4*n*2**-52*S + 2
ok    T4-stress 144 n=4 D/peak 策略集合相同
ok    T4-stress 144 n=4 D/peak/fifo 非 gap 来源逐条相同
ok    T4-stress 144 n=4 D/peak/fifo |Δ| <= 4*n*2**-52*S + 2
ok    T4-stress 144 n=4 D/peak/fifo 闭合 pct 展示值精确相同
ok    T4-stress 144 n=4 D/peak/lifo 非 gap 来源逐条相同
ok    T4-stress 144 n=4 D/peak/lifo |Δ| <= 4*n*2**-52*S + 2
ok    T4-stress 144 n=4 D/peak/lifo 闭合 pct 展示值精确相同
ok    T4-stress 144 n=4 D/peak/pro_rata 非 gap 来源逐条相同
ok    T4-stress 144 n=4 D/peak/pro_rata |Δ| <= 4*n*2**-52*S + 2
ok    T4-stress 144 n=4 D/peak/pro_rata 闭合 pct 展示值精确相同
ok    T4-stress 145 n=4 实际模拟边数齐全
ok    T4-stress 145 n=4/current 两版本库存等于整数边表余额
ok    T4-stress 145 n=4/peak 两版本库存等于整数边表余额
ok    T4-stress 145 n=4 两版本供应量相同
ok    T4-stress 145 n=4/pro_rata 逐笔短缺入桶数量精确相同
ok    T4-stress 145 n=4/fifo 逐笔短缺入桶数量精确相同
ok    T4-stress 145 n=4/lifo 逐笔短缺入桶数量精确相同
ok    T4-stress 145 n=4 实体集合不变
ok    T4-stress 145 n=4 D/current stock_raw 相同
ok    T4-stress 145 n=4 D/current 闭合 pct 展示值精确相同
ok    T4-stress 145 n=4 D/current 非 gap 来源逐条相同
ok    T4-stress 145 n=4 D/current |Δ| <= 4*n*2**-52*S + 2
ok    T4-stress 145 n=4 D/current 策略集合相同
ok    T4-stress 145 n=4 D/current/fifo 非 gap 来源逐条相同
ok    T4-stress 145 n=4 D/current/fifo |Δ| <= 4*n*2**-52*S + 2
ok    T4-stress 145 n=4 D/current/fifo 闭合 pct 展示值精确相同
ok    T4-stress 145 n=4 D/current/lifo 非 gap 来源逐条相同
ok    T4-stress 145 n=4 D/current/lifo |Δ| <= 4*n*2**-52*S + 2
ok    T4-stress 145 n=4 D/current/lifo 闭合 pct 展示值精确相同
ok    T4-stress 145 n=4 D/current/pro_rata 非 gap 来源逐条相同
ok    T4-stress 145 n=4 D/current/pro_rata |Δ| <= 4*n*2**-52*S + 2
ok    T4-stress 145 n=4 D/current/pro_rata 闭合 pct 展示值精确相同
ok    T4-stress 145 n=4 D/peak stock_raw 相同
ok    T4-stress 145 n=4 D/peak 闭合 pct 展示值精确相同
ok    T4-stress 145 n=4 D/peak 非 gap 来源逐条相同
ok    T4-stress 145 n=4 D/peak |Δ| <= 4*n*2**-52*S + 2
ok    T4-stress 145 n=4 D/peak 策略集合相同
ok    T4-stress 145 n=4 D/peak/fifo 非 gap 来源逐条相同
ok    T4-stress 145 n=4 D/peak/fifo |Δ| <= 4*n*2**-52*S + 2
ok    T4-stress 145 n=4 D/peak/fifo 闭合 pct 展示值精确相同
ok    T4-stress 145 n=4 D/peak/lifo 非 gap 来源逐条相同
ok    T4-stress 145 n=4 D/peak/lifo |Δ| <= 4*n*2**-52*S + 2
ok    T4-stress 145 n=4 D/peak/lifo 闭合 pct 展示值精确相同
ok    T4-stress 145 n=4 D/peak/pro_rata 非 gap 来源逐条相同
ok    T4-stress 145 n=4 D/peak/pro_rata |Δ| <= 4*n*2**-52*S + 2
ok    T4-stress 145 n=4 D/peak/pro_rata 闭合 pct 展示值精确相同
ok    T4-stress 146 n=6 实际模拟边数齐全
ok    T4-stress 146 n=6/current 两版本库存等于整数边表余额
ok    T4-stress 146 n=6/peak 两版本库存等于整数边表余额
ok    T4-stress 146 n=6 两版本供应量相同
ok    T4-stress 146 n=6/pro_rata 逐笔短缺入桶数量精确相同
ok    T4-stress 146 n=6/fifo 逐笔短缺入桶数量精确相同
ok    T4-stress 146 n=6/lifo 逐笔短缺入桶数量精确相同
ok    T4-stress 146 n=6 实体集合不变
ok    T4-stress 146 n=6 D/current stock_raw 相同
ok    T4-stress 146 n=6 D/current 闭合 pct 展示值精确相同
ok    T4-stress 146 n=6 D/current 非 gap 来源逐条相同
ok    T4-stress 146 n=6 D/current |Δ| <= 4*n*2**-52*S + 2
ok    T4-stress 146 n=6 D/current 策略集合相同
ok    T4-stress 146 n=6 D/current/fifo 非 gap 来源逐条相同
ok    T4-stress 146 n=6 D/current/fifo |Δ| <= 4*n*2**-52*S + 2
ok    T4-stress 146 n=6 D/current/fifo 闭合 pct 展示值精确相同
ok    T4-stress 146 n=6 D/current/lifo 非 gap 来源逐条相同
ok    T4-stress 146 n=6 D/current/lifo |Δ| <= 4*n*2**-52*S + 2
ok    T4-stress 146 n=6 D/current/lifo 闭合 pct 展示值精确相同
ok    T4-stress 146 n=6 D/current/pro_rata 非 gap 来源逐条相同
ok    T4-stress 146 n=6 D/current/pro_rata |Δ| <= 4*n*2**-52*S + 2
ok    T4-stress 146 n=6 D/current/pro_rata 闭合 pct 展示值精确相同
ok    T4-stress 146 n=6 D/peak stock_raw 相同
ok    T4-stress 146 n=6 D/peak 闭合 pct 展示值精确相同
ok    T4-stress 146 n=6 D/peak 非 gap 来源逐条相同
ok    T4-stress 146 n=6 D/peak |Δ| <= 4*n*2**-52*S + 2
ok    T4-stress 146 n=6 D/peak 策略集合相同
ok    T4-stress 146 n=6 D/peak/fifo 非 gap 来源逐条相同
ok    T4-stress 146 n=6 D/peak/fifo |Δ| <= 4*n*2**-52*S + 2
ok    T4-stress 146 n=6 D/peak/fifo 闭合 pct 展示值精确相同
ok    T4-stress 146 n=6 D/peak/lifo 非 gap 来源逐条相同
ok    T4-stress 146 n=6 D/peak/lifo |Δ| <= 4*n*2**-52*S + 2
ok    T4-stress 146 n=6 D/peak/lifo 闭合 pct 展示值精确相同
ok    T4-stress 146 n=6 D/peak/pro_rata 非 gap 来源逐条相同
ok    T4-stress 146 n=6 D/peak/pro_rata |Δ| <= 4*n*2**-52*S + 2
ok    T4-stress 146 n=6 D/peak/pro_rata 闭合 pct 展示值精确相同
ok    T4-stress 147 n=4 实际模拟边数齐全
ok    T4-stress 147 n=4/current 两版本库存等于整数边表余额
ok    T4-stress 147 n=4/peak 两版本库存等于整数边表余额
ok    T4-stress 147 n=4 两版本供应量相同
ok    T4-stress 147 n=4/pro_rata 逐笔短缺入桶数量精确相同
ok    T4-stress 147 n=4/fifo 逐笔短缺入桶数量精确相同
ok    T4-stress 147 n=4/lifo 逐笔短缺入桶数量精确相同
ok    T4-stress 147 n=4 实体集合不变
ok    T4-stress 147 n=4 D/current stock_raw 相同
ok    T4-stress 147 n=4 D/current 闭合 pct 展示值精确相同
ok    T4-stress 147 n=4 D/current 非 gap 来源逐条相同
ok    T4-stress 147 n=4 D/current |Δ| <= 4*n*2**-52*S + 2
ok    T4-stress 147 n=4 D/current 策略集合相同
ok    T4-stress 147 n=4 D/current/fifo 非 gap 来源逐条相同
ok    T4-stress 147 n=4 D/current/fifo |Δ| <= 4*n*2**-52*S + 2
ok    T4-stress 147 n=4 D/current/fifo 闭合 pct 展示值精确相同
ok    T4-stress 147 n=4 D/current/lifo 非 gap 来源逐条相同
ok    T4-stress 147 n=4 D/current/lifo |Δ| <= 4*n*2**-52*S + 2
ok    T4-stress 147 n=4 D/current/lifo 闭合 pct 展示值精确相同
ok    T4-stress 147 n=4 D/current/pro_rata 非 gap 来源逐条相同
ok    T4-stress 147 n=4 D/current/pro_rata |Δ| <= 4*n*2**-52*S + 2
ok    T4-stress 147 n=4 D/current/pro_rata 闭合 pct 展示值精确相同
ok    T4-stress 147 n=4 D/peak stock_raw 相同
ok    T4-stress 147 n=4 D/peak 闭合 pct 展示值精确相同
ok    T4-stress 147 n=4 D/peak 非 gap 来源逐条相同
ok    T4-stress 147 n=4 D/peak |Δ| <= 4*n*2**-52*S + 2
ok    T4-stress 147 n=4 D/peak 策略集合相同
ok    T4-stress 147 n=4 D/peak/fifo 非 gap 来源逐条相同
ok    T4-stress 147 n=4 D/peak/fifo |Δ| <= 4*n*2**-52*S + 2
ok    T4-stress 147 n=4 D/peak/fifo 闭合 pct 展示值精确相同
ok    T4-stress 147 n=4 D/peak/lifo 非 gap 来源逐条相同
ok    T4-stress 147 n=4 D/peak/lifo |Δ| <= 4*n*2**-52*S + 2
ok    T4-stress 147 n=4 D/peak/lifo 闭合 pct 展示值精确相同
ok    T4-stress 147 n=4 D/peak/pro_rata 非 gap 来源逐条相同
ok    T4-stress 147 n=4 D/peak/pro_rata |Δ| <= 4*n*2**-52*S + 2
ok    T4-stress 147 n=4 D/peak/pro_rata 闭合 pct 展示值精确相同
ok    T4-stress 148 n=6 实际模拟边数齐全
ok    T4-stress 148 n=6/current 两版本库存等于整数边表余额
ok    T4-stress 148 n=6/peak 两版本库存等于整数边表余额
ok    T4-stress 148 n=6 两版本供应量相同
ok    T4-stress 148 n=6/pro_rata 逐笔短缺入桶数量精确相同
ok    T4-stress 148 n=6/fifo 逐笔短缺入桶数量精确相同
ok    T4-stress 148 n=6/lifo 逐笔短缺入桶数量精确相同
ok    T4-stress 148 n=6 实体集合不变
ok    T4-stress 148 n=6 D/current stock_raw 相同
ok    T4-stress 148 n=6 D/current 闭合 pct 展示值精确相同
ok    T4-stress 148 n=6 D/current 非 gap 来源逐条相同
ok    T4-stress 148 n=6 D/current |Δ| <= 4*n*2**-52*S + 2
ok    T4-stress 148 n=6 D/current 策略集合相同
ok    T4-stress 148 n=6 D/current/fifo 非 gap 来源逐条相同
ok    T4-stress 148 n=6 D/current/fifo |Δ| <= 4*n*2**-52*S + 2
ok    T4-stress 148 n=6 D/current/fifo 闭合 pct 展示值精确相同
ok    T4-stress 148 n=6 D/current/lifo 非 gap 来源逐条相同
ok    T4-stress 148 n=6 D/current/lifo |Δ| <= 4*n*2**-52*S + 2
ok    T4-stress 148 n=6 D/current/lifo 闭合 pct 展示值精确相同
ok    T4-stress 148 n=6 D/current/pro_rata 非 gap 来源逐条相同
ok    T4-stress 148 n=6 D/current/pro_rata |Δ| <= 4*n*2**-52*S + 2
ok    T4-stress 148 n=6 D/current/pro_rata 闭合 pct 展示值精确相同
ok    T4-stress 148 n=6 D/peak stock_raw 相同
ok    T4-stress 148 n=6 D/peak 闭合 pct 展示值精确相同
ok    T4-stress 148 n=6 D/peak 非 gap 来源逐条相同
ok    T4-stress 148 n=6 D/peak |Δ| <= 4*n*2**-52*S + 2
ok    T4-stress 148 n=6 D/peak 策略集合相同
ok    T4-stress 148 n=6 D/peak/fifo 非 gap 来源逐条相同
ok    T4-stress 148 n=6 D/peak/fifo |Δ| <= 4*n*2**-52*S + 2
ok    T4-stress 148 n=6 D/peak/fifo 闭合 pct 展示值精确相同
ok    T4-stress 148 n=6 D/peak/lifo 非 gap 来源逐条相同
ok    T4-stress 148 n=6 D/peak/lifo |Δ| <= 4*n*2**-52*S + 2
ok    T4-stress 148 n=6 D/peak/lifo 闭合 pct 展示值精确相同
ok    T4-stress 148 n=6 D/peak/pro_rata 非 gap 来源逐条相同
ok    T4-stress 148 n=6 D/peak/pro_rata |Δ| <= 4*n*2**-52*S + 2
ok    T4-stress 148 n=6 D/peak/pro_rata 闭合 pct 展示值精确相同
ok    T4-stress 149 n=8 实际模拟边数齐全
ok    T4-stress 149 n=8/current 两版本库存等于整数边表余额
ok    T4-stress 149 n=8/peak 两版本库存等于整数边表余额
ok    T4-stress 149 n=8 两版本供应量相同
ok    T4-stress 149 n=8/pro_rata 逐笔短缺入桶数量精确相同
ok    T4-stress 149 n=8/fifo 逐笔短缺入桶数量精确相同
ok    T4-stress 149 n=8/lifo 逐笔短缺入桶数量精确相同
ok    T4-stress 149 n=8 实体集合不变
ok    T4-stress 149 n=8 D/current stock_raw 相同
ok    T4-stress 149 n=8 D/current 闭合 pct 展示值精确相同
ok    T4-stress 149 n=8 D/current 非 gap 来源逐条相同
ok    T4-stress 149 n=8 D/current |Δ| <= 4*n*2**-52*S + 2
ok    T4-stress 149 n=8 D/current 策略集合相同
ok    T4-stress 149 n=8 D/current/fifo 非 gap 来源逐条相同
ok    T4-stress 149 n=8 D/current/fifo |Δ| <= 4*n*2**-52*S + 2
ok    T4-stress 149 n=8 D/current/fifo 闭合 pct 展示值精确相同
ok    T4-stress 149 n=8 D/current/lifo 非 gap 来源逐条相同
ok    T4-stress 149 n=8 D/current/lifo |Δ| <= 4*n*2**-52*S + 2
ok    T4-stress 149 n=8 D/current/lifo 闭合 pct 展示值精确相同
ok    T4-stress 149 n=8 D/current/pro_rata 非 gap 来源逐条相同
ok    T4-stress 149 n=8 D/current/pro_rata |Δ| <= 4*n*2**-52*S + 2
ok    T4-stress 149 n=8 D/current/pro_rata 闭合 pct 展示值精确相同
ok    T4-stress 149 n=8 D/peak stock_raw 相同
ok    T4-stress 149 n=8 D/peak 闭合 pct 展示值精确相同
ok    T4-stress 149 n=8 D/peak 非 gap 来源逐条相同
ok    T4-stress 149 n=8 D/peak |Δ| <= 4*n*2**-52*S + 2
ok    T4-stress 149 n=8 D/peak 策略集合相同
ok    T4-stress 149 n=8 D/peak/fifo 非 gap 来源逐条相同
ok    T4-stress 149 n=8 D/peak/fifo |Δ| <= 4*n*2**-52*S + 2
ok    T4-stress 149 n=8 D/peak/fifo 闭合 pct 展示值精确相同
ok    T4-stress 149 n=8 D/peak/lifo 非 gap 来源逐条相同
ok    T4-stress 149 n=8 D/peak/lifo |Δ| <= 4*n*2**-52*S + 2
ok    T4-stress 149 n=8 D/peak/lifo 闭合 pct 展示值精确相同
ok    T4-stress 149 n=8 D/peak/pro_rata 非 gap 来源逐条相同
ok    T4-stress 149 n=8 D/peak/pro_rata |Δ| <= 4*n*2**-52*S + 2
ok    T4-stress 149 n=8 D/peak/pro_rata 闭合 pct 展示值精确相同
ok    T4-stress 150 n=4 实际模拟边数齐全
ok    T4-stress 150 n=4/current 两版本库存等于整数边表余额
ok    T4-stress 150 n=4/peak 两版本库存等于整数边表余额
ok    T4-stress 150 n=4 两版本供应量相同
ok    T4-stress 150 n=4/pro_rata 逐笔短缺入桶数量精确相同
ok    T4-stress 150 n=4/fifo 逐笔短缺入桶数量精确相同
ok    T4-stress 150 n=4/lifo 逐笔短缺入桶数量精确相同
ok    T4-stress 150 n=4 实体集合不变
ok    T4-stress 150 n=4 D/current stock_raw 相同
ok    T4-stress 150 n=4 D/current 闭合 pct 展示值精确相同
ok    T4-stress 150 n=4 D/current 非 gap 来源逐条相同
ok    T4-stress 150 n=4 D/current |Δ| <= 4*n*2**-52*S + 2
ok    T4-stress 150 n=4 D/current 策略集合相同
ok    T4-stress 150 n=4 D/current/fifo 非 gap 来源逐条相同
ok    T4-stress 150 n=4 D/current/fifo |Δ| <= 4*n*2**-52*S + 2
ok    T4-stress 150 n=4 D/current/fifo 闭合 pct 展示值精确相同
ok    T4-stress 150 n=4 D/current/lifo 非 gap 来源逐条相同
ok    T4-stress 150 n=4 D/current/lifo |Δ| <= 4*n*2**-52*S + 2
ok    T4-stress 150 n=4 D/current/lifo 闭合 pct 展示值精确相同
ok    T4-stress 150 n=4 D/current/pro_rata 非 gap 来源逐条相同
ok    T4-stress 150 n=4 D/current/pro_rata |Δ| <= 4*n*2**-52*S + 2
ok    T4-stress 150 n=4 D/current/pro_rata 闭合 pct 展示值精确相同
ok    T4-stress 150 n=4 D/peak stock_raw 相同
ok    T4-stress 150 n=4 D/peak 闭合 pct 展示值精确相同
ok    T4-stress 150 n=4 D/peak 非 gap 来源逐条相同
ok    T4-stress 150 n=4 D/peak |Δ| <= 4*n*2**-52*S + 2
ok    T4-stress 150 n=4 D/peak 策略集合相同
ok    T4-stress 150 n=4 D/peak/fifo 非 gap 来源逐条相同
ok    T4-stress 150 n=4 D/peak/fifo |Δ| <= 4*n*2**-52*S + 2
ok    T4-stress 150 n=4 D/peak/fifo 闭合 pct 展示值精确相同
ok    T4-stress 150 n=4 D/peak/lifo 非 gap 来源逐条相同
ok    T4-stress 150 n=4 D/peak/lifo |Δ| <= 4*n*2**-52*S + 2
ok    T4-stress 150 n=4 D/peak/lifo 闭合 pct 展示值精确相同
ok    T4-stress 150 n=4 D/peak/pro_rata 非 gap 来源逐条相同
ok    T4-stress 150 n=4 D/peak/pro_rata |Δ| <= 4*n*2**-52*S + 2
ok    T4-stress 150 n=4 D/peak/pro_rata 闭合 pct 展示值精确相同
ok    T4-stress 151 n=7 实际模拟边数齐全
ok    T4-stress 151 n=7/current 两版本库存等于整数边表余额
ok    T4-stress 151 n=7/peak 两版本库存等于整数边表余额
ok    T4-stress 151 n=7 两版本供应量相同
ok    T4-stress 151 n=7/pro_rata 逐笔短缺入桶数量精确相同
ok    T4-stress 151 n=7/fifo 逐笔短缺入桶数量精确相同
ok    T4-stress 151 n=7/lifo 逐笔短缺入桶数量精确相同
ok    T4-stress 151 n=7 实体集合不变
ok    T4-stress 151 n=7 D/current stock_raw 相同
ok    T4-stress 151 n=7 D/current 闭合 pct 展示值精确相同
ok    T4-stress 151 n=7 D/current 非 gap 来源逐条相同
ok    T4-stress 151 n=7 D/current |Δ| <= 4*n*2**-52*S + 2
ok    T4-stress 151 n=7 D/current 策略集合相同
ok    T4-stress 151 n=7 D/current/fifo 非 gap 来源逐条相同
ok    T4-stress 151 n=7 D/current/fifo |Δ| <= 4*n*2**-52*S + 2
ok    T4-stress 151 n=7 D/current/fifo 闭合 pct 展示值精确相同
ok    T4-stress 151 n=7 D/current/lifo 非 gap 来源逐条相同
ok    T4-stress 151 n=7 D/current/lifo |Δ| <= 4*n*2**-52*S + 2
ok    T4-stress 151 n=7 D/current/lifo 闭合 pct 展示值精确相同
ok    T4-stress 151 n=7 D/current/pro_rata 非 gap 来源逐条相同
ok    T4-stress 151 n=7 D/current/pro_rata |Δ| <= 4*n*2**-52*S + 2
ok    T4-stress 151 n=7 D/current/pro_rata 闭合 pct 展示值精确相同
ok    T4-stress 151 n=7 D/peak stock_raw 相同
ok    T4-stress 151 n=7 D/peak 闭合 pct 展示值精确相同
ok    T4-stress 151 n=7 D/peak 非 gap 来源逐条相同
ok    T4-stress 151 n=7 D/peak |Δ| <= 4*n*2**-52*S + 2
ok    T4-stress 151 n=7 D/peak 策略集合相同
ok    T4-stress 151 n=7 D/peak/fifo 非 gap 来源逐条相同
ok    T4-stress 151 n=7 D/peak/fifo |Δ| <= 4*n*2**-52*S + 2
ok    T4-stress 151 n=7 D/peak/fifo 闭合 pct 展示值精确相同
ok    T4-stress 151 n=7 D/peak/lifo 非 gap 来源逐条相同
ok    T4-stress 151 n=7 D/peak/lifo |Δ| <= 4*n*2**-52*S + 2
ok    T4-stress 151 n=7 D/peak/lifo 闭合 pct 展示值精确相同
ok    T4-stress 151 n=7 D/peak/pro_rata 非 gap 来源逐条相同
ok    T4-stress 151 n=7 D/peak/pro_rata |Δ| <= 4*n*2**-52*S + 2
ok    T4-stress 151 n=7 D/peak/pro_rata 闭合 pct 展示值精确相同
ok    T4-stress 152 n=3 实际模拟边数齐全
ok    T4-stress 152 n=3/current 两版本库存等于整数边表余额
ok    T4-stress 152 n=3/peak 两版本库存等于整数边表余额
ok    T4-stress 152 n=3 两版本供应量相同
ok    T4-stress 152 n=3/pro_rata 逐笔短缺入桶数量精确相同
ok    T4-stress 152 n=3/fifo 逐笔短缺入桶数量精确相同
ok    T4-stress 152 n=3/lifo 逐笔短缺入桶数量精确相同
ok    T4-stress 152 n=3 实体集合不变
ok    T4-stress 152 n=3 D/current stock_raw 相同
ok    T4-stress 152 n=3 D/current 闭合 pct 展示值精确相同
ok    T4-stress 152 n=3 D/current 非 gap 来源逐条相同
ok    T4-stress 152 n=3 D/current |Δ| <= 4*n*2**-52*S + 2
ok    T4-stress 152 n=3 D/current 策略集合相同
ok    T4-stress 152 n=3 D/current/fifo 非 gap 来源逐条相同
ok    T4-stress 152 n=3 D/current/fifo |Δ| <= 4*n*2**-52*S + 2
ok    T4-stress 152 n=3 D/current/fifo 闭合 pct 展示值精确相同
ok    T4-stress 152 n=3 D/current/lifo 非 gap 来源逐条相同
ok    T4-stress 152 n=3 D/current/lifo |Δ| <= 4*n*2**-52*S + 2
ok    T4-stress 152 n=3 D/current/lifo 闭合 pct 展示值精确相同
ok    T4-stress 152 n=3 D/current/pro_rata 非 gap 来源逐条相同
ok    T4-stress 152 n=3 D/current/pro_rata |Δ| <= 4*n*2**-52*S + 2
ok    T4-stress 152 n=3 D/current/pro_rata 闭合 pct 展示值精确相同
ok    T4-stress 152 n=3 D/peak stock_raw 相同
ok    T4-stress 152 n=3 D/peak 闭合 pct 展示值精确相同
ok    T4-stress 152 n=3 D/peak 非 gap 来源逐条相同
ok    T4-stress 152 n=3 D/peak |Δ| <= 4*n*2**-52*S + 2
ok    T4-stress 152 n=3 D/peak 策略集合相同
ok    T4-stress 152 n=3 D/peak/fifo 非 gap 来源逐条相同
ok    T4-stress 152 n=3 D/peak/fifo |Δ| <= 4*n*2**-52*S + 2
ok    T4-stress 152 n=3 D/peak/fifo 闭合 pct 展示值精确相同
ok    T4-stress 152 n=3 D/peak/lifo 非 gap 来源逐条相同
ok    T4-stress 152 n=3 D/peak/lifo |Δ| <= 4*n*2**-52*S + 2
ok    T4-stress 152 n=3 D/peak/lifo 闭合 pct 展示值精确相同
ok    T4-stress 152 n=3 D/peak/pro_rata 非 gap 来源逐条相同
ok    T4-stress 152 n=3 D/peak/pro_rata |Δ| <= 4*n*2**-52*S + 2
ok    T4-stress 152 n=3 D/peak/pro_rata 闭合 pct 展示值精确相同
ok    T4-stress 153 n=3 实际模拟边数齐全
ok    T4-stress 153 n=3/current 两版本库存等于整数边表余额
ok    T4-stress 153 n=3/peak 两版本库存等于整数边表余额
ok    T4-stress 153 n=3 两版本供应量相同
ok    T4-stress 153 n=3/pro_rata 逐笔短缺入桶数量精确相同
ok    T4-stress 153 n=3/fifo 逐笔短缺入桶数量精确相同
ok    T4-stress 153 n=3/lifo 逐笔短缺入桶数量精确相同
ok    T4-stress 153 n=3 实体集合不变
ok    T4-stress 153 n=3 D/current stock_raw 相同
ok    T4-stress 153 n=3 D/current 闭合 pct 展示值精确相同
ok    T4-stress 153 n=3 D/current 非 gap 来源逐条相同
ok    T4-stress 153 n=3 D/current |Δ| <= 4*n*2**-52*S + 2
ok    T4-stress 153 n=3 D/current 策略集合相同
ok    T4-stress 153 n=3 D/current/fifo 非 gap 来源逐条相同
ok    T4-stress 153 n=3 D/current/fifo |Δ| <= 4*n*2**-52*S + 2
ok    T4-stress 153 n=3 D/current/fifo 闭合 pct 展示值精确相同
ok    T4-stress 153 n=3 D/current/lifo 非 gap 来源逐条相同
ok    T4-stress 153 n=3 D/current/lifo |Δ| <= 4*n*2**-52*S + 2
ok    T4-stress 153 n=3 D/current/lifo 闭合 pct 展示值精确相同
ok    T4-stress 153 n=3 D/current/pro_rata 非 gap 来源逐条相同
ok    T4-stress 153 n=3 D/current/pro_rata |Δ| <= 4*n*2**-52*S + 2
ok    T4-stress 153 n=3 D/current/pro_rata 闭合 pct 展示值精确相同
ok    T4-stress 153 n=3 D/peak stock_raw 相同
ok    T4-stress 153 n=3 D/peak 闭合 pct 展示值精确相同
ok    T4-stress 153 n=3 D/peak 非 gap 来源逐条相同
ok    T4-stress 153 n=3 D/peak |Δ| <= 4*n*2**-52*S + 2
ok    T4-stress 153 n=3 D/peak 策略集合相同
ok    T4-stress 153 n=3 D/peak/fifo 非 gap 来源逐条相同
ok    T4-stress 153 n=3 D/peak/fifo |Δ| <= 4*n*2**-52*S + 2
ok    T4-stress 153 n=3 D/peak/fifo 闭合 pct 展示值精确相同
ok    T4-stress 153 n=3 D/peak/lifo 非 gap 来源逐条相同
ok    T4-stress 153 n=3 D/peak/lifo |Δ| <= 4*n*2**-52*S + 2
ok    T4-stress 153 n=3 D/peak/lifo 闭合 pct 展示值精确相同
ok    T4-stress 153 n=3 D/peak/pro_rata 非 gap 来源逐条相同
ok    T4-stress 153 n=3 D/peak/pro_rata |Δ| <= 4*n*2**-52*S + 2
ok    T4-stress 153 n=3 D/peak/pro_rata 闭合 pct 展示值精确相同
ok    T4-stress 154 n=6 实际模拟边数齐全
ok    T4-stress 154 n=6/current 两版本库存等于整数边表余额
ok    T4-stress 154 n=6/peak 两版本库存等于整数边表余额
ok    T4-stress 154 n=6 两版本供应量相同
ok    T4-stress 154 n=6/pro_rata 逐笔短缺入桶数量精确相同
ok    T4-stress 154 n=6/fifo 逐笔短缺入桶数量精确相同
ok    T4-stress 154 n=6/lifo 逐笔短缺入桶数量精确相同
ok    T4-stress 154 n=6 实体集合不变
ok    T4-stress 154 n=6 D/current stock_raw 相同
ok    T4-stress 154 n=6 D/current 闭合 pct 展示值精确相同
ok    T4-stress 154 n=6 D/current 非 gap 来源逐条相同
ok    T4-stress 154 n=6 D/current |Δ| <= 4*n*2**-52*S + 2
ok    T4-stress 154 n=6 D/current 策略集合相同
ok    T4-stress 154 n=6 D/current/fifo 非 gap 来源逐条相同
ok    T4-stress 154 n=6 D/current/fifo |Δ| <= 4*n*2**-52*S + 2
ok    T4-stress 154 n=6 D/current/fifo 闭合 pct 展示值精确相同
ok    T4-stress 154 n=6 D/current/lifo 非 gap 来源逐条相同
ok    T4-stress 154 n=6 D/current/lifo |Δ| <= 4*n*2**-52*S + 2
ok    T4-stress 154 n=6 D/current/lifo 闭合 pct 展示值精确相同
ok    T4-stress 154 n=6 D/current/pro_rata 非 gap 来源逐条相同
ok    T4-stress 154 n=6 D/current/pro_rata |Δ| <= 4*n*2**-52*S + 2
ok    T4-stress 154 n=6 D/current/pro_rata 闭合 pct 展示值精确相同
ok    T4-stress 154 n=6 D/peak stock_raw 相同
ok    T4-stress 154 n=6 D/peak 闭合 pct 展示值精确相同
ok    T4-stress 154 n=6 D/peak 非 gap 来源逐条相同
ok    T4-stress 154 n=6 D/peak |Δ| <= 4*n*2**-52*S + 2
ok    T4-stress 154 n=6 D/peak 策略集合相同
ok    T4-stress 154 n=6 D/peak/fifo 非 gap 来源逐条相同
ok    T4-stress 154 n=6 D/peak/fifo |Δ| <= 4*n*2**-52*S + 2
ok    T4-stress 154 n=6 D/peak/fifo 闭合 pct 展示值精确相同
ok    T4-stress 154 n=6 D/peak/lifo 非 gap 来源逐条相同
ok    T4-stress 154 n=6 D/peak/lifo |Δ| <= 4*n*2**-52*S + 2
ok    T4-stress 154 n=6 D/peak/lifo 闭合 pct 展示值精确相同
ok    T4-stress 154 n=6 D/peak/pro_rata 非 gap 来源逐条相同
ok    T4-stress 154 n=6 D/peak/pro_rata |Δ| <= 4*n*2**-52*S + 2
ok    T4-stress 154 n=6 D/peak/pro_rata 闭合 pct 展示值精确相同
ok    T4-stress 155 n=7 实际模拟边数齐全
ok    T4-stress 155 n=7/current 两版本库存等于整数边表余额
ok    T4-stress 155 n=7/peak 两版本库存等于整数边表余额
ok    T4-stress 155 n=7 两版本供应量相同
ok    T4-stress 155 n=7/pro_rata 逐笔短缺入桶数量精确相同
ok    T4-stress 155 n=7/fifo 逐笔短缺入桶数量精确相同
ok    T4-stress 155 n=7/lifo 逐笔短缺入桶数量精确相同
ok    T4-stress 155 n=7 实体集合不变
ok    T4-stress 155 n=7 D/current stock_raw 相同
ok    T4-stress 155 n=7 D/current 闭合 pct 展示值精确相同
ok    T4-stress 155 n=7 D/current 非 gap 来源逐条相同
ok    T4-stress 155 n=7 D/current |Δ| <= 4*n*2**-52*S + 2
ok    T4-stress 155 n=7 D/current 策略集合相同
ok    T4-stress 155 n=7 D/current/fifo 非 gap 来源逐条相同
ok    T4-stress 155 n=7 D/current/fifo |Δ| <= 4*n*2**-52*S + 2
ok    T4-stress 155 n=7 D/current/fifo 闭合 pct 展示值精确相同
ok    T4-stress 155 n=7 D/current/lifo 非 gap 来源逐条相同
ok    T4-stress 155 n=7 D/current/lifo |Δ| <= 4*n*2**-52*S + 2
ok    T4-stress 155 n=7 D/current/lifo 闭合 pct 展示值精确相同
ok    T4-stress 155 n=7 D/current/pro_rata 非 gap 来源逐条相同
ok    T4-stress 155 n=7 D/current/pro_rata |Δ| <= 4*n*2**-52*S + 2
ok    T4-stress 155 n=7 D/current/pro_rata 闭合 pct 展示值精确相同
ok    T4-stress 155 n=7 D/peak stock_raw 相同
ok    T4-stress 155 n=7 D/peak 闭合 pct 展示值精确相同
ok    T4-stress 155 n=7 D/peak 非 gap 来源逐条相同
ok    T4-stress 155 n=7 D/peak |Δ| <= 4*n*2**-52*S + 2
ok    T4-stress 155 n=7 D/peak 策略集合相同
ok    T4-stress 155 n=7 D/peak/fifo 非 gap 来源逐条相同
ok    T4-stress 155 n=7 D/peak/fifo |Δ| <= 4*n*2**-52*S + 2
ok    T4-stress 155 n=7 D/peak/fifo 闭合 pct 展示值精确相同
ok    T4-stress 155 n=7 D/peak/lifo 非 gap 来源逐条相同
ok    T4-stress 155 n=7 D/peak/lifo |Δ| <= 4*n*2**-52*S + 2
ok    T4-stress 155 n=7 D/peak/lifo 闭合 pct 展示值精确相同
ok    T4-stress 155 n=7 D/peak/pro_rata 非 gap 来源逐条相同
ok    T4-stress 155 n=7 D/peak/pro_rata |Δ| <= 4*n*2**-52*S + 2
ok    T4-stress 155 n=7 D/peak/pro_rata 闭合 pct 展示值精确相同
ok    T4-stress 156 n=4 实际模拟边数齐全
ok    T4-stress 156 n=4/current 两版本库存等于整数边表余额
ok    T4-stress 156 n=4/peak 两版本库存等于整数边表余额
ok    T4-stress 156 n=4 两版本供应量相同
ok    T4-stress 156 n=4/pro_rata 逐笔短缺入桶数量精确相同
ok    T4-stress 156 n=4/fifo 逐笔短缺入桶数量精确相同
ok    T4-stress 156 n=4/lifo 逐笔短缺入桶数量精确相同
ok    T4-stress 156 n=4 实体集合不变
ok    T4-stress 156 n=4 D/current stock_raw 相同
ok    T4-stress 156 n=4 D/current 闭合 pct 展示值精确相同
ok    T4-stress 156 n=4 D/current 非 gap 来源逐条相同
ok    T4-stress 156 n=4 D/current |Δ| <= 4*n*2**-52*S + 2
ok    T4-stress 156 n=4 D/current 策略集合相同
ok    T4-stress 156 n=4 D/current/fifo 非 gap 来源逐条相同
ok    T4-stress 156 n=4 D/current/fifo |Δ| <= 4*n*2**-52*S + 2
ok    T4-stress 156 n=4 D/current/fifo 闭合 pct 展示值精确相同
ok    T4-stress 156 n=4 D/current/lifo 非 gap 来源逐条相同
ok    T4-stress 156 n=4 D/current/lifo |Δ| <= 4*n*2**-52*S + 2
ok    T4-stress 156 n=4 D/current/lifo 闭合 pct 展示值精确相同
ok    T4-stress 156 n=4 D/current/pro_rata 非 gap 来源逐条相同
ok    T4-stress 156 n=4 D/current/pro_rata |Δ| <= 4*n*2**-52*S + 2
ok    T4-stress 156 n=4 D/current/pro_rata 闭合 pct 展示值精确相同
ok    T4-stress 156 n=4 D/peak stock_raw 相同
ok    T4-stress 156 n=4 D/peak 闭合 pct 展示值精确相同
ok    T4-stress 156 n=4 D/peak 非 gap 来源逐条相同
ok    T4-stress 156 n=4 D/peak |Δ| <= 4*n*2**-52*S + 2
ok    T4-stress 156 n=4 D/peak 策略集合相同
ok    T4-stress 156 n=4 D/peak/fifo 非 gap 来源逐条相同
ok    T4-stress 156 n=4 D/peak/fifo |Δ| <= 4*n*2**-52*S + 2
ok    T4-stress 156 n=4 D/peak/fifo 闭合 pct 展示值精确相同
ok    T4-stress 156 n=4 D/peak/lifo 非 gap 来源逐条相同
ok    T4-stress 156 n=4 D/peak/lifo |Δ| <= 4*n*2**-52*S + 2
ok    T4-stress 156 n=4 D/peak/lifo 闭合 pct 展示值精确相同
ok    T4-stress 156 n=4 D/peak/pro_rata 非 gap 来源逐条相同
ok    T4-stress 156 n=4 D/peak/pro_rata |Δ| <= 4*n*2**-52*S + 2
ok    T4-stress 156 n=4 D/peak/pro_rata 闭合 pct 展示值精确相同
ok    T4-stress 157 n=4 实际模拟边数齐全
ok    T4-stress 157 n=4/current 两版本库存等于整数边表余额
ok    T4-stress 157 n=4/peak 两版本库存等于整数边表余额
ok    T4-stress 157 n=4 两版本供应量相同
ok    T4-stress 157 n=4/pro_rata 逐笔短缺入桶数量精确相同
ok    T4-stress 157 n=4/fifo 逐笔短缺入桶数量精确相同
ok    T4-stress 157 n=4/lifo 逐笔短缺入桶数量精确相同
ok    T4-stress 157 n=4 实体集合不变
ok    T4-stress 157 n=4 D/current stock_raw 相同
ok    T4-stress 157 n=4 D/current 闭合 pct 展示值精确相同
ok    T4-stress 157 n=4 D/current 非 gap 来源逐条相同
ok    T4-stress 157 n=4 D/current |Δ| <= 4*n*2**-52*S + 2
ok    T4-stress 157 n=4 D/current 策略集合相同
ok    T4-stress 157 n=4 D/current/fifo 非 gap 来源逐条相同
ok    T4-stress 157 n=4 D/current/fifo |Δ| <= 4*n*2**-52*S + 2
ok    T4-stress 157 n=4 D/current/fifo 闭合 pct 展示值精确相同
ok    T4-stress 157 n=4 D/current/lifo 非 gap 来源逐条相同
ok    T4-stress 157 n=4 D/current/lifo |Δ| <= 4*n*2**-52*S + 2
ok    T4-stress 157 n=4 D/current/lifo 闭合 pct 展示值精确相同
ok    T4-stress 157 n=4 D/current/pro_rata 非 gap 来源逐条相同
ok    T4-stress 157 n=4 D/current/pro_rata |Δ| <= 4*n*2**-52*S + 2
ok    T4-stress 157 n=4 D/current/pro_rata 闭合 pct 展示值精确相同
ok    T4-stress 157 n=4 D/peak stock_raw 相同
ok    T4-stress 157 n=4 D/peak 闭合 pct 展示值精确相同
ok    T4-stress 157 n=4 D/peak 非 gap 来源逐条相同
ok    T4-stress 157 n=4 D/peak |Δ| <= 4*n*2**-52*S + 2
ok    T4-stress 157 n=4 D/peak 策略集合相同
ok    T4-stress 157 n=4 D/peak/fifo 非 gap 来源逐条相同
ok    T4-stress 157 n=4 D/peak/fifo |Δ| <= 4*n*2**-52*S + 2
ok    T4-stress 157 n=4 D/peak/fifo 闭合 pct 展示值精确相同
ok    T4-stress 157 n=4 D/peak/lifo 非 gap 来源逐条相同
ok    T4-stress 157 n=4 D/peak/lifo |Δ| <= 4*n*2**-52*S + 2
ok    T4-stress 157 n=4 D/peak/lifo 闭合 pct 展示值精确相同
ok    T4-stress 157 n=4 D/peak/pro_rata 非 gap 来源逐条相同
ok    T4-stress 157 n=4 D/peak/pro_rata |Δ| <= 4*n*2**-52*S + 2
ok    T4-stress 157 n=4 D/peak/pro_rata 闭合 pct 展示值精确相同
ok    T4-stress 158 n=3 实际模拟边数齐全
ok    T4-stress 158 n=3/current 两版本库存等于整数边表余额
ok    T4-stress 158 n=3/peak 两版本库存等于整数边表余额
ok    T4-stress 158 n=3 两版本供应量相同
ok    T4-stress 158 n=3/pro_rata 逐笔短缺入桶数量精确相同
ok    T4-stress 158 n=3/fifo 逐笔短缺入桶数量精确相同
ok    T4-stress 158 n=3/lifo 逐笔短缺入桶数量精确相同
ok    T4-stress 158 n=3 实体集合不变
ok    T4-stress 158 n=3 D/current stock_raw 相同
ok    T4-stress 158 n=3 D/current 闭合 pct 展示值精确相同
ok    T4-stress 158 n=3 D/current 非 gap 来源逐条相同
ok    T4-stress 158 n=3 D/current |Δ| <= 4*n*2**-52*S + 2
ok    T4-stress 158 n=3 D/current 策略集合相同
ok    T4-stress 158 n=3 D/current/fifo 非 gap 来源逐条相同
ok    T4-stress 158 n=3 D/current/fifo |Δ| <= 4*n*2**-52*S + 2
ok    T4-stress 158 n=3 D/current/fifo 闭合 pct 展示值精确相同
ok    T4-stress 158 n=3 D/current/lifo 非 gap 来源逐条相同
ok    T4-stress 158 n=3 D/current/lifo |Δ| <= 4*n*2**-52*S + 2
ok    T4-stress 158 n=3 D/current/lifo 闭合 pct 展示值精确相同
ok    T4-stress 158 n=3 D/current/pro_rata 非 gap 来源逐条相同
ok    T4-stress 158 n=3 D/current/pro_rata |Δ| <= 4*n*2**-52*S + 2
ok    T4-stress 158 n=3 D/current/pro_rata 闭合 pct 展示值精确相同
ok    T4-stress 158 n=3 D/peak stock_raw 相同
ok    T4-stress 158 n=3 D/peak 闭合 pct 展示值精确相同
ok    T4-stress 158 n=3 D/peak 非 gap 来源逐条相同
ok    T4-stress 158 n=3 D/peak |Δ| <= 4*n*2**-52*S + 2
ok    T4-stress 158 n=3 D/peak 策略集合相同
ok    T4-stress 158 n=3 D/peak/fifo 非 gap 来源逐条相同
ok    T4-stress 158 n=3 D/peak/fifo |Δ| <= 4*n*2**-52*S + 2
ok    T4-stress 158 n=3 D/peak/fifo 闭合 pct 展示值精确相同
ok    T4-stress 158 n=3 D/peak/lifo 非 gap 来源逐条相同
ok    T4-stress 158 n=3 D/peak/lifo |Δ| <= 4*n*2**-52*S + 2
ok    T4-stress 158 n=3 D/peak/lifo 闭合 pct 展示值精确相同
ok    T4-stress 158 n=3 D/peak/pro_rata 非 gap 来源逐条相同
ok    T4-stress 158 n=3 D/peak/pro_rata |Δ| <= 4*n*2**-52*S + 2
ok    T4-stress 158 n=3 D/peak/pro_rata 闭合 pct 展示值精确相同
ok    T4-stress 159 n=4 实际模拟边数齐全
ok    T4-stress 159 n=4/current 两版本库存等于整数边表余额
ok    T4-stress 159 n=4/peak 两版本库存等于整数边表余额
ok    T4-stress 159 n=4 两版本供应量相同
ok    T4-stress 159 n=4/pro_rata 逐笔短缺入桶数量精确相同
ok    T4-stress 159 n=4/fifo 逐笔短缺入桶数量精确相同
ok    T4-stress 159 n=4/lifo 逐笔短缺入桶数量精确相同
ok    T4-stress 159 n=4 实体集合不变
ok    T4-stress 159 n=4 D/current stock_raw 相同
ok    T4-stress 159 n=4 D/current 闭合 pct 展示值精确相同
ok    T4-stress 159 n=4 D/current 非 gap 来源逐条相同
ok    T4-stress 159 n=4 D/current |Δ| <= 4*n*2**-52*S + 2
ok    T4-stress 159 n=4 D/current 策略集合相同
ok    T4-stress 159 n=4 D/current/fifo 非 gap 来源逐条相同
ok    T4-stress 159 n=4 D/current/fifo |Δ| <= 4*n*2**-52*S + 2
ok    T4-stress 159 n=4 D/current/fifo 闭合 pct 展示值精确相同
ok    T4-stress 159 n=4 D/current/lifo 非 gap 来源逐条相同
ok    T4-stress 159 n=4 D/current/lifo |Δ| <= 4*n*2**-52*S + 2
ok    T4-stress 159 n=4 D/current/lifo 闭合 pct 展示值精确相同
ok    T4-stress 159 n=4 D/current/pro_rata 非 gap 来源逐条相同
ok    T4-stress 159 n=4 D/current/pro_rata |Δ| <= 4*n*2**-52*S + 2
ok    T4-stress 159 n=4 D/current/pro_rata 闭合 pct 展示值精确相同
ok    T4-stress 159 n=4 D/peak stock_raw 相同
ok    T4-stress 159 n=4 D/peak 闭合 pct 展示值精确相同
ok    T4-stress 159 n=4 D/peak 非 gap 来源逐条相同
ok    T4-stress 159 n=4 D/peak |Δ| <= 4*n*2**-52*S + 2
ok    T4-stress 159 n=4 D/peak 策略集合相同
ok    T4-stress 159 n=4 D/peak/fifo 非 gap 来源逐条相同
ok    T4-stress 159 n=4 D/peak/fifo |Δ| <= 4*n*2**-52*S + 2
ok    T4-stress 159 n=4 D/peak/fifo 闭合 pct 展示值精确相同
ok    T4-stress 159 n=4 D/peak/lifo 非 gap 来源逐条相同
ok    T4-stress 159 n=4 D/peak/lifo |Δ| <= 4*n*2**-52*S + 2
ok    T4-stress 159 n=4 D/peak/lifo 闭合 pct 展示值精确相同
ok    T4-stress 159 n=4 D/peak/pro_rata 非 gap 来源逐条相同
ok    T4-stress 159 n=4 D/peak/pro_rata |Δ| <= 4*n*2**-52*S + 2
ok    T4-stress 159 n=4 D/peak/pro_rata 闭合 pct 展示值精确相同
ok    T4-stress 160 n=8 实际模拟边数齐全
ok    T4-stress 160 n=8/current 两版本库存等于整数边表余额
ok    T4-stress 160 n=8/peak 两版本库存等于整数边表余额
ok    T4-stress 160 n=8 两版本供应量相同
ok    T4-stress 160 n=8/pro_rata 逐笔短缺入桶数量精确相同
ok    T4-stress 160 n=8/fifo 逐笔短缺入桶数量精确相同
ok    T4-stress 160 n=8/lifo 逐笔短缺入桶数量精确相同
ok    T4-stress 160 n=8 实体集合不变
ok    T4-stress 160 n=8 D/current stock_raw 相同
ok    T4-stress 160 n=8 D/current 闭合 pct 展示值精确相同
ok    T4-stress 160 n=8 D/current 非 gap 来源逐条相同
ok    T4-stress 160 n=8 D/current |Δ| <= 4*n*2**-52*S + 2
ok    T4-stress 160 n=8 D/current 策略集合相同
ok    T4-stress 160 n=8 D/current/fifo 非 gap 来源逐条相同
ok    T4-stress 160 n=8 D/current/fifo |Δ| <= 4*n*2**-52*S + 2
ok    T4-stress 160 n=8 D/current/fifo 闭合 pct 展示值精确相同
ok    T4-stress 160 n=8 D/current/lifo 非 gap 来源逐条相同
ok    T4-stress 160 n=8 D/current/lifo |Δ| <= 4*n*2**-52*S + 2
ok    T4-stress 160 n=8 D/current/lifo 闭合 pct 展示值精确相同
ok    T4-stress 160 n=8 D/current/pro_rata 非 gap 来源逐条相同
ok    T4-stress 160 n=8 D/current/pro_rata |Δ| <= 4*n*2**-52*S + 2
ok    T4-stress 160 n=8 D/current/pro_rata 闭合 pct 展示值精确相同
ok    T4-stress 160 n=8 D/peak stock_raw 相同
ok    T4-stress 160 n=8 D/peak 闭合 pct 展示值精确相同
ok    T4-stress 160 n=8 D/peak 非 gap 来源逐条相同
ok    T4-stress 160 n=8 D/peak |Δ| <= 4*n*2**-52*S + 2
ok    T4-stress 160 n=8 D/peak 策略集合相同
ok    T4-stress 160 n=8 D/peak/fifo 非 gap 来源逐条相同
ok    T4-stress 160 n=8 D/peak/fifo |Δ| <= 4*n*2**-52*S + 2
ok    T4-stress 160 n=8 D/peak/fifo 闭合 pct 展示值精确相同
ok    T4-stress 160 n=8 D/peak/lifo 非 gap 来源逐条相同
ok    T4-stress 160 n=8 D/peak/lifo |Δ| <= 4*n*2**-52*S + 2
ok    T4-stress 160 n=8 D/peak/lifo 闭合 pct 展示值精确相同
ok    T4-stress 160 n=8 D/peak/pro_rata 非 gap 来源逐条相同
ok    T4-stress 160 n=8 D/peak/pro_rata |Δ| <= 4*n*2**-52*S + 2
ok    T4-stress 160 n=8 D/peak/pro_rata 闭合 pct 展示值精确相同
ok    T4-stress 161 n=5 实际模拟边数齐全
ok    T4-stress 161 n=5/current 两版本库存等于整数边表余额
ok    T4-stress 161 n=5/peak 两版本库存等于整数边表余额
ok    T4-stress 161 n=5 两版本供应量相同
ok    T4-stress 161 n=5/pro_rata 逐笔短缺入桶数量精确相同
ok    T4-stress 161 n=5/fifo 逐笔短缺入桶数量精确相同
ok    T4-stress 161 n=5/lifo 逐笔短缺入桶数量精确相同
ok    T4-stress 161 n=5 实体集合不变
ok    T4-stress 161 n=5 D/current stock_raw 相同
ok    T4-stress 161 n=5 D/current 闭合 pct 展示值精确相同
ok    T4-stress 161 n=5 D/current 非 gap 来源逐条相同
ok    T4-stress 161 n=5 D/current |Δ| <= 4*n*2**-52*S + 2
ok    T4-stress 161 n=5 D/current 策略集合相同
ok    T4-stress 161 n=5 D/current/fifo 非 gap 来源逐条相同
ok    T4-stress 161 n=5 D/current/fifo |Δ| <= 4*n*2**-52*S + 2
ok    T4-stress 161 n=5 D/current/fifo 闭合 pct 展示值精确相同
ok    T4-stress 161 n=5 D/current/lifo 非 gap 来源逐条相同
ok    T4-stress 161 n=5 D/current/lifo |Δ| <= 4*n*2**-52*S + 2
ok    T4-stress 161 n=5 D/current/lifo 闭合 pct 展示值精确相同
ok    T4-stress 161 n=5 D/current/pro_rata 非 gap 来源逐条相同
ok    T4-stress 161 n=5 D/current/pro_rata |Δ| <= 4*n*2**-52*S + 2
ok    T4-stress 161 n=5 D/current/pro_rata 闭合 pct 展示值精确相同
ok    T4-stress 161 n=5 D/peak stock_raw 相同
ok    T4-stress 161 n=5 D/peak 闭合 pct 展示值精确相同
ok    T4-stress 161 n=5 D/peak 非 gap 来源逐条相同
ok    T4-stress 161 n=5 D/peak |Δ| <= 4*n*2**-52*S + 2
ok    T4-stress 161 n=5 D/peak 策略集合相同
ok    T4-stress 161 n=5 D/peak/fifo 非 gap 来源逐条相同
ok    T4-stress 161 n=5 D/peak/fifo |Δ| <= 4*n*2**-52*S + 2
ok    T4-stress 161 n=5 D/peak/fifo 闭合 pct 展示值精确相同
ok    T4-stress 161 n=5 D/peak/lifo 非 gap 来源逐条相同
ok    T4-stress 161 n=5 D/peak/lifo |Δ| <= 4*n*2**-52*S + 2
ok    T4-stress 161 n=5 D/peak/lifo 闭合 pct 展示值精确相同
ok    T4-stress 161 n=5 D/peak/pro_rata 非 gap 来源逐条相同
ok    T4-stress 161 n=5 D/peak/pro_rata |Δ| <= 4*n*2**-52*S + 2
ok    T4-stress 161 n=5 D/peak/pro_rata 闭合 pct 展示值精确相同
ok    T4-stress 162 n=3 实际模拟边数齐全
ok    T4-stress 162 n=3/current 两版本库存等于整数边表余额
ok    T4-stress 162 n=3/peak 两版本库存等于整数边表余额
ok    T4-stress 162 n=3 两版本供应量相同
ok    T4-stress 162 n=3/pro_rata 逐笔短缺入桶数量精确相同
ok    T4-stress 162 n=3/fifo 逐笔短缺入桶数量精确相同
ok    T4-stress 162 n=3/lifo 逐笔短缺入桶数量精确相同
ok    T4-stress 162 n=3 实体集合不变
ok    T4-stress 162 n=3 D/current stock_raw 相同
ok    T4-stress 162 n=3 D/current 闭合 pct 展示值精确相同
ok    T4-stress 162 n=3 D/current 非 gap 来源逐条相同
ok    T4-stress 162 n=3 D/current |Δ| <= 4*n*2**-52*S + 2
ok    T4-stress 162 n=3 D/current 策略集合相同
ok    T4-stress 162 n=3 D/current/fifo 非 gap 来源逐条相同
ok    T4-stress 162 n=3 D/current/fifo |Δ| <= 4*n*2**-52*S + 2
ok    T4-stress 162 n=3 D/current/fifo 闭合 pct 展示值精确相同
ok    T4-stress 162 n=3 D/current/lifo 非 gap 来源逐条相同
ok    T4-stress 162 n=3 D/current/lifo |Δ| <= 4*n*2**-52*S + 2
ok    T4-stress 162 n=3 D/current/lifo 闭合 pct 展示值精确相同
ok    T4-stress 162 n=3 D/current/pro_rata 非 gap 来源逐条相同
ok    T4-stress 162 n=3 D/current/pro_rata |Δ| <= 4*n*2**-52*S + 2
ok    T4-stress 162 n=3 D/current/pro_rata 闭合 pct 展示值精确相同
ok    T4-stress 162 n=3 D/peak stock_raw 相同
ok    T4-stress 162 n=3 D/peak 闭合 pct 展示值精确相同
ok    T4-stress 162 n=3 D/peak 非 gap 来源逐条相同
ok    T4-stress 162 n=3 D/peak |Δ| <= 4*n*2**-52*S + 2
ok    T4-stress 162 n=3 D/peak 策略集合相同
ok    T4-stress 162 n=3 D/peak/fifo 非 gap 来源逐条相同
ok    T4-stress 162 n=3 D/peak/fifo |Δ| <= 4*n*2**-52*S + 2
ok    T4-stress 162 n=3 D/peak/fifo 闭合 pct 展示值精确相同
ok    T4-stress 162 n=3 D/peak/lifo 非 gap 来源逐条相同
ok    T4-stress 162 n=3 D/peak/lifo |Δ| <= 4*n*2**-52*S + 2
ok    T4-stress 162 n=3 D/peak/lifo 闭合 pct 展示值精确相同
ok    T4-stress 162 n=3 D/peak/pro_rata 非 gap 来源逐条相同
ok    T4-stress 162 n=3 D/peak/pro_rata |Δ| <= 4*n*2**-52*S + 2
ok    T4-stress 162 n=3 D/peak/pro_rata 闭合 pct 展示值精确相同
ok    T4-stress 163 n=5 实际模拟边数齐全
ok    T4-stress 163 n=5/current 两版本库存等于整数边表余额
ok    T4-stress 163 n=5/peak 两版本库存等于整数边表余额
ok    T4-stress 163 n=5 两版本供应量相同
ok    T4-stress 163 n=5/pro_rata 逐笔短缺入桶数量精确相同
ok    T4-stress 163 n=5/fifo 逐笔短缺入桶数量精确相同
ok    T4-stress 163 n=5/lifo 逐笔短缺入桶数量精确相同
ok    T4-stress 163 n=5 实体集合不变
ok    T4-stress 163 n=5 D/current stock_raw 相同
ok    T4-stress 163 n=5 D/current 闭合 pct 展示值精确相同
ok    T4-stress 163 n=5 D/current 非 gap 来源逐条相同
ok    T4-stress 163 n=5 D/current |Δ| <= 4*n*2**-52*S + 2
ok    T4-stress 163 n=5 D/current 策略集合相同
ok    T4-stress 163 n=5 D/current/fifo 非 gap 来源逐条相同
ok    T4-stress 163 n=5 D/current/fifo |Δ| <= 4*n*2**-52*S + 2
ok    T4-stress 163 n=5 D/current/fifo 闭合 pct 展示值精确相同
ok    T4-stress 163 n=5 D/current/lifo 非 gap 来源逐条相同
ok    T4-stress 163 n=5 D/current/lifo |Δ| <= 4*n*2**-52*S + 2
ok    T4-stress 163 n=5 D/current/lifo 闭合 pct 展示值精确相同
ok    T4-stress 163 n=5 D/current/pro_rata 非 gap 来源逐条相同
ok    T4-stress 163 n=5 D/current/pro_rata |Δ| <= 4*n*2**-52*S + 2
ok    T4-stress 163 n=5 D/current/pro_rata 闭合 pct 展示值精确相同
ok    T4-stress 163 n=5 D/peak stock_raw 相同
ok    T4-stress 163 n=5 D/peak 闭合 pct 展示值精确相同
ok    T4-stress 163 n=5 D/peak 非 gap 来源逐条相同
ok    T4-stress 163 n=5 D/peak |Δ| <= 4*n*2**-52*S + 2
ok    T4-stress 163 n=5 D/peak 策略集合相同
ok    T4-stress 163 n=5 D/peak/fifo 非 gap 来源逐条相同
ok    T4-stress 163 n=5 D/peak/fifo |Δ| <= 4*n*2**-52*S + 2
ok    T4-stress 163 n=5 D/peak/fifo 闭合 pct 展示值精确相同
ok    T4-stress 163 n=5 D/peak/lifo 非 gap 来源逐条相同
ok    T4-stress 163 n=5 D/peak/lifo |Δ| <= 4*n*2**-52*S + 2
ok    T4-stress 163 n=5 D/peak/lifo 闭合 pct 展示值精确相同
ok    T4-stress 163 n=5 D/peak/pro_rata 非 gap 来源逐条相同
ok    T4-stress 163 n=5 D/peak/pro_rata |Δ| <= 4*n*2**-52*S + 2
ok    T4-stress 163 n=5 D/peak/pro_rata 闭合 pct 展示值精确相同
ok    T4-stress 164 n=4 实际模拟边数齐全
ok    T4-stress 164 n=4/current 两版本库存等于整数边表余额
ok    T4-stress 164 n=4/peak 两版本库存等于整数边表余额
ok    T4-stress 164 n=4 两版本供应量相同
ok    T4-stress 164 n=4/pro_rata 逐笔短缺入桶数量精确相同
ok    T4-stress 164 n=4/fifo 逐笔短缺入桶数量精确相同
ok    T4-stress 164 n=4/lifo 逐笔短缺入桶数量精确相同
ok    T4-stress 164 n=4 实体集合不变
ok    T4-stress 164 n=4 D/current stock_raw 相同
ok    T4-stress 164 n=4 D/current 闭合 pct 展示值精确相同
ok    T4-stress 164 n=4 D/current 非 gap 来源逐条相同
ok    T4-stress 164 n=4 D/current |Δ| <= 4*n*2**-52*S + 2
ok    T4-stress 164 n=4 D/current 策略集合相同
ok    T4-stress 164 n=4 D/current/fifo 非 gap 来源逐条相同
ok    T4-stress 164 n=4 D/current/fifo |Δ| <= 4*n*2**-52*S + 2
ok    T4-stress 164 n=4 D/current/fifo 闭合 pct 展示值精确相同
ok    T4-stress 164 n=4 D/current/lifo 非 gap 来源逐条相同
ok    T4-stress 164 n=4 D/current/lifo |Δ| <= 4*n*2**-52*S + 2
ok    T4-stress 164 n=4 D/current/lifo 闭合 pct 展示值精确相同
ok    T4-stress 164 n=4 D/current/pro_rata 非 gap 来源逐条相同
ok    T4-stress 164 n=4 D/current/pro_rata |Δ| <= 4*n*2**-52*S + 2
ok    T4-stress 164 n=4 D/current/pro_rata 闭合 pct 展示值精确相同
ok    T4-stress 164 n=4 D/peak stock_raw 相同
ok    T4-stress 164 n=4 D/peak 闭合 pct 展示值精确相同
ok    T4-stress 164 n=4 D/peak 非 gap 来源逐条相同
ok    T4-stress 164 n=4 D/peak |Δ| <= 4*n*2**-52*S + 2
ok    T4-stress 164 n=4 D/peak 策略集合相同
ok    T4-stress 164 n=4 D/peak/fifo 非 gap 来源逐条相同
ok    T4-stress 164 n=4 D/peak/fifo |Δ| <= 4*n*2**-52*S + 2
ok    T4-stress 164 n=4 D/peak/fifo 闭合 pct 展示值精确相同
ok    T4-stress 164 n=4 D/peak/lifo 非 gap 来源逐条相同
ok    T4-stress 164 n=4 D/peak/lifo |Δ| <= 4*n*2**-52*S + 2
ok    T4-stress 164 n=4 D/peak/lifo 闭合 pct 展示值精确相同
ok    T4-stress 164 n=4 D/peak/pro_rata 非 gap 来源逐条相同
ok    T4-stress 164 n=4 D/peak/pro_rata |Δ| <= 4*n*2**-52*S + 2
ok    T4-stress 164 n=4 D/peak/pro_rata 闭合 pct 展示值精确相同
ok    T4-stress 165 n=4 实际模拟边数齐全
ok    T4-stress 165 n=4/current 两版本库存等于整数边表余额
ok    T4-stress 165 n=4/peak 两版本库存等于整数边表余额
ok    T4-stress 165 n=4 两版本供应量相同
ok    T4-stress 165 n=4/pro_rata 逐笔短缺入桶数量精确相同
ok    T4-stress 165 n=4/fifo 逐笔短缺入桶数量精确相同
ok    T4-stress 165 n=4/lifo 逐笔短缺入桶数量精确相同
ok    T4-stress 165 n=4 实体集合不变
ok    T4-stress 165 n=4 D/current stock_raw 相同
ok    T4-stress 165 n=4 D/current 闭合 pct 展示值精确相同
ok    T4-stress 165 n=4 D/current 非 gap 来源逐条相同
ok    T4-stress 165 n=4 D/current |Δ| <= 4*n*2**-52*S + 2
ok    T4-stress 165 n=4 D/current 策略集合相同
ok    T4-stress 165 n=4 D/current/fifo 非 gap 来源逐条相同
ok    T4-stress 165 n=4 D/current/fifo |Δ| <= 4*n*2**-52*S + 2
ok    T4-stress 165 n=4 D/current/fifo 闭合 pct 展示值精确相同
ok    T4-stress 165 n=4 D/current/lifo 非 gap 来源逐条相同
ok    T4-stress 165 n=4 D/current/lifo |Δ| <= 4*n*2**-52*S + 2
ok    T4-stress 165 n=4 D/current/lifo 闭合 pct 展示值精确相同
ok    T4-stress 165 n=4 D/current/pro_rata 非 gap 来源逐条相同
ok    T4-stress 165 n=4 D/current/pro_rata |Δ| <= 4*n*2**-52*S + 2
ok    T4-stress 165 n=4 D/current/pro_rata 闭合 pct 展示值精确相同
ok    T4-stress 165 n=4 D/peak stock_raw 相同
ok    T4-stress 165 n=4 D/peak 闭合 pct 展示值精确相同
ok    T4-stress 165 n=4 D/peak 非 gap 来源逐条相同
ok    T4-stress 165 n=4 D/peak |Δ| <= 4*n*2**-52*S + 2
ok    T4-stress 165 n=4 D/peak 策略集合相同
ok    T4-stress 165 n=4 D/peak/fifo 非 gap 来源逐条相同
ok    T4-stress 165 n=4 D/peak/fifo |Δ| <= 4*n*2**-52*S + 2
ok    T4-stress 165 n=4 D/peak/fifo 闭合 pct 展示值精确相同
ok    T4-stress 165 n=4 D/peak/lifo 非 gap 来源逐条相同
ok    T4-stress 165 n=4 D/peak/lifo |Δ| <= 4*n*2**-52*S + 2
ok    T4-stress 165 n=4 D/peak/lifo 闭合 pct 展示值精确相同
ok    T4-stress 165 n=4 D/peak/pro_rata 非 gap 来源逐条相同
ok    T4-stress 165 n=4 D/peak/pro_rata |Δ| <= 4*n*2**-52*S + 2
ok    T4-stress 165 n=4 D/peak/pro_rata 闭合 pct 展示值精确相同
ok    T4-stress 166 n=6 实际模拟边数齐全
ok    T4-stress 166 n=6/current 两版本库存等于整数边表余额
ok    T4-stress 166 n=6/peak 两版本库存等于整数边表余额
ok    T4-stress 166 n=6 两版本供应量相同
ok    T4-stress 166 n=6/pro_rata 逐笔短缺入桶数量精确相同
ok    T4-stress 166 n=6/fifo 逐笔短缺入桶数量精确相同
ok    T4-stress 166 n=6/lifo 逐笔短缺入桶数量精确相同
ok    T4-stress 166 n=6 实体集合不变
ok    T4-stress 166 n=6 D/current stock_raw 相同
ok    T4-stress 166 n=6 D/current 闭合 pct 展示值精确相同
ok    T4-stress 166 n=6 D/current 非 gap 来源逐条相同
ok    T4-stress 166 n=6 D/current |Δ| <= 4*n*2**-52*S + 2
ok    T4-stress 166 n=6 D/current 策略集合相同
ok    T4-stress 166 n=6 D/current/fifo 非 gap 来源逐条相同
ok    T4-stress 166 n=6 D/current/fifo |Δ| <= 4*n*2**-52*S + 2
ok    T4-stress 166 n=6 D/current/fifo 闭合 pct 展示值精确相同
ok    T4-stress 166 n=6 D/current/lifo 非 gap 来源逐条相同
ok    T4-stress 166 n=6 D/current/lifo |Δ| <= 4*n*2**-52*S + 2
ok    T4-stress 166 n=6 D/current/lifo 闭合 pct 展示值精确相同
ok    T4-stress 166 n=6 D/current/pro_rata 非 gap 来源逐条相同
ok    T4-stress 166 n=6 D/current/pro_rata |Δ| <= 4*n*2**-52*S + 2
ok    T4-stress 166 n=6 D/current/pro_rata 闭合 pct 展示值精确相同
ok    T4-stress 166 n=6 D/peak stock_raw 相同
ok    T4-stress 166 n=6 D/peak 闭合 pct 展示值精确相同
ok    T4-stress 166 n=6 D/peak 非 gap 来源逐条相同
ok    T4-stress 166 n=6 D/peak |Δ| <= 4*n*2**-52*S + 2
ok    T4-stress 166 n=6 D/peak 策略集合相同
ok    T4-stress 166 n=6 D/peak/fifo 非 gap 来源逐条相同
ok    T4-stress 166 n=6 D/peak/fifo |Δ| <= 4*n*2**-52*S + 2
ok    T4-stress 166 n=6 D/peak/fifo 闭合 pct 展示值精确相同
ok    T4-stress 166 n=6 D/peak/lifo 非 gap 来源逐条相同
ok    T4-stress 166 n=6 D/peak/lifo |Δ| <= 4*n*2**-52*S + 2
ok    T4-stress 166 n=6 D/peak/lifo 闭合 pct 展示值精确相同
ok    T4-stress 166 n=6 D/peak/pro_rata 非 gap 来源逐条相同
ok    T4-stress 166 n=6 D/peak/pro_rata |Δ| <= 4*n*2**-52*S + 2
ok    T4-stress 166 n=6 D/peak/pro_rata 闭合 pct 展示值精确相同
ok    T4-stress 167 n=7 实际模拟边数齐全
ok    T4-stress 167 n=7/current 两版本库存等于整数边表余额
ok    T4-stress 167 n=7/peak 两版本库存等于整数边表余额
ok    T4-stress 167 n=7 两版本供应量相同
ok    T4-stress 167 n=7/pro_rata 逐笔短缺入桶数量精确相同
ok    T4-stress 167 n=7/fifo 逐笔短缺入桶数量精确相同
ok    T4-stress 167 n=7/lifo 逐笔短缺入桶数量精确相同
ok    T4-stress 167 n=7 实体集合不变
ok    T4-stress 167 n=7 D/current stock_raw 相同
ok    T4-stress 167 n=7 D/current 闭合 pct 展示值精确相同
ok    T4-stress 167 n=7 D/current 非 gap 来源逐条相同
ok    T4-stress 167 n=7 D/current |Δ| <= 4*n*2**-52*S + 2
ok    T4-stress 167 n=7 D/current 策略集合相同
ok    T4-stress 167 n=7 D/current/fifo 非 gap 来源逐条相同
ok    T4-stress 167 n=7 D/current/fifo |Δ| <= 4*n*2**-52*S + 2
ok    T4-stress 167 n=7 D/current/fifo 闭合 pct 展示值精确相同
ok    T4-stress 167 n=7 D/current/lifo 非 gap 来源逐条相同
ok    T4-stress 167 n=7 D/current/lifo |Δ| <= 4*n*2**-52*S + 2
ok    T4-stress 167 n=7 D/current/lifo 闭合 pct 展示值精确相同
ok    T4-stress 167 n=7 D/current/pro_rata 非 gap 来源逐条相同
ok    T4-stress 167 n=7 D/current/pro_rata |Δ| <= 4*n*2**-52*S + 2
ok    T4-stress 167 n=7 D/current/pro_rata 闭合 pct 展示值精确相同
ok    T4-stress 167 n=7 D/peak stock_raw 相同
ok    T4-stress 167 n=7 D/peak 闭合 pct 展示值精确相同
ok    T4-stress 167 n=7 D/peak 非 gap 来源逐条相同
ok    T4-stress 167 n=7 D/peak |Δ| <= 4*n*2**-52*S + 2
ok    T4-stress 167 n=7 D/peak 策略集合相同
ok    T4-stress 167 n=7 D/peak/fifo 非 gap 来源逐条相同
ok    T4-stress 167 n=7 D/peak/fifo |Δ| <= 4*n*2**-52*S + 2
ok    T4-stress 167 n=7 D/peak/fifo 闭合 pct 展示值精确相同
ok    T4-stress 167 n=7 D/peak/lifo 非 gap 来源逐条相同
ok    T4-stress 167 n=7 D/peak/lifo |Δ| <= 4*n*2**-52*S + 2
ok    T4-stress 167 n=7 D/peak/lifo 闭合 pct 展示值精确相同
ok    T4-stress 167 n=7 D/peak/pro_rata 非 gap 来源逐条相同
ok    T4-stress 167 n=7 D/peak/pro_rata |Δ| <= 4*n*2**-52*S + 2
ok    T4-stress 167 n=7 D/peak/pro_rata 闭合 pct 展示值精确相同
ok    T4-stress 168 n=6 实际模拟边数齐全
ok    T4-stress 168 n=6/current 两版本库存等于整数边表余额
ok    T4-stress 168 n=6/peak 两版本库存等于整数边表余额
ok    T4-stress 168 n=6 两版本供应量相同
ok    T4-stress 168 n=6/pro_rata 逐笔短缺入桶数量精确相同
ok    T4-stress 168 n=6/fifo 逐笔短缺入桶数量精确相同
ok    T4-stress 168 n=6/lifo 逐笔短缺入桶数量精确相同
ok    T4-stress 168 n=6 实体集合不变
ok    T4-stress 168 n=6 D/current stock_raw 相同
ok    T4-stress 168 n=6 D/current 闭合 pct 展示值精确相同
ok    T4-stress 168 n=6 D/current 非 gap 来源逐条相同
ok    T4-stress 168 n=6 D/current |Δ| <= 4*n*2**-52*S + 2
ok    T4-stress 168 n=6 D/current 策略集合相同
ok    T4-stress 168 n=6 D/current/fifo 非 gap 来源逐条相同
ok    T4-stress 168 n=6 D/current/fifo |Δ| <= 4*n*2**-52*S + 2
ok    T4-stress 168 n=6 D/current/fifo 闭合 pct 展示值精确相同
ok    T4-stress 168 n=6 D/current/lifo 非 gap 来源逐条相同
ok    T4-stress 168 n=6 D/current/lifo |Δ| <= 4*n*2**-52*S + 2
ok    T4-stress 168 n=6 D/current/lifo 闭合 pct 展示值精确相同
ok    T4-stress 168 n=6 D/current/pro_rata 非 gap 来源逐条相同
ok    T4-stress 168 n=6 D/current/pro_rata |Δ| <= 4*n*2**-52*S + 2
ok    T4-stress 168 n=6 D/current/pro_rata 闭合 pct 展示值精确相同
ok    T4-stress 168 n=6 D/peak stock_raw 相同
ok    T4-stress 168 n=6 D/peak 闭合 pct 展示值精确相同
ok    T4-stress 168 n=6 D/peak 非 gap 来源逐条相同
ok    T4-stress 168 n=6 D/peak |Δ| <= 4*n*2**-52*S + 2
ok    T4-stress 168 n=6 D/peak 策略集合相同
ok    T4-stress 168 n=6 D/peak/fifo 非 gap 来源逐条相同
ok    T4-stress 168 n=6 D/peak/fifo |Δ| <= 4*n*2**-52*S + 2
ok    T4-stress 168 n=6 D/peak/fifo 闭合 pct 展示值精确相同
ok    T4-stress 168 n=6 D/peak/lifo 非 gap 来源逐条相同
ok    T4-stress 168 n=6 D/peak/lifo |Δ| <= 4*n*2**-52*S + 2
ok    T4-stress 168 n=6 D/peak/lifo 闭合 pct 展示值精确相同
ok    T4-stress 168 n=6 D/peak/pro_rata 非 gap 来源逐条相同
ok    T4-stress 168 n=6 D/peak/pro_rata |Δ| <= 4*n*2**-52*S + 2
ok    T4-stress 168 n=6 D/peak/pro_rata 闭合 pct 展示值精确相同
ok    T4-stress 169 n=6 实际模拟边数齐全
ok    T4-stress 169 n=6/current 两版本库存等于整数边表余额
ok    T4-stress 169 n=6/peak 两版本库存等于整数边表余额
ok    T4-stress 169 n=6 两版本供应量相同
ok    T4-stress 169 n=6/pro_rata 逐笔短缺入桶数量精确相同
ok    T4-stress 169 n=6/fifo 逐笔短缺入桶数量精确相同
ok    T4-stress 169 n=6/lifo 逐笔短缺入桶数量精确相同
ok    T4-stress 169 n=6 实体集合不变
ok    T4-stress 169 n=6 D/current stock_raw 相同
ok    T4-stress 169 n=6 D/current 闭合 pct 展示值精确相同
ok    T4-stress 169 n=6 D/current 非 gap 来源逐条相同
ok    T4-stress 169 n=6 D/current |Δ| <= 4*n*2**-52*S + 2
ok    T4-stress 169 n=6 D/current 策略集合相同
ok    T4-stress 169 n=6 D/current/fifo 非 gap 来源逐条相同
ok    T4-stress 169 n=6 D/current/fifo |Δ| <= 4*n*2**-52*S + 2
ok    T4-stress 169 n=6 D/current/fifo 闭合 pct 展示值精确相同
ok    T4-stress 169 n=6 D/current/lifo 非 gap 来源逐条相同
ok    T4-stress 169 n=6 D/current/lifo |Δ| <= 4*n*2**-52*S + 2
ok    T4-stress 169 n=6 D/current/lifo 闭合 pct 展示值精确相同
ok    T4-stress 169 n=6 D/current/pro_rata 非 gap 来源逐条相同
ok    T4-stress 169 n=6 D/current/pro_rata |Δ| <= 4*n*2**-52*S + 2
ok    T4-stress 169 n=6 D/current/pro_rata 闭合 pct 展示值精确相同
ok    T4-stress 169 n=6 D/peak stock_raw 相同
ok    T4-stress 169 n=6 D/peak 闭合 pct 展示值精确相同
ok    T4-stress 169 n=6 D/peak 非 gap 来源逐条相同
ok    T4-stress 169 n=6 D/peak |Δ| <= 4*n*2**-52*S + 2
ok    T4-stress 169 n=6 D/peak 策略集合相同
ok    T4-stress 169 n=6 D/peak/fifo 非 gap 来源逐条相同
ok    T4-stress 169 n=6 D/peak/fifo |Δ| <= 4*n*2**-52*S + 2
ok    T4-stress 169 n=6 D/peak/fifo 闭合 pct 展示值精确相同
ok    T4-stress 169 n=6 D/peak/lifo 非 gap 来源逐条相同
ok    T4-stress 169 n=6 D/peak/lifo |Δ| <= 4*n*2**-52*S + 2
ok    T4-stress 169 n=6 D/peak/lifo 闭合 pct 展示值精确相同
ok    T4-stress 169 n=6 D/peak/pro_rata 非 gap 来源逐条相同
ok    T4-stress 169 n=6 D/peak/pro_rata |Δ| <= 4*n*2**-52*S + 2
ok    T4-stress 169 n=6 D/peak/pro_rata 闭合 pct 展示值精确相同
ok    T4-stress 170 n=7 实际模拟边数齐全
ok    T4-stress 170 n=7/current 两版本库存等于整数边表余额
ok    T4-stress 170 n=7/peak 两版本库存等于整数边表余额
ok    T4-stress 170 n=7 两版本供应量相同
ok    T4-stress 170 n=7/pro_rata 逐笔短缺入桶数量精确相同
ok    T4-stress 170 n=7/fifo 逐笔短缺入桶数量精确相同
ok    T4-stress 170 n=7/lifo 逐笔短缺入桶数量精确相同
ok    T4-stress 170 n=7 实体集合不变
ok    T4-stress 170 n=7 D/current stock_raw 相同
ok    T4-stress 170 n=7 D/current 闭合 pct 展示值精确相同
ok    T4-stress 170 n=7 D/current 非 gap 来源逐条相同
ok    T4-stress 170 n=7 D/current |Δ| <= 4*n*2**-52*S + 2
ok    T4-stress 170 n=7 D/current 策略集合相同
ok    T4-stress 170 n=7 D/current/fifo 非 gap 来源逐条相同
ok    T4-stress 170 n=7 D/current/fifo |Δ| <= 4*n*2**-52*S + 2
ok    T4-stress 170 n=7 D/current/fifo 闭合 pct 展示值精确相同
ok    T4-stress 170 n=7 D/current/lifo 非 gap 来源逐条相同
ok    T4-stress 170 n=7 D/current/lifo |Δ| <= 4*n*2**-52*S + 2
ok    T4-stress 170 n=7 D/current/lifo 闭合 pct 展示值精确相同
ok    T4-stress 170 n=7 D/current/pro_rata 非 gap 来源逐条相同
ok    T4-stress 170 n=7 D/current/pro_rata |Δ| <= 4*n*2**-52*S + 2
ok    T4-stress 170 n=7 D/current/pro_rata 闭合 pct 展示值精确相同
ok    T4-stress 170 n=7 D/peak stock_raw 相同
ok    T4-stress 170 n=7 D/peak 闭合 pct 展示值精确相同
ok    T4-stress 170 n=7 D/peak 非 gap 来源逐条相同
ok    T4-stress 170 n=7 D/peak |Δ| <= 4*n*2**-52*S + 2
ok    T4-stress 170 n=7 D/peak 策略集合相同
ok    T4-stress 170 n=7 D/peak/fifo 非 gap 来源逐条相同
ok    T4-stress 170 n=7 D/peak/fifo |Δ| <= 4*n*2**-52*S + 2
ok    T4-stress 170 n=7 D/peak/fifo 闭合 pct 展示值精确相同
ok    T4-stress 170 n=7 D/peak/lifo 非 gap 来源逐条相同
ok    T4-stress 170 n=7 D/peak/lifo |Δ| <= 4*n*2**-52*S + 2
ok    T4-stress 170 n=7 D/peak/lifo 闭合 pct 展示值精确相同
ok    T4-stress 170 n=7 D/peak/pro_rata 非 gap 来源逐条相同
ok    T4-stress 170 n=7 D/peak/pro_rata |Δ| <= 4*n*2**-52*S + 2
ok    T4-stress 170 n=7 D/peak/pro_rata 闭合 pct 展示值精确相同
ok    T4-stress 171 n=3 实际模拟边数齐全
ok    T4-stress 171 n=3/current 两版本库存等于整数边表余额
ok    T4-stress 171 n=3/peak 两版本库存等于整数边表余额
ok    T4-stress 171 n=3 两版本供应量相同
ok    T4-stress 171 n=3/pro_rata 逐笔短缺入桶数量精确相同
ok    T4-stress 171 n=3/fifo 逐笔短缺入桶数量精确相同
ok    T4-stress 171 n=3/lifo 逐笔短缺入桶数量精确相同
ok    T4-stress 171 n=3 实体集合不变
ok    T4-stress 171 n=3 D/current stock_raw 相同
ok    T4-stress 171 n=3 D/current 闭合 pct 展示值精确相同
ok    T4-stress 171 n=3 D/current 非 gap 来源逐条相同
ok    T4-stress 171 n=3 D/current |Δ| <= 4*n*2**-52*S + 2
ok    T4-stress 171 n=3 D/current 策略集合相同
ok    T4-stress 171 n=3 D/current/fifo 非 gap 来源逐条相同
ok    T4-stress 171 n=3 D/current/fifo |Δ| <= 4*n*2**-52*S + 2
ok    T4-stress 171 n=3 D/current/fifo 闭合 pct 展示值精确相同
ok    T4-stress 171 n=3 D/current/lifo 非 gap 来源逐条相同
ok    T4-stress 171 n=3 D/current/lifo |Δ| <= 4*n*2**-52*S + 2
ok    T4-stress 171 n=3 D/current/lifo 闭合 pct 展示值精确相同
ok    T4-stress 171 n=3 D/current/pro_rata 非 gap 来源逐条相同
ok    T4-stress 171 n=3 D/current/pro_rata |Δ| <= 4*n*2**-52*S + 2
ok    T4-stress 171 n=3 D/current/pro_rata 闭合 pct 展示值精确相同
ok    T4-stress 171 n=3 D/peak stock_raw 相同
ok    T4-stress 171 n=3 D/peak 闭合 pct 展示值精确相同
ok    T4-stress 171 n=3 D/peak 非 gap 来源逐条相同
ok    T4-stress 171 n=3 D/peak |Δ| <= 4*n*2**-52*S + 2
ok    T4-stress 171 n=3 D/peak 策略集合相同
ok    T4-stress 171 n=3 D/peak/fifo 非 gap 来源逐条相同
ok    T4-stress 171 n=3 D/peak/fifo |Δ| <= 4*n*2**-52*S + 2
ok    T4-stress 171 n=3 D/peak/fifo 闭合 pct 展示值精确相同
ok    T4-stress 171 n=3 D/peak/lifo 非 gap 来源逐条相同
ok    T4-stress 171 n=3 D/peak/lifo |Δ| <= 4*n*2**-52*S + 2
ok    T4-stress 171 n=3 D/peak/lifo 闭合 pct 展示值精确相同
ok    T4-stress 171 n=3 D/peak/pro_rata 非 gap 来源逐条相同
ok    T4-stress 171 n=3 D/peak/pro_rata |Δ| <= 4*n*2**-52*S + 2
ok    T4-stress 171 n=3 D/peak/pro_rata 闭合 pct 展示值精确相同
ok    T4-stress 172 n=6 实际模拟边数齐全
ok    T4-stress 172 n=6/current 两版本库存等于整数边表余额
ok    T4-stress 172 n=6/peak 两版本库存等于整数边表余额
ok    T4-stress 172 n=6 两版本供应量相同
ok    T4-stress 172 n=6/pro_rata 逐笔短缺入桶数量精确相同
ok    T4-stress 172 n=6/fifo 逐笔短缺入桶数量精确相同
ok    T4-stress 172 n=6/lifo 逐笔短缺入桶数量精确相同
ok    T4-stress 172 n=6 实体集合不变
ok    T4-stress 172 n=6 D/current stock_raw 相同
ok    T4-stress 172 n=6 D/current 闭合 pct 展示值精确相同
ok    T4-stress 172 n=6 D/current 非 gap 来源逐条相同
ok    T4-stress 172 n=6 D/current |Δ| <= 4*n*2**-52*S + 2
ok    T4-stress 172 n=6 D/current 策略集合相同
ok    T4-stress 172 n=6 D/current/fifo 非 gap 来源逐条相同
ok    T4-stress 172 n=6 D/current/fifo |Δ| <= 4*n*2**-52*S + 2
ok    T4-stress 172 n=6 D/current/fifo 闭合 pct 展示值精确相同
ok    T4-stress 172 n=6 D/current/lifo 非 gap 来源逐条相同
ok    T4-stress 172 n=6 D/current/lifo |Δ| <= 4*n*2**-52*S + 2
ok    T4-stress 172 n=6 D/current/lifo 闭合 pct 展示值精确相同
ok    T4-stress 172 n=6 D/current/pro_rata 非 gap 来源逐条相同
ok    T4-stress 172 n=6 D/current/pro_rata |Δ| <= 4*n*2**-52*S + 2
ok    T4-stress 172 n=6 D/current/pro_rata 闭合 pct 展示值精确相同
ok    T4-stress 172 n=6 D/peak stock_raw 相同
ok    T4-stress 172 n=6 D/peak 闭合 pct 展示值精确相同
ok    T4-stress 172 n=6 D/peak 非 gap 来源逐条相同
ok    T4-stress 172 n=6 D/peak |Δ| <= 4*n*2**-52*S + 2
ok    T4-stress 172 n=6 D/peak 策略集合相同
ok    T4-stress 172 n=6 D/peak/fifo 非 gap 来源逐条相同
ok    T4-stress 172 n=6 D/peak/fifo |Δ| <= 4*n*2**-52*S + 2
ok    T4-stress 172 n=6 D/peak/fifo 闭合 pct 展示值精确相同
ok    T4-stress 172 n=6 D/peak/lifo 非 gap 来源逐条相同
ok    T4-stress 172 n=6 D/peak/lifo |Δ| <= 4*n*2**-52*S + 2
ok    T4-stress 172 n=6 D/peak/lifo 闭合 pct 展示值精确相同
ok    T4-stress 172 n=6 D/peak/pro_rata 非 gap 来源逐条相同
ok    T4-stress 172 n=6 D/peak/pro_rata |Δ| <= 4*n*2**-52*S + 2
ok    T4-stress 172 n=6 D/peak/pro_rata 闭合 pct 展示值精确相同
ok    T4-stress 173 n=5 实际模拟边数齐全
ok    T4-stress 173 n=5/current 两版本库存等于整数边表余额
ok    T4-stress 173 n=5/peak 两版本库存等于整数边表余额
ok    T4-stress 173 n=5 两版本供应量相同
ok    T4-stress 173 n=5/pro_rata 逐笔短缺入桶数量精确相同
ok    T4-stress 173 n=5/fifo 逐笔短缺入桶数量精确相同
ok    T4-stress 173 n=5/lifo 逐笔短缺入桶数量精确相同
ok    T4-stress 173 n=5 实体集合不变
ok    T4-stress 173 n=5 D/current stock_raw 相同
ok    T4-stress 173 n=5 D/current 闭合 pct 展示值精确相同
ok    T4-stress 173 n=5 D/current 非 gap 来源逐条相同
ok    T4-stress 173 n=5 D/current |Δ| <= 4*n*2**-52*S + 2
ok    T4-stress 173 n=5 D/current 策略集合相同
ok    T4-stress 173 n=5 D/current/fifo 非 gap 来源逐条相同
ok    T4-stress 173 n=5 D/current/fifo |Δ| <= 4*n*2**-52*S + 2
ok    T4-stress 173 n=5 D/current/fifo 闭合 pct 展示值精确相同
ok    T4-stress 173 n=5 D/current/lifo 非 gap 来源逐条相同
ok    T4-stress 173 n=5 D/current/lifo |Δ| <= 4*n*2**-52*S + 2
ok    T4-stress 173 n=5 D/current/lifo 闭合 pct 展示值精确相同
ok    T4-stress 173 n=5 D/current/pro_rata 非 gap 来源逐条相同
ok    T4-stress 173 n=5 D/current/pro_rata |Δ| <= 4*n*2**-52*S + 2
ok    T4-stress 173 n=5 D/current/pro_rata 闭合 pct 展示值精确相同
ok    T4-stress 173 n=5 D/peak stock_raw 相同
ok    T4-stress 173 n=5 D/peak 闭合 pct 展示值精确相同
ok    T4-stress 173 n=5 D/peak 非 gap 来源逐条相同
ok    T4-stress 173 n=5 D/peak |Δ| <= 4*n*2**-52*S + 2
ok    T4-stress 173 n=5 D/peak 策略集合相同
ok    T4-stress 173 n=5 D/peak/fifo 非 gap 来源逐条相同
ok    T4-stress 173 n=5 D/peak/fifo |Δ| <= 4*n*2**-52*S + 2
ok    T4-stress 173 n=5 D/peak/fifo 闭合 pct 展示值精确相同
ok    T4-stress 173 n=5 D/peak/lifo 非 gap 来源逐条相同
ok    T4-stress 173 n=5 D/peak/lifo |Δ| <= 4*n*2**-52*S + 2
ok    T4-stress 173 n=5 D/peak/lifo 闭合 pct 展示值精确相同
ok    T4-stress 173 n=5 D/peak/pro_rata 非 gap 来源逐条相同
ok    T4-stress 173 n=5 D/peak/pro_rata |Δ| <= 4*n*2**-52*S + 2
ok    T4-stress 173 n=5 D/peak/pro_rata 闭合 pct 展示值精确相同
ok    T4-stress 174 n=5 实际模拟边数齐全
ok    T4-stress 174 n=5/current 两版本库存等于整数边表余额
ok    T4-stress 174 n=5/peak 两版本库存等于整数边表余额
ok    T4-stress 174 n=5 两版本供应量相同
ok    T4-stress 174 n=5/pro_rata 逐笔短缺入桶数量精确相同
ok    T4-stress 174 n=5/fifo 逐笔短缺入桶数量精确相同
ok    T4-stress 174 n=5/lifo 逐笔短缺入桶数量精确相同
ok    T4-stress 174 n=5 实体集合不变
ok    T4-stress 174 n=5 D/current stock_raw 相同
ok    T4-stress 174 n=5 D/current 闭合 pct 展示值精确相同
ok    T4-stress 174 n=5 D/current 非 gap 来源逐条相同
ok    T4-stress 174 n=5 D/current |Δ| <= 4*n*2**-52*S + 2
ok    T4-stress 174 n=5 D/current 策略集合相同
ok    T4-stress 174 n=5 D/current/fifo 非 gap 来源逐条相同
ok    T4-stress 174 n=5 D/current/fifo |Δ| <= 4*n*2**-52*S + 2
ok    T4-stress 174 n=5 D/current/fifo 闭合 pct 展示值精确相同
ok    T4-stress 174 n=5 D/current/lifo 非 gap 来源逐条相同
ok    T4-stress 174 n=5 D/current/lifo |Δ| <= 4*n*2**-52*S + 2
ok    T4-stress 174 n=5 D/current/lifo 闭合 pct 展示值精确相同
ok    T4-stress 174 n=5 D/current/pro_rata 非 gap 来源逐条相同
ok    T4-stress 174 n=5 D/current/pro_rata |Δ| <= 4*n*2**-52*S + 2
ok    T4-stress 174 n=5 D/current/pro_rata 闭合 pct 展示值精确相同
ok    T4-stress 174 n=5 D/peak stock_raw 相同
ok    T4-stress 174 n=5 D/peak 闭合 pct 展示值精确相同
ok    T4-stress 174 n=5 D/peak 非 gap 来源逐条相同
ok    T4-stress 174 n=5 D/peak |Δ| <= 4*n*2**-52*S + 2
ok    T4-stress 174 n=5 D/peak 策略集合相同
ok    T4-stress 174 n=5 D/peak/fifo 非 gap 来源逐条相同
ok    T4-stress 174 n=5 D/peak/fifo |Δ| <= 4*n*2**-52*S + 2
ok    T4-stress 174 n=5 D/peak/fifo 闭合 pct 展示值精确相同
ok    T4-stress 174 n=5 D/peak/lifo 非 gap 来源逐条相同
ok    T4-stress 174 n=5 D/peak/lifo |Δ| <= 4*n*2**-52*S + 2
ok    T4-stress 174 n=5 D/peak/lifo 闭合 pct 展示值精确相同
ok    T4-stress 174 n=5 D/peak/pro_rata 非 gap 来源逐条相同
ok    T4-stress 174 n=5 D/peak/pro_rata |Δ| <= 4*n*2**-52*S + 2
ok    T4-stress 174 n=5 D/peak/pro_rata 闭合 pct 展示值精确相同
ok    T4-stress 175 n=6 实际模拟边数齐全
ok    T4-stress 175 n=6/current 两版本库存等于整数边表余额
ok    T4-stress 175 n=6/peak 两版本库存等于整数边表余额
ok    T4-stress 175 n=6 两版本供应量相同
ok    T4-stress 175 n=6/pro_rata 逐笔短缺入桶数量精确相同
ok    T4-stress 175 n=6/fifo 逐笔短缺入桶数量精确相同
ok    T4-stress 175 n=6/lifo 逐笔短缺入桶数量精确相同
ok    T4-stress 175 n=6 实体集合不变
ok    T4-stress 175 n=6 D/current stock_raw 相同
ok    T4-stress 175 n=6 D/current 闭合 pct 展示值精确相同
ok    T4-stress 175 n=6 D/current 非 gap 来源逐条相同
ok    T4-stress 175 n=6 D/current |Δ| <= 4*n*2**-52*S + 2
ok    T4-stress 175 n=6 D/current 策略集合相同
ok    T4-stress 175 n=6 D/current/fifo 非 gap 来源逐条相同
ok    T4-stress 175 n=6 D/current/fifo |Δ| <= 4*n*2**-52*S + 2
ok    T4-stress 175 n=6 D/current/fifo 闭合 pct 展示值精确相同
ok    T4-stress 175 n=6 D/current/lifo 非 gap 来源逐条相同
ok    T4-stress 175 n=6 D/current/lifo |Δ| <= 4*n*2**-52*S + 2
ok    T4-stress 175 n=6 D/current/lifo 闭合 pct 展示值精确相同
ok    T4-stress 175 n=6 D/current/pro_rata 非 gap 来源逐条相同
ok    T4-stress 175 n=6 D/current/pro_rata |Δ| <= 4*n*2**-52*S + 2
ok    T4-stress 175 n=6 D/current/pro_rata 闭合 pct 展示值精确相同
ok    T4-stress 175 n=6 D/peak stock_raw 相同
ok    T4-stress 175 n=6 D/peak 闭合 pct 展示值精确相同
ok    T4-stress 175 n=6 D/peak 非 gap 来源逐条相同
ok    T4-stress 175 n=6 D/peak |Δ| <= 4*n*2**-52*S + 2
ok    T4-stress 175 n=6 D/peak 策略集合相同
ok    T4-stress 175 n=6 D/peak/fifo 非 gap 来源逐条相同
ok    T4-stress 175 n=6 D/peak/fifo |Δ| <= 4*n*2**-52*S + 2
ok    T4-stress 175 n=6 D/peak/fifo 闭合 pct 展示值精确相同
ok    T4-stress 175 n=6 D/peak/lifo 非 gap 来源逐条相同
ok    T4-stress 175 n=6 D/peak/lifo |Δ| <= 4*n*2**-52*S + 2
ok    T4-stress 175 n=6 D/peak/lifo 闭合 pct 展示值精确相同
ok    T4-stress 175 n=6 D/peak/pro_rata 非 gap 来源逐条相同
ok    T4-stress 175 n=6 D/peak/pro_rata |Δ| <= 4*n*2**-52*S + 2
ok    T4-stress 175 n=6 D/peak/pro_rata 闭合 pct 展示值精确相同
ok    T4-stress 176 n=5 实际模拟边数齐全
ok    T4-stress 176 n=5/current 两版本库存等于整数边表余额
ok    T4-stress 176 n=5/peak 两版本库存等于整数边表余额
ok    T4-stress 176 n=5 两版本供应量相同
ok    T4-stress 176 n=5/pro_rata 逐笔短缺入桶数量精确相同
ok    T4-stress 176 n=5/fifo 逐笔短缺入桶数量精确相同
ok    T4-stress 176 n=5/lifo 逐笔短缺入桶数量精确相同
ok    T4-stress 176 n=5 实体集合不变
ok    T4-stress 176 n=5 D/current stock_raw 相同
ok    T4-stress 176 n=5 D/current 闭合 pct 展示值精确相同
ok    T4-stress 176 n=5 D/current 非 gap 来源逐条相同
ok    T4-stress 176 n=5 D/current |Δ| <= 4*n*2**-52*S + 2
ok    T4-stress 176 n=5 D/current 策略集合相同
ok    T4-stress 176 n=5 D/current/fifo 非 gap 来源逐条相同
ok    T4-stress 176 n=5 D/current/fifo |Δ| <= 4*n*2**-52*S + 2
ok    T4-stress 176 n=5 D/current/fifo 闭合 pct 展示值精确相同
ok    T4-stress 176 n=5 D/current/lifo 非 gap 来源逐条相同
ok    T4-stress 176 n=5 D/current/lifo |Δ| <= 4*n*2**-52*S + 2
ok    T4-stress 176 n=5 D/current/lifo 闭合 pct 展示值精确相同
ok    T4-stress 176 n=5 D/current/pro_rata 非 gap 来源逐条相同
ok    T4-stress 176 n=5 D/current/pro_rata |Δ| <= 4*n*2**-52*S + 2
ok    T4-stress 176 n=5 D/current/pro_rata 闭合 pct 展示值精确相同
ok    T4-stress 176 n=5 D/peak stock_raw 相同
ok    T4-stress 176 n=5 D/peak 闭合 pct 展示值精确相同
ok    T4-stress 176 n=5 D/peak 非 gap 来源逐条相同
ok    T4-stress 176 n=5 D/peak |Δ| <= 4*n*2**-52*S + 2
ok    T4-stress 176 n=5 D/peak 策略集合相同
ok    T4-stress 176 n=5 D/peak/fifo 非 gap 来源逐条相同
ok    T4-stress 176 n=5 D/peak/fifo |Δ| <= 4*n*2**-52*S + 2
ok    T4-stress 176 n=5 D/peak/fifo 闭合 pct 展示值精确相同
ok    T4-stress 176 n=5 D/peak/lifo 非 gap 来源逐条相同
ok    T4-stress 176 n=5 D/peak/lifo |Δ| <= 4*n*2**-52*S + 2
ok    T4-stress 176 n=5 D/peak/lifo 闭合 pct 展示值精确相同
ok    T4-stress 176 n=5 D/peak/pro_rata 非 gap 来源逐条相同
ok    T4-stress 176 n=5 D/peak/pro_rata |Δ| <= 4*n*2**-52*S + 2
ok    T4-stress 176 n=5 D/peak/pro_rata 闭合 pct 展示值精确相同
ok    T4-stress 177 n=3 实际模拟边数齐全
ok    T4-stress 177 n=3/current 两版本库存等于整数边表余额
ok    T4-stress 177 n=3/peak 两版本库存等于整数边表余额
ok    T4-stress 177 n=3 两版本供应量相同
ok    T4-stress 177 n=3/pro_rata 逐笔短缺入桶数量精确相同
ok    T4-stress 177 n=3/fifo 逐笔短缺入桶数量精确相同
ok    T4-stress 177 n=3/lifo 逐笔短缺入桶数量精确相同
ok    T4-stress 177 n=3 实体集合不变
ok    T4-stress 177 n=3 D/current stock_raw 相同
ok    T4-stress 177 n=3 D/current 闭合 pct 展示值精确相同
ok    T4-stress 177 n=3 D/current 非 gap 来源逐条相同
ok    T4-stress 177 n=3 D/current |Δ| <= 4*n*2**-52*S + 2
ok    T4-stress 177 n=3 D/current 策略集合相同
ok    T4-stress 177 n=3 D/current/fifo 非 gap 来源逐条相同
ok    T4-stress 177 n=3 D/current/fifo |Δ| <= 4*n*2**-52*S + 2
ok    T4-stress 177 n=3 D/current/fifo 闭合 pct 展示值精确相同
ok    T4-stress 177 n=3 D/current/lifo 非 gap 来源逐条相同
ok    T4-stress 177 n=3 D/current/lifo |Δ| <= 4*n*2**-52*S + 2
ok    T4-stress 177 n=3 D/current/lifo 闭合 pct 展示值精确相同
ok    T4-stress 177 n=3 D/current/pro_rata 非 gap 来源逐条相同
ok    T4-stress 177 n=3 D/current/pro_rata |Δ| <= 4*n*2**-52*S + 2
ok    T4-stress 177 n=3 D/current/pro_rata 闭合 pct 展示值精确相同
ok    T4-stress 177 n=3 D/peak stock_raw 相同
ok    T4-stress 177 n=3 D/peak 闭合 pct 展示值精确相同
ok    T4-stress 177 n=3 D/peak 非 gap 来源逐条相同
ok    T4-stress 177 n=3 D/peak |Δ| <= 4*n*2**-52*S + 2
ok    T4-stress 177 n=3 D/peak 策略集合相同
ok    T4-stress 177 n=3 D/peak/fifo 非 gap 来源逐条相同
ok    T4-stress 177 n=3 D/peak/fifo |Δ| <= 4*n*2**-52*S + 2
ok    T4-stress 177 n=3 D/peak/fifo 闭合 pct 展示值精确相同
ok    T4-stress 177 n=3 D/peak/lifo 非 gap 来源逐条相同
ok    T4-stress 177 n=3 D/peak/lifo |Δ| <= 4*n*2**-52*S + 2
ok    T4-stress 177 n=3 D/peak/lifo 闭合 pct 展示值精确相同
ok    T4-stress 177 n=3 D/peak/pro_rata 非 gap 来源逐条相同
ok    T4-stress 177 n=3 D/peak/pro_rata |Δ| <= 4*n*2**-52*S + 2
ok    T4-stress 177 n=3 D/peak/pro_rata 闭合 pct 展示值精确相同
ok    T4-stress 178 n=8 实际模拟边数齐全
ok    T4-stress 178 n=8/current 两版本库存等于整数边表余额
ok    T4-stress 178 n=8/peak 两版本库存等于整数边表余额
ok    T4-stress 178 n=8 两版本供应量相同
ok    T4-stress 178 n=8/pro_rata 逐笔短缺入桶数量精确相同
ok    T4-stress 178 n=8/fifo 逐笔短缺入桶数量精确相同
ok    T4-stress 178 n=8/lifo 逐笔短缺入桶数量精确相同
ok    T4-stress 178 n=8 实体集合不变
ok    T4-stress 178 n=8 D/current stock_raw 相同
ok    T4-stress 178 n=8 D/current 闭合 pct 展示值精确相同
ok    T4-stress 178 n=8 D/current 非 gap 来源逐条相同
ok    T4-stress 178 n=8 D/current |Δ| <= 4*n*2**-52*S + 2
ok    T4-stress 178 n=8 D/current 策略集合相同
ok    T4-stress 178 n=8 D/current/fifo 非 gap 来源逐条相同
ok    T4-stress 178 n=8 D/current/fifo |Δ| <= 4*n*2**-52*S + 2
ok    T4-stress 178 n=8 D/current/fifo 闭合 pct 展示值精确相同
ok    T4-stress 178 n=8 D/current/lifo 非 gap 来源逐条相同
ok    T4-stress 178 n=8 D/current/lifo |Δ| <= 4*n*2**-52*S + 2
ok    T4-stress 178 n=8 D/current/lifo 闭合 pct 展示值精确相同
ok    T4-stress 178 n=8 D/current/pro_rata 非 gap 来源逐条相同
ok    T4-stress 178 n=8 D/current/pro_rata |Δ| <= 4*n*2**-52*S + 2
ok    T4-stress 178 n=8 D/current/pro_rata 闭合 pct 展示值精确相同
ok    T4-stress 178 n=8 D/peak stock_raw 相同
ok    T4-stress 178 n=8 D/peak 闭合 pct 展示值精确相同
ok    T4-stress 178 n=8 D/peak 非 gap 来源逐条相同
ok    T4-stress 178 n=8 D/peak |Δ| <= 4*n*2**-52*S + 2
ok    T4-stress 178 n=8 D/peak 策略集合相同
ok    T4-stress 178 n=8 D/peak/fifo 非 gap 来源逐条相同
ok    T4-stress 178 n=8 D/peak/fifo |Δ| <= 4*n*2**-52*S + 2
ok    T4-stress 178 n=8 D/peak/fifo 闭合 pct 展示值精确相同
ok    T4-stress 178 n=8 D/peak/lifo 非 gap 来源逐条相同
ok    T4-stress 178 n=8 D/peak/lifo |Δ| <= 4*n*2**-52*S + 2
ok    T4-stress 178 n=8 D/peak/lifo 闭合 pct 展示值精确相同
ok    T4-stress 178 n=8 D/peak/pro_rata 非 gap 来源逐条相同
ok    T4-stress 178 n=8 D/peak/pro_rata |Δ| <= 4*n*2**-52*S + 2
ok    T4-stress 178 n=8 D/peak/pro_rata 闭合 pct 展示值精确相同
ok    T4-stress 179 n=6 实际模拟边数齐全
ok    T4-stress 179 n=6/current 两版本库存等于整数边表余额
ok    T4-stress 179 n=6/peak 两版本库存等于整数边表余额
ok    T4-stress 179 n=6 两版本供应量相同
ok    T4-stress 179 n=6/pro_rata 逐笔短缺入桶数量精确相同
ok    T4-stress 179 n=6/fifo 逐笔短缺入桶数量精确相同
ok    T4-stress 179 n=6/lifo 逐笔短缺入桶数量精确相同
ok    T4-stress 179 n=6 实体集合不变
ok    T4-stress 179 n=6 D/current stock_raw 相同
ok    T4-stress 179 n=6 D/current 闭合 pct 展示值精确相同
ok    T4-stress 179 n=6 D/current 非 gap 来源逐条相同
ok    T4-stress 179 n=6 D/current |Δ| <= 4*n*2**-52*S + 2
ok    T4-stress 179 n=6 D/current 策略集合相同
ok    T4-stress 179 n=6 D/current/fifo 非 gap 来源逐条相同
ok    T4-stress 179 n=6 D/current/fifo |Δ| <= 4*n*2**-52*S + 2
ok    T4-stress 179 n=6 D/current/fifo 闭合 pct 展示值精确相同
ok    T4-stress 179 n=6 D/current/lifo 非 gap 来源逐条相同
ok    T4-stress 179 n=6 D/current/lifo |Δ| <= 4*n*2**-52*S + 2
ok    T4-stress 179 n=6 D/current/lifo 闭合 pct 展示值精确相同
ok    T4-stress 179 n=6 D/current/pro_rata 非 gap 来源逐条相同
ok    T4-stress 179 n=6 D/current/pro_rata |Δ| <= 4*n*2**-52*S + 2
ok    T4-stress 179 n=6 D/current/pro_rata 闭合 pct 展示值精确相同
ok    T4-stress 179 n=6 D/peak stock_raw 相同
ok    T4-stress 179 n=6 D/peak 闭合 pct 展示值精确相同
ok    T4-stress 179 n=6 D/peak 非 gap 来源逐条相同
ok    T4-stress 179 n=6 D/peak |Δ| <= 4*n*2**-52*S + 2
ok    T4-stress 179 n=6 D/peak 策略集合相同
ok    T4-stress 179 n=6 D/peak/fifo 非 gap 来源逐条相同
ok    T4-stress 179 n=6 D/peak/fifo |Δ| <= 4*n*2**-52*S + 2
ok    T4-stress 179 n=6 D/peak/fifo 闭合 pct 展示值精确相同
ok    T4-stress 179 n=6 D/peak/lifo 非 gap 来源逐条相同
ok    T4-stress 179 n=6 D/peak/lifo |Δ| <= 4*n*2**-52*S + 2
ok    T4-stress 179 n=6 D/peak/lifo 闭合 pct 展示值精确相同
ok    T4-stress 179 n=6 D/peak/pro_rata 非 gap 来源逐条相同
ok    T4-stress 179 n=6 D/peak/pro_rata |Δ| <= 4*n*2**-52*S + 2
ok    T4-stress 179 n=6 D/peak/pro_rata 闭合 pct 展示值精确相同
ok    T4-stress 180 n=6 实际模拟边数齐全
ok    T4-stress 180 n=6/current 两版本库存等于整数边表余额
ok    T4-stress 180 n=6/peak 两版本库存等于整数边表余额
ok    T4-stress 180 n=6 两版本供应量相同
ok    T4-stress 180 n=6/pro_rata 逐笔短缺入桶数量精确相同
ok    T4-stress 180 n=6/fifo 逐笔短缺入桶数量精确相同
ok    T4-stress 180 n=6/lifo 逐笔短缺入桶数量精确相同
ok    T4-stress 180 n=6 实体集合不变
ok    T4-stress 180 n=6 D/current stock_raw 相同
ok    T4-stress 180 n=6 D/current 闭合 pct 展示值精确相同
ok    T4-stress 180 n=6 D/current 非 gap 来源逐条相同
ok    T4-stress 180 n=6 D/current |Δ| <= 4*n*2**-52*S + 2
ok    T4-stress 180 n=6 D/current 策略集合相同
ok    T4-stress 180 n=6 D/current/fifo 非 gap 来源逐条相同
ok    T4-stress 180 n=6 D/current/fifo |Δ| <= 4*n*2**-52*S + 2
ok    T4-stress 180 n=6 D/current/fifo 闭合 pct 展示值精确相同
ok    T4-stress 180 n=6 D/current/lifo 非 gap 来源逐条相同
ok    T4-stress 180 n=6 D/current/lifo |Δ| <= 4*n*2**-52*S + 2
ok    T4-stress 180 n=6 D/current/lifo 闭合 pct 展示值精确相同
ok    T4-stress 180 n=6 D/current/pro_rata 非 gap 来源逐条相同
ok    T4-stress 180 n=6 D/current/pro_rata |Δ| <= 4*n*2**-52*S + 2
ok    T4-stress 180 n=6 D/current/pro_rata 闭合 pct 展示值精确相同
ok    T4-stress 180 n=6 D/peak stock_raw 相同
ok    T4-stress 180 n=6 D/peak 闭合 pct 展示值精确相同
ok    T4-stress 180 n=6 D/peak 非 gap 来源逐条相同
ok    T4-stress 180 n=6 D/peak |Δ| <= 4*n*2**-52*S + 2
ok    T4-stress 180 n=6 D/peak 策略集合相同
ok    T4-stress 180 n=6 D/peak/fifo 非 gap 来源逐条相同
ok    T4-stress 180 n=6 D/peak/fifo |Δ| <= 4*n*2**-52*S + 2
ok    T4-stress 180 n=6 D/peak/fifo 闭合 pct 展示值精确相同
ok    T4-stress 180 n=6 D/peak/lifo 非 gap 来源逐条相同
ok    T4-stress 180 n=6 D/peak/lifo |Δ| <= 4*n*2**-52*S + 2
ok    T4-stress 180 n=6 D/peak/lifo 闭合 pct 展示值精确相同
ok    T4-stress 180 n=6 D/peak/pro_rata 非 gap 来源逐条相同
ok    T4-stress 180 n=6 D/peak/pro_rata |Δ| <= 4*n*2**-52*S + 2
ok    T4-stress 180 n=6 D/peak/pro_rata 闭合 pct 展示值精确相同
ok    T4-stress 181 n=3 实际模拟边数齐全
ok    T4-stress 181 n=3/current 两版本库存等于整数边表余额
ok    T4-stress 181 n=3/peak 两版本库存等于整数边表余额
ok    T4-stress 181 n=3 两版本供应量相同
ok    T4-stress 181 n=3/pro_rata 逐笔短缺入桶数量精确相同
ok    T4-stress 181 n=3/fifo 逐笔短缺入桶数量精确相同
ok    T4-stress 181 n=3/lifo 逐笔短缺入桶数量精确相同
ok    T4-stress 181 n=3 实体集合不变
ok    T4-stress 181 n=3 D/current stock_raw 相同
ok    T4-stress 181 n=3 D/current 闭合 pct 展示值精确相同
ok    T4-stress 181 n=3 D/current 非 gap 来源逐条相同
ok    T4-stress 181 n=3 D/current |Δ| <= 4*n*2**-52*S + 2
ok    T4-stress 181 n=3 D/current 策略集合相同
ok    T4-stress 181 n=3 D/current/fifo 非 gap 来源逐条相同
ok    T4-stress 181 n=3 D/current/fifo |Δ| <= 4*n*2**-52*S + 2
ok    T4-stress 181 n=3 D/current/fifo 闭合 pct 展示值精确相同
ok    T4-stress 181 n=3 D/current/lifo 非 gap 来源逐条相同
ok    T4-stress 181 n=3 D/current/lifo |Δ| <= 4*n*2**-52*S + 2
ok    T4-stress 181 n=3 D/current/lifo 闭合 pct 展示值精确相同
ok    T4-stress 181 n=3 D/current/pro_rata 非 gap 来源逐条相同
ok    T4-stress 181 n=3 D/current/pro_rata |Δ| <= 4*n*2**-52*S + 2
ok    T4-stress 181 n=3 D/current/pro_rata 闭合 pct 展示值精确相同
ok    T4-stress 181 n=3 D/peak stock_raw 相同
ok    T4-stress 181 n=3 D/peak 闭合 pct 展示值精确相同
ok    T4-stress 181 n=3 D/peak 非 gap 来源逐条相同
ok    T4-stress 181 n=3 D/peak |Δ| <= 4*n*2**-52*S + 2
ok    T4-stress 181 n=3 D/peak 策略集合相同
ok    T4-stress 181 n=3 D/peak/fifo 非 gap 来源逐条相同
ok    T4-stress 181 n=3 D/peak/fifo |Δ| <= 4*n*2**-52*S + 2
ok    T4-stress 181 n=3 D/peak/fifo 闭合 pct 展示值精确相同
ok    T4-stress 181 n=3 D/peak/lifo 非 gap 来源逐条相同
ok    T4-stress 181 n=3 D/peak/lifo |Δ| <= 4*n*2**-52*S + 2
ok    T4-stress 181 n=3 D/peak/lifo 闭合 pct 展示值精确相同
ok    T4-stress 181 n=3 D/peak/pro_rata 非 gap 来源逐条相同
ok    T4-stress 181 n=3 D/peak/pro_rata |Δ| <= 4*n*2**-52*S + 2
ok    T4-stress 181 n=3 D/peak/pro_rata 闭合 pct 展示值精确相同
ok    T4-stress 182 n=5 实际模拟边数齐全
ok    T4-stress 182 n=5/current 两版本库存等于整数边表余额
ok    T4-stress 182 n=5/peak 两版本库存等于整数边表余额
ok    T4-stress 182 n=5 两版本供应量相同
ok    T4-stress 182 n=5/pro_rata 逐笔短缺入桶数量精确相同
ok    T4-stress 182 n=5/fifo 逐笔短缺入桶数量精确相同
ok    T4-stress 182 n=5/lifo 逐笔短缺入桶数量精确相同
ok    T4-stress 182 n=5 实体集合不变
ok    T4-stress 182 n=5 D/current stock_raw 相同
ok    T4-stress 182 n=5 D/current 闭合 pct 展示值精确相同
ok    T4-stress 182 n=5 D/current 非 gap 来源逐条相同
ok    T4-stress 182 n=5 D/current |Δ| <= 4*n*2**-52*S + 2
ok    T4-stress 182 n=5 D/current 策略集合相同
ok    T4-stress 182 n=5 D/current/fifo 非 gap 来源逐条相同
ok    T4-stress 182 n=5 D/current/fifo |Δ| <= 4*n*2**-52*S + 2
ok    T4-stress 182 n=5 D/current/fifo 闭合 pct 展示值精确相同
ok    T4-stress 182 n=5 D/current/lifo 非 gap 来源逐条相同
ok    T4-stress 182 n=5 D/current/lifo |Δ| <= 4*n*2**-52*S + 2
ok    T4-stress 182 n=5 D/current/lifo 闭合 pct 展示值精确相同
ok    T4-stress 182 n=5 D/current/pro_rata 非 gap 来源逐条相同
ok    T4-stress 182 n=5 D/current/pro_rata |Δ| <= 4*n*2**-52*S + 2
ok    T4-stress 182 n=5 D/current/pro_rata 闭合 pct 展示值精确相同
ok    T4-stress 182 n=5 D/peak stock_raw 相同
ok    T4-stress 182 n=5 D/peak 闭合 pct 展示值精确相同
ok    T4-stress 182 n=5 D/peak 非 gap 来源逐条相同
ok    T4-stress 182 n=5 D/peak |Δ| <= 4*n*2**-52*S + 2
ok    T4-stress 182 n=5 D/peak 策略集合相同
ok    T4-stress 182 n=5 D/peak/fifo 非 gap 来源逐条相同
ok    T4-stress 182 n=5 D/peak/fifo |Δ| <= 4*n*2**-52*S + 2
ok    T4-stress 182 n=5 D/peak/fifo 闭合 pct 展示值精确相同
ok    T4-stress 182 n=5 D/peak/lifo 非 gap 来源逐条相同
ok    T4-stress 182 n=5 D/peak/lifo |Δ| <= 4*n*2**-52*S + 2
ok    T4-stress 182 n=5 D/peak/lifo 闭合 pct 展示值精确相同
ok    T4-stress 182 n=5 D/peak/pro_rata 非 gap 来源逐条相同
ok    T4-stress 182 n=5 D/peak/pro_rata |Δ| <= 4*n*2**-52*S + 2
ok    T4-stress 182 n=5 D/peak/pro_rata 闭合 pct 展示值精确相同
ok    T4-stress 183 n=6 实际模拟边数齐全
ok    T4-stress 183 n=6/current 两版本库存等于整数边表余额
ok    T4-stress 183 n=6/peak 两版本库存等于整数边表余额
ok    T4-stress 183 n=6 两版本供应量相同
ok    T4-stress 183 n=6/pro_rata 逐笔短缺入桶数量精确相同
ok    T4-stress 183 n=6/fifo 逐笔短缺入桶数量精确相同
ok    T4-stress 183 n=6/lifo 逐笔短缺入桶数量精确相同
ok    T4-stress 183 n=6 实体集合不变
ok    T4-stress 183 n=6 D/current stock_raw 相同
ok    T4-stress 183 n=6 D/current 闭合 pct 展示值精确相同
ok    T4-stress 183 n=6 D/current 非 gap 来源逐条相同
ok    T4-stress 183 n=6 D/current |Δ| <= 4*n*2**-52*S + 2
ok    T4-stress 183 n=6 D/current 策略集合相同
ok    T4-stress 183 n=6 D/current/fifo 非 gap 来源逐条相同
ok    T4-stress 183 n=6 D/current/fifo |Δ| <= 4*n*2**-52*S + 2
ok    T4-stress 183 n=6 D/current/fifo 闭合 pct 展示值精确相同
ok    T4-stress 183 n=6 D/current/lifo 非 gap 来源逐条相同
ok    T4-stress 183 n=6 D/current/lifo |Δ| <= 4*n*2**-52*S + 2
ok    T4-stress 183 n=6 D/current/lifo 闭合 pct 展示值精确相同
ok    T4-stress 183 n=6 D/current/pro_rata 非 gap 来源逐条相同
ok    T4-stress 183 n=6 D/current/pro_rata |Δ| <= 4*n*2**-52*S + 2
ok    T4-stress 183 n=6 D/current/pro_rata 闭合 pct 展示值精确相同
ok    T4-stress 183 n=6 D/peak stock_raw 相同
ok    T4-stress 183 n=6 D/peak 闭合 pct 展示值精确相同
ok    T4-stress 183 n=6 D/peak 非 gap 来源逐条相同
ok    T4-stress 183 n=6 D/peak |Δ| <= 4*n*2**-52*S + 2
ok    T4-stress 183 n=6 D/peak 策略集合相同
ok    T4-stress 183 n=6 D/peak/fifo 非 gap 来源逐条相同
ok    T4-stress 183 n=6 D/peak/fifo |Δ| <= 4*n*2**-52*S + 2
ok    T4-stress 183 n=6 D/peak/fifo 闭合 pct 展示值精确相同
ok    T4-stress 183 n=6 D/peak/lifo 非 gap 来源逐条相同
ok    T4-stress 183 n=6 D/peak/lifo |Δ| <= 4*n*2**-52*S + 2
ok    T4-stress 183 n=6 D/peak/lifo 闭合 pct 展示值精确相同
ok    T4-stress 183 n=6 D/peak/pro_rata 非 gap 来源逐条相同
ok    T4-stress 183 n=6 D/peak/pro_rata |Δ| <= 4*n*2**-52*S + 2
ok    T4-stress 183 n=6 D/peak/pro_rata 闭合 pct 展示值精确相同
ok    T4-stress 184 n=7 实际模拟边数齐全
ok    T4-stress 184 n=7/current 两版本库存等于整数边表余额
ok    T4-stress 184 n=7/peak 两版本库存等于整数边表余额
ok    T4-stress 184 n=7 两版本供应量相同
ok    T4-stress 184 n=7/pro_rata 逐笔短缺入桶数量精确相同
ok    T4-stress 184 n=7/fifo 逐笔短缺入桶数量精确相同
ok    T4-stress 184 n=7/lifo 逐笔短缺入桶数量精确相同
ok    T4-stress 184 n=7 实体集合不变
ok    T4-stress 184 n=7 D/current stock_raw 相同
ok    T4-stress 184 n=7 D/current 闭合 pct 展示值精确相同
ok    T4-stress 184 n=7 D/current 非 gap 来源逐条相同
ok    T4-stress 184 n=7 D/current |Δ| <= 4*n*2**-52*S + 2
ok    T4-stress 184 n=7 D/current 策略集合相同
ok    T4-stress 184 n=7 D/current/fifo 非 gap 来源逐条相同
ok    T4-stress 184 n=7 D/current/fifo |Δ| <= 4*n*2**-52*S + 2
ok    T4-stress 184 n=7 D/current/fifo 闭合 pct 展示值精确相同
ok    T4-stress 184 n=7 D/current/lifo 非 gap 来源逐条相同
ok    T4-stress 184 n=7 D/current/lifo |Δ| <= 4*n*2**-52*S + 2
ok    T4-stress 184 n=7 D/current/lifo 闭合 pct 展示值精确相同
ok    T4-stress 184 n=7 D/current/pro_rata 非 gap 来源逐条相同
ok    T4-stress 184 n=7 D/current/pro_rata |Δ| <= 4*n*2**-52*S + 2
ok    T4-stress 184 n=7 D/current/pro_rata 闭合 pct 展示值精确相同
ok    T4-stress 184 n=7 D/peak stock_raw 相同
ok    T4-stress 184 n=7 D/peak 闭合 pct 展示值精确相同
ok    T4-stress 184 n=7 D/peak 非 gap 来源逐条相同
ok    T4-stress 184 n=7 D/peak |Δ| <= 4*n*2**-52*S + 2
ok    T4-stress 184 n=7 D/peak 策略集合相同
ok    T4-stress 184 n=7 D/peak/fifo 非 gap 来源逐条相同
ok    T4-stress 184 n=7 D/peak/fifo |Δ| <= 4*n*2**-52*S + 2
ok    T4-stress 184 n=7 D/peak/fifo 闭合 pct 展示值精确相同
ok    T4-stress 184 n=7 D/peak/lifo 非 gap 来源逐条相同
ok    T4-stress 184 n=7 D/peak/lifo |Δ| <= 4*n*2**-52*S + 2
ok    T4-stress 184 n=7 D/peak/lifo 闭合 pct 展示值精确相同
ok    T4-stress 184 n=7 D/peak/pro_rata 非 gap 来源逐条相同
ok    T4-stress 184 n=7 D/peak/pro_rata |Δ| <= 4*n*2**-52*S + 2
ok    T4-stress 184 n=7 D/peak/pro_rata 闭合 pct 展示值精确相同
ok    T4-stress 185 n=5 实际模拟边数齐全
ok    T4-stress 185 n=5/current 两版本库存等于整数边表余额
ok    T4-stress 185 n=5/peak 两版本库存等于整数边表余额
ok    T4-stress 185 n=5 两版本供应量相同
ok    T4-stress 185 n=5/pro_rata 逐笔短缺入桶数量精确相同
ok    T4-stress 185 n=5/fifo 逐笔短缺入桶数量精确相同
ok    T4-stress 185 n=5/lifo 逐笔短缺入桶数量精确相同
ok    T4-stress 185 n=5 实体集合不变
ok    T4-stress 185 n=5 D/current stock_raw 相同
ok    T4-stress 185 n=5 D/current 闭合 pct 展示值精确相同
ok    T4-stress 185 n=5 D/current 非 gap 来源逐条相同
ok    T4-stress 185 n=5 D/current |Δ| <= 4*n*2**-52*S + 2
ok    T4-stress 185 n=5 D/current 策略集合相同
ok    T4-stress 185 n=5 D/current/fifo 非 gap 来源逐条相同
ok    T4-stress 185 n=5 D/current/fifo |Δ| <= 4*n*2**-52*S + 2
ok    T4-stress 185 n=5 D/current/fifo 闭合 pct 展示值精确相同
ok    T4-stress 185 n=5 D/current/lifo 非 gap 来源逐条相同
ok    T4-stress 185 n=5 D/current/lifo |Δ| <= 4*n*2**-52*S + 2
ok    T4-stress 185 n=5 D/current/lifo 闭合 pct 展示值精确相同
ok    T4-stress 185 n=5 D/current/pro_rata 非 gap 来源逐条相同
ok    T4-stress 185 n=5 D/current/pro_rata |Δ| <= 4*n*2**-52*S + 2
ok    T4-stress 185 n=5 D/current/pro_rata 闭合 pct 展示值精确相同
ok    T4-stress 185 n=5 D/peak stock_raw 相同
ok    T4-stress 185 n=5 D/peak 闭合 pct 展示值精确相同
ok    T4-stress 185 n=5 D/peak 非 gap 来源逐条相同
ok    T4-stress 185 n=5 D/peak |Δ| <= 4*n*2**-52*S + 2
ok    T4-stress 185 n=5 D/peak 策略集合相同
ok    T4-stress 185 n=5 D/peak/fifo 非 gap 来源逐条相同
ok    T4-stress 185 n=5 D/peak/fifo |Δ| <= 4*n*2**-52*S + 2
ok    T4-stress 185 n=5 D/peak/fifo 闭合 pct 展示值精确相同
ok    T4-stress 185 n=5 D/peak/lifo 非 gap 来源逐条相同
ok    T4-stress 185 n=5 D/peak/lifo |Δ| <= 4*n*2**-52*S + 2
ok    T4-stress 185 n=5 D/peak/lifo 闭合 pct 展示值精确相同
ok    T4-stress 185 n=5 D/peak/pro_rata 非 gap 来源逐条相同
ok    T4-stress 185 n=5 D/peak/pro_rata |Δ| <= 4*n*2**-52*S + 2
ok    T4-stress 185 n=5 D/peak/pro_rata 闭合 pct 展示值精确相同
ok    T4-stress 186 n=8 实际模拟边数齐全
ok    T4-stress 186 n=8/current 两版本库存等于整数边表余额
ok    T4-stress 186 n=8/peak 两版本库存等于整数边表余额
ok    T4-stress 186 n=8 两版本供应量相同
ok    T4-stress 186 n=8/pro_rata 逐笔短缺入桶数量精确相同
ok    T4-stress 186 n=8/fifo 逐笔短缺入桶数量精确相同
ok    T4-stress 186 n=8/lifo 逐笔短缺入桶数量精确相同
ok    T4-stress 186 n=8 实体集合不变
ok    T4-stress 186 n=8 D/current stock_raw 相同
ok    T4-stress 186 n=8 D/current 闭合 pct 展示值精确相同
ok    T4-stress 186 n=8 D/current 非 gap 来源逐条相同
ok    T4-stress 186 n=8 D/current |Δ| <= 4*n*2**-52*S + 2
ok    T4-stress 186 n=8 D/current 策略集合相同
ok    T4-stress 186 n=8 D/current/fifo 非 gap 来源逐条相同
ok    T4-stress 186 n=8 D/current/fifo |Δ| <= 4*n*2**-52*S + 2
ok    T4-stress 186 n=8 D/current/fifo 闭合 pct 展示值精确相同
ok    T4-stress 186 n=8 D/current/lifo 非 gap 来源逐条相同
ok    T4-stress 186 n=8 D/current/lifo |Δ| <= 4*n*2**-52*S + 2
ok    T4-stress 186 n=8 D/current/lifo 闭合 pct 展示值精确相同
ok    T4-stress 186 n=8 D/current/pro_rata 非 gap 来源逐条相同
ok    T4-stress 186 n=8 D/current/pro_rata |Δ| <= 4*n*2**-52*S + 2
ok    T4-stress 186 n=8 D/current/pro_rata 闭合 pct 展示值精确相同
ok    T4-stress 186 n=8 D/peak stock_raw 相同
ok    T4-stress 186 n=8 D/peak 闭合 pct 展示值精确相同
ok    T4-stress 186 n=8 D/peak 非 gap 来源逐条相同
ok    T4-stress 186 n=8 D/peak |Δ| <= 4*n*2**-52*S + 2
ok    T4-stress 186 n=8 D/peak 策略集合相同
ok    T4-stress 186 n=8 D/peak/fifo 非 gap 来源逐条相同
ok    T4-stress 186 n=8 D/peak/fifo |Δ| <= 4*n*2**-52*S + 2
ok    T4-stress 186 n=8 D/peak/fifo 闭合 pct 展示值精确相同
ok    T4-stress 186 n=8 D/peak/lifo 非 gap 来源逐条相同
ok    T4-stress 186 n=8 D/peak/lifo |Δ| <= 4*n*2**-52*S + 2
ok    T4-stress 186 n=8 D/peak/lifo 闭合 pct 展示值精确相同
ok    T4-stress 186 n=8 D/peak/pro_rata 非 gap 来源逐条相同
ok    T4-stress 186 n=8 D/peak/pro_rata |Δ| <= 4*n*2**-52*S + 2
ok    T4-stress 186 n=8 D/peak/pro_rata 闭合 pct 展示值精确相同
ok    T4-stress 187 n=5 实际模拟边数齐全
ok    T4-stress 187 n=5/current 两版本库存等于整数边表余额
ok    T4-stress 187 n=5/peak 两版本库存等于整数边表余额
ok    T4-stress 187 n=5 两版本供应量相同
ok    T4-stress 187 n=5/pro_rata 逐笔短缺入桶数量精确相同
ok    T4-stress 187 n=5/fifo 逐笔短缺入桶数量精确相同
ok    T4-stress 187 n=5/lifo 逐笔短缺入桶数量精确相同
ok    T4-stress 187 n=5 实体集合不变
ok    T4-stress 187 n=5 D/current stock_raw 相同
ok    T4-stress 187 n=5 D/current 闭合 pct 展示值精确相同
ok    T4-stress 187 n=5 D/current 非 gap 来源逐条相同
ok    T4-stress 187 n=5 D/current |Δ| <= 4*n*2**-52*S + 2
ok    T4-stress 187 n=5 D/current 策略集合相同
ok    T4-stress 187 n=5 D/current/fifo 非 gap 来源逐条相同
ok    T4-stress 187 n=5 D/current/fifo |Δ| <= 4*n*2**-52*S + 2
ok    T4-stress 187 n=5 D/current/fifo 闭合 pct 展示值精确相同
ok    T4-stress 187 n=5 D/current/lifo 非 gap 来源逐条相同
ok    T4-stress 187 n=5 D/current/lifo |Δ| <= 4*n*2**-52*S + 2
ok    T4-stress 187 n=5 D/current/lifo 闭合 pct 展示值精确相同
ok    T4-stress 187 n=5 D/current/pro_rata 非 gap 来源逐条相同
ok    T4-stress 187 n=5 D/current/pro_rata |Δ| <= 4*n*2**-52*S + 2
ok    T4-stress 187 n=5 D/current/pro_rata 闭合 pct 展示值精确相同
ok    T4-stress 187 n=5 D/peak stock_raw 相同
ok    T4-stress 187 n=5 D/peak 闭合 pct 展示值精确相同
ok    T4-stress 187 n=5 D/peak 非 gap 来源逐条相同
ok    T4-stress 187 n=5 D/peak |Δ| <= 4*n*2**-52*S + 2
ok    T4-stress 187 n=5 D/peak 策略集合相同
ok    T4-stress 187 n=5 D/peak/fifo 非 gap 来源逐条相同
ok    T4-stress 187 n=5 D/peak/fifo |Δ| <= 4*n*2**-52*S + 2
ok    T4-stress 187 n=5 D/peak/fifo 闭合 pct 展示值精确相同
ok    T4-stress 187 n=5 D/peak/lifo 非 gap 来源逐条相同
ok    T4-stress 187 n=5 D/peak/lifo |Δ| <= 4*n*2**-52*S + 2
ok    T4-stress 187 n=5 D/peak/lifo 闭合 pct 展示值精确相同
ok    T4-stress 187 n=5 D/peak/pro_rata 非 gap 来源逐条相同
ok    T4-stress 187 n=5 D/peak/pro_rata |Δ| <= 4*n*2**-52*S + 2
ok    T4-stress 187 n=5 D/peak/pro_rata 闭合 pct 展示值精确相同
ok    T4-stress 188 n=3 实际模拟边数齐全
ok    T4-stress 188 n=3/current 两版本库存等于整数边表余额
ok    T4-stress 188 n=3/peak 两版本库存等于整数边表余额
ok    T4-stress 188 n=3 两版本供应量相同
ok    T4-stress 188 n=3/pro_rata 逐笔短缺入桶数量精确相同
ok    T4-stress 188 n=3/fifo 逐笔短缺入桶数量精确相同
ok    T4-stress 188 n=3/lifo 逐笔短缺入桶数量精确相同
ok    T4-stress 188 n=3 实体集合不变
ok    T4-stress 188 n=3 D/current stock_raw 相同
ok    T4-stress 188 n=3 D/current 闭合 pct 展示值精确相同
ok    T4-stress 188 n=3 D/current 非 gap 来源逐条相同
ok    T4-stress 188 n=3 D/current |Δ| <= 4*n*2**-52*S + 2
ok    T4-stress 188 n=3 D/current 策略集合相同
ok    T4-stress 188 n=3 D/current/fifo 非 gap 来源逐条相同
ok    T4-stress 188 n=3 D/current/fifo |Δ| <= 4*n*2**-52*S + 2
ok    T4-stress 188 n=3 D/current/fifo 闭合 pct 展示值精确相同
ok    T4-stress 188 n=3 D/current/lifo 非 gap 来源逐条相同
ok    T4-stress 188 n=3 D/current/lifo |Δ| <= 4*n*2**-52*S + 2
ok    T4-stress 188 n=3 D/current/lifo 闭合 pct 展示值精确相同
ok    T4-stress 188 n=3 D/current/pro_rata 非 gap 来源逐条相同
ok    T4-stress 188 n=3 D/current/pro_rata |Δ| <= 4*n*2**-52*S + 2
ok    T4-stress 188 n=3 D/current/pro_rata 闭合 pct 展示值精确相同
ok    T4-stress 188 n=3 D/peak stock_raw 相同
ok    T4-stress 188 n=3 D/peak 闭合 pct 展示值精确相同
ok    T4-stress 188 n=3 D/peak 非 gap 来源逐条相同
ok    T4-stress 188 n=3 D/peak |Δ| <= 4*n*2**-52*S + 2
ok    T4-stress 188 n=3 D/peak 策略集合相同
ok    T4-stress 188 n=3 D/peak/fifo 非 gap 来源逐条相同
ok    T4-stress 188 n=3 D/peak/fifo |Δ| <= 4*n*2**-52*S + 2
ok    T4-stress 188 n=3 D/peak/fifo 闭合 pct 展示值精确相同
ok    T4-stress 188 n=3 D/peak/lifo 非 gap 来源逐条相同
ok    T4-stress 188 n=3 D/peak/lifo |Δ| <= 4*n*2**-52*S + 2
ok    T4-stress 188 n=3 D/peak/lifo 闭合 pct 展示值精确相同
ok    T4-stress 188 n=3 D/peak/pro_rata 非 gap 来源逐条相同
ok    T4-stress 188 n=3 D/peak/pro_rata |Δ| <= 4*n*2**-52*S + 2
ok    T4-stress 188 n=3 D/peak/pro_rata 闭合 pct 展示值精确相同
ok    T4-stress 189 n=8 实际模拟边数齐全
ok    T4-stress 189 n=8/current 两版本库存等于整数边表余额
ok    T4-stress 189 n=8/peak 两版本库存等于整数边表余额
ok    T4-stress 189 n=8 两版本供应量相同
ok    T4-stress 189 n=8/pro_rata 逐笔短缺入桶数量精确相同
ok    T4-stress 189 n=8/fifo 逐笔短缺入桶数量精确相同
ok    T4-stress 189 n=8/lifo 逐笔短缺入桶数量精确相同
ok    T4-stress 189 n=8 实体集合不变
ok    T4-stress 189 n=8 D/current stock_raw 相同
ok    T4-stress 189 n=8 D/current 闭合 pct 展示值精确相同
ok    T4-stress 189 n=8 D/current 非 gap 来源逐条相同
ok    T4-stress 189 n=8 D/current |Δ| <= 4*n*2**-52*S + 2
ok    T4-stress 189 n=8 D/current 策略集合相同
ok    T4-stress 189 n=8 D/current/fifo 非 gap 来源逐条相同
ok    T4-stress 189 n=8 D/current/fifo |Δ| <= 4*n*2**-52*S + 2
ok    T4-stress 189 n=8 D/current/fifo 闭合 pct 展示值精确相同
ok    T4-stress 189 n=8 D/current/lifo 非 gap 来源逐条相同
ok    T4-stress 189 n=8 D/current/lifo |Δ| <= 4*n*2**-52*S + 2
ok    T4-stress 189 n=8 D/current/lifo 闭合 pct 展示值精确相同
ok    T4-stress 189 n=8 D/current/pro_rata 非 gap 来源逐条相同
ok    T4-stress 189 n=8 D/current/pro_rata |Δ| <= 4*n*2**-52*S + 2
ok    T4-stress 189 n=8 D/current/pro_rata 闭合 pct 展示值精确相同
ok    T4-stress 189 n=8 D/peak stock_raw 相同
ok    T4-stress 189 n=8 D/peak 闭合 pct 展示值精确相同
ok    T4-stress 189 n=8 D/peak 非 gap 来源逐条相同
ok    T4-stress 189 n=8 D/peak |Δ| <= 4*n*2**-52*S + 2
ok    T4-stress 189 n=8 D/peak 策略集合相同
ok    T4-stress 189 n=8 D/peak/fifo 非 gap 来源逐条相同
ok    T4-stress 189 n=8 D/peak/fifo |Δ| <= 4*n*2**-52*S + 2
ok    T4-stress 189 n=8 D/peak/fifo 闭合 pct 展示值精确相同
ok    T4-stress 189 n=8 D/peak/lifo 非 gap 来源逐条相同
ok    T4-stress 189 n=8 D/peak/lifo |Δ| <= 4*n*2**-52*S + 2
ok    T4-stress 189 n=8 D/peak/lifo 闭合 pct 展示值精确相同
ok    T4-stress 189 n=8 D/peak/pro_rata 非 gap 来源逐条相同
ok    T4-stress 189 n=8 D/peak/pro_rata |Δ| <= 4*n*2**-52*S + 2
ok    T4-stress 189 n=8 D/peak/pro_rata 闭合 pct 展示值精确相同
ok    T4-stress 190 n=7 实际模拟边数齐全
ok    T4-stress 190 n=7/current 两版本库存等于整数边表余额
ok    T4-stress 190 n=7/peak 两版本库存等于整数边表余额
ok    T4-stress 190 n=7 两版本供应量相同
ok    T4-stress 190 n=7/pro_rata 逐笔短缺入桶数量精确相同
ok    T4-stress 190 n=7/fifo 逐笔短缺入桶数量精确相同
ok    T4-stress 190 n=7/lifo 逐笔短缺入桶数量精确相同
ok    T4-stress 190 n=7 实体集合不变
ok    T4-stress 190 n=7 D/current stock_raw 相同
ok    T4-stress 190 n=7 D/current 闭合 pct 展示值精确相同
ok    T4-stress 190 n=7 D/current 非 gap 来源逐条相同
ok    T4-stress 190 n=7 D/current |Δ| <= 4*n*2**-52*S + 2
ok    T4-stress 190 n=7 D/current 策略集合相同
ok    T4-stress 190 n=7 D/current/fifo 非 gap 来源逐条相同
ok    T4-stress 190 n=7 D/current/fifo |Δ| <= 4*n*2**-52*S + 2
ok    T4-stress 190 n=7 D/current/fifo 闭合 pct 展示值精确相同
ok    T4-stress 190 n=7 D/current/lifo 非 gap 来源逐条相同
ok    T4-stress 190 n=7 D/current/lifo |Δ| <= 4*n*2**-52*S + 2
ok    T4-stress 190 n=7 D/current/lifo 闭合 pct 展示值精确相同
ok    T4-stress 190 n=7 D/current/pro_rata 非 gap 来源逐条相同
ok    T4-stress 190 n=7 D/current/pro_rata |Δ| <= 4*n*2**-52*S + 2
ok    T4-stress 190 n=7 D/current/pro_rata 闭合 pct 展示值精确相同
ok    T4-stress 190 n=7 D/peak stock_raw 相同
ok    T4-stress 190 n=7 D/peak 闭合 pct 展示值精确相同
ok    T4-stress 190 n=7 D/peak 非 gap 来源逐条相同
ok    T4-stress 190 n=7 D/peak |Δ| <= 4*n*2**-52*S + 2
ok    T4-stress 190 n=7 D/peak 策略集合相同
ok    T4-stress 190 n=7 D/peak/fifo 非 gap 来源逐条相同
ok    T4-stress 190 n=7 D/peak/fifo |Δ| <= 4*n*2**-52*S + 2
ok    T4-stress 190 n=7 D/peak/fifo 闭合 pct 展示值精确相同
ok    T4-stress 190 n=7 D/peak/lifo 非 gap 来源逐条相同
ok    T4-stress 190 n=7 D/peak/lifo |Δ| <= 4*n*2**-52*S + 2
ok    T4-stress 190 n=7 D/peak/lifo 闭合 pct 展示值精确相同
ok    T4-stress 190 n=7 D/peak/pro_rata 非 gap 来源逐条相同
ok    T4-stress 190 n=7 D/peak/pro_rata |Δ| <= 4*n*2**-52*S + 2
ok    T4-stress 190 n=7 D/peak/pro_rata 闭合 pct 展示值精确相同
ok    T4-stress 191 n=6 实际模拟边数齐全
ok    T4-stress 191 n=6/current 两版本库存等于整数边表余额
ok    T4-stress 191 n=6/peak 两版本库存等于整数边表余额
ok    T4-stress 191 n=6 两版本供应量相同
ok    T4-stress 191 n=6/pro_rata 逐笔短缺入桶数量精确相同
ok    T4-stress 191 n=6/fifo 逐笔短缺入桶数量精确相同
ok    T4-stress 191 n=6/lifo 逐笔短缺入桶数量精确相同
ok    T4-stress 191 n=6 实体集合不变
ok    T4-stress 191 n=6 D/current stock_raw 相同
ok    T4-stress 191 n=6 D/current 闭合 pct 展示值精确相同
ok    T4-stress 191 n=6 D/current 非 gap 来源逐条相同
ok    T4-stress 191 n=6 D/current |Δ| <= 4*n*2**-52*S + 2
ok    T4-stress 191 n=6 D/current 策略集合相同
ok    T4-stress 191 n=6 D/current/fifo 非 gap 来源逐条相同
ok    T4-stress 191 n=6 D/current/fifo |Δ| <= 4*n*2**-52*S + 2
ok    T4-stress 191 n=6 D/current/fifo 闭合 pct 展示值精确相同
ok    T4-stress 191 n=6 D/current/lifo 非 gap 来源逐条相同
ok    T4-stress 191 n=6 D/current/lifo |Δ| <= 4*n*2**-52*S + 2
ok    T4-stress 191 n=6 D/current/lifo 闭合 pct 展示值精确相同
ok    T4-stress 191 n=6 D/current/pro_rata 非 gap 来源逐条相同
ok    T4-stress 191 n=6 D/current/pro_rata |Δ| <= 4*n*2**-52*S + 2
ok    T4-stress 191 n=6 D/current/pro_rata 闭合 pct 展示值精确相同
ok    T4-stress 191 n=6 D/peak stock_raw 相同
ok    T4-stress 191 n=6 D/peak 闭合 pct 展示值精确相同
ok    T4-stress 191 n=6 D/peak 非 gap 来源逐条相同
ok    T4-stress 191 n=6 D/peak |Δ| <= 4*n*2**-52*S + 2
ok    T4-stress 191 n=6 D/peak 策略集合相同
ok    T4-stress 191 n=6 D/peak/fifo 非 gap 来源逐条相同
ok    T4-stress 191 n=6 D/peak/fifo |Δ| <= 4*n*2**-52*S + 2
ok    T4-stress 191 n=6 D/peak/fifo 闭合 pct 展示值精确相同
ok    T4-stress 191 n=6 D/peak/lifo 非 gap 来源逐条相同
ok    T4-stress 191 n=6 D/peak/lifo |Δ| <= 4*n*2**-52*S + 2
ok    T4-stress 191 n=6 D/peak/lifo 闭合 pct 展示值精确相同
ok    T4-stress 191 n=6 D/peak/pro_rata 非 gap 来源逐条相同
ok    T4-stress 191 n=6 D/peak/pro_rata |Δ| <= 4*n*2**-52*S + 2
ok    T4-stress 191 n=6 D/peak/pro_rata 闭合 pct 展示值精确相同
ok    T4-stress 192 n=5 实际模拟边数齐全
ok    T4-stress 192 n=5/current 两版本库存等于整数边表余额
ok    T4-stress 192 n=5/peak 两版本库存等于整数边表余额
ok    T4-stress 192 n=5 两版本供应量相同
ok    T4-stress 192 n=5/pro_rata 逐笔短缺入桶数量精确相同
ok    T4-stress 192 n=5/fifo 逐笔短缺入桶数量精确相同
ok    T4-stress 192 n=5/lifo 逐笔短缺入桶数量精确相同
ok    T4-stress 192 n=5 实体集合不变
ok    T4-stress 192 n=5 D/current stock_raw 相同
ok    T4-stress 192 n=5 D/current 闭合 pct 展示值精确相同
ok    T4-stress 192 n=5 D/current 非 gap 来源逐条相同
ok    T4-stress 192 n=5 D/current |Δ| <= 4*n*2**-52*S + 2
ok    T4-stress 192 n=5 D/current 策略集合相同
ok    T4-stress 192 n=5 D/current/fifo 非 gap 来源逐条相同
ok    T4-stress 192 n=5 D/current/fifo |Δ| <= 4*n*2**-52*S + 2
ok    T4-stress 192 n=5 D/current/fifo 闭合 pct 展示值精确相同
ok    T4-stress 192 n=5 D/current/lifo 非 gap 来源逐条相同
ok    T4-stress 192 n=5 D/current/lifo |Δ| <= 4*n*2**-52*S + 2
ok    T4-stress 192 n=5 D/current/lifo 闭合 pct 展示值精确相同
ok    T4-stress 192 n=5 D/current/pro_rata 非 gap 来源逐条相同
ok    T4-stress 192 n=5 D/current/pro_rata |Δ| <= 4*n*2**-52*S + 2
ok    T4-stress 192 n=5 D/current/pro_rata 闭合 pct 展示值精确相同
ok    T4-stress 192 n=5 D/peak stock_raw 相同
ok    T4-stress 192 n=5 D/peak 闭合 pct 展示值精确相同
ok    T4-stress 192 n=5 D/peak 非 gap 来源逐条相同
ok    T4-stress 192 n=5 D/peak |Δ| <= 4*n*2**-52*S + 2
ok    T4-stress 192 n=5 D/peak 策略集合相同
ok    T4-stress 192 n=5 D/peak/fifo 非 gap 来源逐条相同
ok    T4-stress 192 n=5 D/peak/fifo |Δ| <= 4*n*2**-52*S + 2
ok    T4-stress 192 n=5 D/peak/fifo 闭合 pct 展示值精确相同
ok    T4-stress 192 n=5 D/peak/lifo 非 gap 来源逐条相同
ok    T4-stress 192 n=5 D/peak/lifo |Δ| <= 4*n*2**-52*S + 2
ok    T4-stress 192 n=5 D/peak/lifo 闭合 pct 展示值精确相同
ok    T4-stress 192 n=5 D/peak/pro_rata 非 gap 来源逐条相同
ok    T4-stress 192 n=5 D/peak/pro_rata |Δ| <= 4*n*2**-52*S + 2
ok    T4-stress 192 n=5 D/peak/pro_rata 闭合 pct 展示值精确相同
ok    T4-stress 193 n=5 实际模拟边数齐全
ok    T4-stress 193 n=5/current 两版本库存等于整数边表余额
ok    T4-stress 193 n=5/peak 两版本库存等于整数边表余额
ok    T4-stress 193 n=5 两版本供应量相同
ok    T4-stress 193 n=5/pro_rata 逐笔短缺入桶数量精确相同
ok    T4-stress 193 n=5/fifo 逐笔短缺入桶数量精确相同
ok    T4-stress 193 n=5/lifo 逐笔短缺入桶数量精确相同
ok    T4-stress 193 n=5 实体集合不变
ok    T4-stress 193 n=5 D/current stock_raw 相同
ok    T4-stress 193 n=5 D/current 闭合 pct 展示值精确相同
ok    T4-stress 193 n=5 D/current 非 gap 来源逐条相同
ok    T4-stress 193 n=5 D/current |Δ| <= 4*n*2**-52*S + 2
ok    T4-stress 193 n=5 D/current 策略集合相同
ok    T4-stress 193 n=5 D/current/fifo 非 gap 来源逐条相同
ok    T4-stress 193 n=5 D/current/fifo |Δ| <= 4*n*2**-52*S + 2
ok    T4-stress 193 n=5 D/current/fifo 闭合 pct 展示值精确相同
ok    T4-stress 193 n=5 D/current/lifo 非 gap 来源逐条相同
ok    T4-stress 193 n=5 D/current/lifo |Δ| <= 4*n*2**-52*S + 2
ok    T4-stress 193 n=5 D/current/lifo 闭合 pct 展示值精确相同
ok    T4-stress 193 n=5 D/current/pro_rata 非 gap 来源逐条相同
ok    T4-stress 193 n=5 D/current/pro_rata |Δ| <= 4*n*2**-52*S + 2
ok    T4-stress 193 n=5 D/current/pro_rata 闭合 pct 展示值精确相同
ok    T4-stress 193 n=5 D/peak stock_raw 相同
ok    T4-stress 193 n=5 D/peak 闭合 pct 展示值精确相同
ok    T4-stress 193 n=5 D/peak 非 gap 来源逐条相同
ok    T4-stress 193 n=5 D/peak |Δ| <= 4*n*2**-52*S + 2
ok    T4-stress 193 n=5 D/peak 策略集合相同
ok    T4-stress 193 n=5 D/peak/fifo 非 gap 来源逐条相同
ok    T4-stress 193 n=5 D/peak/fifo |Δ| <= 4*n*2**-52*S + 2
ok    T4-stress 193 n=5 D/peak/fifo 闭合 pct 展示值精确相同
ok    T4-stress 193 n=5 D/peak/lifo 非 gap 来源逐条相同
ok    T4-stress 193 n=5 D/peak/lifo |Δ| <= 4*n*2**-52*S + 2
ok    T4-stress 193 n=5 D/peak/lifo 闭合 pct 展示值精确相同
ok    T4-stress 193 n=5 D/peak/pro_rata 非 gap 来源逐条相同
ok    T4-stress 193 n=5 D/peak/pro_rata |Δ| <= 4*n*2**-52*S + 2
ok    T4-stress 193 n=5 D/peak/pro_rata 闭合 pct 展示值精确相同
ok    T4-stress 194 n=4 实际模拟边数齐全
ok    T4-stress 194 n=4/current 两版本库存等于整数边表余额
ok    T4-stress 194 n=4/peak 两版本库存等于整数边表余额
ok    T4-stress 194 n=4 两版本供应量相同
ok    T4-stress 194 n=4/pro_rata 逐笔短缺入桶数量精确相同
ok    T4-stress 194 n=4/fifo 逐笔短缺入桶数量精确相同
ok    T4-stress 194 n=4/lifo 逐笔短缺入桶数量精确相同
ok    T4-stress 194 n=4 实体集合不变
ok    T4-stress 194 n=4 D/current stock_raw 相同
ok    T4-stress 194 n=4 D/current 闭合 pct 展示值精确相同
ok    T4-stress 194 n=4 D/current 非 gap 来源逐条相同
ok    T4-stress 194 n=4 D/current |Δ| <= 4*n*2**-52*S + 2
ok    T4-stress 194 n=4 D/current 策略集合相同
ok    T4-stress 194 n=4 D/current/fifo 非 gap 来源逐条相同
ok    T4-stress 194 n=4 D/current/fifo |Δ| <= 4*n*2**-52*S + 2
ok    T4-stress 194 n=4 D/current/fifo 闭合 pct 展示值精确相同
ok    T4-stress 194 n=4 D/current/lifo 非 gap 来源逐条相同
ok    T4-stress 194 n=4 D/current/lifo |Δ| <= 4*n*2**-52*S + 2
ok    T4-stress 194 n=4 D/current/lifo 闭合 pct 展示值精确相同
ok    T4-stress 194 n=4 D/current/pro_rata 非 gap 来源逐条相同
ok    T4-stress 194 n=4 D/current/pro_rata |Δ| <= 4*n*2**-52*S + 2
ok    T4-stress 194 n=4 D/current/pro_rata 闭合 pct 展示值精确相同
ok    T4-stress 194 n=4 D/peak stock_raw 相同
ok    T4-stress 194 n=4 D/peak 闭合 pct 展示值精确相同
ok    T4-stress 194 n=4 D/peak 非 gap 来源逐条相同
ok    T4-stress 194 n=4 D/peak |Δ| <= 4*n*2**-52*S + 2
ok    T4-stress 194 n=4 D/peak 策略集合相同
ok    T4-stress 194 n=4 D/peak/fifo 非 gap 来源逐条相同
ok    T4-stress 194 n=4 D/peak/fifo |Δ| <= 4*n*2**-52*S + 2
ok    T4-stress 194 n=4 D/peak/fifo 闭合 pct 展示值精确相同
ok    T4-stress 194 n=4 D/peak/lifo 非 gap 来源逐条相同
ok    T4-stress 194 n=4 D/peak/lifo |Δ| <= 4*n*2**-52*S + 2
ok    T4-stress 194 n=4 D/peak/lifo 闭合 pct 展示值精确相同
ok    T4-stress 194 n=4 D/peak/pro_rata 非 gap 来源逐条相同
ok    T4-stress 194 n=4 D/peak/pro_rata |Δ| <= 4*n*2**-52*S + 2
ok    T4-stress 194 n=4 D/peak/pro_rata 闭合 pct 展示值精确相同
ok    T4-stress 195 n=4 实际模拟边数齐全
ok    T4-stress 195 n=4/current 两版本库存等于整数边表余额
ok    T4-stress 195 n=4/peak 两版本库存等于整数边表余额
ok    T4-stress 195 n=4 两版本供应量相同
ok    T4-stress 195 n=4/pro_rata 逐笔短缺入桶数量精确相同
ok    T4-stress 195 n=4/fifo 逐笔短缺入桶数量精确相同
ok    T4-stress 195 n=4/lifo 逐笔短缺入桶数量精确相同
ok    T4-stress 195 n=4 实体集合不变
ok    T4-stress 195 n=4 D/current stock_raw 相同
ok    T4-stress 195 n=4 D/current 闭合 pct 展示值精确相同
ok    T4-stress 195 n=4 D/current 非 gap 来源逐条相同
ok    T4-stress 195 n=4 D/current |Δ| <= 4*n*2**-52*S + 2
ok    T4-stress 195 n=4 D/current 策略集合相同
ok    T4-stress 195 n=4 D/current/fifo 非 gap 来源逐条相同
ok    T4-stress 195 n=4 D/current/fifo |Δ| <= 4*n*2**-52*S + 2
ok    T4-stress 195 n=4 D/current/fifo 闭合 pct 展示值精确相同
ok    T4-stress 195 n=4 D/current/lifo 非 gap 来源逐条相同
ok    T4-stress 195 n=4 D/current/lifo |Δ| <= 4*n*2**-52*S + 2
ok    T4-stress 195 n=4 D/current/lifo 闭合 pct 展示值精确相同
ok    T4-stress 195 n=4 D/current/pro_rata 非 gap 来源逐条相同
ok    T4-stress 195 n=4 D/current/pro_rata |Δ| <= 4*n*2**-52*S + 2
ok    T4-stress 195 n=4 D/current/pro_rata 闭合 pct 展示值精确相同
ok    T4-stress 195 n=4 D/peak stock_raw 相同
ok    T4-stress 195 n=4 D/peak 闭合 pct 展示值精确相同
ok    T4-stress 195 n=4 D/peak 非 gap 来源逐条相同
ok    T4-stress 195 n=4 D/peak |Δ| <= 4*n*2**-52*S + 2
ok    T4-stress 195 n=4 D/peak 策略集合相同
ok    T4-stress 195 n=4 D/peak/fifo 非 gap 来源逐条相同
ok    T4-stress 195 n=4 D/peak/fifo |Δ| <= 4*n*2**-52*S + 2
ok    T4-stress 195 n=4 D/peak/fifo 闭合 pct 展示值精确相同
ok    T4-stress 195 n=4 D/peak/lifo 非 gap 来源逐条相同
ok    T4-stress 195 n=4 D/peak/lifo |Δ| <= 4*n*2**-52*S + 2
ok    T4-stress 195 n=4 D/peak/lifo 闭合 pct 展示值精确相同
ok    T4-stress 195 n=4 D/peak/pro_rata 非 gap 来源逐条相同
ok    T4-stress 195 n=4 D/peak/pro_rata |Δ| <= 4*n*2**-52*S + 2
ok    T4-stress 195 n=4 D/peak/pro_rata 闭合 pct 展示值精确相同
ok    T4-stress 196 n=8 实际模拟边数齐全
ok    T4-stress 196 n=8/current 两版本库存等于整数边表余额
ok    T4-stress 196 n=8/peak 两版本库存等于整数边表余额
ok    T4-stress 196 n=8 两版本供应量相同
ok    T4-stress 196 n=8/pro_rata 逐笔短缺入桶数量精确相同
ok    T4-stress 196 n=8/fifo 逐笔短缺入桶数量精确相同
ok    T4-stress 196 n=8/lifo 逐笔短缺入桶数量精确相同
ok    T4-stress 196 n=8 实体集合不变
ok    T4-stress 196 n=8 D/current stock_raw 相同
ok    T4-stress 196 n=8 D/current 闭合 pct 展示值精确相同
ok    T4-stress 196 n=8 D/current 非 gap 来源逐条相同
ok    T4-stress 196 n=8 D/current |Δ| <= 4*n*2**-52*S + 2
ok    T4-stress 196 n=8 D/current 策略集合相同
ok    T4-stress 196 n=8 D/current/fifo 非 gap 来源逐条相同
ok    T4-stress 196 n=8 D/current/fifo |Δ| <= 4*n*2**-52*S + 2
ok    T4-stress 196 n=8 D/current/fifo 闭合 pct 展示值精确相同
ok    T4-stress 196 n=8 D/current/lifo 非 gap 来源逐条相同
ok    T4-stress 196 n=8 D/current/lifo |Δ| <= 4*n*2**-52*S + 2
ok    T4-stress 196 n=8 D/current/lifo 闭合 pct 展示值精确相同
ok    T4-stress 196 n=8 D/current/pro_rata 非 gap 来源逐条相同
ok    T4-stress 196 n=8 D/current/pro_rata |Δ| <= 4*n*2**-52*S + 2
ok    T4-stress 196 n=8 D/current/pro_rata 闭合 pct 展示值精确相同
ok    T4-stress 196 n=8 D/peak stock_raw 相同
ok    T4-stress 196 n=8 D/peak 闭合 pct 展示值精确相同
ok    T4-stress 196 n=8 D/peak 非 gap 来源逐条相同
ok    T4-stress 196 n=8 D/peak |Δ| <= 4*n*2**-52*S + 2
ok    T4-stress 196 n=8 D/peak 策略集合相同
ok    T4-stress 196 n=8 D/peak/fifo 非 gap 来源逐条相同
ok    T4-stress 196 n=8 D/peak/fifo |Δ| <= 4*n*2**-52*S + 2
ok    T4-stress 196 n=8 D/peak/fifo 闭合 pct 展示值精确相同
ok    T4-stress 196 n=8 D/peak/lifo 非 gap 来源逐条相同
ok    T4-stress 196 n=8 D/peak/lifo |Δ| <= 4*n*2**-52*S + 2
ok    T4-stress 196 n=8 D/peak/lifo 闭合 pct 展示值精确相同
ok    T4-stress 196 n=8 D/peak/pro_rata 非 gap 来源逐条相同
ok    T4-stress 196 n=8 D/peak/pro_rata |Δ| <= 4*n*2**-52*S + 2
ok    T4-stress 196 n=8 D/peak/pro_rata 闭合 pct 展示值精确相同
ok    T4-stress 197 n=3 实际模拟边数齐全
ok    T4-stress 197 n=3/current 两版本库存等于整数边表余额
ok    T4-stress 197 n=3/peak 两版本库存等于整数边表余额
ok    T4-stress 197 n=3 两版本供应量相同
ok    T4-stress 197 n=3/pro_rata 逐笔短缺入桶数量精确相同
ok    T4-stress 197 n=3/fifo 逐笔短缺入桶数量精确相同
ok    T4-stress 197 n=3/lifo 逐笔短缺入桶数量精确相同
ok    T4-stress 197 n=3 实体集合不变
ok    T4-stress 197 n=3 D/current stock_raw 相同
ok    T4-stress 197 n=3 D/current 闭合 pct 展示值精确相同
ok    T4-stress 197 n=3 D/current 非 gap 来源逐条相同
ok    T4-stress 197 n=3 D/current |Δ| <= 4*n*2**-52*S + 2
ok    T4-stress 197 n=3 D/current 策略集合相同
ok    T4-stress 197 n=3 D/current/fifo 非 gap 来源逐条相同
ok    T4-stress 197 n=3 D/current/fifo |Δ| <= 4*n*2**-52*S + 2
ok    T4-stress 197 n=3 D/current/fifo 闭合 pct 展示值精确相同
ok    T4-stress 197 n=3 D/current/lifo 非 gap 来源逐条相同
ok    T4-stress 197 n=3 D/current/lifo |Δ| <= 4*n*2**-52*S + 2
ok    T4-stress 197 n=3 D/current/lifo 闭合 pct 展示值精确相同
ok    T4-stress 197 n=3 D/current/pro_rata 非 gap 来源逐条相同
ok    T4-stress 197 n=3 D/current/pro_rata |Δ| <= 4*n*2**-52*S + 2
ok    T4-stress 197 n=3 D/current/pro_rata 闭合 pct 展示值精确相同
ok    T4-stress 197 n=3 D/peak stock_raw 相同
ok    T4-stress 197 n=3 D/peak 闭合 pct 展示值精确相同
ok    T4-stress 197 n=3 D/peak 非 gap 来源逐条相同
ok    T4-stress 197 n=3 D/peak |Δ| <= 4*n*2**-52*S + 2
ok    T4-stress 197 n=3 D/peak 策略集合相同
ok    T4-stress 197 n=3 D/peak/fifo 非 gap 来源逐条相同
ok    T4-stress 197 n=3 D/peak/fifo |Δ| <= 4*n*2**-52*S + 2
ok    T4-stress 197 n=3 D/peak/fifo 闭合 pct 展示值精确相同
ok    T4-stress 197 n=3 D/peak/lifo 非 gap 来源逐条相同
ok    T4-stress 197 n=3 D/peak/lifo |Δ| <= 4*n*2**-52*S + 2
ok    T4-stress 197 n=3 D/peak/lifo 闭合 pct 展示值精确相同
ok    T4-stress 197 n=3 D/peak/pro_rata 非 gap 来源逐条相同
ok    T4-stress 197 n=3 D/peak/pro_rata |Δ| <= 4*n*2**-52*S + 2
ok    T4-stress 197 n=3 D/peak/pro_rata 闭合 pct 展示值精确相同
ok    T4-stress 198 n=7 实际模拟边数齐全
ok    T4-stress 198 n=7/current 两版本库存等于整数边表余额
ok    T4-stress 198 n=7/peak 两版本库存等于整数边表余额
ok    T4-stress 198 n=7 两版本供应量相同
ok    T4-stress 198 n=7/pro_rata 逐笔短缺入桶数量精确相同
ok    T4-stress 198 n=7/fifo 逐笔短缺入桶数量精确相同
ok    T4-stress 198 n=7/lifo 逐笔短缺入桶数量精确相同
ok    T4-stress 198 n=7 实体集合不变
ok    T4-stress 198 n=7 D/current stock_raw 相同
ok    T4-stress 198 n=7 D/current 闭合 pct 展示值精确相同
ok    T4-stress 198 n=7 D/current 非 gap 来源逐条相同
ok    T4-stress 198 n=7 D/current |Δ| <= 4*n*2**-52*S + 2
ok    T4-stress 198 n=7 D/current 策略集合相同
ok    T4-stress 198 n=7 D/current/fifo 非 gap 来源逐条相同
ok    T4-stress 198 n=7 D/current/fifo |Δ| <= 4*n*2**-52*S + 2
ok    T4-stress 198 n=7 D/current/fifo 闭合 pct 展示值精确相同
ok    T4-stress 198 n=7 D/current/lifo 非 gap 来源逐条相同
ok    T4-stress 198 n=7 D/current/lifo |Δ| <= 4*n*2**-52*S + 2
ok    T4-stress 198 n=7 D/current/lifo 闭合 pct 展示值精确相同
ok    T4-stress 198 n=7 D/current/pro_rata 非 gap 来源逐条相同
ok    T4-stress 198 n=7 D/current/pro_rata |Δ| <= 4*n*2**-52*S + 2
ok    T4-stress 198 n=7 D/current/pro_rata 闭合 pct 展示值精确相同
ok    T4-stress 198 n=7 D/peak stock_raw 相同
ok    T4-stress 198 n=7 D/peak 闭合 pct 展示值精确相同
ok    T4-stress 198 n=7 D/peak 非 gap 来源逐条相同
ok    T4-stress 198 n=7 D/peak |Δ| <= 4*n*2**-52*S + 2
ok    T4-stress 198 n=7 D/peak 策略集合相同
ok    T4-stress 198 n=7 D/peak/fifo 非 gap 来源逐条相同
ok    T4-stress 198 n=7 D/peak/fifo |Δ| <= 4*n*2**-52*S + 2
ok    T4-stress 198 n=7 D/peak/fifo 闭合 pct 展示值精确相同
ok    T4-stress 198 n=7 D/peak/lifo 非 gap 来源逐条相同
ok    T4-stress 198 n=7 D/peak/lifo |Δ| <= 4*n*2**-52*S + 2
ok    T4-stress 198 n=7 D/peak/lifo 闭合 pct 展示值精确相同
ok    T4-stress 198 n=7 D/peak/pro_rata 非 gap 来源逐条相同
ok    T4-stress 198 n=7 D/peak/pro_rata |Δ| <= 4*n*2**-52*S + 2
ok    T4-stress 198 n=7 D/peak/pro_rata 闭合 pct 展示值精确相同
ok    T4-stress 199 n=6 实际模拟边数齐全
ok    T4-stress 199 n=6/current 两版本库存等于整数边表余额
ok    T4-stress 199 n=6/peak 两版本库存等于整数边表余额
ok    T4-stress 199 n=6 两版本供应量相同
ok    T4-stress 199 n=6/pro_rata 逐笔短缺入桶数量精确相同
ok    T4-stress 199 n=6/fifo 逐笔短缺入桶数量精确相同
ok    T4-stress 199 n=6/lifo 逐笔短缺入桶数量精确相同
ok    T4-stress 199 n=6 实体集合不变
ok    T4-stress 199 n=6 D/current stock_raw 相同
ok    T4-stress 199 n=6 D/current 闭合 pct 展示值精确相同
ok    T4-stress 199 n=6 D/current 非 gap 来源逐条相同
ok    T4-stress 199 n=6 D/current |Δ| <= 4*n*2**-52*S + 2
ok    T4-stress 199 n=6 D/current 策略集合相同
ok    T4-stress 199 n=6 D/current/fifo 非 gap 来源逐条相同
ok    T4-stress 199 n=6 D/current/fifo |Δ| <= 4*n*2**-52*S + 2
ok    T4-stress 199 n=6 D/current/fifo 闭合 pct 展示值精确相同
ok    T4-stress 199 n=6 D/current/lifo 非 gap 来源逐条相同
ok    T4-stress 199 n=6 D/current/lifo |Δ| <= 4*n*2**-52*S + 2
ok    T4-stress 199 n=6 D/current/lifo 闭合 pct 展示值精确相同
ok    T4-stress 199 n=6 D/current/pro_rata 非 gap 来源逐条相同
ok    T4-stress 199 n=6 D/current/pro_rata |Δ| <= 4*n*2**-52*S + 2
ok    T4-stress 199 n=6 D/current/pro_rata 闭合 pct 展示值精确相同
ok    T4-stress 199 n=6 D/peak stock_raw 相同
ok    T4-stress 199 n=6 D/peak 闭合 pct 展示值精确相同
ok    T4-stress 199 n=6 D/peak 非 gap 来源逐条相同
ok    T4-stress 199 n=6 D/peak |Δ| <= 4*n*2**-52*S + 2
ok    T4-stress 199 n=6 D/peak 策略集合相同
ok    T4-stress 199 n=6 D/peak/fifo 非 gap 来源逐条相同
ok    T4-stress 199 n=6 D/peak/fifo |Δ| <= 4*n*2**-52*S + 2
ok    T4-stress 199 n=6 D/peak/fifo 闭合 pct 展示值精确相同
ok    T4-stress 199 n=6 D/peak/lifo 非 gap 来源逐条相同
ok    T4-stress 199 n=6 D/peak/lifo |Δ| <= 4*n*2**-52*S + 2
ok    T4-stress 199 n=6 D/peak/lifo 闭合 pct 展示值精确相同
ok    T4-stress 199 n=6 D/peak/pro_rata 非 gap 来源逐条相同
ok    T4-stress 199 n=6 D/peak/pro_rata |Δ| <= 4*n*2**-52*S + 2
ok    T4-stress 199 n=6 D/peak/pro_rata 闭合 pct 展示值精确相同
T4-stress max|Δ|=788 raw; occurrences=2; out_of_bound=0
T4_STRESS_SUMMARY {"cases": 200, "edge_count_max": 8, "edge_count_min": 3, "large_max": 4611686018427387904, "large_min": 1125899906842624, "max_abs_delta_occurrences": 2, "max_abs_delta_raw": 788, "max_witnesses": [{"anchor": "current", "case": 101, "delta": -788, "entity": "D", "n": 8, "policy": "pro_rata", "within_bound": true}, {"anchor": "peak", "case": 101, "delta": -788, "entity": "D", "n": 8, "policy": "pro_rata", "within_bound": true}], "negative_delta_count": 360, "nongap_nonempty_cases": 74, "out_of_bound_count": 0, "policies": ["pro_rata", "fifo", "lifo"], "policy_anchor_comparisons": 1200, "positive_delta_count": 270, "seed": 20260915, "small_max": 4086, "small_min": 33, "total_supply_raw": "12379400392853802748991242240"}
ok    T4-stress 固定种子 200 组且三策略两锚点齐全
ok    T4-stress 每组 3–8 边且覆盖非空非 gap 构成
ok    T4-stress 舍入界超界次数为零
