address,chain,name,category,tier,source,added_date,evidence,risk_flags,merge_policy,balance_policy,source_snapshot_at,verified_at,status,raw_labels
0xffffffffffffffffffffffffffffffffffffffff,hyperliquid,HIP-2,infra,exclude,hypurrscan-aliases,2026-07-17,Hypurrscan /globalAliases（2026-07-17 拉取）,,,,2026-07-17,,,
0x0000000000000000000000000000000000000000,hyperliquid,Burn Address 🔥,burn,exclude,hypurrscan-aliases,2026-07-17,Hypurrscan /globalAliases（2026-07-17 拉取）,,,,2026-07-17,,,
0xd9e123f1d89860bca5f368e6cac0ccbf5f6b61af,hyperliquid,RUG Deployer,contract-deployer,identity,hypurrscan-aliases,2026-07-17,Hypurrscan /globalAliases（2026-07-17 拉取）,,,,2026-07-17,,,
0x57fa3dd7d4afd23ad4ffb8dc3f6e0451841f9f1c,hyperliquid,PEPE Deployer,contract-deployer,identity,hypurrscan-aliases,2026-07-17,Hypurrscan /globalAliases（2026-07-17 拉取）,,,,2026-07-17,,,
0x02327a889869195464d32a466d0606053fc19598,hyperliquid,CAPPY Deployer,contract-deployer,identity,hypurrscan-aliases,2026-07-17,Hypurrscan /globalAliases（2026-07-17 拉取）,,,,2026-07-17,,,
0x2857532d16209ada3869fb65df859a3320de5e14,hyperliquid,TRUMP Deployer,contract-deployer,identity,hypurrscan-aliases,2026-07-17,Hypurrscan /globalAliases（2026-07-17 拉取）,,,,2026-07-17,,,
0xcc16ae2ffc076d7bcd5ec3fb1e9aa5c2984133a1,hyperliquid,SIX Deployer,contract-deployer,identity,hypurrscan-aliases,2026-07-17,Hypurrscan /globalAliases（2026-07-17 拉取）,,,,2026-07-17,,,
0x1c49e03f3683fd39bc01751378c7f59cbb97d1b0,hyperliquid,GMEOW Deployer,contract-deployer,identity,hypurrscan-aliases,2026-07-17,Hypurrscan /globalAliases（2026-07-17 拉取）,,,,2026-07-17,,,
0xfe636473dcb6d86bbbb6165dd4b080c2f0decc31,hyperliquid,XULIAN Deployer,contract-deployer,identity,hypurrscan-aliases,2026-07-17,Hypurrscan /globalAliases（2026-07-17 拉取）,,,,2026-07-17,,,
0x17a4ce9320bec0ac79420f0af19848044a469d8d,hyperliquid,POINTS Deployer,contract-deployer,identity,hypurrscan-aliases,2026-07-17,Hypurrscan /globalAliases（2026-07-17 拉取）,,,,2026-07-17,,,
0xe2a0cc663acfe5d7a9cb82a743383297597a8ff3,hyperliquid,HFUN Deployer,contract-deployer,identity,hypurrscan-aliases,2026-07-17,Hypurrscan /globalAliases（2026-07-17 拉取）,,,,2026-07-17,,,
0x8191fed3f7c09fd9ee0fbd4b3ab485911ec6e8cc,hyperliquid,MANLET Deployer,contract-deployer,identity,hypurrscan-aliases,2026-07-17,Hypurrscan /globalAliases（2026-07-17 拉取）,,,,2026-07-17,,,
0x1406125fde50b26bcd783b2cc1ed16a18621df27,hyperliquid,LICK Deployer,contract-deployer,identity,hypurrscan-aliases,2026-07-17,Hypurrscan /globalAliases（2026-07-17 拉取）,,,,2026-07-17,,,
0x1d4c01e15a637cb3cbaf86ffbb02e5a260d01fbc,hyperliquid,PURR Deployer,contract-deployer,identity,hypurrscan-aliases,2026-07-17,Hypurrscan /globalAliases（2026-07-17 拉取）,,,,2026-07-17,,,
0x86c66b00257dc08d4e33dc7c50e9a05c1937b397,hyperliquid,WAGMI Deployer,contract-deployer,identity,hypurrscan-aliases,2026-07-17,Hypurrscan /globalAliases（2026-07-17 拉取）,,,,2026-07-17,,,
0x81196517de1d77ebc8a1951c3ea1a103e732479c,hyperliquid,JEFF Deployer,contract-deployer,identity,hypurrscan-aliases,2026-07-17,Hypurrscan /globalAliases（2026-07-17 拉取）,,,,2026-07-17,,,
0x501a76325a353a4249740ada1d4bce46dbdd67d6,hyperliquid,HFUN Fees Receiver,entity,identity,hypurrscan-aliases,2026-07-17,Hypurrscan /globalAliases（2026-07-17 拉取）,,,,2026-07-17,,,
0xfacb7404c1fad06444bda161d1304e4b7aa14e77,hyperliquid,FUCKY Deployer,contract-deployer,identity,hypurrscan-aliases,2026-07-17,Hypurrscan /globalAliases（2026-07-17 拉取）,,,,2026-07-17,,,
0xf517639a8872e756ac98d3c65507d2ebc25cc032,hyperliquid,BRIDGE Deployer,contract-deployer,identity,hypurrscan-aliases,2026-07-17,Hypurrscan /globalAliases（2026-07-17 拉取）,,,,2026-07-17,,,
0x658be0b5fd675b279779d45990904c6392c8b49f,hyperliquid,BAGS Deployer,contract-deployer,identity,hypurrscan-aliases,2026-07-17,Hypurrscan /globalAliases（2026-07-17 拉取）,,,,2026-07-17,,,
0xedf5a40efa20b78beffc2e1c02be97b9fb726662,hyperliquid,ANSEM Deployer,contract-deployer,identity,hypurrscan-aliases,2026-07-17,Hypurrscan /globalAliases（2026-07-17 拉取）,,,,2026-07-17,,,
0xa9fb6044fc1f468955995b2c637bdc4ba7c1d2ea,hyperliquid,TATE Deployer,contract-deployer,identity,hypurrscan-aliases,2026-07-17,Hypurrscan /globalAliases（2026-07-17 拉取）,,,,2026-07-17,,,
0x3897a4701f7da780384c4ba44ef30ed7b18c3830,hyperliquid,PUMP Deployer,contract-deployer,identity,hypurrscan-aliases,2026-07-17,Hypurrscan /globalAliases（2026-07-17 拉取）,,,,2026-07-17,,,
0x000000000000000000000000000000000000dead,hyperliquid,Burn Address 🔥,burn,exclude,hypurrscan-aliases,2026-07-17,Hypurrscan /globalAliases（2026-07-17 拉取）,,,,2026-07-17,,,
0xfa10fcd5f3e56d87b76bbe5c62d85c422ed25342,hyperliquid,KOBE Deployer,contract-deployer,identity,hypurrscan-aliases,2026-07-17,Hypurrscan /globalAliases（2026-07-17 拉取）,,,,2026-07-17,,,
0x942f00b378fdb388bfae1723ea3b7953b2ae6969,hyperliquid,XULIAN/ILIENS Dev Wallet,entity,identity,hypurrscan-aliases,2026-07-17,Hypurrscan /globalAliases（2026-07-17 拉取）,,,,2026-07-17,,,
0xf634efe7ecc04d2be811f4968d12c7ea7b458b98,hyperliquid,HAPPY Deployer,contract-deployer,identity,hypurrscan-aliases,2026-07-17,Hypurrscan /globalAliases（2026-07-17 拉取）,,,,2026-07-17,,,
0x03738f950aa079dc8afbe287244111f29e2d3bb5,hyperliquid,SELL Deployer,contract-deployer,identity,hypurrscan-aliases,2026-07-17,Hypurrscan /globalAliases（2026-07-17 拉取）,,,,2026-07-17,,,
0x27bf82cee5693f43d32773d884ba8727c8e89b90,hyperliquid,CATNIP Deployer,contract-deployer,identity,hypurrscan-aliases,2026-07-17,Hypurrscan /globalAliases（2026-07-17 拉取）,,,,2026-07-17,,,
0x691cf5e7448cafdf338ad1524ebfab5a7af1f179,hyperliquid,HBOOST Deployer,contract-deployer,identity,hypurrscan-aliases,2026-07-17,Hypurrscan /globalAliases（2026-07-17 拉取）,,,,2026-07-17,,,
0x23627d1c69aa13504e412035f42087685609d52e,hyperliquid,FARMED Deployer,contract-deployer,identity,hypurrscan-aliases,2026-07-17,Hypurrscan /globalAliases（2026-07-17 拉取）,,,,2026-07-17,,,
0xc3c92e91002019e2cabce59c5e9965a99c530526,hyperliquid,BIGBEN Deployer,contract-deployer,identity,hypurrscan-aliases,2026-07-17,Hypurrscan /globalAliases（2026-07-17 拉取）,,,,2026-07-17,,,
0xd92b8d4877ecf955ae50f154f7bf3f8c298bbcac,hyperliquid,HFUN Gambling Wallet,entity,identity,hypurrscan-aliases,2026-07-17,Hypurrscan /globalAliases（2026-07-17 拉取）,,,,2026-07-17,,,
0xf2e65447c789bb64c8d5991a468f0eecf5bf8408,hyperliquid,GUP Deployer,contract-deployer,identity,hypurrscan-aliases,2026-07-17,Hypurrscan /globalAliases（2026-07-17 拉取）,,,,2026-07-17,,,
0x0c29bcec93af225ff7687684242b3c69efa1e00f,hyperliquid,GPT Deployer,contract-deployer,identity,hypurrscan-aliases,2026-07-17,Hypurrscan /globalAliases（2026-07-17 拉取）,,,,2026-07-17,,,
0xeacdb112d3d7882af10ef31b65e6addb595092d0,hyperliquid,PANDA Deployer,contract-deployer,identity,hypurrscan-aliases,2026-07-17,Hypurrscan /globalAliases（2026-07-17 拉取）,,,,2026-07-17,,,
0xeb074cf1766076c39c10ce960676c73f0b6dd01b,hyperliquid,BID Deployer,contract-deployer,identity,hypurrscan-aliases,2026-07-17,Hypurrscan /globalAliases（2026-07-17 拉取）,,,,2026-07-17,,,
0xb0aa36bf209358a423d9ecee67194e218c0c639b,hyperliquid,HODL Deployer,contract-deployer,identity,hypurrscan-aliases,2026-07-17,Hypurrscan /globalAliases（2026-07-17 拉取）,,,,2026-07-17,,,
0xd5d04ad6d8170631ba6f293d8a015dfa445b22c6,hyperliquid,VEGAS Deployer,contract-deployer,identity,hypurrscan-aliases,2026-07-17,Hypurrscan /globalAliases（2026-07-17 拉取）,,,,2026-07-17,,,
0xd3042dd32cc3ce05d45ee185714bc8fed59593f6,hyperliquid,RAGE Deployer,contract-deployer,identity,hypurrscan-aliases,2026-07-17,Hypurrscan /globalAliases（2026-07-17 拉取）,,,,2026-07-17,,,
0xae899cbbdab7c3d520e07a4f9b7ca74c6ab60b0f,hyperliquid,VEGAS Gambling,entity,identity,hypurrscan-aliases,2026-07-17,Hypurrscan /globalAliases（2026-07-17 拉取）,,,,2026-07-17,,,
0x1d93b5d8e7cb0a4c31e62caf14b37b8c3f5dcf35,hyperliquid,ASI Deployer,contract-deployer,identity,hypurrscan-aliases,2026-07-17,Hypurrscan /globalAliases（2026-07-17 拉取）,,,,2026-07-17,,,
0xdfc24b077bc1425ad1dea75bcb6f8158e10df303,hyperliquid,HLP Vault,locker,identity,hypurrscan-aliases,2026-07-17,Hypurrscan /globalAliases（2026-07-17 拉取）,,,,2026-07-17,,,
0x0aadc54a9e78cfe2e971aa8edcedea9c6df01f46,hyperliquid,LEAP Deployer,contract-deployer,identity,hypurrscan-aliases,2026-07-17,Hypurrscan /globalAliases（2026-07-17 拉取）,,,,2026-07-17,,,
0xea09dee22e4a666bf36c2d70f24340f2214bd1d9,hyperliquid,VAPOR Deployer,contract-deployer,identity,hypurrscan-aliases,2026-07-17,Hypurrscan /globalAliases（2026-07-17 拉取）,,,,2026-07-17,,,
0x0cbf655b0d22ae71fba3a674b0e1c0c7e7f975af,hyperliquid,PVP Deployer,contract-deployer,identity,hypurrscan-aliases,2026-07-17,Hypurrscan /globalAliases（2026-07-17 拉取）,,,,2026-07-17,,,
0x8bf6549046ab9c3d44f028a125db68195db8c82b,hyperliquid,X Deployer,contract-deployer,identity,hypurrscan-aliases,2026-07-17,Hypurrscan /globalAliases（2026-07-17 拉取）,,,,2026-07-17,,,
0xceebc1c8e24786d9232e75ff1780835f23dff314,hyperliquid,PILL Deployer,contract-deployer,identity,hypurrscan-aliases,2026-07-17,Hypurrscan /globalAliases（2026-07-17 拉取）,,,,2026-07-17,,,
0x89ce7c0adf950341d48213db84421aed654acb84,hyperliquid,ADHD Deployer,contract-deployer,identity,hypurrscan-aliases,2026-07-17,Hypurrscan /globalAliases（2026-07-17 拉取）,,,,2026-07-17,,,
0x7febc701f0f6cef52048c669a5147cf1f59dbdd0,hyperliquid,PANDA Marketing Wallet,entity,identity,hypurrscan-aliases,2026-07-17,Hypurrscan /globalAliases（2026-07-17 拉取）,,,,2026-07-17,,,
0x3fe30840133d2a934838ffe8fd4742748c8308a4,hyperliquid,Derteil Group Wallet,entity,identity,hypurrscan-aliases,2026-07-17,Hypurrscan /globalAliases（2026-07-17 拉取）,,,,2026-07-17,,,
0xfd6aee13b037fe2644dbff826e3642338a205907,hyperliquid,LADY Deployer,contract-deployer,identity,hypurrscan-aliases,2026-07-17,Hypurrscan /globalAliases（2026-07-17 拉取）,,,,2026-07-17,,,
0x1fd395a66cf70e897333acdd2dc7b7986f7b960c,hyperliquid,CAT Deployer,contract-deployer,identity,hypurrscan-aliases,2026-07-17,Hypurrscan /globalAliases（2026-07-17 拉取）,,,,2026-07-17,,,
0xb3af7525b712ee29b12fc00b91c19659a0af3724,hyperliquid,HPEPE Deployer,contract-deployer,identity,hypurrscan-aliases,2026-07-17,Hypurrscan /globalAliases（2026-07-17 拉取）,,,,2026-07-17,,,
0xda9ce995def8f2cb0fbe3716c8b194099b0d260b,hyperliquid,MBAPPE Deployer,contract-deployer,identity,hypurrscan-aliases,2026-07-17,Hypurrscan /globalAliases（2026-07-17 拉取）,,,,2026-07-17,,,
0x017e1f81b2e17bd02c4cd337fcbeabe01a0b4bf0,hyperliquid,LADY Dev 1,entity,identity,hypurrscan-aliases,2026-07-17,Hypurrscan /globalAliases（2026-07-17 拉取）,,,,2026-07-17,,,
0xe07e9cfd33830fd3790ad93e78615019c0cb42c1,hyperliquid,LADY Dev 2,entity,identity,hypurrscan-aliases,2026-07-17,Hypurrscan /globalAliases（2026-07-17 拉取）,,,,2026-07-17,,,
0x6011fdf081afd0aab6c04420ed31cc3ae6e0756b,hyperliquid,LADY Milady Airdrop,entity,identity,hypurrscan-aliases,2026-07-17,Hypurrscan /globalAliases（2026-07-17 拉取）,,,,2026-07-17,,,
0x6f582a74e2710a27ce3e715628056e2a66062618,hyperliquid,LADY Remilio Airdrop,entity,identity,hypurrscan-aliases,2026-07-17,Hypurrscan /globalAliases（2026-07-17 拉取）,,,,2026-07-17,,,
0x832efd3d0221c57641b616b999712a24282a39c6,hyperliquid,MAGA Deployer,contract-deployer,identity,hypurrscan-aliases,2026-07-17,Hypurrscan /globalAliases（2026-07-17 拉取）,,,,2026-07-17,,,
0xbd5a839d9cfbc3f439249fc0e0bea6576cfa8c7a,hyperliquid,MOG Deployer,contract-deployer,identity,hypurrscan-aliases,2026-07-17,Hypurrscan /globalAliases（2026-07-17 拉取）,,,,2026-07-17,,,
0x3109836d33dd4c7f9572d67d941d262956675d8c,hyperliquid,OMNIX Deployer,contract-deployer,identity,hypurrscan-aliases,2026-07-17,Hypurrscan /globalAliases（2026-07-17 拉取）,,,,2026-07-17,,,
0xed548674aa909c7707f124fb1ead0d7cd81bc96f,hyperliquid,COKE Deployer,contract-deployer,identity,hypurrscan-aliases,2026-07-17,Hypurrscan /globalAliases（2026-07-17 拉取）,,,,2026-07-17,,,
0x1f63c911f680ade9bf7f8984fac2128873c2b7a7,hyperliquid,JEET Deployer,contract-deployer,identity,hypurrscan-aliases,2026-07-17,Hypurrscan /globalAliases（2026-07-17 拉取）,,,,2026-07-17,,,
0x3b7d601e09c85ab0b703f6cd73ff7f7743e8c963,hyperliquid,DROP Deployer,contract-deployer,identity,hypurrscan-aliases,2026-07-17,Hypurrscan /globalAliases（2026-07-17 拉取）,,,,2026-07-17,,,
0xca7da183ab7fa317c670e36b90b2c99033ca76ca,hyperliquid,CBD Deployer,contract-deployer,identity,hypurrscan-aliases,2026-07-17,Hypurrscan /globalAliases（2026-07-17 拉取）,,,,2026-07-17,,,
0xdaa29f6264adf4e8ce8e5237155ed984a9b31b17,hyperliquid,ARI Deployer,contract-deployer,identity,hypurrscan-aliases,2026-07-17,Hypurrscan /globalAliases（2026-07-17 拉取）,,,,2026-07-17,,,
0x3f83e35c73e9f5877d51d417c6751a8610e5c9ca,hyperliquid,TEST Deployer,contract-deployer,identity,hypurrscan-aliases,2026-07-17,Hypurrscan /globalAliases（2026-07-17 拉取）,,,,2026-07-17,,,
0x73fb3ae549399540e3d7c74cc522c712f7924b1e,hyperliquid,KING Deployer,contract-deployer,identity,hypurrscan-aliases,2026-07-17,Hypurrscan /globalAliases（2026-07-17 拉取）,,,,2026-07-17,,,
0xe8f7355a17fc67219fd6d15fc9ffd5662977957b,hyperliquid,MEOW Deployer,contract-deployer,identity,hypurrscan-aliases,2026-07-17,Hypurrscan /globalAliases（2026-07-17 拉取）,,,,2026-07-17,,,
0x66f814d91a1425545d5bc3536ebaf7ea465e7f22,hyperliquid,ANT Deployer,contract-deployer,identity,hypurrscan-aliases,2026-07-17,Hypurrscan /globalAliases（2026-07-17 拉取）,,,,2026-07-17,,,
0x95c2c8c86c964f0b456ec7a78d3e354cf41b3df4,hyperliquid,FRAC Deployer,contract-deployer,identity,hypurrscan-aliases,2026-07-17,Hypurrscan /globalAliases（2026-07-17 拉取）,,,,2026-07-17,,,
0xcf8e93f898645bc6866ffaf7190f1fb73907efc1,hyperliquid,Rage Treasury,entity,identity,hypurrscan-aliases,2026-07-17,Hypurrscan /globalAliases（2026-07-17 拉取）,,,,2026-07-17,,,
0x2a0d83fb5f9a8454510bf35160ed94fd28505c11,hyperliquid,Rage Investors + Airdrop,entity,identity,hypurrscan-aliases,2026-07-17,Hypurrscan /globalAliases（2026-07-17 拉取）,,,,2026-07-17,,,
0x7d624801687122b1f18bce2f8840909b21ea8c67,hyperliquid,Rage Team,fund,identity,hypurrscan-aliases,2026-07-17,Hypurrscan /globalAliases（2026-07-17 拉取）,,,,2026-07-17,,,
0xa308807e617eccfc2c24e48b01c1450efa767e01,hyperliquid,Rage MM / Product,entity,identity,hypurrscan-aliases,2026-07-17,Hypurrscan /globalAliases（2026-07-17 拉取）,,,,2026-07-17,,,
0xdfdeb39d0bc98e37d3f13b05226b19173acba087,hyperliquid,ATEHUN Deployer,contract-deployer,identity,hypurrscan-aliases,2026-07-17,Hypurrscan /globalAliases（2026-07-17 拉取）,,,,2026-07-17,,,
0x4dbea9091a531c765dba925b51158b0a39b204b5,hyperliquid,FRCT Deployer,contract-deployer,identity,hypurrscan-aliases,2026-07-17,Hypurrscan /globalAliases（2026-07-17 拉取）,,,,2026-07-17,,,
0x51ccab0c00a4f504006beac2866b752366dc38de,hyperliquid,COZY Deployer,contract-deployer,identity,hypurrscan-aliases,2026-07-17,Hypurrscan /globalAliases（2026-07-17 拉取）,,,,2026-07-17,,,
0xcb8d50069bec6deb5cc4b77bdc0d419db0722d74,hyperliquid,WASH Deployer,contract-deployer,identity,hypurrscan-aliases,2026-07-17,Hypurrscan /globalAliases（2026-07-17 拉取）,,,,2026-07-17,,,
0xd03aea67adc416e7859c5c8ec8be1c24744f4f39,hyperliquid,POP Deployer,contract-deployer,identity,hypurrscan-aliases,2026-07-17,Hypurrscan /globalAliases（2026-07-17 拉取）,,,,2026-07-17,,,
0xb4ddb756ca3f97a3113accfcb3d4a1dcb5bcd337,hyperliquid,NFT Deployer,contract-deployer,identity,hypurrscan-aliases,2026-07-17,Hypurrscan /globalAliases（2026-07-17 拉取）,,,,2026-07-17,,,
0x5b9ac4e6fbf52a3da3f23734b7aa23ea8e802a2d,hyperliquid,JEFE Deployer,contract-deployer,identity,hypurrscan-aliases,2026-07-17,Hypurrscan /globalAliases（2026-07-17 拉取）,,,,2026-07-17,,,
0x9035e9004a4f1e88c296be507c5cea8f99ff8a63,hyperliquid,PEAR Deployer,contract-deployer,identity,hypurrscan-aliases,2026-07-17,Hypurrscan /globalAliases（2026-07-17 拉取）,,,,2026-07-17,,,
0xb2f0c54ffe483889d85d3de8ec5f9caf71d33795,hyperliquid,RICH Deployer,contract-deployer,identity,hypurrscan-aliases,2026-07-17,Hypurrscan /globalAliases（2026-07-17 拉取）,,,,2026-07-17,,,
0x27567c705a6d2b41f62990c8177a31be99b21e1a,hyperliquid,HyBridge,entity,identity,hypurrscan-aliases,2026-07-17,Hypurrscan /globalAliases（2026-07-17 拉取）,,,,2026-07-17,,,
0x74c362cd3a141769f38c48d66ee51b1938ea4bd0,hyperliquid,HyBridge Fees Recipient,entity,identity,hypurrscan-aliases,2026-07-17,Hypurrscan /globalAliases（2026-07-17 拉取）,,,,2026-07-17,,,
0x2d527153b2cf01a3a631ca55bc90d94851476251,hyperliquid,GUESS Deployer,contract-deployer,identity,hypurrscan-aliases,2026-07-17,Hypurrscan /globalAliases（2026-07-17 拉取）,,,,2026-07-17,,,
0x2037c15fdbdd5288ef08f475c73aed58b4410675,hyperliquid,Sucky OTC Escrow,entity,identity,hypurrscan-aliases,2026-07-17,Hypurrscan /globalAliases（2026-07-17 拉取）,,,,2026-07-17,,,
0x302bb74dfb8c8eca0d2f15d25f5b5aa7e65e474d,hyperliquid,LORA Deployer,contract-deployer,identity,hypurrscan-aliases,2026-07-17,Hypurrscan /globalAliases（2026-07-17 拉取）,,,,2026-07-17,,,
0x48a43adc33f28fd2d3d4f1ba78578011f1c5a821,hyperliquid,CATBAL Deployer,contract-deployer,identity,hypurrscan-aliases,2026-07-17,Hypurrscan /globalAliases（2026-07-17 拉取）,,,,2026-07-17,,,
0xf55b60d2abc2feaf9a5e19218946d745946b51dd,hyperliquid,TJIF Deployer,contract-deployer,identity,hypurrscan-aliases,2026-07-17,Hypurrscan /globalAliases（2026-07-17 拉取）,,,,2026-07-17,,,
0x45780eae98fd7b2d1a95c659d1dd8bf49352c8be,hyperliquid,NEIRO Deployer,contract-deployer,identity,hypurrscan-aliases,2026-07-17,Hypurrscan /globalAliases（2026-07-17 拉取）,,,,2026-07-17,,,
0x66d8d916ec65cb1a0cdec15902509e64f39476cf,hyperliquid,LPOINT,entity,identity,hypurrscan-aliases,2026-07-17,Hypurrscan /globalAliases（2026-07-17 拉取）,,,,2026-07-17,,,
0xe91a790292870ef71f70bf8a98a01e11deef3a74,hyperliquid,TIME Deployer,contract-deployer,identity,hypurrscan-aliases,2026-07-17,Hypurrscan /globalAliases（2026-07-17 拉取）,,,,2026-07-17,,,
0x4b22183eac58e092a10c3106398038792f9175fc,hyperliquid,MBAPPE Games,entity,identity,hypurrscan-aliases,2026-07-17,Hypurrscan /globalAliases（2026-07-17 拉取）,,,,2026-07-17,,,
0x8b170c5e9b86864111a6b5faf1f2693ad03a5416,hyperliquid,BERA Deployer,contract-deployer,identity,hypurrscan-aliases,2026-07-17,Hypurrscan /globalAliases（2026-07-17 拉取）,,,,2026-07-17,,,
0xd7243fb411a1a719bf803594dd86656dac9c0624,hyperliquid,RAGE HLP 1,entity,identity,hypurrscan-aliases,2026-07-17,Hypurrscan /globalAliases（2026-07-17 拉取）,,,,2026-07-17,,,
0x810a4776ad6dc53525afff4f484654ae15c147f7,hyperliquid,DOG Deployer,contract-deployer,identity,hypurrscan-aliases,2026-07-17,Hypurrscan /globalAliases（2026-07-17 拉取）,,,,2026-07-17,,,
0xe98296e077ff68ee3ce2fd6b20326090ce046bf1,hyperliquid,MOON Deployer,contract-deployer,identity,hypurrscan-aliases,2026-07-17,Hypurrscan /globalAliases（2026-07-17 拉取）,,,,2026-07-17,,,
0xae4f5e34268bd33034d9072ea925f5f4e606442b,hyperliquid,MAXI Deployer,contract-deployer,identity,hypurrscan-aliases,2026-07-17,Hypurrscan /globalAliases（2026-07-17 拉取）,,,,2026-07-17,,,
0x2e3d94f0562703b25c83308a05046ddaf9a8dd14,hyperliquid,Liquidator,entity,identity,hypurrscan-aliases,2026-07-17,Hypurrscan /globalAliases（2026-07-17 拉取）,,,,2026-07-17,,,
0xd1db7569d47ff5ec4c3a6ec38d6ed06ab47d379c,hyperliquid,PAIN Deployer,contract-deployer,identity,hypurrscan-aliases,2026-07-17,Hypurrscan /globalAliases（2026-07-17 拉取）,,,,2026-07-17,,,
0x17d39f053ce7ba34f56184dc0153093b380902a7,hyperliquid,RAGE HLP 2,entity,identity,hypurrscan-aliases,2026-07-17,Hypurrscan /globalAliases（2026-07-17 拉取）,,,,2026-07-17,,,
0x17fef9863dd6232ecfc4471710e4ee49610fd43e,hyperliquid,VDO Deployer,contract-deployer,identity,hypurrscan-aliases,2026-07-17,Hypurrscan /globalAliases（2026-07-17 拉取）,,,,2026-07-17,,,
0xe2e1c6108a46d02ab83e51efd90f9372e6632784,hyperliquid,HQ Deployer,contract-deployer,identity,hypurrscan-aliases,2026-07-17,Hypurrscan /globalAliases（2026-07-17 拉取）,,,,2026-07-17,,,
0xe0357c877684c1d76da30c1e09ccb425bc710fd2,hyperliquid,EUR Deployer,contract-deployer,identity,hypurrscan-aliases,2026-07-17,Hypurrscan /globalAliases（2026-07-17 拉取）,,,,2026-07-17,,,
0x9245105d3e0c2bc23fcd904b490932e5c3b5b4e4,hyperliquid,REGARD Deployer,contract-deployer,identity,hypurrscan-aliases,2026-07-17,Hypurrscan /globalAliases（2026-07-17 拉取）,,,,2026-07-17,,,
0xb7218f965899e42eefbb961f19710677ae196e89,hyperliquid,YUM Deployer,contract-deployer,identity,hypurrscan-aliases,2026-07-17,Hypurrscan /globalAliases（2026-07-17 拉取）,,,,2026-07-17,,,
0xc257182616c2cc71204ab19bd846493914bdc8e8,hyperliquid,REKT Deployer,contract-deployer,identity,hypurrscan-aliases,2026-07-17,Hypurrscan /globalAliases（2026-07-17 拉取）,,,,2026-07-17,,,
0xa0fe8b388f867b74d464338969e190c48e654483,hyperliquid,NMTD Deployer,contract-deployer,identity,hypurrscan-aliases,2026-07-17,Hypurrscan /globalAliases（2026-07-17 拉取）,,,,2026-07-17,,,
0xec75eff270430c872d903efa52f21114f9e88c6a,hyperliquid,HPUMP Deployer,contract-deployer,identity,hypurrscan-aliases,2026-07-17,Hypurrscan /globalAliases（2026-07-17 拉取）,,,,2026-07-17,,,
0x5a8e2fa814e7fac672b6ad020254c1e35e29e35c,hyperliquid,PIGEON Deployer,contract-deployer,identity,hypurrscan-aliases,2026-07-17,Hypurrscan /globalAliases（2026-07-17 拉取）,,,,2026-07-17,,,
0x8138ef3a4776b9a451552a1f45afdb804b3db878,hyperliquid,LAUNCH Deployer,contract-deployer,identity,hypurrscan-aliases,2026-07-17,Hypurrscan /globalAliases（2026-07-17 拉取）,,,,2026-07-17,,,
0x213a47dce8381f55b42c88f67b2a359fca79daf0,hyperliquid,IRL Deployer,contract-deployer,identity,hypurrscan-aliases,2026-07-17,Hypurrscan /globalAliases（2026-07-17 拉取）,,,,2026-07-17,,,
0xfb4fa056d1306b27a3da359c9400ee50961f7519,hyperliquid,WOW Deployer,contract-deployer,identity,hypurrscan-aliases,2026-07-17,Hypurrscan /globalAliases（2026-07-17 拉取）,,,,2026-07-17,,,
0xd53bf4d9d0f14772587cdd39fec7a1bff8f9072a,hyperliquid,CINDY Deployer,contract-deployer,identity,hypurrscan-aliases,2026-07-17,Hypurrscan /globalAliases（2026-07-17 拉取）,,,,2026-07-17,,,
0xa4a59b332d9a9a4d065f2563b4fdad12104a9fdd,hyperliquid,CHINA Deployer,contract-deployer,identity,hypurrscan-aliases,2026-07-17,Hypurrscan /globalAliases（2026-07-17 拉取）,,,,2026-07-17,,,
0x7706c32b818aa060951fbbdd9d27d94c55799cfb,hyperliquid,STACK Deployer,contract-deployer,identity,hypurrscan-aliases,2026-07-17,Hypurrscan /globalAliases（2026-07-17 拉取）,,,,2026-07-17,,,
0xf5e8f54d56eff9d890637156bef5b4d15ce1037b,hyperliquid,FRIED Deployer,contract-deployer,identity,hypurrscan-aliases,2026-07-17,Hypurrscan /globalAliases（2026-07-17 拉取）,,,,2026-07-17,,,
0x1dc67adaf9f163c5b1a95043addbdfa1af58e512,hyperliquid,2TheMoon,entity,identity,hypurrscan-aliases,2026-07-17,Hypurrscan /globalAliases（2026-07-17 拉取）,,,,2026-07-17,,,
0x9cb8214e4b919fea5ebc464c625c89af47eda038,hyperliquid,PICKL Deployer,contract-deployer,identity,hypurrscan-aliases,2026-07-17,Hypurrscan /globalAliases（2026-07-17 拉取）,,,,2026-07-17,,,
0x548bcc91fd6a6fd88d22fd0acda24f07bee3a90d,hyperliquid,SHREK Deployer,contract-deployer,identity,hypurrscan-aliases,2026-07-17,Hypurrscan /globalAliases（2026-07-17 拉取）,,,,2026-07-17,,,
0x8324e7228c5fd4f2effce437d080b196e3ecc962,hyperliquid,NOCEX Deployer,contract-deployer,identity,hypurrscan-aliases,2026-07-17,Hypurrscan /globalAliases（2026-07-17 拉取）,,,,2026-07-17,,,
0x0e291f917489d7f5a7035a302d7fea7861aa1d95,hyperliquid,VAULT Deployer,contract-deployer,identity,hypurrscan-aliases,2026-07-17,Hypurrscan /globalAliases（2026-07-17 拉取）,,,,2026-07-17,,,
0x57d079ac69c6fb58cd21efe18b53f099b8a2f43d,hyperliquid,RANK Deployer,contract-deployer,identity,hypurrscan-aliases,2026-07-17,Hypurrscan /globalAliases（2026-07-17 拉取）,,,,2026-07-17,,,
0x753eb2b947cdd07fd3150d04938dbac0e7c422b6,hyperliquid,L Deployer,contract-deployer,identity,hypurrscan-aliases,2026-07-17,Hypurrscan /globalAliases（2026-07-17 拉取）,,,,2026-07-17,,,
0x53821607b55b6a105a29f6fcfb1d62937a6c846a,hyperliquid,H Deployer,contract-deployer,identity,hypurrscan-aliases,2026-07-17,Hypurrscan /globalAliases（2026-07-17 拉取）,,,,2026-07-17,,,
0x088b8b91e4416729f00c65cd9743099c3bebd1f8,hyperliquid,OMNIX Foundation Treasury,fund,identity,hypurrscan-aliases,2026-07-17,Hypurrscan /globalAliases（2026-07-17 拉取）,,,,2026-07-17,,,
0xf4d039ceb0923f05ace70d0dd5dc47135706742c,hyperliquid,OMNIX Team Alloc,fund,identity,hypurrscan-aliases,2026-07-17,Hypurrscan /globalAliases（2026-07-17 拉取）,,,,2026-07-17,,,
0x27c56e8fc7a25133aae6806675f1a40a07e2d0b5,hyperliquid,OMNIX Future Airdrops,entity,identity,hypurrscan-aliases,2026-07-17,Hypurrscan /globalAliases（2026-07-17 拉取）,,,,2026-07-17,,,
0x7462845702ac54eb2e5837d1fde0323f6e053e11,hyperliquid,OMNIX Angel Alloc,entity,identity,hypurrscan-aliases,2026-07-17,Hypurrscan /globalAliases（2026-07-17 拉取）,,,,2026-07-17,,,
0x8b8f6fcdfed5d9cac1676eed0c99e3d40cf828ed,hyperliquid,OMNIX Fjord Stakers Alloc,entity,identity,hypurrscan-aliases,2026-07-17,Hypurrscan /globalAliases（2026-07-17 拉取）,,,,2026-07-17,,,
0x103370a308e24406e0fe897ab2178fc33faffc89,hyperliquid,G Deployer,contract-deployer,identity,hypurrscan-aliases,2026-07-17,Hypurrscan /globalAliases（2026-07-17 拉取）,,,,2026-07-17,,,
0xae551d73161bac3315c5ade0e2d499a44ebe2236,hyperliquid,SCAM Deployer,contract-deployer,identity,hypurrscan-aliases,2026-07-17,Hypurrscan /globalAliases（2026-07-17 拉取）,,,,2026-07-17,,,
0x30a712758896b443d447f486737b91b54161e64f,hyperliquid,MONAD Deployer,contract-deployer,identity,hypurrscan-aliases,2026-07-17,Hypurrscan /globalAliases（2026-07-17 拉取）,,,,2026-07-17,,,
0x716008a4371137638f196eb2fefaaa960c05d47c,hyperliquid,BOZO Deployer,contract-deployer,identity,hypurrscan-aliases,2026-07-17,Hypurrscan /globalAliases（2026-07-17 拉取）,,,,2026-07-17,,,
0x132d6953da74dd1ccade7da0c3fa312179f0621c,hyperliquid,RIP Deployer,contract-deployer,identity,hypurrscan-aliases,2026-07-17,Hypurrscan /globalAliases（2026-07-17 拉取）,,,,2026-07-17,,,
0x1b84c33a276bb691ed1b302a717a2a56cd2cbe8a,hyperliquid,UP Deployer,contract-deployer,identity,hypurrscan-aliases,2026-07-17,Hypurrscan /globalAliases（2026-07-17 拉取）,,,,2026-07-17,,,
0x6cde5a540dfe2b62756af22307f2d3f0655d1cb4,hyperliquid,GIGA Deployer,contract-deployer,identity,hypurrscan-aliases,2026-07-17,Hypurrscan /globalAliases（2026-07-17 拉取）,,,,2026-07-17,,,
0x72c5272299db16e19f485adfe8014e7b2fbb7301,hyperliquid,FELIX Deployer,contract-deployer,identity,hypurrscan-aliases,2026-07-17,Hypurrscan /globalAliases（2026-07-17 拉取）,,,,2026-07-17,,,
0xef21f6a8b2e3309d9edeeec6b0bb7963088814bf,hyperliquid,SPH Deployer,contract-deployer,identity,hypurrscan-aliases,2026-07-17,Hypurrscan /globalAliases（2026-07-17 拉取）,,,,2026-07-17,,,
0x39424a9c27d44c5d2207c1a9ade27d42fb114e1f,hyperliquid,STHYPE Deployer,contract-deployer,identity,hypurrscan-aliases,2026-07-17,Hypurrscan /globalAliases（2026-07-17 拉取）,,,,2026-07-17,,,
0x0e61a8fb14f6ac999646212d30b2192cd02080dd,hyperliquid,HPL Deployer,contract-deployer,identity,hypurrscan-aliases,2026-07-17,Hypurrscan /globalAliases（2026-07-17 拉取）,,,,2026-07-17,,,
0x84829a19ce8bc35f501cd8751e072b73720d73dd,hyperliquid,KHYPE Deployer,contract-deployer,identity,hypurrscan-aliases,2026-07-17,Hypurrscan /globalAliases（2026-07-17 拉取）,,,,2026-07-17,,,
0x754ab7fd1c671a5b142c1973bf8db9503a2924b7,hyperliquid,Schizo Bot,entity,identity,hypurrscan-aliases,2026-07-17,Hypurrscan /globalAliases（2026-07-17 拉取）,,,,2026-07-17,,,
0x4d90593520274f86e4a6d6d6c996e25fc8bf70e6,hyperliquid,HOPE Deployer,contract-deployer,identity,hypurrscan-aliases,2026-07-17,Hypurrscan /globalAliases（2026-07-17 拉取）,,,,2026-07-17,,,
0x80e2661dc0236b747728ee9d1c0f059872248ce4,hyperliquid,RAGE HLP 3,entity,identity,hypurrscan-aliases,2026-07-17,Hypurrscan /globalAliases（2026-07-17 拉取）,,,,2026-07-17,,,
0xe8f497cfe4a6354937ed85a87bf1e420928d1f01,hyperliquid,SHOE Deployer,contract-deployer,identity,hypurrscan-aliases,2026-07-17,Hypurrscan /globalAliases（2026-07-17 拉取）,,,,2026-07-17,,,
0x51172933b60847085e2a959e860e2ec9e240ac09,hyperliquid,KNTQ Deployer,contract-deployer,identity,hypurrscan-aliases,2026-07-17,Hypurrscan /globalAliases（2026-07-17 拉取）,,,,2026-07-17,,,
0x5baa66a5cf462c692629fc29ba31d2253eca4958,hyperliquid,BUSSY Deployer,contract-deployer,identity,hypurrscan-aliases,2026-07-17,Hypurrscan /globalAliases（2026-07-17 拉取）,,,,2026-07-17,,,
0xd269f94c311149affd729cb81346af9827c010ad,hyperliquid,FATCAT Deployer,contract-deployer,identity,hypurrscan-aliases,2026-07-17,Hypurrscan /globalAliases（2026-07-17 拉取）,,,,2026-07-17,,,
0xa2648c83c50096876ef3a5ab97dee3ad71523488,hyperliquid,PIP Deployer,contract-deployer,identity,hypurrscan-aliases,2026-07-17,Hypurrscan /globalAliases（2026-07-17 拉取）,,,,2026-07-17,,,
0x32f1370ba42f25460faae3ffa58082fc582bfb5a,hyperliquid,YEETI Deployer,contract-deployer,identity,hypurrscan-aliases,2026-07-17,Hypurrscan /globalAliases（2026-07-17 拉取）,,,,2026-07-17,,,
0x9e0f1cc5484416e70e0e4ee105468354441d8519,hyperliquid,JEFF Deployer (MM),contract-deployer,identity,hypurrscan-aliases,2026-07-17,Hypurrscan /globalAliases（2026-07-17 拉取）,,,,2026-07-17,,,
0x214edb25b63ffe3602489cbee99a7ef656adb173,hyperliquid,LQNA Deployer,contract-deployer,identity,hypurrscan-aliases,2026-07-17,Hypurrscan /globalAliases（2026-07-17 拉取）,,,,2026-07-17,,,
0x69db7144bcb475414a3faea560690525d4687ca1,hyperliquid,NASDAQ Deployer,contract-deployer,identity,hypurrscan-aliases,2026-07-17,Hypurrscan /globalAliases（2026-07-17 拉取）,,,,2026-07-17,,,
0xd0501b7f0e336b223aa3ae8ebe21348c6b16911f,hyperliquid,RUGMAN Treasury,entity,identity,hypurrscan-aliases,2026-07-17,Hypurrscan /globalAliases（2026-07-17 拉取）,,,,2026-07-17,,,
0x150bf1195f27123aa4aaa249df10b28acc0a0636,hyperliquid,SYLVI Deployer,contract-deployer,identity,hypurrscan-aliases,2026-07-17,Hypurrscan /globalAliases（2026-07-17 拉取）,,,,2026-07-17,,,
0x400dfc396c606d4d4aa81c7339fa8037128be77d,hyperliquid,FEIT Deployer,contract-deployer,identity,hypurrscan-aliases,2026-07-17,Hypurrscan /globalAliases（2026-07-17 拉取）,,,,2026-07-17,,,
0x98dd936df0b0d2ec8db08738ac473bbdf6f17018,hyperliquid,STRICT Deployer,contract-deployer,identity,hypurrscan-aliases,2026-07-17,Hypurrscan /globalAliases（2026-07-17 拉取）,,,,2026-07-17,,,
0x48bb5b444a0e0e864e3e2a04a686074370af2df4,hyperliquid,FRUDO Deployer,contract-deployer,identity,hypurrscan-aliases,2026-07-17,Hypurrscan /globalAliases（2026-07-17 拉取）,,,,2026-07-17,,,
0x91388d914d5c67d57b8c5484e3c9013dccc2b9fa,hyperliquid,VIZN Deployer,contract-deployer,identity,hypurrscan-aliases,2026-07-17,Hypurrscan /globalAliases（2026-07-17 拉取）,,,,2026-07-17,,,
0x1f6e4f57b59524a8af7a5cdd87f12ca1ef64c98a,hyperliquid,AUTIST Deployer,contract-deployer,identity,hypurrscan-aliases,2026-07-17,Hypurrscan /globalAliases（2026-07-17 拉取）,,,,2026-07-17,,,
0xf7187e27ccfe7c54782d01dbe5bfed21467531ec,hyperliquid,HGOD Deployer,contract-deployer,identity,hypurrscan-aliases,2026-07-17,Hypurrscan /globalAliases（2026-07-17 拉取）,,,,2026-07-17,,,
0x7a3095e636be06971f0f01ac6d638ad7bbf6cbab,hyperliquid,LIQUID Deployer,contract-deployer,identity,hypurrscan-aliases,2026-07-17,Hypurrscan /globalAliases（2026-07-17 拉取）,,,,2026-07-17,,,
0x4739326f23d9a7ec44332fabf1789ddbba2864c7,hyperliquid,CHEF Deployer,contract-deployer,identity,hypurrscan-aliases,2026-07-17,Hypurrscan /globalAliases（2026-07-17 拉取）,,,,2026-07-17,,,
0x98703d0f6e86b9d3ea78cf7e768bdfdbfc40039f,hyperliquid,AZUR Deployer,contract-deployer,identity,hypurrscan-aliases,2026-07-17,Hypurrscan /globalAliases（2026-07-17 拉取）,,,,2026-07-17,,,
0x1c77bbd6f957d148d8ca591d915d500ca6673d9f,hyperliquid,EARTH Deployer,contract-deployer,identity,hypurrscan-aliases,2026-07-17,Hypurrscan /globalAliases（2026-07-17 拉取）,,,,2026-07-17,,,
0xda2e1b923715c99f7fcf81dc99d7cc101ed47391,hyperliquid,NIGGO Deployer,contract-deployer,identity,hypurrscan-aliases,2026-07-17,Hypurrscan /globalAliases（2026-07-17 拉取）,,,,2026-07-17,,,
0x62bf35f46e4bcc75c0a935380f12545a93d2a036,hyperliquid,LUCKY Deployer,contract-deployer,identity,hypurrscan-aliases,2026-07-17,Hypurrscan /globalAliases（2026-07-17 拉取）,,,,2026-07-17,,,
0x0b753f0ed8adcf585cf3bc70e6be45935fdbba88,hyperliquid,HOPE Team Wallet 1,fund,identity,hypurrscan-aliases,2026-07-17,Hypurrscan /globalAliases（2026-07-17 拉取）,,,,2026-07-17,,,
0xe00b6ec1020e567f91b95bbcfecd260b78b49188,hyperliquid,HOPE Team Wallet 2,fund,identity,hypurrscan-aliases,2026-07-17,Hypurrscan /globalAliases（2026-07-17 拉取）,,,,2026-07-17,,,
0x658d47d28ed74013b9273df746aa6888adc28480,hyperliquid,HOPE Marketing Wallet,entity,identity,hypurrscan-aliases,2026-07-17,Hypurrscan /globalAliases（2026-07-17 拉取）,,,,2026-07-17,,,
0xcc46c41ada2a993ce3f9b6e88f5d782f4047e0a4,hyperliquid,HOP Deployer,contract-deployer,identity,hypurrscan-aliases,2026-07-17,Hypurrscan /globalAliases（2026-07-17 拉取）,,,,2026-07-17,,,
0x1f40e6702b239eb85fa2ec8e97d60e22c793af98,hyperliquid,FAN Deployer,contract-deployer,identity,hypurrscan-aliases,2026-07-17,Hypurrscan /globalAliases（2026-07-17 拉取）,,,,2026-07-17,,,
0x9ad572e21f55bd47f047d5091cae8e57a5806b3f,hyperliquid,MUNCH Deployer,contract-deployer,identity,hypurrscan-aliases,2026-07-17,Hypurrscan /globalAliases（2026-07-17 拉取）,,,,2026-07-17,,,
0xc63aa7030d9fc755065bf73bf5be1e00f6a56200,hyperliquid,COPE Deployer,contract-deployer,identity,hypurrscan-aliases,2026-07-17,Hypurrscan /globalAliases（2026-07-17 拉取）,,,,2026-07-17,,,
0x496277820fefabf18091b0653d780ad151052078,hyperliquid,HPYH Deployer,contract-deployer,identity,hypurrscan-aliases,2026-07-17,Hypurrscan /globalAliases（2026-07-17 拉取）,,,,2026-07-17,,,
0x28b3f9d766f972520e86b33dd6ee84d1bb36a733,hyperliquid,YAP Deployer,contract-deployer,identity,hypurrscan-aliases,2026-07-17,Hypurrscan /globalAliases（2026-07-17 拉取）,,,,2026-07-17,,,
0x5fa243bb1f5a04ed542a35af2b29ff0bbaf80750,hyperliquid,STEEL Deployer,contract-deployer,identity,hypurrscan-aliases,2026-07-17,Hypurrscan /globalAliases（2026-07-17 拉取）,,,,2026-07-17,,,
0x95c79444aae8b2002fe94077a6c7c53dd6b27021,hyperliquid,RETARD Deployer,contract-deployer,identity,hypurrscan-aliases,2026-07-17,Hypurrscan /globalAliases（2026-07-17 拉取）,,,,2026-07-17,,,
0xfefefefefefefefefefefefefefefefefefefefe,hyperliquid,Assistance Fund,fund,identity,hypurrscan-aliases,2026-07-17,Hypurrscan /globalAliases（2026-07-17 拉取）,,,,2026-07-17,,,
0xdb4a021614fffef1a17c40a73a35a9c1ced07c45,hyperliquid,HOLD Deployer,contract-deployer,identity,hypurrscan-aliases,2026-07-17,Hypurrscan /globalAliases（2026-07-17 拉取）,,,,2026-07-17,,,
0x12bbcba58f4a9e5306c723633b57a005602722be,hyperliquid,STAR Deployer,contract-deployer,identity,hypurrscan-aliases,2026-07-17,Hypurrscan /globalAliases（2026-07-17 拉取）,,,,2026-07-17,,,
0x59aae431bf1b236c22d742acd3aa65758a32baec,hyperliquid,WATAR Deployer,contract-deployer,identity,hypurrscan-aliases,2026-07-17,Hypurrscan /globalAliases（2026-07-17 拉取）,,,,2026-07-17,,,
0x130d22eb43f910b7b1e74808856b6d1a0564ff25,hyperliquid,GENESY Deployer,contract-deployer,identity,hypurrscan-aliases,2026-07-17,Hypurrscan /globalAliases（2026-07-17 拉取）,,,,2026-07-17,,,
0xfb47f05420a11ec8c4d1e495005099aa1b70a6f9,hyperliquid,Genesy Rewards Pool,entity,identity,hypurrscan-aliases,2026-07-17,Hypurrscan /globalAliases（2026-07-17 拉取）,,,,2026-07-17,,,
0x21d1795fca94771cf68a737c4acb62b9f37157dc,hyperliquid,SOLV Deployer,contract-deployer,identity,hypurrscan-aliases,2026-07-17,Hypurrscan /globalAliases（2026-07-17 拉取）,,,,2026-07-17,,,
0xc761c7a4ffbf6078ef83ee904de0c3cc3ceca278,hyperliquid,BUBZ Deployer,contract-deployer,identity,hypurrscan-aliases,2026-07-17,Hypurrscan /globalAliases（2026-07-17 拉取）,,,,2026-07-17,,,
0x8b00b36a5c3dfb1510115a323a2e2d082e3a9f03,hyperliquid,SHEEP Deployer,contract-deployer,identity,hypurrscan-aliases,2026-07-17,Hypurrscan /globalAliases（2026-07-17 拉取）,,,,2026-07-17,,,
0x58ea095c6ad263cce5fdc95aa8447c19c7d9a75a,hyperliquid,HYFI Deployer,contract-deployer,identity,hypurrscan-aliases,2026-07-17,Hypurrscan /globalAliases（2026-07-17 拉取）,,,,2026-07-17,,,
0xba2588f2048f32dd422eea00904bf6cb368a5895,hyperliquid,FARM Deployer,contract-deployer,identity,hypurrscan-aliases,2026-07-17,Hypurrscan /globalAliases（2026-07-17 拉取）,,,,2026-07-17,,,
0xe76f3587585a6a600bbfa186b7eee910fa12c10e,hyperliquid,FLASK Deployer,contract-deployer,identity,hypurrscan-aliases,2026-07-17,Hypurrscan /globalAliases（2026-07-17 拉取）,,,,2026-07-17,,,
0x7cee7a4014c2d56b31fcc49058dd8cd297605eb7,hyperliquid,FARM Dev 1,entity,identity,hypurrscan-aliases,2026-07-17,Hypurrscan /globalAliases（2026-07-17 拉取）,,,,2026-07-17,,,
0x067eb567f0cc391301dc2bf566d478d297d64540,hyperliquid,FUN Game 1 Bankroll,entity,identity,hypurrscan-aliases,2026-07-17,Hypurrscan /globalAliases（2026-07-17 拉取）,,,,2026-07-17,,,
0x86df30c32992f4659350c98c2bbb95e081ff7dc1,hyperliquid,SOVRN Deployer,contract-deployer,identity,hypurrscan-aliases,2026-07-17,Hypurrscan /globalAliases（2026-07-17 拉取）,,,,2026-07-17,,,
0x0b1f6d23200b98ce2da99b78159ff605dd46b0f3,hyperliquid,MON Deployer,contract-deployer,identity,hypurrscan-aliases,2026-07-17,Hypurrscan /globalAliases（2026-07-17 拉取）,,,,2026-07-17,,,
0x154947274daf39c37f83d6b865a90dca571f274b,hyperliquid,GOD Deployer,contract-deployer,identity,hypurrscan-aliases,2026-07-17,Hypurrscan /globalAliases（2026-07-17 拉取）,,,,2026-07-17,,,
0xbd331649fd1a0e3612d07b002df3c1e682dde34f,hyperliquid,LAUNCH Treasury,entity,identity,hypurrscan-aliases,2026-07-17,Hypurrscan /globalAliases（2026-07-17 拉取）,,,,2026-07-17,,,
0x123459d48a08b0d2d182de632e8dac944bf7b1e9,hyperliquid,HypurrScan Treasury,entity,identity,hypurrscan-aliases,2026-07-17,Hypurrscan /globalAliases（2026-07-17 拉取）,,,,2026-07-17,,,
0xc2b86361005c48fd44a68c2c32b398a2d261b17a,hyperliquid,CREAM Deployer,contract-deployer,identity,hypurrscan-aliases,2026-07-17,Hypurrscan /globalAliases（2026-07-17 拉取）,,,,2026-07-17,,,
0x6935139383fde4261f4102038fbf972e08c911e5,hyperliquid,ANIME Deployer,contract-deployer,identity,hypurrscan-aliases,2026-07-17,Hypurrscan /globalAliases（2026-07-17 拉取）,,,,2026-07-17,,,
0x65100ca5bb6dd4748848277e6ea2e3843d2e0b9f,hyperliquid,HYENA Deployer,contract-deployer,identity,hypurrscan-aliases,2026-07-17,Hypurrscan /globalAliases（2026-07-17 拉取）,,,,2026-07-17,,,
0x68c2a3f04a4e5f84f90e2879ce1f385e64b775d9,hyperliquid,ETHC Deployer,contract-deployer,identity,hypurrscan-aliases,2026-07-17,Hypurrscan /globalAliases（2026-07-17 拉取）,,,,2026-07-17,,,
0x0c683f9e49224cfba5fdd45031cba1ed922b87e6,hyperliquid,ANZ Deployer,contract-deployer,identity,hypurrscan-aliases,2026-07-17,Hypurrscan /globalAliases（2026-07-17 拉取）,,,,2026-07-17,,,
0xb793e8b60a02015654e4f9839ea579f5b1921522,hyperliquid,GAME Deployer,contract-deployer,identity,hypurrscan-aliases,2026-07-17,Hypurrscan /globalAliases（2026-07-17 拉取）,,,,2026-07-17,,,
0x2c16eb19bad6ad82bac68862b06b30c56f9ea22a,hyperliquid,RIFT Deployer,contract-deployer,identity,hypurrscan-aliases,2026-07-17,Hypurrscan /globalAliases（2026-07-17 拉取）,,,,2026-07-17,,,
0x9993171139a40542f696f475dc6b93148c24839f,hyperliquid,SWELL Deployer,contract-deployer,identity,hypurrscan-aliases,2026-07-17,Hypurrscan /globalAliases（2026-07-17 拉取）,,,,2026-07-17,,,
0xc070ba7de1bfa9054b4a095bb0099c9a931f867f,hyperliquid,DEPIN Deployer,contract-deployer,identity,hypurrscan-aliases,2026-07-17,Hypurrscan /globalAliases（2026-07-17 拉取）,,,,2026-07-17,,,
0x88b11d054eaf670f3a616bdb0054267d5c20547b,hyperliquid,ROUTE Deployer,contract-deployer,identity,hypurrscan-aliases,2026-07-17,Hypurrscan /globalAliases（2026-07-17 拉取）,,,,2026-07-17,,,
0x6e4d247f512930479d6ecca103298ac97374775c,hyperliquid,HFUN Treasury,entity,identity,hypurrscan-aliases,2026-07-17,Hypurrscan /globalAliases（2026-07-17 拉取）,,,,2026-07-17,,,
0x715f374dfad19ff6c5646774c6da38c9bcebd938,hyperliquid,BEATS Deployer,contract-deployer,identity,hypurrscan-aliases,2026-07-17,Hypurrscan /globalAliases（2026-07-17 拉取）,,,,2026-07-17,,,
0x553e545d85e2afb67c8b5223f51fe97e7dde8b74,hyperliquid,ORA Deployer,contract-deployer,identity,hypurrscan-aliases,2026-07-17,Hypurrscan /globalAliases（2026-07-17 拉取）,,,,2026-07-17,,,
0x3b967acc542d908b6494bd5d556c866faf67ca83,hyperliquid,LIQD Deployer,contract-deployer,identity,hypurrscan-aliases,2026-07-17,Hypurrscan /globalAliases（2026-07-17 拉取）,,,,2026-07-17,,,
0x6849a1b37775db5bb999511f92af4a7c7381e0b6,hyperliquid,XBG Deployer,contract-deployer,identity,hypurrscan-aliases,2026-07-17,Hypurrscan /globalAliases（2026-07-17 拉取）,,,,2026-07-17,,,
0xed4caffc3a7b59a3b4d7b9cec56d9b7cb4fc1c6c,hyperliquid,HETU Deployer,contract-deployer,identity,hypurrscan-aliases,2026-07-17,Hypurrscan /globalAliases（2026-07-17 拉取）,,,,2026-07-17,,,
0xd57ecca444a9acb7208d286be439de12dd09de5d,hyperliquid,Hyper Foundation,fund,identity,hypurrscan-aliases,2026-07-17,Hypurrscan /globalAliases（2026-07-17 拉取）,,,,2026-07-17,,,
0xd55e380756076422f045290d09f822bd33bd307e,hyperliquid,GG Deployer,contract-deployer,identity,hypurrscan-aliases,2026-07-17,Hypurrscan /globalAliases（2026-07-17 拉取）,,,,2026-07-17,,,
0x824fc1617481a8187948466511f2092e3051743b,hyperliquid,WOOL Deployer,contract-deployer,identity,hypurrscan-aliases,2026-07-17,Hypurrscan /globalAliases（2026-07-17 拉取）,,,,2026-07-17,,,
0xf1badb0cd56bfd73f4c2cf334ced9370f53a755e,hyperliquid,ISLAND Deployer,contract-deployer,identity,hypurrscan-aliases,2026-07-17,Hypurrscan /globalAliases（2026-07-17 拉取）,,,,2026-07-17,,,
0x20b3329ac3818bb768a02fe6648ee38eab9ead1a,hyperliquid,SIPHER Deployer,contract-deployer,identity,hypurrscan-aliases,2026-07-17,Hypurrscan /globalAliases（2026-07-17 拉取）,,,,2026-07-17,,,
0xe8d98cd54b47699cd07afaaada6789536c259d58,hyperliquid,DBR Deployer,contract-deployer,identity,hypurrscan-aliases,2026-07-17,Hypurrscan /globalAliases（2026-07-17 拉取）,,,,2026-07-17,,,
0x16f8ccad7df1be36ce743287485d2b005cb3eec5,hyperliquid,SENT Deployer,contract-deployer,identity,hypurrscan-aliases,2026-07-17,Hypurrscan /globalAliases（2026-07-17 拉取）,,,,2026-07-17,,,
0x9f4225955f564e98911d93c0cbaaab66bd4e2780,hyperliquid,FLY Deployer,contract-deployer,identity,hypurrscan-aliases,2026-07-17,Hypurrscan /globalAliases（2026-07-17 拉取）,,,,2026-07-17,,,
0x23f40e62ed4e4e73e4fc133ffec7963024ed89c1,hyperliquid,SSS Deployer,contract-deployer,identity,hypurrscan-aliases,2026-07-17,Hypurrscan /globalAliases（2026-07-17 拉取）,,,,2026-07-17,,,
0x2301a415f2e8140cb6f4197c716aff1b27ce25bd,hyperliquid,SOLV MM,entity,identity,hypurrscan-aliases,2026-07-17,Hypurrscan /globalAliases（2026-07-17 拉取）,,,,2026-07-17,,,
0xa4a824a789cd30eb4d3b3ab103ed2694c53e09a6,hyperliquid,HWTR Deployer,contract-deployer,identity,hypurrscan-aliases,2026-07-17,Hypurrscan /globalAliases（2026-07-17 拉取）,,,,2026-07-17,,,
0x0954e6e45ab5f847880511b60be1da544166ad7a,hyperliquid,NEKO Deployer,contract-deployer,identity,hypurrscan-aliases,2026-07-17,Hypurrscan /globalAliases（2026-07-17 拉取）,,,,2026-07-17,,,
0x42c7802b74445e421e3ba9058dbf13b2d326af68,hyperliquid,SOVRN Vesting Tokens ERC20,entity,identity,hypurrscan-aliases,2026-07-17,Hypurrscan /globalAliases（2026-07-17 拉取）,,,,2026-07-17,,,
0x5cedcb1fc2f201ad7063ddc2c08557a6e3d82a51,hyperliquid,SOVRN EVM Funds,entity,identity,hypurrscan-aliases,2026-07-17,Hypurrscan /globalAliases（2026-07-17 拉取）,,,,2026-07-17,,,
0xad2de7278bc7381d5575d83d8b7ba89f2238969d,hyperliquid,SOVRN L1 Ecosystem Fund,entity,identity,hypurrscan-aliases,2026-07-17,Hypurrscan /globalAliases（2026-07-17 拉取）,,,,2026-07-17,,,
0xccd69f432ce1d8c9cdc31bd535dd11b37cbea4ea,hyperliquid,Assistance Fund 2,fund,identity,hypurrscan-aliases,2026-07-17,Hypurrscan /globalAliases（2026-07-17 拉取）,,,,2026-07-17,,,
0x72fa84e67dd80f356edcc7e365b843a18c38eb27,hyperliquid,UNIT Deployer,contract-deployer,identity,hypurrscan-aliases,2026-07-17,Hypurrscan /globalAliases（2026-07-17 拉取）,,,,2026-07-17,,,
0x5ad340f520ebcef7cd55178cca4125d6ab53f851,hyperliquid,NEURAL Deployer,contract-deployer,identity,hypurrscan-aliases,2026-07-17,Hypurrscan /globalAliases（2026-07-17 拉取）,,,,2026-07-17,,,
0x7a493cc37470c322a6ac690917fe78af8c5646d4,hyperliquid,PEG Deployer,contract-deployer,identity,hypurrscan-aliases,2026-07-17,Hypurrscan /globalAliases（2026-07-17 拉取）,,,,2026-07-17,,,
0x673145c9e5052eaa3f7ef128cdd3bc6737331554,hyperliquid,PIE Deployer,contract-deployer,identity,hypurrscan-aliases,2026-07-17,Hypurrscan /globalAliases（2026-07-17 拉取）,,,,2026-07-17,,,
0x9a6680db49dda8ee3e664353a5248bf8a3f2f363,hyperliquid,DRIVE Deployer,contract-deployer,identity,hypurrscan-aliases,2026-07-17,Hypurrscan /globalAliases（2026-07-17 拉取）,,,,2026-07-17,,,
0xdbef76244deb4f63612fa82ee6b78c523b636346,hyperliquid,JPEG Deployer,contract-deployer,identity,hypurrscan-aliases,2026-07-17,Hypurrscan /globalAliases（2026-07-17 拉取）,,,,2026-07-17,,,
0xf036a5261406a394bd63eb4df49c464634a66155,hyperliquid,UBTC Deployer,contract-deployer,identity,hypurrscan-aliases,2026-07-17,Hypurrscan /globalAliases（2026-07-17 拉取）,,,,2026-07-17,,,
0xc3916411d48484168c76cc3da046e4f780683b7f,hyperliquid,TGE Deployer,contract-deployer,identity,hypurrscan-aliases,2026-07-17,Hypurrscan /globalAliases（2026-07-17 拉取）,,,,2026-07-17,,,
0x91a74a3ddd88f205a6c1d51c650ace6ff0a5a793,hyperliquid,HEAD Deployer,contract-deployer,identity,hypurrscan-aliases,2026-07-17,Hypurrscan /globalAliases（2026-07-17 拉取）,,,,2026-07-17,,,
0xfa6366406bd2d1c6a8ac48d8a6058316e608d206,hyperliquid,GEN Deployer,contract-deployer,identity,hypurrscan-aliases,2026-07-17,Hypurrscan /globalAliases（2026-07-17 拉取）,,,,2026-07-17,,,
0x584035de50d51779607b3556d6c4ba43b87d1a0a,hyperliquid,EDGE Deployer,contract-deployer,identity,hypurrscan-aliases,2026-07-17,Hypurrscan /globalAliases（2026-07-17 拉取）,,,,2026-07-17,,,
0x2141b251b1081627bf749adc07df50f87bb3e59e,hyperliquid,APU Deployer,contract-deployer,identity,hypurrscan-aliases,2026-07-17,Hypurrscan /globalAliases（2026-07-17 拉取）,,,,2026-07-17,,,
0x9a67762fb694dfff10a6eb0ff6c56b3c3bacc002,hyperliquid,VORTX Deployer,contract-deployer,identity,hypurrscan-aliases,2026-07-17,Hypurrscan /globalAliases（2026-07-17 拉取）,,,,2026-07-17,,,
0x0463dfd768b3e754caf0291efb4246df17332be9,hyperliquid,DEFIN Deployer,contract-deployer,identity,hypurrscan-aliases,2026-07-17,Hypurrscan /globalAliases（2026-07-17 拉取）,,,,2026-07-17,,,
0x4fde618c143640638433a1f00431c6b49bb08322,hyperliquid,HAR Deployer,contract-deployer,identity,hypurrscan-aliases,2026-07-17,Hypurrscan /globalAliases（2026-07-17 拉取）,,,,2026-07-17,,,
0xb6191f07e66a81ea6b0827cbe2e073ff2a8f5047,hyperliquid,PRFI Deployer,contract-deployer,identity,hypurrscan-aliases,2026-07-17,Hypurrscan /globalAliases（2026-07-17 拉取）,,,,2026-07-17,,,
0x9aa5228e5072f9bc6a8a609c88126de2ab9c19c6,hyperliquid,REI Deployer,contract-deployer,identity,hypurrscan-aliases,2026-07-17,Hypurrscan /globalAliases（2026-07-17 拉取）,,,,2026-07-17,,,
0x2222222222222222222222222222222222222222,hyperliquid,HyperEVM,bridge,exclude,hypurrscan-aliases,2026-07-17,Hypurrscan /globalAliases（2026-07-17 拉取）,,,,2026-07-17,,,
0x0f369f61983cb0c4a432e4a81aaaa24f2d48be45,hyperliquid,LUMI Deployer,contract-deployer,identity,hypurrscan-aliases,2026-07-17,Hypurrscan /globalAliases（2026-07-17 拉取）,,,,2026-07-17,,,
0x170e01d253f9d019b4e5bcb9e8691720ceac2145,hyperliquid,HORSY Deployer,contract-deployer,identity,hypurrscan-aliases,2026-07-17,Hypurrscan /globalAliases（2026-07-17 拉取）,,,,2026-07-17,,,
0xb10e6dd62fe6dea2e89f447c4a9cac0cb190940f,hyperliquid,OTTI Deployer,contract-deployer,identity,hypurrscan-aliases,2026-07-17,Hypurrscan /globalAliases（2026-07-17 拉取）,,,,2026-07-17,,,
0x8054a4fbd093808af4529187d3efb9f6301ab92f,hyperliquid,ANON Deployer,contract-deployer,identity,hypurrscan-aliases,2026-07-17,Hypurrscan /globalAliases（2026-07-17 拉取）,,,,2026-07-17,,,
0x26d03061608560830a944fdbc015d8e1ebb962d7,hyperliquid,WHYPI Deployer,contract-deployer,identity,hypurrscan-aliases,2026-07-17,Hypurrscan /globalAliases（2026-07-17 拉取）,,,,2026-07-17,,,
0xc5522120d7d91fd62c58be2d5bfdf81f13e826e1,hyperliquid,LOOT Deployer,contract-deployer,identity,hypurrscan-aliases,2026-07-17,Hypurrscan /globalAliases（2026-07-17 拉取）,,,,2026-07-17,,,
0xd75f4d43bded679d032f6360d31d30fe9a3ec57c,hyperliquid,MORE Deployer,contract-deployer,identity,hypurrscan-aliases,2026-07-17,Hypurrscan /globalAliases（2026-07-17 拉取）,,,,2026-07-17,,,
0x8ab10787ef9da0dbe026c31bef1ee3a37ebd1737,hyperliquid,SWAP Deployer,contract-deployer,identity,hypurrscan-aliases,2026-07-17,Hypurrscan /globalAliases（2026-07-17 拉取）,,,,2026-07-17,,,
0x1e785841ff7a06648bd456df0ddfbb6363a3e203,hyperliquid,HANA Deployer,contract-deployer,identity,hypurrscan-aliases,2026-07-17,Hypurrscan /globalAliases（2026-07-17 拉取）,,,,2026-07-17,,,
0xdd361c3272d6456b4c8ee36a1ac5616178f3516a,hyperliquid,HIPPO Deployer,contract-deployer,identity,hypurrscan-aliases,2026-07-17,Hypurrscan /globalAliases（2026-07-17 拉取）,,,,2026-07-17,,,
0xce7cd6fa640b613b887a08eecc12a4f4e29180ad,hyperliquid,SPR Deployer,contract-deployer,identity,hypurrscan-aliases,2026-07-17,Hypurrscan /globalAliases（2026-07-17 拉取）,,,,2026-07-17,,,
0xd6781a5de96a8e92ae71a3dec57a4e397782f53a,hyperliquid,TILT Deployer,contract-deployer,identity,hypurrscan-aliases,2026-07-17,Hypurrscan /globalAliases（2026-07-17 拉取）,,,,2026-07-17,,,
0x3dfaf7b1d50f2d8540e97a078e3452f2ba74d913,hyperliquid,MOCA Deployer,contract-deployer,identity,hypurrscan-aliases,2026-07-17,Hypurrscan /globalAliases（2026-07-17 拉取）,,,,2026-07-17,,,
0x7a6b0470423b93a69b2d9766e29ca25df8a3627f,hyperliquid,BUDDY Deployer,contract-deployer,identity,hypurrscan-aliases,2026-07-17,Hypurrscan /globalAliases（2026-07-17 拉取）,,,,2026-07-17,,,
0x3e5de62388f6478fd1f728ca9eb2cf1e5756d52a,hyperliquid,LATINA Deployer,contract-deployer,identity,hypurrscan-aliases,2026-07-17,Hypurrscan /globalAliases（2026-07-17 拉取）,,,,2026-07-17,,,
0xc1f4d15c16a1f3555e0a5f7aefd1e17ad4aaf40b,hyperliquid,K Deployer,contract-deployer,identity,hypurrscan-aliases,2026-07-17,Hypurrscan /globalAliases（2026-07-17 拉取）,,,,2026-07-17,,,
0xb7eef7bae646d448e08aadcaa44f2ea5ccc4c0a0,hyperliquid,AIR Deployer,contract-deployer,identity,hypurrscan-aliases,2026-07-17,Hypurrscan /globalAliases（2026-07-17 拉取）,,,,2026-07-17,,,
0xfb3bfe7f06fe000395cd478bf1a8274820e68f06,hyperliquid,WLFI Deployer,contract-deployer,identity,hypurrscan-aliases,2026-07-17,Hypurrscan /globalAliases（2026-07-17 拉取）,,,,2026-07-17,,,
0x2034f81ad065c165e9c3316aa15b178f5d200b89,hyperliquid,LIM Deployer,contract-deployer,identity,hypurrscan-aliases,2026-07-17,Hypurrscan /globalAliases（2026-07-17 拉取）,,,,2026-07-17,,,
0x85c760b86f0bed6a4441d2a78b67c76febf796b8,hyperliquid,PLUME Deployer,contract-deployer,identity,hypurrscan-aliases,2026-07-17,Hypurrscan /globalAliases（2026-07-17 拉取）,,,,2026-07-17,,,
0x4a3e7df95677282cd2a21d7da7f18fe8b74b830b,hyperliquid,DHYPE Deployer,contract-deployer,identity,hypurrscan-aliases,2026-07-17,Hypurrscan /globalAliases（2026-07-17 拉取）,,,,2026-07-17,,,
0x0110b0b85886ff1b08716d1bcb51e019ca610507,hyperliquid,EDA Deployer,contract-deployer,identity,hypurrscan-aliases,2026-07-17,Hypurrscan /globalAliases（2026-07-17 拉取）,,,,2026-07-17,,,
0x2bf69dd3ec8422b7b1ed40e46289c2597aa6ab1c,hyperliquid,FUND Deployer,contract-deployer,identity,hypurrscan-aliases,2026-07-17,Hypurrscan /globalAliases（2026-07-17 拉取）,,,,2026-07-17,,,
0x8d17c8e6b626b0614bdd5599b53e369c0e485848,hyperliquid,EXP Deployer,contract-deployer,identity,hypurrscan-aliases,2026-07-17,Hypurrscan /globalAliases（2026-07-17 拉取）,,,,2026-07-17,,,
0xc58304f545d166779215a0d33b2c4496838d9869,hyperliquid,SENTI Deployer,contract-deployer,identity,hypurrscan-aliases,2026-07-17,Hypurrscan /globalAliases（2026-07-17 拉取）,,,,2026-07-17,,,
0x47581b206ffb2752c165b987141bad0dc22bd605,hyperliquid,USDE Deployer,contract-deployer,identity,hypurrscan-aliases,2026-07-17,Hypurrscan /globalAliases（2026-07-17 拉取）,,,,2026-07-17,,,
0x112f84302055953b45db9c86cb1e70d33c3fa256,hyperliquid,HIP Deployer,contract-deployer,identity,hypurrscan-aliases,2026-07-17,Hypurrscan /globalAliases（2026-07-17 拉取）,,,,2026-07-17,,,
0xdd468a4f110f34a34687116a6d160d274a563337,hyperliquid,SLAY Deployer,contract-deployer,identity,hypurrscan-aliases,2026-07-17,Hypurrscan /globalAliases（2026-07-17 拉取）,,,,2026-07-17,,,
0x8e8a57d6d548c434ba289324e56c30661bd35a27,hyperliquid,B Deployer,contract-deployer,identity,hypurrscan-aliases,2026-07-17,Hypurrscan /globalAliases（2026-07-17 拉取）,,,,2026-07-17,,,
0x67a6d918c3adfc36b047a8684491481114f6b3a6,hyperliquid,USDXL Deployer,contract-deployer,identity,hypurrscan-aliases,2026-07-17,Hypurrscan /globalAliases（2026-07-17 拉取）,,,,2026-07-17,,,
0x25f9c876f68ada76f03da68d56530acb731376f7,hyperliquid,USH Deployer,contract-deployer,identity,hypurrscan-aliases,2026-07-17,Hypurrscan /globalAliases（2026-07-17 拉取）,,,,2026-07-17,,,
0x2157f54f7a745c772e686aa691fa590b49171ec9,hyperliquid,FEUSD Deployer,contract-deployer,identity,hypurrscan-aliases,2026-07-17,Hypurrscan /globalAliases（2026-07-17 拉取）,,,,2026-07-17,,,
0x8965bc469a9343bcb6179c330f0146b03f24890a,hyperliquid,COOK Deployer,contract-deployer,identity,hypurrscan-aliases,2026-07-17,Hypurrscan /globalAliases（2026-07-17 拉取）,,,,2026-07-17,,,
0x228831f0eea6253479d017cbe8fa2b34c86a25cd,hyperliquid,OKI Deployer,contract-deployer,identity,hypurrscan-aliases,2026-07-17,Hypurrscan /globalAliases（2026-07-17 拉取）,,,,2026-07-17,,,
0xda6816df552c3f9e0fb64979fb357800d690d79b,hyperliquid,PURR Deployer 2,contract-deployer,identity,hypurrscan-aliases,2026-07-17,Hypurrscan /globalAliases（2026-07-17 拉取）,,,,2026-07-17,,,
0x43e9abea1910387c4292bca4b94de81462f8a251,hyperliquid,HyperLabs,entity,identity,hypurrscan-aliases,2026-07-17,Hypurrscan /globalAliases（2026-07-17 拉取）,,,,2026-07-17,,,
0xbe5be34dde5e87ad9d7d48c388687064da58c073,hyperliquid,BORG Deployer,contract-deployer,identity,hypurrscan-aliases,2026-07-17,Hypurrscan /globalAliases（2026-07-17 拉取）,,,,2026-07-17,,,
0x162fbd38fc295fd71443b2f35ef507d403508e3a,hyperliquid,SIGN Deployer,contract-deployer,identity,hypurrscan-aliases,2026-07-17,Hypurrscan /globalAliases（2026-07-17 拉取）,,,,2026-07-17,,,
0x965f3a9a820950e3bf28c71d5fbb54daa2315337,hyperliquid,WMNT Deployer,contract-deployer,identity,hypurrscan-aliases,2026-07-17,Hypurrscan /globalAliases（2026-07-17 拉取）,,,,2026-07-17,,,
0xb6ff1afa18d22ab746b72122032d42e12f62d01c,hyperliquid,KITTEN Deployer,contract-deployer,identity,hypurrscan-aliases,2026-07-17,Hypurrscan /globalAliases（2026-07-17 拉取）,,,,2026-07-17,,,
0xe84b20a7590c51bb4aa913f29407254a4d817c77,hyperliquid,USR Deployer,contract-deployer,identity,hypurrscan-aliases,2026-07-17,Hypurrscan /globalAliases（2026-07-17 拉取）,,,,2026-07-17,,,
0x45ea97b6574257a6971054c63fe849db04a74646,hyperliquid,LEND Deployer,contract-deployer,identity,hypurrscan-aliases,2026-07-17,Hypurrscan /globalAliases（2026-07-17 拉取）,,,,2026-07-17,,,
0xab2cffcc1bb8357e880c88e15a8aedd76f38d967,hyperliquid,CATH Deployer,contract-deployer,identity,hypurrscan-aliases,2026-07-17,Hypurrscan /globalAliases（2026-07-17 拉取）,,,,2026-07-17,,,
0xcf0b73681ac6a3813089f486c7f6c0e90ab15d0c,hyperliquid,QANT Deployer,contract-deployer,identity,hypurrscan-aliases,2026-07-17,Hypurrscan /globalAliases（2026-07-17 拉取）,,,,2026-07-17,,,
0xd0e1b2a380c18e9c5fc4963b7ef3ece85c85c01a,hyperliquid,ONLYUP Deployer,contract-deployer,identity,hypurrscan-aliases,2026-07-17,Hypurrscan /globalAliases（2026-07-17 拉取）,,,,2026-07-17,,,
0x8510f49a25ee0a9d566a002420aba03bd7a292cf,hyperliquid,RAT Deployer,contract-deployer,identity,hypurrscan-aliases,2026-07-17,Hypurrscan /globalAliases（2026-07-17 拉取）,,,,2026-07-17,,,
0xd78d01d6bdc0e4b4afd36644750db93903b1bb79,hyperliquid,PURRO Deployer,contract-deployer,identity,hypurrscan-aliases,2026-07-17,Hypurrscan /globalAliases（2026-07-17 拉取）,,,,2026-07-17,,,
0x4b14bc5224014325c00e3721c9b1476d27d88226,hyperliquid,KITTY Deployer,contract-deployer,identity,hypurrscan-aliases,2026-07-17,Hypurrscan /globalAliases（2026-07-17 拉取）,,,,2026-07-17,,,
0x0d446c3372a9ba9cddef0eef7a1afab6dc0e8c0b,hyperliquid,TREND Deployer,contract-deployer,identity,hypurrscan-aliases,2026-07-17,Hypurrscan /globalAliases（2026-07-17 拉取）,,,,2026-07-17,,,
0x03a6a0f416c80a8d30123e4b9e9ef5945d896f5c,hyperliquid,COIN Deployer,contract-deployer,identity,hypurrscan-aliases,2026-07-17,Hypurrscan /globalAliases（2026-07-17 拉取）,,,,2026-07-17,,,
0x10a70df8beb5ba2b54af962c99e1ecf089f94101,hyperliquid,STORM Deployer,contract-deployer,identity,hypurrscan-aliases,2026-07-17,Hypurrscan /globalAliases（2026-07-17 拉取）,,,,2026-07-17,,,
0x7702fa1db4d62e49e79d81b993c66887af7a09b1,hyperliquid,RISK Deployer,contract-deployer,identity,hypurrscan-aliases,2026-07-17,Hypurrscan /globalAliases（2026-07-17 拉取）,,,,2026-07-17,,,
0x3581a6a3efc2f4be5371dc686d57e7c6d5a34f8d,hyperliquid,PLAY Deployer,contract-deployer,identity,hypurrscan-aliases,2026-07-17,Hypurrscan /globalAliases（2026-07-17 拉取）,,,,2026-07-17,,,
0xc78609b13db82f63fcc13f151730fd8d5d357840,hyperliquid,NET Deployer,contract-deployer,identity,hypurrscan-aliases,2026-07-17,Hypurrscan /globalAliases（2026-07-17 拉取）,,,,2026-07-17,,,
0xf54542557599294b051ffbdad68aff7f9c2aa30f,hyperliquid,LOOP Deployer,contract-deployer,identity,hypurrscan-aliases,2026-07-17,Hypurrscan /globalAliases（2026-07-17 拉取）,,,,2026-07-17,,,
0x508a90c78a734efe554ddc733367040f74ce2e45,hyperliquid,LTHREE Deployer,contract-deployer,identity,hypurrscan-aliases,2026-07-17,Hypurrscan /globalAliases（2026-07-17 拉取）,,,,2026-07-17,,,
0xec8568c34465eb3c689693d316b07df6d367a7cb,hyperliquid,WELL Deployer,contract-deployer,identity,hypurrscan-aliases,2026-07-17,Hypurrscan /globalAliases（2026-07-17 拉取）,,,,2026-07-17,,,
0xf7582312698bf8561502e69c860d06bcd8294c0a,hyperliquid,WAVE Deployer,contract-deployer,identity,hypurrscan-aliases,2026-07-17,Hypurrscan /globalAliases（2026-07-17 拉取）,,,,2026-07-17,,,
0x6b0a35d0810e54b4e9e4184c64e4ea0c1107b34d,hyperliquid,ZAP Deployer,contract-deployer,identity,hypurrscan-aliases,2026-07-17,Hypurrscan /globalAliases（2026-07-17 拉取）,,,,2026-07-17,,,
0x1a6362ad64ccff5902d46d875b36e8798267d154,hyperliquid,USDT0 Deployer,contract-deployer,identity,hypurrscan-aliases,2026-07-17,Hypurrscan /globalAliases（2026-07-17 拉取）,,,,2026-07-17,,,
0x677319a5a8fa3257e400d8ca91d7e10144a595b0,hyperliquid,BAPE Deployer,contract-deployer,identity,hypurrscan-aliases,2026-07-17,Hypurrscan /globalAliases（2026-07-17 拉取）,,,,2026-07-17,,,
0xf59703d5413794123f53ed952056f2f40193e80d,hyperliquid,DIABLO Deployer,contract-deployer,identity,hypurrscan-aliases,2026-07-17,Hypurrscan /globalAliases（2026-07-17 拉取）,,,,2026-07-17,,,
0x5afe094a2091a988b2577bb6c51b1b73ffcd98f2,hyperliquid,PENIS Deployer,contract-deployer,identity,hypurrscan-aliases,2026-07-17,Hypurrscan /globalAliases（2026-07-17 拉取）,,,,2026-07-17,,,
0x05f57b85acb554251ecdc6eaca592aa54295302a,hyperliquid,LBS Deployer,contract-deployer,identity,hypurrscan-aliases,2026-07-17,Hypurrscan /globalAliases（2026-07-17 拉取）,,,,2026-07-17,,,
0x4e90d7ec8d16ee6069c66158c5d099c6d9e6e6f3,hyperliquid,END Deployer,contract-deployer,identity,hypurrscan-aliases,2026-07-17,Hypurrscan /globalAliases（2026-07-17 拉取）,,,,2026-07-17,,,
0x150bc16e716bfebce9e8de9c8da876d2ede4e006,hyperliquid,RUB Deployer,contract-deployer,identity,hypurrscan-aliases,2026-07-17,Hypurrscan /globalAliases（2026-07-17 拉取）,,,,2026-07-17,,,
0xffe62e271256aaaa4e375e87daa6b1c2e0322852,hyperliquid,ASF Deployer,contract-deployer,identity,hypurrscan-aliases,2026-07-17,Hypurrscan /globalAliases（2026-07-17 拉取）,,,,2026-07-17,,,
0x8fc93c83b99b55ece2786e42ff6725be32a2765b,hyperliquid,BEAT Deployer,contract-deployer,identity,hypurrscan-aliases,2026-07-17,Hypurrscan /globalAliases（2026-07-17 拉取）,,,,2026-07-17,,,
0x224cdfe11a22171358798c131e2f6cf774cdd64f,hyperliquid,VAL Deployer,contract-deployer,identity,hypurrscan-aliases,2026-07-17,Hypurrscan /globalAliases（2026-07-17 拉取）,,,,2026-07-17,,,
0xb696e41d27250951d0135848d3a42b9b4bd9ae7d,hyperliquid,TRADE Deployer,contract-deployer,identity,hypurrscan-aliases,2026-07-17,Hypurrscan /globalAliases（2026-07-17 拉取）,,,,2026-07-17,,,
0xdf1d2bb143c9bd3575feff9c1d4e113bd338128e,hyperliquid,URBIT Deployer,contract-deployer,identity,hypurrscan-aliases,2026-07-17,Hypurrscan /globalAliases（2026-07-17 拉取）,,,,2026-07-17,,,
0xa50588107a59f6e3896fb4daa30fd2db7490ee6f,hyperliquid,TREE Deployer,contract-deployer,identity,hypurrscan-aliases,2026-07-17,Hypurrscan /globalAliases（2026-07-17 拉取）,,,,2026-07-17,,,
0xd36030f66da1c0f0a723dbdecf742aa439465d40,hyperliquid,XDC Deployer,contract-deployer,identity,hypurrscan-aliases,2026-07-17,Hypurrscan /globalAliases（2026-07-17 拉取）,,,,2026-07-17,,,
0x7041ad26e4be5adacb889154f0210ca586b9e04b,hyperliquid,BOUNCE Deployer,contract-deployer,identity,hypurrscan-aliases,2026-07-17,Hypurrscan /globalAliases（2026-07-17 拉取）,,,,2026-07-17,,,
0xa366116af1d26c2f3a6b7aadf211c995e8aad042,hyperliquid,RLUSD Deployer,contract-deployer,identity,hypurrscan-aliases,2026-07-17,Hypurrscan /globalAliases（2026-07-17 拉取）,,,,2026-07-17,,,
0x433b80b1fdf0d68d95c4833966c7eb3d76398bf3,hyperliquid,US Deployer,contract-deployer,identity,hypurrscan-aliases,2026-07-17,Hypurrscan /globalAliases（2026-07-17 拉取）,,,,2026-07-17,,,
0xf6f7b69f287b8c40e47822a0404e9e0280fc94fe,hyperliquid,EBISU Deployer,contract-deployer,identity,hypurrscan-aliases,2026-07-17,Hypurrscan /globalAliases（2026-07-17 拉取）,,,,2026-07-17,,,
0xe694af6aa5220c7c4addd52c1e0ae7e85693a78b,hyperliquid,DEFI Deployer,contract-deployer,identity,hypurrscan-aliases,2026-07-17,Hypurrscan /globalAliases（2026-07-17 拉取）,,,,2026-07-17,,,
0x7711fe4f9fb22e8e305279583a35951f19549664,hyperliquid,FI Deployer,contract-deployer,identity,hypurrscan-aliases,2026-07-17,Hypurrscan /globalAliases（2026-07-17 拉取）,,,,2026-07-17,,,
0x481529ed994a71a3a4be0da5d3ee83b9c21b7efd,hyperliquid,STAKE Deployer,contract-deployer,identity,hypurrscan-aliases,2026-07-17,Hypurrscan /globalAliases（2026-07-17 拉取）,,,,2026-07-17,,,
0xccf13dc7fea9be7d05486e730a8e12240537bd52,hyperliquid,NQ Deployer,contract-deployer,identity,hypurrscan-aliases,2026-07-17,Hypurrscan /globalAliases（2026-07-17 拉取）,,,,2026-07-17,,,
0xbef4295a41b8f2f9e46f037a809527b074026dcc,hyperliquid,BLND Deployer,contract-deployer,identity,hypurrscan-aliases,2026-07-17,Hypurrscan /globalAliases（2026-07-17 拉取）,,,,2026-07-17,,,
0xcb23794385f34541e8dace628246dc99e5505b1c,hyperliquid,WAR Deployer,contract-deployer,identity,hypurrscan-aliases,2026-07-17,Hypurrscan /globalAliases（2026-07-17 拉取）,,,,2026-07-17,,,
0x3597ea08fb45ee84ff18d1074e54500f4fb0abb7,hyperliquid,PERP Deployer,contract-deployer,identity,hypurrscan-aliases,2026-07-17,Hypurrscan /globalAliases（2026-07-17 拉取）,,,,2026-07-17,,,
0x8c0e7ab264802219792dd0f2e21816d72f26f244,hyperliquid,DNDX Deployer,contract-deployer,identity,hypurrscan-aliases,2026-07-17,Hypurrscan /globalAliases（2026-07-17 拉取）,,,,2026-07-17,,,
0xc6c1e0046e975a2e5a2c4f112a34dfc0c1309f08,hyperliquid,HPENGU Deployer,contract-deployer,identity,hypurrscan-aliases,2026-07-17,Hypurrscan /globalAliases（2026-07-17 拉取）,,,,2026-07-17,,,
0x67f4250e71e03f5d0b569bccf6cae4f645dc6a77,hyperliquid,PAIR Deployer,contract-deployer,identity,hypurrscan-aliases,2026-07-17,Hypurrscan /globalAliases（2026-07-17 拉取）,,,,2026-07-17,,,
0x5a8bbf67efc7524e13ae4e6e6c4d4ebf8e7133db,hyperliquid,HOLY Deployer,contract-deployer,identity,hypurrscan-aliases,2026-07-17,Hypurrscan /globalAliases（2026-07-17 拉取）,,,,2026-07-17,,,
0xf005093464e14cbacf0f9b9a371269fc118776dd,hyperliquid,SING Deployer,contract-deployer,identity,hypurrscan-aliases,2026-07-17,Hypurrscan /globalAliases（2026-07-17 拉取）,,,,2026-07-17,,,
0x00c545c1019337a40a4a541902412dbf6d88885f,hyperliquid,JOFF Deployer,contract-deployer,identity,hypurrscan-aliases,2026-07-17,Hypurrscan /globalAliases（2026-07-17 拉取）,,,,2026-07-17,,,
0xbb3791c5ede3eb0cfd3caa7b39de98d754cc14ca,hyperliquid,XAUT0 Deployer,contract-deployer,identity,hypurrscan-aliases,2026-07-17,Hypurrscan /globalAliases（2026-07-17 拉取）,,,,2026-07-17,,,
0xf1975983aa65b5c0102c776f204946ee526a01bf,hyperliquid,HY Deployer,contract-deployer,identity,hypurrscan-aliases,2026-07-17,Hypurrscan /globalAliases（2026-07-17 拉取）,,,,2026-07-17,,,
0xd584fe736e5aad97c437c579e884d15b17a54a51,hyperliquid,XP Deployer,contract-deployer,identity,hypurrscan-aliases,2026-07-17,Hypurrscan /globalAliases（2026-07-17 拉取）,,,,2026-07-17,,,
0x4f764d3533f1b084dabfcea3dd1b19c6795af502,hyperliquid,HWAVE Deployer,contract-deployer,identity,hypurrscan-aliases,2026-07-17,Hypurrscan /globalAliases（2026-07-17 拉取）,,,,2026-07-17,,,
0x8402f56c402b2f20b3e3e837940470fbacbe18de,hyperliquid,WHLP Deployer,contract-deployer,identity,hypurrscan-aliases,2026-07-17,Hypurrscan /globalAliases（2026-07-17 拉取）,,,,2026-07-17,,,
0x71771536ecada52dc607e6fdd333c73d0cd722a8,hyperliquid,USDY Deployer,contract-deployer,identity,hypurrscan-aliases,2026-07-17,Hypurrscan /globalAliases（2026-07-17 拉取）,,,,2026-07-17,,,
0x799eb3024aeb36e302ef4556550ddca6dbd3683e,hyperliquid,STLOOP Deployer,contract-deployer,identity,hypurrscan-aliases,2026-07-17,Hypurrscan /globalAliases（2026-07-17 拉取）,,,,2026-07-17,,,
0xc586e36e8b895e3ac5922b453779d6b823ac024d,hyperliquid,HWHLP Deployer,contract-deployer,identity,hypurrscan-aliases,2026-07-17,Hypurrscan /globalAliases（2026-07-17 拉取）,,,,2026-07-17,,,
0x8fad62adf004cb0b5d2afbba752bb696cdf6ac2a,hyperliquid,SSR Deployer,contract-deployer,identity,hypurrscan-aliases,2026-07-17,Hypurrscan /globalAliases（2026-07-17 拉取）,,,,2026-07-17,,,
0x974bdd8a9e1b8860a0ac90498028d380ff1473db,hyperliquid,LICKO Deployer,contract-deployer,identity,hypurrscan-aliases,2026-07-17,Hypurrscan /globalAliases（2026-07-17 拉取）,,,,2026-07-17,,,
0xf1068ece146be3e4ac1d90f739c5a42a8bfc5853,hyperliquid,THLP Deployer,contract-deployer,identity,hypurrscan-aliases,2026-07-17,Hypurrscan /globalAliases（2026-07-17 拉取）,,,,2026-07-17,,,
0x6605c69d16776792c7ab0b24a3747d373bc0769c,hyperliquid,DUSD Deployer,contract-deployer,identity,hypurrscan-aliases,2026-07-17,Hypurrscan /globalAliases（2026-07-17 拉取）,,,,2026-07-17,,,
0x9f3c1ca560334520de3808683ae1d6fede5e2d3b,hyperliquid,HWHYPE Deployer,contract-deployer,identity,hypurrscan-aliases,2026-07-17,Hypurrscan /globalAliases（2026-07-17 拉取）,,,,2026-07-17,,,
0x66a7106a55668d59facea8933256f3653bcc6b0c,hyperliquid,MONEY Deployer,contract-deployer,identity,hypurrscan-aliases,2026-07-17,Hypurrscan /globalAliases（2026-07-17 拉取）,,,,2026-07-17,,,
0x2a413988312d45b9a43c6e01b38d9513027f0bbf,hyperliquid,WQWQ Deployer,contract-deployer,identity,hypurrscan-aliases,2026-07-17,Hypurrscan /globalAliases（2026-07-17 拉取）,,,,2026-07-17,,,
0xb3a740f2809aa925c4a76035944086d92d07c9bb,hyperliquid,BLUAI Deployer,contract-deployer,identity,hypurrscan-aliases,2026-07-17,Hypurrscan /globalAliases（2026-07-17 拉取）,,,,2026-07-17,,,
0xd9ce8c098c59c6a28fe8e8b8531d353b0c5c12c1,hyperliquid,FITTED Deployer,contract-deployer,identity,hypurrscan-aliases,2026-07-17,Hypurrscan /globalAliases（2026-07-17 拉取）,,,,2026-07-17,,,
0x5e914f78c2711b47a9e62e342465aef2fa3b6515,hyperliquid,EX Deployer,contract-deployer,identity,hypurrscan-aliases,2026-07-17,Hypurrscan /globalAliases（2026-07-17 拉取）,,,,2026-07-17,,,
0xff2ddef995bf1de2df67612bda5f9901798580a2,hyperliquid,HREKT Deployer,contract-deployer,identity,hypurrscan-aliases,2026-07-17,Hypurrscan /globalAliases（2026-07-17 拉取）,,,,2026-07-17,,,
0x0af55b1b965a31d1650c2b898b2482ccca2c210a,hyperliquid,WOULD Deployer,contract-deployer,identity,hypurrscan-aliases,2026-07-17,Hypurrscan /globalAliases（2026-07-17 拉取）,,,,2026-07-17,,,
0xaab3141b8365c6fb31ec064619eb3fc97fd29a64,hyperliquid,VOL Deployer,contract-deployer,identity,hypurrscan-aliases,2026-07-17,Hypurrscan /globalAliases（2026-07-17 拉取）,,,,2026-07-17,,,
0x37a45adbb275d5d3f8100f4cf16977cd4b0f9fb7,hyperliquid,WILD Deployer,contract-deployer,identity,hypurrscan-aliases,2026-07-17,Hypurrscan /globalAliases（2026-07-17 拉取）,,,,2026-07-17,,,
0xa3e35db34703315428d684f3b3f3ae62bf8c11d7,hyperliquid,THBILL Deployer,contract-deployer,identity,hypurrscan-aliases,2026-07-17,Hypurrscan /globalAliases（2026-07-17 拉取）,,,,2026-07-17,,,
0x3ca71f9a1a9a5733327991bfe8606b5da1240843,hyperliquid,BERRIE Deployer,contract-deployer,identity,hypurrscan-aliases,2026-07-17,Hypurrscan /globalAliases（2026-07-17 拉取）,,,,2026-07-17,,,
0xf416d489e1955784cd980cc3dfc7feab47274796,hyperliquid,VSN Deployer,contract-deployer,identity,hypurrscan-aliases,2026-07-17,Hypurrscan /globalAliases（2026-07-17 拉取）,,,,2026-07-17,,,
0x9ac4a05b60a464696b5e7bc8e40f7e35a0067623,hyperliquid,BALT Deployer,contract-deployer,identity,hypurrscan-aliases,2026-07-17,Hypurrscan /globalAliases（2026-07-17 拉取）,,,,2026-07-17,,,
0x28b2a615fc96b83f7bfea25c8ada9a49f41942dd,hyperliquid,TOSHI Deployer,contract-deployer,identity,hypurrscan-aliases,2026-07-17,Hypurrscan /globalAliases（2026-07-17 拉取）,,,,2026-07-17,,,
0x9299dba92b45aa8fc298a20c4f5e753e5871e8e5,hyperliquid,BAYC Deployer,contract-deployer,identity,hypurrscan-aliases,2026-07-17,Hypurrscan /globalAliases（2026-07-17 拉取）,,,,2026-07-17,,,
0x7a74628ee62c2d80cf18e6cb48b812169eecd28e,hyperliquid,YUMA Deployer,contract-deployer,identity,hypurrscan-aliases,2026-07-17,Hypurrscan /globalAliases（2026-07-17 拉取）,,,,2026-07-17,,,
0x05a14066a75018496f078bf558775387b9663d2a,hyperliquid,DBLN Deployer,contract-deployer,identity,hypurrscan-aliases,2026-07-17,Hypurrscan /globalAliases（2026-07-17 拉取）,,,,2026-07-17,,,
0xe807a45dc0de198064a764cdd2d30d65f29d335a,hyperliquid,RYSK Deployer,contract-deployer,identity,hypurrscan-aliases,2026-07-17,Hypurrscan /globalAliases（2026-07-17 拉取）,,,,2026-07-17,,,
0xa333c03a184de375628295bdf3b24b24ce48cca9,hyperliquid,AURA Deployer,contract-deployer,identity,hypurrscan-aliases,2026-07-17,Hypurrscan /globalAliases（2026-07-17 拉取）,,,,2026-07-17,,,
0x66918285ed09ec78de842695d1a6c5bbb6cf1303,hyperliquid,KEI Deployer,contract-deployer,identity,hypurrscan-aliases,2026-07-17,Hypurrscan /globalAliases（2026-07-17 拉取）,,,,2026-07-17,,,
0x4c8731897503f86a2643959cbaa1e075e84babb7,hyperliquid,BULL Deployer,contract-deployer,identity,hypurrscan-aliases,2026-07-17,Hypurrscan /globalAliases（2026-07-17 拉取）,,,,2026-07-17,,,
0x7975cafdff839ed5047244ed3a0dd82a89866081,hyperliquid,DEXARI Deployer,contract-deployer,identity,hypurrscan-aliases,2026-07-17,Hypurrscan /globalAliases（2026-07-17 拉取）,,,,2026-07-17,,,
0x1924b8561eef20e70ede628a296175d358be80e5,hyperliquid,BASED Deployer,contract-deployer,identity,hypurrscan-aliases,2026-07-17,Hypurrscan /globalAliases（2026-07-17 拉取）,,,,2026-07-17,,,
0x7fa9f03ad468032e96708fe8d7085401ec291033,hyperliquid,REX Deployer,contract-deployer,identity,hypurrscan-aliases,2026-07-17,Hypurrscan /globalAliases（2026-07-17 拉取）,,,,2026-07-17,,,
0x1d08bf4f2f4e2d9cc7fa34c7ee65aabad6074350,hyperliquid,LINK0 Deployer,contract-deployer,identity,hypurrscan-aliases,2026-07-17,Hypurrscan /globalAliases（2026-07-17 拉取）,,,,2026-07-17,,,
0x9e672f0a34526ef63f6c30290e05f0a436fde5df,hyperliquid,PKMN Deployer,contract-deployer,identity,hypurrscan-aliases,2026-07-17,Hypurrscan /globalAliases（2026-07-17 拉取）,,,,2026-07-17,,,
0xfb5e041ef8035d8f9205a65f46cbf3692534cc64,hyperliquid,TRX0 Deployer,contract-deployer,identity,hypurrscan-aliases,2026-07-17,Hypurrscan /globalAliases（2026-07-17 拉取）,,,,2026-07-17,,,
0x13d92d038434f3b79498fd6b4d568e0c733f8b9f,hyperliquid,STRD Deployer,contract-deployer,identity,hypurrscan-aliases,2026-07-17,Hypurrscan /globalAliases（2026-07-17 拉取）,,,,2026-07-17,,,
0xc6e0f6f10e86f9743e359c4950fc8a5c5cf0e412,hyperliquid,AVAX0 Deployer,contract-deployer,identity,hypurrscan-aliases,2026-07-17,Hypurrscan /globalAliases（2026-07-17 拉取）,,,,2026-07-17,,,
0x5f5a6e0f769bbb9232d2f6eda84790296b288974,hyperliquid,RZR Deployer,contract-deployer,identity,hypurrscan-aliases,2026-07-17,Hypurrscan /globalAliases（2026-07-17 拉取）,,,,2026-07-17,,,
0x254e13767ac9821e78c080b8025f0a79571a84c5,hyperliquid,PEPE0 Deployer,contract-deployer,identity,hypurrscan-aliases,2026-07-17,Hypurrscan /globalAliases（2026-07-17 拉取）,,,,2026-07-17,,,
0x3a3ee12ddb9763197638e453a17adb5bbaacf859,hyperliquid,SDEX Deployer,contract-deployer,identity,hypurrscan-aliases,2026-07-17,Hypurrscan /globalAliases（2026-07-17 拉取）,,,,2026-07-17,,,
0x9a8500449fef04113dcad22ac4f0f36236174817,hyperliquid,FLR Deployer,contract-deployer,identity,hypurrscan-aliases,2026-07-17,Hypurrscan /globalAliases（2026-07-17 拉取）,,,,2026-07-17,,,
0x1d607e4eb747f1294ae632d3490f121b00db9312,hyperliquid,USDG Deployer,contract-deployer,identity,hypurrscan-aliases,2026-07-17,Hypurrscan /globalAliases（2026-07-17 拉取）,,,,2026-07-17,,,
0x8de1b6f14b6cbb2808a7dfdc576861204192a7dd,hyperliquid,OG Deployer,contract-deployer,identity,hypurrscan-aliases,2026-07-17,Hypurrscan /globalAliases（2026-07-17 拉取）,,,,2026-07-17,,,
0xbd9b1485a6bf82b80546c5b4d13fbf8a5fe940b8,hyperliquid,RED Deployer,contract-deployer,identity,hypurrscan-aliases,2026-07-17,Hypurrscan /globalAliases（2026-07-17 拉取）,,,,2026-07-17,,,
0xb67c277027ee55cec5f197b4d1868c72a72ca7bb,hyperliquid,CASH Deployer,contract-deployer,identity,hypurrscan-aliases,2026-07-17,Hypurrscan /globalAliases（2026-07-17 拉取）,,,,2026-07-17,,,
0x41eb5839e19d64a91241ad1fb5015b34ef89c29b,hyperliquid,PUP Deployer,contract-deployer,identity,hypurrscan-aliases,2026-07-17,Hypurrscan /globalAliases（2026-07-17 拉取）,,,,2026-07-17,,,
0x5d2c2bd98f10616771d7b5124ad2090ba72aa43c,hyperliquid,IXRP Deployer,contract-deployer,identity,hypurrscan-aliases,2026-07-17,Hypurrscan /globalAliases（2026-07-17 拉取）,,,,2026-07-17,,,
0x4c1164ffdd9d8320285eec1a4fa27a83fbc24212,hyperliquid,NATIVE Deployer,contract-deployer,identity,hypurrscan-aliases,2026-07-17,Hypurrscan /globalAliases（2026-07-17 拉取）,,,,2026-07-17,,,
0xc4bb9b6fda3112b381cb94f571bc72db541e7577,hyperliquid,USDH Deployer,contract-deployer,identity,hypurrscan-aliases,2026-07-17,Hypurrscan /globalAliases（2026-07-17 拉取）,,,,2026-07-17,,,
0x9cdd00d607947ac2c8c67dd4c3a044d976e0b499,hyperliquid,DURIAN Deployer,contract-deployer,identity,hypurrscan-aliases,2026-07-17,Hypurrscan /globalAliases（2026-07-17 拉取）,,,,2026-07-17,,,
0x82a4ad5e5c9f6352cb7e6ff99b870e01ceb50f3c,hyperliquid,CRCT Deployer,contract-deployer,identity,hypurrscan-aliases,2026-07-17,Hypurrscan /globalAliases（2026-07-17 拉取）,,,,2026-07-17,,,
0x1a3b4b08e9c1ba3da8e88417a966769a5522533b,hyperliquid,SFC Deployer,contract-deployer,identity,hypurrscan-aliases,2026-07-17,Hypurrscan /globalAliases（2026-07-17 拉取）,,,,2026-07-17,,,
0xf9e914b64a3131467c4bcf1483830f81aadd733d,hyperliquid,FXRP Deployer,contract-deployer,identity,hypurrscan-aliases,2026-07-17,Hypurrscan /globalAliases（2026-07-17 拉取）,,,,2026-07-17,,,
0xef3db78eb07b3a96511d676e1c3b5968ca436613,hyperliquid,WXRP Deployer,contract-deployer,identity,hypurrscan-aliases,2026-07-17,Hypurrscan /globalAliases（2026-07-17 拉取）,,,,2026-07-17,,,
0x10b7fce3a4042b4c2a6f8b09a59150163d8cdde9,hyperliquid,MHYPE Deployer,contract-deployer,identity,hypurrscan-aliases,2026-07-17,Hypurrscan /globalAliases（2026-07-17 拉取）,,,,2026-07-17,,,
0xb4caaff781251594911cc76aec61cef46ba00894,hyperliquid,FLOW Deployer,contract-deployer,identity,hypurrscan-aliases,2026-07-17,Hypurrscan /globalAliases（2026-07-17 拉取）,,,,2026-07-17,,,
0xb201911ba8f1834bb1e100d82072960a8d30b556,hyperliquid,VNTLS Deployer,contract-deployer,identity,hypurrscan-aliases,2026-07-17,Hypurrscan /globalAliases（2026-07-17 拉取）,,,,2026-07-17,,,
0x4f48bd6581e48ef170e8c1915340378288948690,hyperliquid,TANSSI Deployer,contract-deployer,identity,hypurrscan-aliases,2026-07-17,Hypurrscan /globalAliases（2026-07-17 拉取）,,,,2026-07-17,,,
0x40f98c4e4b2dedd94726900d4a6eb137cd5ad5d8,hyperliquid,XION Deployer,contract-deployer,identity,hypurrscan-aliases,2026-07-17,Hypurrscan /globalAliases（2026-07-17 拉取）,,,,2026-07-17,,,
0xef502d76a44433b5bebfbde1db6219b872eeb938,hyperliquid,SEDA Deployer,contract-deployer,identity,hypurrscan-aliases,2026-07-17,Hypurrscan /globalAliases（2026-07-17 拉取）,,,,2026-07-17,,,
0x16236f85d0c710e8fe0f6c0baf972200cf93ea4d,hyperliquid,WUSDN Deployer,contract-deployer,identity,hypurrscan-aliases,2026-07-17,Hypurrscan /globalAliases（2026-07-17 拉取）,,,,2026-07-17,,,
0x9b4015887f34d4ac63e22be929f21b4740e3e524,hyperliquid,IZEC Deployer,contract-deployer,identity,hypurrscan-aliases,2026-07-17,Hypurrscan /globalAliases（2026-07-17 拉取）,,,,2026-07-17,,,
0x607fb6941671f2ce40a749aa5240b7f04c400b52,hyperliquid,USDN Deployer,contract-deployer,identity,hypurrscan-aliases,2026-07-17,Hypurrscan /globalAliases（2026-07-17 拉取）,,,,2026-07-17,,,
0x26eb14d06355b3ce6bad23218a4a65d8cee3973b,hyperliquid,VULT Deployer,contract-deployer,identity,hypurrscan-aliases,2026-07-17,Hypurrscan /globalAliases（2026-07-17 拉取）,,,,2026-07-17,,,
0x631935eb5c4940afa3f80cdd1c218c51bde3e0a4,hyperliquid,MAWARI Deployer,contract-deployer,identity,hypurrscan-aliases,2026-07-17,Hypurrscan /globalAliases（2026-07-17 拉取）,,,,2026-07-17,,,
0xff1905e6d465a335e4492e4ee83aa31c94025d91,hyperliquid,HBNB Deployer,contract-deployer,identity,hypurrscan-aliases,2026-07-17,Hypurrscan /globalAliases（2026-07-17 拉取）,,,,2026-07-17,,,
0x000cfdfe95796a1d33dfd11426a2f7b353dcc000,hyperliquid,NBT Deployer,contract-deployer,identity,hypurrscan-aliases,2026-07-17,Hypurrscan /globalAliases（2026-07-17 拉取）,,,,2026-07-17,,,
0xac03fafa67edadc5629ec03f353de4d5e528e738,hyperliquid,USDUC Deployer,contract-deployer,identity,hypurrscan-aliases,2026-07-17,Hypurrscan /globalAliases（2026-07-17 拉取）,,,,2026-07-17,,,
0xd0c1e2baf02b71a3e50197854c813ee4c2bf6015,hyperliquid,SYND Deployer,contract-deployer,identity,hypurrscan-aliases,2026-07-17,Hypurrscan /globalAliases（2026-07-17 拉取）,,,,2026-07-17,,,
0xd0c47ec03247d63c9f86536d0601617ac3ec65a9,hyperliquid,PB Deployer,contract-deployer,identity,hypurrscan-aliases,2026-07-17,Hypurrscan /globalAliases（2026-07-17 拉取）,,,,2026-07-17,,,
0x318563100d5d390ec0554d09597869f76e5c759d,hyperliquid,APEXHL Deployer,contract-deployer,identity,hypurrscan-aliases,2026-07-17,Hypurrscan /globalAliases（2026-07-17 拉取）,,,,2026-07-17,,,
0x5830386c4fb528ebf642435fdd0d4691885a44ff,hyperliquid,AXL Deployer,contract-deployer,identity,hypurrscan-aliases,2026-07-17,Hypurrscan /globalAliases（2026-07-17 拉取）,,,,2026-07-17,,,
0x96fdb9e5c1a3d33f34109118457500b3d96c7094,hyperliquid,BZEC Deployer,contract-deployer,identity,hypurrscan-aliases,2026-07-17,Hypurrscan /globalAliases（2026-07-17 拉取）,,,,2026-07-17,,,
0x667f0050fb5c4b3c485b08c051ee02e977190664,hyperliquid,MAK Deployer,contract-deployer,identity,hypurrscan-aliases,2026-07-17,Hypurrscan /globalAliases（2026-07-17 拉取）,,,,2026-07-17,,,
0x8bb727e562d59b4e2cca8ef60c103b226ec0427d,hyperliquid,SOSA Deployer,contract-deployer,identity,hypurrscan-aliases,2026-07-17,Hypurrscan /globalAliases（2026-07-17 拉取）,,,,2026-07-17,,,
0x752cb4c9189e8beb10fcab5059c31781816530e8,hyperliquid,HYBR Deployer,contract-deployer,identity,hypurrscan-aliases,2026-07-17,Hypurrscan /globalAliases（2026-07-17 拉取）,,,,2026-07-17,,,
0x011d006bef7ea8367048e12d69de9a938f9d4636,hyperliquid,MMOVE Deployer,contract-deployer,identity,hypurrscan-aliases,2026-07-17,Hypurrscan /globalAliases（2026-07-17 拉取）,,,,2026-07-17,,,
0xd11552a40ce60abea55045f9f03a8380b4379836,hyperliquid,BLOB Deployer,contract-deployer,identity,hypurrscan-aliases,2026-07-17,Hypurrscan /globalAliases（2026-07-17 拉取）,,,,2026-07-17,,,
0x0000000bfbf4c62c43c2e71ef0093f382bf7a7b4,hyperliquid,CEXY Deployer,contract-deployer,identity,hypurrscan-aliases,2026-07-17,Hypurrscan /globalAliases（2026-07-17 拉取）,,,,2026-07-17,,,
0x13638dc865d355cc10c25e89a16def488b0c6836,hyperliquid,STABLE Deployer,contract-deployer,identity,hypurrscan-aliases,2026-07-17,Hypurrscan /globalAliases（2026-07-17 拉取）,,,,2026-07-17,,,
0xdb180c83029577a1cb323542ec796fa4cc7b8f51,hyperliquid,NEST Deployer,contract-deployer,identity,hypurrscan-aliases,2026-07-17,Hypurrscan /globalAliases（2026-07-17 拉取）,,,,2026-07-17,,,
0xbe0ca442d6b7d81e0faa7dbfd09331019f893f89,hyperliquid,RAM Deployer,contract-deployer,identity,hypurrscan-aliases,2026-07-17,Hypurrscan /globalAliases（2026-07-17 拉取）,,,,2026-07-17,,,
0xb2a1dc0db510e268b645387e852061ce22e2e7aa,hyperliquid,QONE Deployer,contract-deployer,identity,hypurrscan-aliases,2026-07-17,Hypurrscan /globalAliases（2026-07-17 拉取）,,,,2026-07-17,,,
0x207700bd207df757825f9193ef9c648c1c65e06a,hyperliquid,XMR1 Deployer,contract-deployer,identity,hypurrscan-aliases,2026-07-17,Hypurrscan /globalAliases（2026-07-17 拉取）,,,,2026-07-17,,,
0x0410ae6adf0e8a5f047dfc53acc9e5253b37f31e,hyperliquid,HMT Deployer,contract-deployer,identity,hypurrscan-aliases,2026-07-17,Hypurrscan /globalAliases（2026-07-17 拉取）,,,,2026-07-17,,,
0x071d9fe61ce306aef04b7889780f889f444d7bf7,hyperliquid,PEUR Deployer,contract-deployer,identity,hypurrscan-aliases,2026-07-17,Hypurrscan /globalAliases（2026-07-17 拉取）,,,,2026-07-17,,,
0x9a93d976277bfda0b69b1625358cb257f4908106,hyperliquid,CRCL Deployer,contract-deployer,identity,hypurrscan-aliases,2026-07-17,Hypurrscan /globalAliases（2026-07-17 拉取）,,,,2026-07-17,,,
0x9d01d1d6088ded7bc0bfd592106bbf643e1ffa5f,hyperliquid,SOON Deployer,contract-deployer,identity,hypurrscan-aliases,2026-07-17,Hypurrscan /globalAliases（2026-07-17 拉取）,,,,2026-07-17,,,
0xf89d7b9c864f589bbf53a82105107622b35eaa40,hyperliquid,Bybit,cex,exclude,hypurrscan-aliases,2026-07-17,Hypurrscan /globalAliases（2026-07-17 拉取）,,,,2026-07-17,,,
0xd5c39a8a764881a57834ad02ee6e5d049268d4b5,hyperliquid,OKX 1,cex,exclude,hypurrscan-aliases,2026-07-17,Hypurrscan /globalAliases（2026-07-17 拉取）,,,,2026-07-17,,,
0x62e10f1022652aa3b1330335de94b64bbd7cf1a7,hyperliquid,OKX 2,cex,exclude,hypurrscan-aliases,2026-07-17,Hypurrscan /globalAliases（2026-07-17 拉取）,,,,2026-07-17,,,
0x096d26873e3a03d147c8e5611069877fd1aa82b3,hyperliquid,OKX 3,cex,exclude,hypurrscan-aliases,2026-07-17,Hypurrscan /globalAliases（2026-07-17 拉取）,,,,2026-07-17,,,
0x156fdf14cdb80c9623b5eb06a164a799aa719119,hyperliquid,KuCoin 1,cex,exclude,hypurrscan-aliases,2026-07-17,Hypurrscan /globalAliases（2026-07-17 拉取）,,,,2026-07-17,,,
0x716bd8d3337972db99995dda5c4b34d954a61d95,hyperliquid,KuCoin 2,cex,exclude,hypurrscan-aliases,2026-07-17,Hypurrscan /globalAliases（2026-07-17 拉取）,,,,2026-07-17,,,
0x2933782b5a8d72f2754103d1489614f29bfa4625,hyperliquid,KuCoin 3,cex,exclude,hypurrscan-aliases,2026-07-17,Hypurrscan /globalAliases（2026-07-17 拉取）,,,,2026-07-17,,,
0xd0a8fc7f6e08691b39bea04ac01538d4c9eaaa91,hyperliquid,KuCoin 4,cex,exclude,hypurrscan-aliases,2026-07-17,Hypurrscan /globalAliases（2026-07-17 拉取）,,,,2026-07-17,,,
0x0d0707963952f2fba59dd06f2b425ace40b492fe,hyperliquid,Gate.io 1,cex,exclude,hypurrscan-aliases,2026-07-17,Hypurrscan /globalAliases（2026-07-17 拉取）,,,,2026-07-17,,,
0xc882b111a75c0c657fc507c04fbfcd2cc984f071,hyperliquid,Gate.io 2,cex,exclude,hypurrscan-aliases,2026-07-17,Hypurrscan /globalAliases（2026-07-17 拉取）,,,,2026-07-17,,,
0x841ed663f2636863d40be4ee76243377dff13a34,hyperliquid,Robinhood 1,cex,exclude,hypurrscan-aliases,2026-07-17,Hypurrscan /globalAliases（2026-07-17 拉取）,,,,2026-07-17,,,
0x73af3bcf944a6559933396c1577b257e2054d935,hyperliquid,Robinhood 2,cex,exclude,hypurrscan-aliases,2026-07-17,Hypurrscan /globalAliases（2026-07-17 拉取）,,,,2026-07-17,,,
0x1887fa9edadeab7562b01cc3f4fa246ace2c3cdd,hyperliquid,Robinhood 3,cex,exclude,hypurrscan-aliases,2026-07-17,Hypurrscan /globalAliases（2026-07-17 拉取）,,,,2026-07-17,,,
0xffa8db7b38579e6a2d14f9b347a9ace4d044cd54,hyperliquid,Bitget 1,cex,exclude,hypurrscan-aliases,2026-07-17,Hypurrscan /globalAliases（2026-07-17 拉取）,,,,2026-07-17,,,
0x864a7fa57e0f8902a2de4892e925f1272edbe3fa,hyperliquid,Bitget 2,cex,exclude,hypurrscan-aliases,2026-07-17,Hypurrscan /globalAliases（2026-07-17 拉取）,,,,2026-07-17,,,
0x1ab4973a48dc892cd9971ece8e01dcc7688f8f23,hyperliquid,Bitget 3,cex,exclude,hypurrscan-aliases,2026-07-17,Hypurrscan /globalAliases（2026-07-17 拉取）,,,,2026-07-17,,,
0x8d25fb438c6efcd08679ffa82766869b50e24608,hyperliquid,MEXC,cex,exclude,hypurrscan-aliases,2026-07-17,Hypurrscan /globalAliases（2026-07-17 拉取）,,,,2026-07-17,,,
0x48df1c337f04649687557608f7f2e65aea93754c,hyperliquid,Binance US,cex,exclude,hypurrscan-aliases,2026-07-17,Hypurrscan /globalAliases（2026-07-17 拉取）,,,,2026-07-17,,,
0xc15dc0b4223b05588a257e48ed129fb59c6eb7e3,hyperliquid,Bitvavo 1,cex,exclude,hypurrscan-aliases,2026-07-17,Hypurrscan /globalAliases（2026-07-17 拉取）,,,,2026-07-17,,,
0xb0a3a2b60e969afd26561429aa4c1444c57e4411,hyperliquid,Bitvavo 2,cex,exclude,hypurrscan-aliases,2026-07-17,Hypurrscan /globalAliases（2026-07-17 拉取）,,,,2026-07-17,,,
0xdb56667524e641143dc38338c90188c580e1df64,hyperliquid,Bitvavo 3,cex,exclude,hypurrscan-aliases,2026-07-17,Hypurrscan /globalAliases（2026-07-17 拉取）,,,,2026-07-17,,,
0xf35a6bd6e0459a4b53a27862c51a2a7292b383d1,hyperliquid,CoinSpot 1,cex,exclude,hypurrscan-aliases,2026-07-17,Hypurrscan /globalAliases（2026-07-17 拉取）,,,,2026-07-17,,,
0x60f9e80d0d40b2958ac39006635de782096866c3,hyperliquid,CoinSpot 2,cex,exclude,hypurrscan-aliases,2026-07-17,Hypurrscan /globalAliases（2026-07-17 拉取）,,,,2026-07-17,,,
0x574bafce69d9411f662a433896e74e4f153096fa,hyperliquid,Unit Bitcoin Treasury,entity,identity,hypurrscan-aliases,2026-07-17,Hypurrscan /globalAliases（2026-07-17 拉取）,,,,2026-07-17,,,
0x8dafbe89302656a7df43c470e9ebcb4c540835c0,hyperliquid,Unit Ethereum Treasury,entity,identity,hypurrscan-aliases,2026-07-17,Hypurrscan /globalAliases（2026-07-17 拉取）,,,,2026-07-17,,,
0xa822a9ceb6d6cb5b565bd10098abcfa9cf18d748,hyperliquid,Unit Solana Treasury,entity,identity,hypurrscan-aliases,2026-07-17,Hypurrscan /globalAliases（2026-07-17 拉取）,,,,2026-07-17,,,
0xe6111266afdcdf0b1fe8505028cc1f7419d798a7,hyperliquid,Unit Plasma Treasury,entity,identity,hypurrscan-aliases,2026-07-17,Hypurrscan /globalAliases（2026-07-17 拉取）,,,,2026-07-17,,,
0x24de6b77e8bc31c40aa452926daa6bbab7a71b0f,hyperliquid,Unit Monad Treasury,entity,identity,hypurrscan-aliases,2026-07-17,Hypurrscan /globalAliases（2026-07-17 拉取）,,,,2026-07-17,,,
0x1f6093d33db935b2ebd81d23312da5f11759973e,hyperliquid,Unit fee payers,entity,identity,hypurrscan-aliases,2026-07-17,Hypurrscan /globalAliases（2026-07-17 拉取）,,,,2026-07-17,,,
0x2000000000000000000000000000000000000000,hyperliquid,HyperCore 系统转移地址: USDC (index 0),bridge,exclude,manual-hldocs,2026-07-17,官方 docs 系统地址规则（0x20+index big-endian）确定性生成；公式经官方示例 index200→…c8 单测,,,,2026-07-17,2026-07-17,,
0x2000000000000000000000000000000000000001,hyperliquid,HyperCore 系统转移地址: PURR (index 1),bridge,exclude,manual-hldocs,2026-07-17,官方 docs 系统地址规则（0x20+index big-endian）确定性生成；公式经官方示例 index200→…c8 单测,,,,2026-07-17,2026-07-17,,
0x2000000000000000000000000000000000000002,hyperliquid,HyperCore 系统转移地址: HFUN (index 2),bridge,exclude,manual-hldocs,2026-07-17,官方 docs 系统地址规则（0x20+index big-endian）确定性生成；公式经官方示例 index200→…c8 单测,,,,2026-07-17,2026-07-17,,
0x2000000000000000000000000000000000000003,hyperliquid,HyperCore 系统转移地址: LICK (index 3),bridge,exclude,manual-hldocs,2026-07-17,官方 docs 系统地址规则（0x20+index big-endian）确定性生成；公式经官方示例 index200→…c8 单测,,,,2026-07-17,2026-07-17,,
0x2000000000000000000000000000000000000004,hyperliquid,HyperCore 系统转移地址: MANLET (index 4),bridge,exclude,manual-hldocs,2026-07-17,官方 docs 系统地址规则（0x20+index big-endian）确定性生成；公式经官方示例 index200→…c8 单测,,,,2026-07-17,2026-07-17,,
0x2000000000000000000000000000000000000005,hyperliquid,HyperCore 系统转移地址: JEFF (index 5),bridge,exclude,manual-hldocs,2026-07-17,官方 docs 系统地址规则（0x20+index big-endian）确定性生成；公式经官方示例 index200→…c8 单测,,,,2026-07-17,2026-07-17,,
0x2000000000000000000000000000000000000006,hyperliquid,HyperCore 系统转移地址: SIX (index 6),bridge,exclude,manual-hldocs,2026-07-17,官方 docs 系统地址规则（0x20+index big-endian）确定性生成；公式经官方示例 index200→…c8 单测,,,,2026-07-17,2026-07-17,,
0x2000000000000000000000000000000000000007,hyperliquid,HyperCore 系统转移地址: WAGMI (index 7),bridge,exclude,manual-hldocs,2026-07-17,官方 docs 系统地址规则（0x20+index big-endian）确定性生成；公式经官方示例 index200→…c8 单测,,,,2026-07-17,2026-07-17,,
0x2000000000000000000000000000000000000008,hyperliquid,HyperCore 系统转移地址: CAPPY (index 8),bridge,exclude,manual-hldocs,2026-07-17,官方 docs 系统地址规则（0x20+index big-endian）确定性生成；公式经官方示例 index200→…c8 单测,,,,2026-07-17,2026-07-17,,
0x2000000000000000000000000000000000000009,hyperliquid,HyperCore 系统转移地址: POINTS (index 9),bridge,exclude,manual-hldocs,2026-07-17,官方 docs 系统地址规则（0x20+index big-endian）确定性生成；公式经官方示例 index200→…c8 单测,,,,2026-07-17,2026-07-17,,
0x200000000000000000000000000000000000000a,hyperliquid,HyperCore 系统转移地址: TRUMP (index 10),bridge,exclude,manual-hldocs,2026-07-17,官方 docs 系统地址规则（0x20+index big-endian）确定性生成；公式经官方示例 index200→…c8 单测,,,,2026-07-17,2026-07-17,,
0x200000000000000000000000000000000000000b,hyperliquid,HyperCore 系统转移地址: GMEOW (index 11),bridge,exclude,manual-hldocs,2026-07-17,官方 docs 系统地址规则（0x20+index big-endian）确定性生成；公式经官方示例 index200→…c8 单测,,,,2026-07-17,2026-07-17,,
0x200000000000000000000000000000000000000c,hyperliquid,HyperCore 系统转移地址: PEPE (index 12),bridge,exclude,manual-hldocs,2026-07-17,官方 docs 系统地址规则（0x20+index big-endian）确定性生成；公式经官方示例 index200→…c8 单测,,,,2026-07-17,2026-07-17,,
0x200000000000000000000000000000000000000d,hyperliquid,HyperCore 系统转移地址: XULIAN (index 13),bridge,exclude,manual-hldocs,2026-07-17,官方 docs 系统地址规则（0x20+index big-endian）确定性生成；公式经官方示例 index200→…c8 单测,,,,2026-07-17,2026-07-17,,
0x200000000000000000000000000000000000000e,hyperliquid,HyperCore 系统转移地址: RUG (index 14),bridge,exclude,manual-hldocs,2026-07-17,官方 docs 系统地址规则（0x20+index big-endian）确定性生成；公式经官方示例 index200→…c8 单测,,,,2026-07-17,2026-07-17,,
0x200000000000000000000000000000000000000f,hyperliquid,HyperCore 系统转移地址: ILIENS (index 15),bridge,exclude,manual-hldocs,2026-07-17,官方 docs 系统地址规则（0x20+index big-endian）确定性生成；公式经官方示例 index200→…c8 单测,,,,2026-07-17,2026-07-17,,
0x2000000000000000000000000000000000000010,hyperliquid,HyperCore 系统转移地址: FUCKY (index 16),bridge,exclude,manual-hldocs,2026-07-17,官方 docs 系统地址规则（0x20+index big-endian）确定性生成；公式经官方示例 index200→…c8 单测,,,,2026-07-17,2026-07-17,,
0x2000000000000000000000000000000000000011,hyperliquid,HyperCore 系统转移地址: CZ (index 17),bridge,exclude,manual-hldocs,2026-07-17,官方 docs 系统地址规则（0x20+index big-endian）确定性生成；公式经官方示例 index200→…c8 单测,,,,2026-07-17,2026-07-17,,
0x2000000000000000000000000000000000000012,hyperliquid,HyperCore 系统转移地址: BAGS (index 18),bridge,exclude,manual-hldocs,2026-07-17,官方 docs 系统地址规则（0x20+index big-endian）确定性生成；公式经官方示例 index200→…c8 单测,,,,2026-07-17,2026-07-17,,
0x2000000000000000000000000000000000000013,hyperliquid,HyperCore 系统转移地址: ANSEM (index 19),bridge,exclude,manual-hldocs,2026-07-17,官方 docs 系统地址规则（0x20+index big-endian）确定性生成；公式经官方示例 index200→…c8 单测,,,,2026-07-17,2026-07-17,,
0x2000000000000000000000000000000000000014,hyperliquid,HyperCore 系统转移地址: TATE (index 20),bridge,exclude,manual-hldocs,2026-07-17,官方 docs 系统地址规则（0x20+index big-endian）确定性生成；公式经官方示例 index200→…c8 单测,,,,2026-07-17,2026-07-17,,
0x2000000000000000000000000000000000000015,hyperliquid,HyperCore 系统转移地址: FUN (index 21),bridge,exclude,manual-hldocs,2026-07-17,官方 docs 系统地址规则（0x20+index big-endian）确定性生成；公式经官方示例 index200→…c8 单测,,,,2026-07-17,2026-07-17,,
0x2000000000000000000000000000000000000016,hyperliquid,HyperCore 系统转移地址: SUCKY (index 22),bridge,exclude,manual-hldocs,2026-07-17,官方 docs 系统地址规则（0x20+index big-endian）确定性生成；公式经官方示例 index200→…c8 单测,,,,2026-07-17,2026-07-17,,
0x2000000000000000000000000000000000000017,hyperliquid,HyperCore 系统转移地址: BIGBEN (index 23),bridge,exclude,manual-hldocs,2026-07-17,官方 docs 系统地址规则（0x20+index big-endian）确定性生成；公式经官方示例 index200→…c8 单测,,,,2026-07-17,2026-07-17,,
0x2000000000000000000000000000000000000018,hyperliquid,HyperCore 系统转移地址: KOBE (index 24),bridge,exclude,manual-hldocs,2026-07-17,官方 docs 系统地址规则（0x20+index big-endian）确定性生成；公式经官方示例 index200→…c8 单测,,,,2026-07-17,2026-07-17,,
0x2000000000000000000000000000000000000019,hyperliquid,HyperCore 系统转移地址: VEGAS (index 25),bridge,exclude,manual-hldocs,2026-07-17,官方 docs 系统地址规则（0x20+index big-endian）确定性生成；公式经官方示例 index200→…c8 单测,,,,2026-07-17,2026-07-17,,
0x200000000000000000000000000000000000001a,hyperliquid,HyperCore 系统转移地址: PUMP (index 26),bridge,exclude,manual-hldocs,2026-07-17,官方 docs 系统地址规则（0x20+index big-endian）确定性生成；公式经官方示例 index200→…c8 单测,,,,2026-07-17,2026-07-17,,
0x200000000000000000000000000000000000001b,hyperliquid,HyperCore 系统转移地址: SCHIZO (index 27),bridge,exclude,manual-hldocs,2026-07-17,官方 docs 系统地址规则（0x20+index big-endian）确定性生成；公式经官方示例 index200→…c8 单测,,,,2026-07-17,2026-07-17,,
0x200000000000000000000000000000000000001c,hyperliquid,HyperCore 系统转移地址: CATNIP (index 28),bridge,exclude,manual-hldocs,2026-07-17,官方 docs 系统地址规则（0x20+index big-endian）确定性生成；公式经官方示例 index200→…c8 单测,,,,2026-07-17,2026-07-17,,
0x200000000000000000000000000000000000001d,hyperliquid,HyperCore 系统转移地址: HAPPY (index 29),bridge,exclude,manual-hldocs,2026-07-17,官方 docs 系统地址规则（0x20+index big-endian）确定性生成；公式经官方示例 index200→…c8 单测,,,,2026-07-17,2026-07-17,,
0x200000000000000000000000000000000000001e,hyperliquid,HyperCore 系统转移地址: SELL (index 30),bridge,exclude,manual-hldocs,2026-07-17,官方 docs 系统地址规则（0x20+index big-endian）确定性生成；公式经官方示例 index200→…c8 单测,,,,2026-07-17,2026-07-17,,
0x200000000000000000000000000000000000001f,hyperliquid,HyperCore 系统转移地址: HBOOST (index 31),bridge,exclude,manual-hldocs,2026-07-17,官方 docs 系统地址规则（0x20+index big-endian）确定性生成；公式经官方示例 index200→…c8 单测,,,,2026-07-17,2026-07-17,,
0x2000000000000000000000000000000000000020,hyperliquid,HyperCore 系统转移地址: FARMED (index 32),bridge,exclude,manual-hldocs,2026-07-17,官方 docs 系统地址规则（0x20+index big-endian）确定性生成；公式经官方示例 index200→…c8 单测,,,,2026-07-17,2026-07-17,,
0x2000000000000000000000000000000000000021,hyperliquid,HyperCore 系统转移地址: PURRPS (index 33),bridge,exclude,manual-hldocs,2026-07-17,官方 docs 系统地址规则（0x20+index big-endian）确定性生成；公式经官方示例 index200→…c8 单测,,,,2026-07-17,2026-07-17,,
0x2000000000000000000000000000000000000022,hyperliquid,HyperCore 系统转移地址: GUP (index 34),bridge,exclude,manual-hldocs,2026-07-17,官方 docs 系统地址规则（0x20+index big-endian）确定性生成；公式经官方示例 index200→…c8 单测,,,,2026-07-17,2026-07-17,,
0x2000000000000000000000000000000000000023,hyperliquid,HyperCore 系统转移地址: GPT (index 35),bridge,exclude,manual-hldocs,2026-07-17,官方 docs 系统地址规则（0x20+index big-endian）确定性生成；公式经官方示例 index200→…c8 单测,,,,2026-07-17,2026-07-17,,
0x2000000000000000000000000000000000000024,hyperliquid,HyperCore 系统转移地址: PANDA (index 36),bridge,exclude,manual-hldocs,2026-07-17,官方 docs 系统地址规则（0x20+index big-endian）确定性生成；公式经官方示例 index200→…c8 单测,,,,2026-07-17,2026-07-17,,
0x2000000000000000000000000000000000000025,hyperliquid,HyperCore 系统转移地址: BID (index 37),bridge,exclude,manual-hldocs,2026-07-17,官方 docs 系统地址规则（0x20+index big-endian）确定性生成；公式经官方示例 index200→…c8 单测,,,,2026-07-17,2026-07-17,,
0x2000000000000000000000000000000000000026,hyperliquid,HyperCore 系统转移地址: HODL (index 38),bridge,exclude,manual-hldocs,2026-07-17,官方 docs 系统地址规则（0x20+index big-endian）确定性生成；公式经官方示例 index200→…c8 单测,,,,2026-07-17,2026-07-17,,
0x2000000000000000000000000000000000000027,hyperliquid,HyperCore 系统转移地址: RAGE (index 39),bridge,exclude,manual-hldocs,2026-07-17,官方 docs 系统地址规则（0x20+index big-endian）确定性生成；公式经官方示例 index200→…c8 单测,,,,2026-07-17,2026-07-17,,
0x2000000000000000000000000000000000000028,hyperliquid,HyperCore 系统转移地址: ASI (index 40),bridge,exclude,manual-hldocs,2026-07-17,官方 docs 系统地址规则（0x20+index big-endian）确定性生成；公式经官方示例 index200→…c8 单测,,,,2026-07-17,2026-07-17,,
0x2000000000000000000000000000000000000029,hyperliquid,HyperCore 系统转移地址: LEAP (index 41),bridge,exclude,manual-hldocs,2026-07-17,官方 docs 系统地址规则（0x20+index big-endian）确定性生成；公式经官方示例 index200→…c8 单测,,,,2026-07-17,2026-07-17,,
0x200000000000000000000000000000000000002a,hyperliquid,HyperCore 系统转移地址: VAPOR (index 42),bridge,exclude,manual-hldocs,2026-07-17,官方 docs 系统地址规则（0x20+index big-endian）确定性生成；公式经官方示例 index200→…c8 单测,,,,2026-07-17,2026-07-17,,
0x200000000000000000000000000000000000002b,hyperliquid,HyperCore 系统转移地址: PVP (index 43),bridge,exclude,manual-hldocs,2026-07-17,官方 docs 系统地址规则（0x20+index big-endian）确定性生成；公式经官方示例 index200→…c8 单测,,,,2026-07-17,2026-07-17,,
0x200000000000000000000000000000000000002c,hyperliquid,HyperCore 系统转移地址: X (index 44),bridge,exclude,manual-hldocs,2026-07-17,官方 docs 系统地址规则（0x20+index big-endian）确定性生成；公式经官方示例 index200→…c8 单测,,,,2026-07-17,2026-07-17,,
0x200000000000000000000000000000000000002d,hyperliquid,HyperCore 系统转移地址: PILL (index 45),bridge,exclude,manual-hldocs,2026-07-17,官方 docs 系统地址规则（0x20+index big-endian）确定性生成；公式经官方示例 index200→…c8 单测,,,,2026-07-17,2026-07-17,,
0x200000000000000000000000000000000000002e,hyperliquid,HyperCore 系统转移地址: ADHD (index 46),bridge,exclude,manual-hldocs,2026-07-17,官方 docs 系统地址规则（0x20+index big-endian）确定性生成；公式经官方示例 index200→…c8 单测,,,,2026-07-17,2026-07-17,,
0x200000000000000000000000000000000000002f,hyperliquid,HyperCore 系统转移地址: LADY (index 47),bridge,exclude,manual-hldocs,2026-07-17,官方 docs 系统地址规则（0x20+index big-endian）确定性生成；公式经官方示例 index200→…c8 单测,,,,2026-07-17,2026-07-17,,
0x2000000000000000000000000000000000000030,hyperliquid,HyperCore 系统转移地址: CAT (index 48),bridge,exclude,manual-hldocs,2026-07-17,官方 docs 系统地址规则（0x20+index big-endian）确定性生成；公式经官方示例 index200→…c8 单测,,,,2026-07-17,2026-07-17,,
0x2000000000000000000000000000000000000031,hyperliquid,HyperCore 系统转移地址: HPEPE (index 49),bridge,exclude,manual-hldocs,2026-07-17,官方 docs 系统地址规则（0x20+index big-endian）确定性生成；公式经官方示例 index200→…c8 单测,,,,2026-07-17,2026-07-17,,
0x2000000000000000000000000000000000000032,hyperliquid,HyperCore 系统转移地址: MBAPPE (index 50),bridge,exclude,manual-hldocs,2026-07-17,官方 docs 系统地址规则（0x20+index big-endian）确定性生成；公式经官方示例 index200→…c8 单测,,,,2026-07-17,2026-07-17,,
0x2000000000000000000000000000000000000033,hyperliquid,HyperCore 系统转移地址: MAGA (index 51),bridge,exclude,manual-hldocs,2026-07-17,官方 docs 系统地址规则（0x20+index big-endian）确定性生成；公式经官方示例 index200→…c8 单测,,,,2026-07-17,2026-07-17,,
0x2000000000000000000000000000000000000034,hyperliquid,HyperCore 系统转移地址: MOG (index 52),bridge,exclude,manual-hldocs,2026-07-17,官方 docs 系统地址规则（0x20+index big-endian）确定性生成；公式经官方示例 index200→…c8 单测,,,,2026-07-17,2026-07-17,,
0x2000000000000000000000000000000000000035,hyperliquid,HyperCore 系统转移地址: OMNIX (index 53),bridge,exclude,manual-hldocs,2026-07-17,官方 docs 系统地址规则（0x20+index big-endian）确定性生成；公式经官方示例 index200→…c8 单测,,,,2026-07-17,2026-07-17,,
0x2000000000000000000000000000000000000036,hyperliquid,HyperCore 系统转移地址: COKE (index 54),bridge,exclude,manual-hldocs,2026-07-17,官方 docs 系统地址规则（0x20+index big-endian）确定性生成；公式经官方示例 index200→…c8 单测,,,,2026-07-17,2026-07-17,,
0x2000000000000000000000000000000000000037,hyperliquid,HyperCore 系统转移地址: JEET (index 55),bridge,exclude,manual-hldocs,2026-07-17,官方 docs 系统地址规则（0x20+index big-endian）确定性生成；公式经官方示例 index200→…c8 单测,,,,2026-07-17,2026-07-17,,
0x2000000000000000000000000000000000000038,hyperliquid,HyperCore 系统转移地址: DROP (index 56),bridge,exclude,manual-hldocs,2026-07-17,官方 docs 系统地址规则（0x20+index big-endian）确定性生成；公式经官方示例 index200→…c8 单测,,,,2026-07-17,2026-07-17,,
0x2000000000000000000000000000000000000039,hyperliquid,HyperCore 系统转移地址: CBD (index 57),bridge,exclude,manual-hldocs,2026-07-17,官方 docs 系统地址规则（0x20+index big-endian）确定性生成；公式经官方示例 index200→…c8 单测,,,,2026-07-17,2026-07-17,,
0x200000000000000000000000000000000000003a,hyperliquid,HyperCore 系统转移地址: ARI (index 58),bridge,exclude,manual-hldocs,2026-07-17,官方 docs 系统地址规则（0x20+index big-endian）确定性生成；公式经官方示例 index200→…c8 单测,,,,2026-07-17,2026-07-17,,
0x200000000000000000000000000000000000003b,hyperliquid,HyperCore 系统转移地址: TEST (index 59),bridge,exclude,manual-hldocs,2026-07-17,官方 docs 系统地址规则（0x20+index big-endian）确定性生成；公式经官方示例 index200→…c8 单测,,,,2026-07-17,2026-07-17,,
0x200000000000000000000000000000000000003c,hyperliquid,HyperCore 系统转移地址: KING (index 60),bridge,exclude,manual-hldocs,2026-07-17,官方 docs 系统地址规则（0x20+index big-endian）确定性生成；公式经官方示例 index200→…c8 单测,,,,2026-07-17,2026-07-17,,
0x200000000000000000000000000000000000003d,hyperliquid,HyperCore 系统转移地址: MEOW (index 61),bridge,exclude,manual-hldocs,2026-07-17,官方 docs 系统地址规则（0x20+index big-endian）确定性生成；公式经官方示例 index200→…c8 单测,,,,2026-07-17,2026-07-17,,
0x200000000000000000000000000000000000003e,hyperliquid,HyperCore 系统转移地址: ANT (index 62),bridge,exclude,manual-hldocs,2026-07-17,官方 docs 系统地址规则（0x20+index big-endian）确定性生成；公式经官方示例 index200→…c8 单测,,,,2026-07-17,2026-07-17,,
0x200000000000000000000000000000000000003f,hyperliquid,HyperCore 系统转移地址: FRAC (index 63),bridge,exclude,manual-hldocs,2026-07-17,官方 docs 系统地址规则（0x20+index big-endian）确定性生成；公式经官方示例 index200→…c8 单测,,,,2026-07-17,2026-07-17,,
0x2000000000000000000000000000000000000040,hyperliquid,HyperCore 系统转移地址: ATEHUN (index 64),bridge,exclude,manual-hldocs,2026-07-17,官方 docs 系统地址规则（0x20+index big-endian）确定性生成；公式经官方示例 index200→…c8 单测,,,,2026-07-17,2026-07-17,,
0x2000000000000000000000000000000000000041,hyperliquid,HyperCore 系统转移地址: FRCT (index 65),bridge,exclude,manual-hldocs,2026-07-17,官方 docs 系统地址规则（0x20+index big-endian）确定性生成；公式经官方示例 index200→…c8 单测,,,,2026-07-17,2026-07-17,,
0x2000000000000000000000000000000000000042,hyperliquid,HyperCore 系统转移地址: COZY (index 66),bridge,exclude,manual-hldocs,2026-07-17,官方 docs 系统地址规则（0x20+index big-endian）确定性生成；公式经官方示例 index200→…c8 单测,,,,2026-07-17,2026-07-17,,
0x2000000000000000000000000000000000000043,hyperliquid,HyperCore 系统转移地址: WASH (index 67),bridge,exclude,manual-hldocs,2026-07-17,官方 docs 系统地址规则（0x20+index big-endian）确定性生成；公式经官方示例 index200→…c8 单测,,,,2026-07-17,2026-07-17,,
0x2000000000000000000000000000000000000044,hyperliquid,HyperCore 系统转移地址: POP (index 68),bridge,exclude,manual-hldocs,2026-07-17,官方 docs 系统地址规则（0x20+index big-endian）确定性生成；公式经官方示例 index200→…c8 单测,,,,2026-07-17,2026-07-17,,
0x2000000000000000000000000000000000000045,hyperliquid,HyperCore 系统转移地址: NFT (index 69),bridge,exclude,manual-hldocs,2026-07-17,官方 docs 系统地址规则（0x20+index big-endian）确定性生成；公式经官方示例 index200→…c8 单测,,,,2026-07-17,2026-07-17,,
0x2000000000000000000000000000000000000046,hyperliquid,HyperCore 系统转移地址: JEFE (index 70),bridge,exclude,manual-hldocs,2026-07-17,官方 docs 系统地址规则（0x20+index big-endian）确定性生成；公式经官方示例 index200→…c8 单测,,,,2026-07-17,2026-07-17,,
0x2000000000000000000000000000000000000047,hyperliquid,HyperCore 系统转移地址: PEAR (index 71),bridge,exclude,manual-hldocs,2026-07-17,官方 docs 系统地址规则（0x20+index big-endian）确定性生成；公式经官方示例 index200→…c8 单测,,,,2026-07-17,2026-07-17,,
0x2000000000000000000000000000000000000048,hyperliquid,HyperCore 系统转移地址: RICH (index 72),bridge,exclude,manual-hldocs,2026-07-17,官方 docs 系统地址规则（0x20+index big-endian）确定性生成；公式经官方示例 index200→…c8 单测,,,,2026-07-17,2026-07-17,,
0x2000000000000000000000000000000000000049,hyperliquid,HyperCore 系统转移地址: BRIDGE (index 73),bridge,exclude,manual-hldocs,2026-07-17,官方 docs 系统地址规则（0x20+index big-endian）确定性生成；公式经官方示例 index200→…c8 单测,,,,2026-07-17,2026-07-17,,
0x200000000000000000000000000000000000004a,hyperliquid,HyperCore 系统转移地址: GUESS (index 74),bridge,exclude,manual-hldocs,2026-07-17,官方 docs 系统地址规则（0x20+index big-endian）确定性生成；公式经官方示例 index200→…c8 单测,,,,2026-07-17,2026-07-17,,
0x200000000000000000000000000000000000004b,hyperliquid,HyperCore 系统转移地址: LORA (index 75),bridge,exclude,manual-hldocs,2026-07-17,官方 docs 系统地址规则（0x20+index big-endian）确定性生成；公式经官方示例 index200→…c8 单测,,,,2026-07-17,2026-07-17,,
0x200000000000000000000000000000000000004c,hyperliquid,HyperCore 系统转移地址: CATBAL (index 76),bridge,exclude,manual-hldocs,2026-07-17,官方 docs 系统地址规则（0x20+index big-endian）确定性生成；公式经官方示例 index200→…c8 单测,,,,2026-07-17,2026-07-17,,
0x200000000000000000000000000000000000004d,hyperliquid,HyperCore 系统转移地址: TJIF (index 77),bridge,exclude,manual-hldocs,2026-07-17,官方 docs 系统地址规则（0x20+index big-endian）确定性生成；公式经官方示例 index200→…c8 单测,,,,2026-07-17,2026-07-17,,
0x200000000000000000000000000000000000004e,hyperliquid,HyperCore 系统转移地址: NEIRO (index 78),bridge,exclude,manual-hldocs,2026-07-17,官方 docs 系统地址规则（0x20+index big-endian）确定性生成；公式经官方示例 index200→…c8 单测,,,,2026-07-17,2026-07-17,,
0x200000000000000000000000000000000000004f,hyperliquid,HyperCore 系统转移地址: TIME (index 79),bridge,exclude,manual-hldocs,2026-07-17,官方 docs 系统地址规则（0x20+index big-endian）确定性生成；公式经官方示例 index200→…c8 单测,,,,2026-07-17,2026-07-17,,
0x2000000000000000000000000000000000000050,hyperliquid,HyperCore 系统转移地址: BERA (index 80),bridge,exclude,manual-hldocs,2026-07-17,官方 docs 系统地址规则（0x20+index big-endian）确定性生成；公式经官方示例 index200→…c8 单测,,,,2026-07-17,2026-07-17,,
0x2000000000000000000000000000000000000051,hyperliquid,HyperCore 系统转移地址: ANGY (index 81),bridge,exclude,manual-hldocs,2026-07-17,官方 docs 系统地址规则（0x20+index big-endian）确定性生成；公式经官方示例 index200→…c8 单测,,,,2026-07-17,2026-07-17,,
0x2000000000000000000000000000000000000052,hyperliquid,HyperCore 系统转移地址: DOG (index 82),bridge,exclude,manual-hldocs,2026-07-17,官方 docs 系统地址规则（0x20+index big-endian）确定性生成；公式经官方示例 index200→…c8 单测,,,,2026-07-17,2026-07-17,,
0x2000000000000000000000000000000000000053,hyperliquid,HyperCore 系统转移地址: MOON (index 83),bridge,exclude,manual-hldocs,2026-07-17,官方 docs 系统地址规则（0x20+index big-endian）确定性生成；公式经官方示例 index200→…c8 单测,,,,2026-07-17,2026-07-17,,
0x2000000000000000000000000000000000000054,hyperliquid,HyperCore 系统转移地址: MAXI (index 84),bridge,exclude,manual-hldocs,2026-07-17,官方 docs 系统地址规则（0x20+index big-endian）确定性生成；公式经官方示例 index200→…c8 单测,,,,2026-07-17,2026-07-17,,
0x2000000000000000000000000000000000000055,hyperliquid,HyperCore 系统转移地址: PAIN (index 85),bridge,exclude,manual-hldocs,2026-07-17,官方 docs 系统地址规则（0x20+index big-endian）确定性生成；公式经官方示例 index200→…c8 单测,,,,2026-07-17,2026-07-17,,
0x2000000000000000000000000000000000000056,hyperliquid,HyperCore 系统转移地址: VDO (index 86),bridge,exclude,manual-hldocs,2026-07-17,官方 docs 系统地址规则（0x20+index big-endian）确定性生成；公式经官方示例 index200→…c8 单测,,,,2026-07-17,2026-07-17,,
0x2000000000000000000000000000000000000057,hyperliquid,HyperCore 系统转移地址: HQ (index 87),bridge,exclude,manual-hldocs,2026-07-17,官方 docs 系统地址规则（0x20+index big-endian）确定性生成；公式经官方示例 index200→…c8 单测,,,,2026-07-17,2026-07-17,,
0x2000000000000000000000000000000000000058,hyperliquid,HyperCore 系统转移地址: EUR (index 88),bridge,exclude,manual-hldocs,2026-07-17,官方 docs 系统地址规则（0x20+index big-endian）确定性生成；公式经官方示例 index200→…c8 单测,,,,2026-07-17,2026-07-17,,
0x2000000000000000000000000000000000000059,hyperliquid,HyperCore 系统转移地址: REGARD (index 89),bridge,exclude,manual-hldocs,2026-07-17,官方 docs 系统地址规则（0x20+index big-endian）确定性生成；公式经官方示例 index200→…c8 单测,,,,2026-07-17,2026-07-17,,
0x200000000000000000000000000000000000005a,hyperliquid,HyperCore 系统转移地址: YUM (index 90),bridge,exclude,manual-hldocs,2026-07-17,官方 docs 系统地址规则（0x20+index big-endian）确定性生成；公式经官方示例 index200→…c8 单测,,,,2026-07-17,2026-07-17,,
0x200000000000000000000000000000000000005b,hyperliquid,HyperCore 系统转移地址: REKT (index 91),bridge,exclude,manual-hldocs,2026-07-17,官方 docs 系统地址规则（0x20+index big-endian）确定性生成；公式经官方示例 index200→…c8 单测,,,,2026-07-17,2026-07-17,,
0x200000000000000000000000000000000000005c,hyperliquid,HyperCore 系统转移地址: NMTD (index 92),bridge,exclude,manual-hldocs,2026-07-17,官方 docs 系统地址规则（0x20+index big-endian）确定性生成；公式经官方示例 index200→…c8 单测,,,,2026-07-17,2026-07-17,,
0x200000000000000000000000000000000000005d,hyperliquid,HyperCore 系统转移地址: HPUMP (index 93),bridge,exclude,manual-hldocs,2026-07-17,官方 docs 系统地址规则（0x20+index big-endian）确定性生成；公式经官方示例 index200→…c8 单测,,,,2026-07-17,2026-07-17,,
0x200000000000000000000000000000000000005e,hyperliquid,HyperCore 系统转移地址: PIGEON (index 94),bridge,exclude,manual-hldocs,2026-07-17,官方 docs 系统地址规则（0x20+index big-endian）确定性生成；公式经官方示例 index200→…c8 单测,,,,2026-07-17,2026-07-17,,
0x200000000000000000000000000000000000005f,hyperliquid,HyperCore 系统转移地址: LAUNCH (index 95),bridge,exclude,manual-hldocs,2026-07-17,官方 docs 系统地址规则（0x20+index big-endian）确定性生成；公式经官方示例 index200→…c8 单测,,,,2026-07-17,2026-07-17,,
0x2000000000000000000000000000000000000060,hyperliquid,HyperCore 系统转移地址: IRL (index 96),bridge,exclude,manual-hldocs,2026-07-17,官方 docs 系统地址规则（0x20+index big-endian）确定性生成；公式经官方示例 index200→…c8 单测,,,,2026-07-17,2026-07-17,,
0x2000000000000000000000000000000000000061,hyperliquid,HyperCore 系统转移地址: RISE (index 97),bridge,exclude,manual-hldocs,2026-07-17,官方 docs 系统地址规则（0x20+index big-endian）确定性生成；公式经官方示例 index200→…c8 单测,,,,2026-07-17,2026-07-17,,
0x2000000000000000000000000000000000000062,hyperliquid,HyperCore 系统转移地址: WOW (index 98),bridge,exclude,manual-hldocs,2026-07-17,官方 docs 系统地址规则（0x20+index big-endian）确定性生成；公式经官方示例 index200→…c8 单测,,,,2026-07-17,2026-07-17,,
0x2000000000000000000000000000000000000063,hyperliquid,HyperCore 系统转移地址: CINDY (index 99),bridge,exclude,manual-hldocs,2026-07-17,官方 docs 系统地址规则（0x20+index big-endian）确定性生成；公式经官方示例 index200→…c8 单测,,,,2026-07-17,2026-07-17,,
0x2000000000000000000000000000000000000064,hyperliquid,HyperCore 系统转移地址: CHINA (index 100),bridge,exclude,manual-hldocs,2026-07-17,官方 docs 系统地址规则（0x20+index big-endian）确定性生成；公式经官方示例 index200→…c8 单测,,,,2026-07-17,2026-07-17,,
0x2000000000000000000000000000000000000065,hyperliquid,HyperCore 系统转移地址: STACK (index 101),bridge,exclude,manual-hldocs,2026-07-17,官方 docs 系统地址规则（0x20+index big-endian）确定性生成；公式经官方示例 index200→…c8 单测,,,,2026-07-17,2026-07-17,,
0x2000000000000000000000000000000000000066,hyperliquid,HyperCore 系统转移地址: FRIED (index 102),bridge,exclude,manual-hldocs,2026-07-17,官方 docs 系统地址规则（0x20+index big-endian）确定性生成；公式经官方示例 index200→…c8 单测,,,,2026-07-17,2026-07-17,,
0x2000000000000000000000000000000000000067,hyperliquid,HyperCore 系统转移地址: PICKL (index 103),bridge,exclude,manual-hldocs,2026-07-17,官方 docs 系统地址规则（0x20+index big-endian）确定性生成；公式经官方示例 index200→…c8 单测,,,,2026-07-17,2026-07-17,,
0x2000000000000000000000000000000000000068,hyperliquid,HyperCore 系统转移地址: SHREK (index 104),bridge,exclude,manual-hldocs,2026-07-17,官方 docs 系统地址规则（0x20+index big-endian）确定性生成；公式经官方示例 index200→…c8 单测,,,,2026-07-17,2026-07-17,,
0x2000000000000000000000000000000000000069,hyperliquid,HyperCore 系统转移地址: NOCEX (index 105),bridge,exclude,manual-hldocs,2026-07-17,官方 docs 系统地址规则（0x20+index big-endian）确定性生成；公式经官方示例 index200→…c8 单测,,,,2026-07-17,2026-07-17,,
0x200000000000000000000000000000000000006a,hyperliquid,HyperCore 系统转移地址: VAULT (index 106),bridge,exclude,manual-hldocs,2026-07-17,官方 docs 系统地址规则（0x20+index big-endian）确定性生成；公式经官方示例 index200→…c8 单测,,,,2026-07-17,2026-07-17,,
0x200000000000000000000000000000000000006b,hyperliquid,HyperCore 系统转移地址: RANK (index 107),bridge,exclude,manual-hldocs,2026-07-17,官方 docs 系统地址规则（0x20+index big-endian）确定性生成；公式经官方示例 index200→…c8 单测,,,,2026-07-17,2026-07-17,,
0x200000000000000000000000000000000000006c,hyperliquid,HyperCore 系统转移地址: L (index 108),bridge,exclude,manual-hldocs,2026-07-17,官方 docs 系统地址规则（0x20+index big-endian）确定性生成；公式经官方示例 index200→…c8 单测,,,,2026-07-17,2026-07-17,,
0x200000000000000000000000000000000000006d,hyperliquid,HyperCore 系统转移地址: H (index 109),bridge,exclude,manual-hldocs,2026-07-17,官方 docs 系统地址规则（0x20+index big-endian）确定性生成；公式经官方示例 index200→…c8 单测,,,,2026-07-17,2026-07-17,,
0x200000000000000000000000000000000000006e,hyperliquid,HyperCore 系统转移地址: G (index 110),bridge,exclude,manual-hldocs,2026-07-17,官方 docs 系统地址规则（0x20+index big-endian）确定性生成；公式经官方示例 index200→…c8 单测,,,,2026-07-17,2026-07-17,,
0x200000000000000000000000000000000000006f,hyperliquid,HyperCore 系统转移地址: SCAM (index 111),bridge,exclude,manual-hldocs,2026-07-17,官方 docs 系统地址规则（0x20+index big-endian）确定性生成；公式经官方示例 index200→…c8 单测,,,,2026-07-17,2026-07-17,,
0x2000000000000000000000000000000000000070,hyperliquid,HyperCore 系统转移地址: MONAD (index 112),bridge,exclude,manual-hldocs,2026-07-17,官方 docs 系统地址规则（0x20+index big-endian）确定性生成；公式经官方示例 index200→…c8 单测,,,,2026-07-17,2026-07-17,,
0x2000000000000000000000000000000000000071,hyperliquid,HyperCore 系统转移地址: BOZO (index 113),bridge,exclude,manual-hldocs,2026-07-17,官方 docs 系统地址规则（0x20+index big-endian）确定性生成；公式经官方示例 index200→…c8 单测,,,,2026-07-17,2026-07-17,,
0x2000000000000000000000000000000000000072,hyperliquid,HyperCore 系统转移地址: RIP (index 114),bridge,exclude,manual-hldocs,2026-07-17,官方 docs 系统地址规则（0x20+index big-endian）确定性生成；公式经官方示例 index200→…c8 单测,,,,2026-07-17,2026-07-17,,
0x2000000000000000000000000000000000000073,hyperliquid,HyperCore 系统转移地址: UP (index 115),bridge,exclude,manual-hldocs,2026-07-17,官方 docs 系统地址规则（0x20+index big-endian）确定性生成；公式经官方示例 index200→…c8 单测,,,,2026-07-17,2026-07-17,,
0x2000000000000000000000000000000000000074,hyperliquid,HyperCore 系统转移地址: GIGA (index 116),bridge,exclude,manual-hldocs,2026-07-17,官方 docs 系统地址规则（0x20+index big-endian）确定性生成；公式经官方示例 index200→…c8 单测,,,,2026-07-17,2026-07-17,,
0x2000000000000000000000000000000000000075,hyperliquid,HyperCore 系统转移地址: FELIX (index 117),bridge,exclude,manual-hldocs,2026-07-17,官方 docs 系统地址规则（0x20+index big-endian）确定性生成；公式经官方示例 index200→…c8 单测,,,,2026-07-17,2026-07-17,,
0x2000000000000000000000000000000000000076,hyperliquid,HyperCore 系统转移地址: SPH (index 118),bridge,exclude,manual-hldocs,2026-07-17,官方 docs 系统地址规则（0x20+index big-endian）确定性生成；公式经官方示例 index200→…c8 单测,,,,2026-07-17,2026-07-17,,
0x2000000000000000000000000000000000000077,hyperliquid,HyperCore 系统转移地址: STHYPE (index 119),bridge,exclude,manual-hldocs,2026-07-17,官方 docs 系统地址规则（0x20+index big-endian）确定性生成；公式经官方示例 index200→…c8 单测,,,,2026-07-17,2026-07-17,,
0x2000000000000000000000000000000000000078,hyperliquid,HyperCore 系统转移地址: HPL (index 120),bridge,exclude,manual-hldocs,2026-07-17,官方 docs 系统地址规则（0x20+index big-endian）确定性生成；公式经官方示例 index200→…c8 单测,,,,2026-07-17,2026-07-17,,
0x2000000000000000000000000000000000000079,hyperliquid,HyperCore 系统转移地址: KHYPE (index 121),bridge,exclude,manual-hldocs,2026-07-17,官方 docs 系统地址规则（0x20+index big-endian）确定性生成；公式经官方示例 index200→…c8 单测,,,,2026-07-17,2026-07-17,,
0x200000000000000000000000000000000000007a,hyperliquid,HyperCore 系统转移地址: HOPE (index 122),bridge,exclude,manual-hldocs,2026-07-17,官方 docs 系统地址规则（0x20+index big-endian）确定性生成；公式经官方示例 index200→…c8 单测,,,,2026-07-17,2026-07-17,,
0x200000000000000000000000000000000000007b,hyperliquid,HyperCore 系统转移地址: SHOE (index 123),bridge,exclude,manual-hldocs,2026-07-17,官方 docs 系统地址规则（0x20+index big-endian）确定性生成；公式经官方示例 index200→…c8 单测,,,,2026-07-17,2026-07-17,,
0x200000000000000000000000000000000000007c,hyperliquid,HyperCore 系统转移地址: KNTQ (index 124),bridge,exclude,manual-hldocs,2026-07-17,官方 docs 系统地址规则（0x20+index big-endian）确定性生成；公式经官方示例 index200→…c8 单测,,,,2026-07-17,2026-07-17,,
0x200000000000000000000000000000000000007d,hyperliquid,HyperCore 系统转移地址: BUSSY (index 125),bridge,exclude,manual-hldocs,2026-07-17,官方 docs 系统地址规则（0x20+index big-endian）确定性生成；公式经官方示例 index200→…c8 单测,,,,2026-07-17,2026-07-17,,
0x200000000000000000000000000000000000007e,hyperliquid,HyperCore 系统转移地址: FATCAT (index 126),bridge,exclude,manual-hldocs,2026-07-17,官方 docs 系统地址规则（0x20+index big-endian）确定性生成；公式经官方示例 index200→…c8 单测,,,,2026-07-17,2026-07-17,,
0x200000000000000000000000000000000000007f,hyperliquid,HyperCore 系统转移地址: PIP (index 127),bridge,exclude,manual-hldocs,2026-07-17,官方 docs 系统地址规则（0x20+index big-endian）确定性生成；公式经官方示例 index200→…c8 单测,,,,2026-07-17,2026-07-17,,
0x2000000000000000000000000000000000000080,hyperliquid,HyperCore 系统转移地址: YEETI (index 128),bridge,exclude,manual-hldocs,2026-07-17,官方 docs 系统地址规则（0x20+index big-endian）确定性生成；公式经官方示例 index200→…c8 单测,,,,2026-07-17,2026-07-17,,
0x2000000000000000000000000000000000000081,hyperliquid,HyperCore 系统转移地址: LQNA (index 129),bridge,exclude,manual-hldocs,2026-07-17,官方 docs 系统地址规则（0x20+index big-endian）确定性生成；公式经官方示例 index200→…c8 单测,,,,2026-07-17,2026-07-17,,
0x2000000000000000000000000000000000000082,hyperliquid,HyperCore 系统转移地址: NASDAQ (index 130),bridge,exclude,manual-hldocs,2026-07-17,官方 docs 系统地址规则（0x20+index big-endian）确定性生成；公式经官方示例 index200→…c8 单测,,,,2026-07-17,2026-07-17,,
0x2000000000000000000000000000000000000083,hyperliquid,HyperCore 系统转移地址: SYLVI (index 131),bridge,exclude,manual-hldocs,2026-07-17,官方 docs 系统地址规则（0x20+index big-endian）确定性生成；公式经官方示例 index200→…c8 单测,,,,2026-07-17,2026-07-17,,
0x2000000000000000000000000000000000000084,hyperliquid,HyperCore 系统转移地址: FEIT (index 132),bridge,exclude,manual-hldocs,2026-07-17,官方 docs 系统地址规则（0x20+index big-endian）确定性生成；公式经官方示例 index200→…c8 单测,,,,2026-07-17,2026-07-17,,
0x2000000000000000000000000000000000000085,hyperliquid,HyperCore 系统转移地址: STRICT (index 133),bridge,exclude,manual-hldocs,2026-07-17,官方 docs 系统地址规则（0x20+index big-endian）确定性生成；公式经官方示例 index200→…c8 单测,,,,2026-07-17,2026-07-17,,
0x2000000000000000000000000000000000000086,hyperliquid,HyperCore 系统转移地址: FRUDO (index 134),bridge,exclude,manual-hldocs,2026-07-17,官方 docs 系统地址规则（0x20+index big-endian）确定性生成；公式经官方示例 index200→…c8 单测,,,,2026-07-17,2026-07-17,,
0x2000000000000000000000000000000000000087,hyperliquid,HyperCore 系统转移地址: VIZN (index 135),bridge,exclude,manual-hldocs,2026-07-17,官方 docs 系统地址规则（0x20+index big-endian）确定性生成；公式经官方示例 index200→…c8 单测,,,,2026-07-17,2026-07-17,,
0x2000000000000000000000000000000000000088,hyperliquid,HyperCore 系统转移地址: AUTIST (index 136),bridge,exclude,manual-hldocs,2026-07-17,官方 docs 系统地址规则（0x20+index big-endian）确定性生成；公式经官方示例 index200→…c8 单测,,,,2026-07-17,2026-07-17,,
0x2000000000000000000000000000000000000089,hyperliquid,HyperCore 系统转移地址: HGOD (index 137),bridge,exclude,manual-hldocs,2026-07-17,官方 docs 系统地址规则（0x20+index big-endian）确定性生成；公式经官方示例 index200→…c8 单测,,,,2026-07-17,2026-07-17,,
0x200000000000000000000000000000000000008a,hyperliquid,HyperCore 系统转移地址: LIQUID (index 138),bridge,exclude,manual-hldocs,2026-07-17,官方 docs 系统地址规则（0x20+index big-endian）确定性生成；公式经官方示例 index200→…c8 单测,,,,2026-07-17,2026-07-17,,
0x200000000000000000000000000000000000008b,hyperliquid,HyperCore 系统转移地址: CHEF (index 139),bridge,exclude,manual-hldocs,2026-07-17,官方 docs 系统地址规则（0x20+index big-endian）确定性生成；公式经官方示例 index200→…c8 单测,,,,2026-07-17,2026-07-17,,
0x200000000000000000000000000000000000008c,hyperliquid,HyperCore 系统转移地址: AZUR (index 140),bridge,exclude,manual-hldocs,2026-07-17,官方 docs 系统地址规则（0x20+index big-endian）确定性生成；公式经官方示例 index200→…c8 单测,,,,2026-07-17,2026-07-17,,
0x200000000000000000000000000000000000008d,hyperliquid,HyperCore 系统转移地址: EARTH (index 141),bridge,exclude,manual-hldocs,2026-07-17,官方 docs 系统地址规则（0x20+index big-endian）确定性生成；公式经官方示例 index200→…c8 单测,,,,2026-07-17,2026-07-17,,
0x200000000000000000000000000000000000008e,hyperliquid,HyperCore 系统转移地址: NIGGO (index 142),bridge,exclude,manual-hldocs,2026-07-17,官方 docs 系统地址规则（0x20+index big-endian）确定性生成；公式经官方示例 index200→…c8 单测,,,,2026-07-17,2026-07-17,,
0x200000000000000000000000000000000000008f,hyperliquid,HyperCore 系统转移地址: LUCKY (index 143),bridge,exclude,manual-hldocs,2026-07-17,官方 docs 系统地址规则（0x20+index big-endian）确定性生成；公式经官方示例 index200→…c8 单测,,,,2026-07-17,2026-07-17,,
0x2000000000000000000000000000000000000090,hyperliquid,HyperCore 系统转移地址: HOP (index 144),bridge,exclude,manual-hldocs,2026-07-17,官方 docs 系统地址规则（0x20+index big-endian）确定性生成；公式经官方示例 index200→…c8 单测,,,,2026-07-17,2026-07-17,,
0x2000000000000000000000000000000000000091,hyperliquid,HyperCore 系统转移地址: FAN (index 145),bridge,exclude,manual-hldocs,2026-07-17,官方 docs 系统地址规则（0x20+index big-endian）确定性生成；公式经官方示例 index200→…c8 单测,,,,2026-07-17,2026-07-17,,
0x2000000000000000000000000000000000000092,hyperliquid,HyperCore 系统转移地址: MUNCH (index 146),bridge,exclude,manual-hldocs,2026-07-17,官方 docs 系统地址规则（0x20+index big-endian）确定性生成；公式经官方示例 index200→…c8 单测,,,,2026-07-17,2026-07-17,,
0x2000000000000000000000000000000000000093,hyperliquid,HyperCore 系统转移地址: COPE (index 147),bridge,exclude,manual-hldocs,2026-07-17,官方 docs 系统地址规则（0x20+index big-endian）确定性生成；公式经官方示例 index200→…c8 单测,,,,2026-07-17,2026-07-17,,
0x2000000000000000000000000000000000000094,hyperliquid,HyperCore 系统转移地址: HPYH (index 148),bridge,exclude,manual-hldocs,2026-07-17,官方 docs 系统地址规则（0x20+index big-endian）确定性生成；公式经官方示例 index200→…c8 单测,,,,2026-07-17,2026-07-17,,
0x2000000000000000000000000000000000000095,hyperliquid,HyperCore 系统转移地址: YAP (index 149),bridge,exclude,manual-hldocs,2026-07-17,官方 docs 系统地址规则（0x20+index big-endian）确定性生成；公式经官方示例 index200→…c8 单测,,,,2026-07-17,2026-07-17,,
0x2000000000000000000000000000000000000097,hyperliquid,HyperCore 系统转移地址: STEEL (index 151),bridge,exclude,manual-hldocs,2026-07-17,官方 docs 系统地址规则（0x20+index big-endian）确定性生成；公式经官方示例 index200→…c8 单测,,,,2026-07-17,2026-07-17,,
0x2000000000000000000000000000000000000098,hyperliquid,HyperCore 系统转移地址: RETARD (index 152),bridge,exclude,manual-hldocs,2026-07-17,官方 docs 系统地址规则（0x20+index big-endian）确定性生成；公式经官方示例 index200→…c8 单测,,,,2026-07-17,2026-07-17,,
0x2000000000000000000000000000000000000099,hyperliquid,HyperCore 系统转移地址: HOLD (index 153),bridge,exclude,manual-hldocs,2026-07-17,官方 docs 系统地址规则（0x20+index big-endian）确定性生成；公式经官方示例 index200→…c8 单测,,,,2026-07-17,2026-07-17,,
0x200000000000000000000000000000000000009a,hyperliquid,HyperCore 系统转移地址: STAR (index 154),bridge,exclude,manual-hldocs,2026-07-17,官方 docs 系统地址规则（0x20+index big-endian）确定性生成；公式经官方示例 index200→…c8 单测,,,,2026-07-17,2026-07-17,,
0x200000000000000000000000000000000000009b,hyperliquid,HyperCore 系统转移地址: WATAR (index 155),bridge,exclude,manual-hldocs,2026-07-17,官方 docs 系统地址规则（0x20+index big-endian）确定性生成；公式经官方示例 index200→…c8 单测,,,,2026-07-17,2026-07-17,,
0x200000000000000000000000000000000000009c,hyperliquid,HyperCore 系统转移地址: GENESY (index 156),bridge,exclude,manual-hldocs,2026-07-17,官方 docs 系统地址规则（0x20+index big-endian）确定性生成；公式经官方示例 index200→…c8 单测,,,,2026-07-17,2026-07-17,,
0x200000000000000000000000000000000000009d,hyperliquid,HyperCore 系统转移地址: SOLV (index 157),bridge,exclude,manual-hldocs,2026-07-17,官方 docs 系统地址规则（0x20+index big-endian）确定性生成；公式经官方示例 index200→…c8 单测,,,,2026-07-17,2026-07-17,,
0x200000000000000000000000000000000000009e,hyperliquid,HyperCore 系统转移地址: BUBZ (index 158),bridge,exclude,manual-hldocs,2026-07-17,官方 docs 系统地址规则（0x20+index big-endian）确定性生成；公式经官方示例 index200→…c8 单测,,,,2026-07-17,2026-07-17,,
0x200000000000000000000000000000000000009f,hyperliquid,HyperCore 系统转移地址: SHEEP (index 159),bridge,exclude,manual-hldocs,2026-07-17,官方 docs 系统地址规则（0x20+index big-endian）确定性生成；公式经官方示例 index200→…c8 单测,,,,2026-07-17,2026-07-17,,
0x20000000000000000000000000000000000000a0,hyperliquid,HyperCore 系统转移地址: HYFI (index 160),bridge,exclude,manual-hldocs,2026-07-17,官方 docs 系统地址规则（0x20+index big-endian）确定性生成；公式经官方示例 index200→…c8 单测,,,,2026-07-17,2026-07-17,,
0x20000000000000000000000000000000000000a1,hyperliquid,HyperCore 系统转移地址: FARM (index 161),bridge,exclude,manual-hldocs,2026-07-17,官方 docs 系统地址规则（0x20+index big-endian）确定性生成；公式经官方示例 index200→…c8 单测,,,,2026-07-17,2026-07-17,,
0x20000000000000000000000000000000000000a2,hyperliquid,HyperCore 系统转移地址: FLASK (index 162),bridge,exclude,manual-hldocs,2026-07-17,官方 docs 系统地址规则（0x20+index big-endian）确定性生成；公式经官方示例 index200→…c8 单测,,,,2026-07-17,2026-07-17,,
0x20000000000000000000000000000000000000a3,hyperliquid,HyperCore 系统转移地址: SOVRN (index 163),bridge,exclude,manual-hldocs,2026-07-17,官方 docs 系统地址规则（0x20+index big-endian）确定性生成；公式经官方示例 index200→…c8 单测,,,,2026-07-17,2026-07-17,,
0x20000000000000000000000000000000000000a4,hyperliquid,HyperCore 系统转移地址: MON (index 164),bridge,exclude,manual-hldocs,2026-07-17,官方 docs 系统地址规则（0x20+index big-endian）确定性生成；公式经官方示例 index200→…c8 单测,,,,2026-07-17,2026-07-17,,
0x20000000000000000000000000000000000000a5,hyperliquid,HyperCore 系统转移地址: GOD (index 165),bridge,exclude,manual-hldocs,2026-07-17,官方 docs 系统地址规则（0x20+index big-endian）确定性生成；公式经官方示例 index200→…c8 单测,,,,2026-07-17,2026-07-17,,
0x20000000000000000000000000000000000000a6,hyperliquid,HyperCore 系统转移地址: CREAM (index 166),bridge,exclude,manual-hldocs,2026-07-17,官方 docs 系统地址规则（0x20+index big-endian）确定性生成；公式经官方示例 index200→…c8 单测,,,,2026-07-17,2026-07-17,,
0x20000000000000000000000000000000000000a7,hyperliquid,HyperCore 系统转移地址: ANIME (index 167),bridge,exclude,manual-hldocs,2026-07-17,官方 docs 系统地址规则（0x20+index big-endian）确定性生成；公式经官方示例 index200→…c8 单测,,,,2026-07-17,2026-07-17,,
0x20000000000000000000000000000000000000a8,hyperliquid,HyperCore 系统转移地址: HYENA (index 168),bridge,exclude,manual-hldocs,2026-07-17,官方 docs 系统地址规则（0x20+index big-endian）确定性生成；公式经官方示例 index200→…c8 单测,,,,2026-07-17,2026-07-17,,
0x20000000000000000000000000000000000000a9,hyperliquid,HyperCore 系统转移地址: ETHC (index 169),bridge,exclude,manual-hldocs,2026-07-17,官方 docs 系统地址规则（0x20+index big-endian）确定性生成；公式经官方示例 index200→…c8 单测,,,,2026-07-17,2026-07-17,,
0x20000000000000000000000000000000000000aa,hyperliquid,HyperCore 系统转移地址: ANZ (index 170),bridge,exclude,manual-hldocs,2026-07-17,官方 docs 系统地址规则（0x20+index big-endian）确定性生成；公式经官方示例 index200→…c8 单测,,,,2026-07-17,2026-07-17,,
0x20000000000000000000000000000000000000ab,hyperliquid,HyperCore 系统转移地址: GAME (index 171),bridge,exclude,manual-hldocs,2026-07-17,官方 docs 系统地址规则（0x20+index big-endian）确定性生成；公式经官方示例 index200→…c8 单测,,,,2026-07-17,2026-07-17,,
0x20000000000000000000000000000000000000ac,hyperliquid,HyperCore 系统转移地址: RIFT (index 172),bridge,exclude,manual-hldocs,2026-07-17,官方 docs 系统地址规则（0x20+index big-endian）确定性生成；公式经官方示例 index200→…c8 单测,,,,2026-07-17,2026-07-17,,
0x20000000000000000000000000000000000000ad,hyperliquid,HyperCore 系统转移地址: SWELL (index 173),bridge,exclude,manual-hldocs,2026-07-17,官方 docs 系统地址规则（0x20+index big-endian）确定性生成；公式经官方示例 index200→…c8 单测,,,,2026-07-17,2026-07-17,,
0x20000000000000000000000000000000000000ae,hyperliquid,HyperCore 系统转移地址: DEPIN (index 174),bridge,exclude,manual-hldocs,2026-07-17,官方 docs 系统地址规则（0x20+index big-endian）确定性生成；公式经官方示例 index200→…c8 单测,,,,2026-07-17,2026-07-17,,
0x20000000000000000000000000000000000000af,hyperliquid,HyperCore 系统转移地址: ROUTE (index 175),bridge,exclude,manual-hldocs,2026-07-17,官方 docs 系统地址规则（0x20+index big-endian）确定性生成；公式经官方示例 index200→…c8 单测,,,,2026-07-17,2026-07-17,,
0x20000000000000000000000000000000000000b0,hyperliquid,HyperCore 系统转移地址: BEATS (index 176),bridge,exclude,manual-hldocs,2026-07-17,官方 docs 系统地址规则（0x20+index big-endian）确定性生成；公式经官方示例 index200→…c8 单测,,,,2026-07-17,2026-07-17,,
0x20000000000000000000000000000000000000b1,hyperliquid,HyperCore 系统转移地址: ORA (index 177),bridge,exclude,manual-hldocs,2026-07-17,官方 docs 系统地址规则（0x20+index big-endian）确定性生成；公式经官方示例 index200→…c8 单测,,,,2026-07-17,2026-07-17,,
0x20000000000000000000000000000000000000b2,hyperliquid,HyperCore 系统转移地址: LIQD (index 178),bridge,exclude,manual-hldocs,2026-07-17,官方 docs 系统地址规则（0x20+index big-endian）确定性生成；公式经官方示例 index200→…c8 单测,,,,2026-07-17,2026-07-17,,
0x20000000000000000000000000000000000000b3,hyperliquid,HyperCore 系统转移地址: XBG (index 179),bridge,exclude,manual-hldocs,2026-07-17,官方 docs 系统地址规则（0x20+index big-endian）确定性生成；公式经官方示例 index200→…c8 单测,,,,2026-07-17,2026-07-17,,
0x20000000000000000000000000000000000000b4,hyperliquid,HyperCore 系统转移地址: HETU (index 180),bridge,exclude,manual-hldocs,2026-07-17,官方 docs 系统地址规则（0x20+index big-endian）确定性生成；公式经官方示例 index200→…c8 单测,,,,2026-07-17,2026-07-17,,
0x20000000000000000000000000000000000000b5,hyperliquid,HyperCore 系统转移地址: GG (index 181),bridge,exclude,manual-hldocs,2026-07-17,官方 docs 系统地址规则（0x20+index big-endian）确定性生成；公式经官方示例 index200→…c8 单测,,,,2026-07-17,2026-07-17,,
0x20000000000000000000000000000000000000b6,hyperliquid,HyperCore 系统转移地址: WOOL (index 182),bridge,exclude,manual-hldocs,2026-07-17,官方 docs 系统地址规则（0x20+index big-endian）确定性生成；公式经官方示例 index200→…c8 单测,,,,2026-07-17,2026-07-17,,
0x20000000000000000000000000000000000000b7,hyperliquid,HyperCore 系统转移地址: ISLAND (index 183),bridge,exclude,manual-hldocs,2026-07-17,官方 docs 系统地址规则（0x20+index big-endian）确定性生成；公式经官方示例 index200→…c8 单测,,,,2026-07-17,2026-07-17,,
0x20000000000000000000000000000000000000b8,hyperliquid,HyperCore 系统转移地址: SIPHER (index 184),bridge,exclude,manual-hldocs,2026-07-17,官方 docs 系统地址规则（0x20+index big-endian）确定性生成；公式经官方示例 index200→…c8 单测,,,,2026-07-17,2026-07-17,,
0x20000000000000000000000000000000000000b9,hyperliquid,HyperCore 系统转移地址: DBR (index 185),bridge,exclude,manual-hldocs,2026-07-17,官方 docs 系统地址规则（0x20+index big-endian）确定性生成；公式经官方示例 index200→…c8 单测,,,,2026-07-17,2026-07-17,,
0x20000000000000000000000000000000000000ba,hyperliquid,HyperCore 系统转移地址: SENT (index 186),bridge,exclude,manual-hldocs,2026-07-17,官方 docs 系统地址规则（0x20+index big-endian）确定性生成；公式经官方示例 index200→…c8 单测,,,,2026-07-17,2026-07-17,,
0x20000000000000000000000000000000000000bb,hyperliquid,HyperCore 系统转移地址: FLY (index 187),bridge,exclude,manual-hldocs,2026-07-17,官方 docs 系统地址规则（0x20+index big-endian）确定性生成；公式经官方示例 index200→…c8 单测,,,,2026-07-17,2026-07-17,,
0x20000000000000000000000000000000000000bc,hyperliquid,HyperCore 系统转移地址: SSS (index 188),bridge,exclude,manual-hldocs,2026-07-17,官方 docs 系统地址规则（0x20+index big-endian）确定性生成；公式经官方示例 index200→…c8 单测,,,,2026-07-17,2026-07-17,,
0x20000000000000000000000000000000000000bd,hyperliquid,HyperCore 系统转移地址: HWTR (index 189),bridge,exclude,manual-hldocs,2026-07-17,官方 docs 系统地址规则（0x20+index big-endian）确定性生成；公式经官方示例 index200→…c8 单测,,,,2026-07-17,2026-07-17,,
0x20000000000000000000000000000000000000be,hyperliquid,HyperCore 系统转移地址: NEKO (index 190),bridge,exclude,manual-hldocs,2026-07-17,官方 docs 系统地址规则（0x20+index big-endian）确定性生成；公式经官方示例 index200→…c8 单测,,,,2026-07-17,2026-07-17,,
0x20000000000000000000000000000000000000bf,hyperliquid,HyperCore 系统转移地址: UNIT (index 191),bridge,exclude,manual-hldocs,2026-07-17,官方 docs 系统地址规则（0x20+index big-endian）确定性生成；公式经官方示例 index200→…c8 单测,,,,2026-07-17,2026-07-17,,
0x20000000000000000000000000000000000000c0,hyperliquid,HyperCore 系统转移地址: PEG (index 192),bridge,exclude,manual-hldocs,2026-07-17,官方 docs 系统地址规则（0x20+index big-endian）确定性生成；公式经官方示例 index200→…c8 单测,,,,2026-07-17,2026-07-17,,
0x20000000000000000000000000000000000000c1,hyperliquid,HyperCore 系统转移地址: NEURAL (index 193),bridge,exclude,manual-hldocs,2026-07-17,官方 docs 系统地址规则（0x20+index big-endian）确定性生成；公式经官方示例 index200→…c8 单测,,,,2026-07-17,2026-07-17,,
0x20000000000000000000000000000000000000c2,hyperliquid,HyperCore 系统转移地址: PIE (index 194),bridge,exclude,manual-hldocs,2026-07-17,官方 docs 系统地址规则（0x20+index big-endian）确定性生成；公式经官方示例 index200→…c8 单测,,,,2026-07-17,2026-07-17,,
0x20000000000000000000000000000000000000c3,hyperliquid,HyperCore 系统转移地址: DRIVE (index 195),bridge,exclude,manual-hldocs,2026-07-17,官方 docs 系统地址规则（0x20+index big-endian）确定性生成；公式经官方示例 index200→…c8 单测,,,,2026-07-17,2026-07-17,,
0x20000000000000000000000000000000000000c4,hyperliquid,HyperCore 系统转移地址: JPEG (index 196),bridge,exclude,manual-hldocs,2026-07-17,官方 docs 系统地址规则（0x20+index big-endian）确定性生成；公式经官方示例 index200→…c8 单测,,,,2026-07-17,2026-07-17,,
0x20000000000000000000000000000000000000c5,hyperliquid,HyperCore 系统转移地址: UBTC (index 197),bridge,exclude,manual-hldocs,2026-07-17,官方 docs 系统地址规则（0x20+index big-endian）确定性生成；公式经官方示例 index200→…c8 单测,,,,2026-07-17,2026-07-17,,
0x20000000000000000000000000000000000000c6,hyperliquid,HyperCore 系统转移地址: TGE (index 198),bridge,exclude,manual-hldocs,2026-07-17,官方 docs 系统地址规则（0x20+index big-endian）确定性生成；公式经官方示例 index200→…c8 单测,,,,2026-07-17,2026-07-17,,
0x20000000000000000000000000000000000000c7,hyperliquid,HyperCore 系统转移地址: HEAD (index 199),bridge,exclude,manual-hldocs,2026-07-17,官方 docs 系统地址规则（0x20+index big-endian）确定性生成；公式经官方示例 index200→…c8 单测,,,,2026-07-17,2026-07-17,,
0x20000000000000000000000000000000000000c8,hyperliquid,HyperCore 系统转移地址: EDGE (index 200),bridge,exclude,manual-hldocs,2026-07-17,官方 docs 系统地址规则（0x20+index big-endian）确定性生成；公式经官方示例 index200→…c8 单测,,,,2026-07-17,2026-07-17,,
0x20000000000000000000000000000000000000c9,hyperliquid,HyperCore 系统转移地址: GEN (index 201),bridge,exclude,manual-hldocs,2026-07-17,官方 docs 系统地址规则（0x20+index big-endian）确定性生成；公式经官方示例 index200→…c8 单测,,,,2026-07-17,2026-07-17,,
0x20000000000000000000000000000000000000ca,hyperliquid,HyperCore 系统转移地址: PRFI (index 202),bridge,exclude,manual-hldocs,2026-07-17,官方 docs 系统地址规则（0x20+index big-endian）确定性生成；公式经官方示例 index200→…c8 单测,,,,2026-07-17,2026-07-17,,
0x20000000000000000000000000000000000000cb,hyperliquid,HyperCore 系统转移地址: REI (index 203),bridge,exclude,manual-hldocs,2026-07-17,官方 docs 系统地址规则（0x20+index big-endian）确定性生成；公式经官方示例 index200→…c8 单测,,,,2026-07-17,2026-07-17,,
0x20000000000000000000000000000000000000cc,hyperliquid,HyperCore 系统转移地址: VORTX (index 204),bridge,exclude,manual-hldocs,2026-07-17,官方 docs 系统地址规则（0x20+index big-endian）确定性生成；公式经官方示例 index200→…c8 单测,,,,2026-07-17,2026-07-17,,
0x20000000000000000000000000000000000000cd,hyperliquid,HyperCore 系统转移地址: HAR (index 205),bridge,exclude,manual-hldocs,2026-07-17,官方 docs 系统地址规则（0x20+index big-endian）确定性生成；公式经官方示例 index200→…c8 单测,,,,2026-07-17,2026-07-17,,
0x20000000000000000000000000000000000000ce,hyperliquid,HyperCore 系统转移地址: DEFIN (index 206),bridge,exclude,manual-hldocs,2026-07-17,官方 docs 系统地址规则（0x20+index big-endian）确定性生成；公式经官方示例 index200→…c8 单测,,,,2026-07-17,2026-07-17,,
0x20000000000000000000000000000000000000cf,hyperliquid,HyperCore 系统转移地址: APU (index 207),bridge,exclude,manual-hldocs,2026-07-17,官方 docs 系统地址规则（0x20+index big-endian）确定性生成；公式经官方示例 index200→…c8 单测,,,,2026-07-17,2026-07-17,,
0x20000000000000000000000000000000000000d0,hyperliquid,HyperCore 系统转移地址: MOCA (index 208),bridge,exclude,manual-hldocs,2026-07-17,官方 docs 系统地址规则（0x20+index big-endian）确定性生成；公式经官方示例 index200→…c8 单测,,,,2026-07-17,2026-07-17,,
0x20000000000000000000000000000000000000d1,hyperliquid,HyperCore 系统转移地址: TILT (index 209),bridge,exclude,manual-hldocs,2026-07-17,官方 docs 系统地址规则（0x20+index big-endian）确定性生成；公式经官方示例 index200→…c8 单测,,,,2026-07-17,2026-07-17,,
0x20000000000000000000000000000000000000d2,hyperliquid,HyperCore 系统转移地址: SPR (index 210),bridge,exclude,manual-hldocs,2026-07-17,官方 docs 系统地址规则（0x20+index big-endian）确定性生成；公式经官方示例 index200→…c8 单测,,,,2026-07-17,2026-07-17,,
0x20000000000000000000000000000000000000d3,hyperliquid,HyperCore 系统转移地址: HIPPO (index 211),bridge,exclude,manual-hldocs,2026-07-17,官方 docs 系统地址规则（0x20+index big-endian）确定性生成；公式经官方示例 index200→…c8 单测,,,,2026-07-17,2026-07-17,,
0x20000000000000000000000000000000000000d4,hyperliquid,HyperCore 系统转移地址: HANA (index 212),bridge,exclude,manual-hldocs,2026-07-17,官方 docs 系统地址规则（0x20+index big-endian）确定性生成；公式经官方示例 index200→…c8 单测,,,,2026-07-17,2026-07-17,,
0x20000000000000000000000000000000000000d5,hyperliquid,HyperCore 系统转移地址: SWAP (index 213),bridge,exclude,manual-hldocs,2026-07-17,官方 docs 系统地址规则（0x20+index big-endian）确定性生成；公式经官方示例 index200→…c8 单测,,,,2026-07-17,2026-07-17,,
0x20000000000000000000000000000000000000d6,hyperliquid,HyperCore 系统转移地址: MORE (index 214),bridge,exclude,manual-hldocs,2026-07-17,官方 docs 系统地址规则（0x20+index big-endian）确定性生成；公式经官方示例 index200→…c8 单测,,,,2026-07-17,2026-07-17,,
0x20000000000000000000000000000000000000d7,hyperliquid,HyperCore 系统转移地址: LOOT (index 215),bridge,exclude,manual-hldocs,2026-07-17,官方 docs 系统地址规则（0x20+index big-endian）确定性生成；公式经官方示例 index200→…c8 单测,,,,2026-07-17,2026-07-17,,
0x20000000000000000000000000000000000000d8,hyperliquid,HyperCore 系统转移地址: LUMI (index 216),bridge,exclude,manual-hldocs,2026-07-17,官方 docs 系统地址规则（0x20+index big-endian）确定性生成；公式经官方示例 index200→…c8 单测,,,,2026-07-17,2026-07-17,,
0x20000000000000000000000000000000000000d9,hyperliquid,HyperCore 系统转移地址: WHYPI (index 217),bridge,exclude,manual-hldocs,2026-07-17,官方 docs 系统地址规则（0x20+index big-endian）确定性生成；公式经官方示例 index200→…c8 单测,,,,2026-07-17,2026-07-17,,
0x20000000000000000000000000000000000000da,hyperliquid,HyperCore 系统转移地址: ANON (index 218),bridge,exclude,manual-hldocs,2026-07-17,官方 docs 系统地址规则（0x20+index big-endian）确定性生成；公式经官方示例 index200→…c8 单测,,,,2026-07-17,2026-07-17,,
0x20000000000000000000000000000000000000db,hyperliquid,HyperCore 系统转移地址: OTTI (index 219),bridge,exclude,manual-hldocs,2026-07-17,官方 docs 系统地址规则（0x20+index big-endian）确定性生成；公式经官方示例 index200→…c8 单测,,,,2026-07-17,2026-07-17,,
0x20000000000000000000000000000000000000dc,hyperliquid,HyperCore 系统转移地址: HORSY (index 220),bridge,exclude,manual-hldocs,2026-07-17,官方 docs 系统地址规则（0x20+index big-endian）确定性生成；公式经官方示例 index200→…c8 单测,,,,2026-07-17,2026-07-17,,
0x20000000000000000000000000000000000000dd,hyperliquid,HyperCore 系统转移地址: UETH (index 221),bridge,exclude,manual-hldocs,2026-07-17,官方 docs 系统地址规则（0x20+index big-endian）确定性生成；公式经官方示例 index200→…c8 单测,,,,2026-07-17,2026-07-17,,
0x20000000000000000000000000000000000000de,hyperliquid,HyperCore 系统转移地址: BUDDY (index 222),bridge,exclude,manual-hldocs,2026-07-17,官方 docs 系统地址规则（0x20+index big-endian）确定性生成；公式经官方示例 index200→…c8 单测,,,,2026-07-17,2026-07-17,,
0x20000000000000000000000000000000000000df,hyperliquid,HyperCore 系统转移地址: LATINA (index 223),bridge,exclude,manual-hldocs,2026-07-17,官方 docs 系统地址规则（0x20+index big-endian）确定性生成；公式经官方示例 index200→…c8 单测,,,,2026-07-17,2026-07-17,,
0x20000000000000000000000000000000000000e0,hyperliquid,HyperCore 系统转移地址: WLFI (index 224),bridge,exclude,manual-hldocs,2026-07-17,官方 docs 系统地址规则（0x20+index big-endian）确定性生成；公式经官方示例 index200→…c8 单测,,,,2026-07-17,2026-07-17,,
0x20000000000000000000000000000000000000e1,hyperliquid,HyperCore 系统转移地址: AIR (index 225),bridge,exclude,manual-hldocs,2026-07-17,官方 docs 系统地址规则（0x20+index big-endian）确定性生成；公式经官方示例 index200→…c8 单测,,,,2026-07-17,2026-07-17,,
0x20000000000000000000000000000000000000e2,hyperliquid,HyperCore 系统转移地址: K (index 226),bridge,exclude,manual-hldocs,2026-07-17,官方 docs 系统地址规则（0x20+index big-endian）确定性生成；公式经官方示例 index200→…c8 单测,,,,2026-07-17,2026-07-17,,
0x20000000000000000000000000000000000000e3,hyperliquid,HyperCore 系统转移地址: PLUME (index 227),bridge,exclude,manual-hldocs,2026-07-17,官方 docs 系统地址规则（0x20+index big-endian）确定性生成；公式经官方示例 index200→…c8 单测,,,,2026-07-17,2026-07-17,,
0x20000000000000000000000000000000000000e4,hyperliquid,HyperCore 系统转移地址: LIM (index 228),bridge,exclude,manual-hldocs,2026-07-17,官方 docs 系统地址规则（0x20+index big-endian）确定性生成；公式经官方示例 index200→…c8 单测,,,,2026-07-17,2026-07-17,,
0x20000000000000000000000000000000000000e5,hyperliquid,HyperCore 系统转移地址: HUSD (index 229),bridge,exclude,manual-hldocs,2026-07-17,官方 docs 系统地址规则（0x20+index big-endian）确定性生成；公式经官方示例 index200→…c8 单测,,,,2026-07-17,2026-07-17,,
0x20000000000000000000000000000000000000e6,hyperliquid,HyperCore 系统转移地址: DHYPE (index 230),bridge,exclude,manual-hldocs,2026-07-17,官方 docs 系统地址规则（0x20+index big-endian）确定性生成；公式经官方示例 index200→…c8 单测,,,,2026-07-17,2026-07-17,,
0x20000000000000000000000000000000000000e7,hyperliquid,HyperCore 系统转移地址: EDA (index 231),bridge,exclude,manual-hldocs,2026-07-17,官方 docs 系统地址规则（0x20+index big-endian）确定性生成；公式经官方示例 index200→…c8 单测,,,,2026-07-17,2026-07-17,,
0x20000000000000000000000000000000000000e8,hyperliquid,HyperCore 系统转移地址: FUND (index 232),bridge,exclude,manual-hldocs,2026-07-17,官方 docs 系统地址规则（0x20+index big-endian）确定性生成；公式经官方示例 index200→…c8 单测,,,,2026-07-17,2026-07-17,,
0x20000000000000000000000000000000000000e9,hyperliquid,HyperCore 系统转移地址: EXP (index 233),bridge,exclude,manual-hldocs,2026-07-17,官方 docs 系统地址规则（0x20+index big-endian）确定性生成；公式经官方示例 index200→…c8 单测,,,,2026-07-17,2026-07-17,,
0x20000000000000000000000000000000000000ea,hyperliquid,HyperCore 系统转移地址: SENTI (index 234),bridge,exclude,manual-hldocs,2026-07-17,官方 docs 系统地址规则（0x20+index big-endian）确定性生成；公式经官方示例 index200→…c8 单测,,,,2026-07-17,2026-07-17,,
0x20000000000000000000000000000000000000eb,hyperliquid,HyperCore 系统转移地址: USDE (index 235),bridge,exclude,manual-hldocs,2026-07-17,官方 docs 系统地址规则（0x20+index big-endian）确定性生成；公式经官方示例 index200→…c8 单测,,,,2026-07-17,2026-07-17,,
0x20000000000000000000000000000000000000ec,hyperliquid,HyperCore 系统转移地址: HIP (index 236),bridge,exclude,manual-hldocs,2026-07-17,官方 docs 系统地址规则（0x20+index big-endian）确定性生成；公式经官方示例 index200→…c8 单测,,,,2026-07-17,2026-07-17,,
0x20000000000000000000000000000000000000ed,hyperliquid,HyperCore 系统转移地址: SLAY (index 237),bridge,exclude,manual-hldocs,2026-07-17,官方 docs 系统地址规则（0x20+index big-endian）确定性生成；公式经官方示例 index200→…c8 单测,,,,2026-07-17,2026-07-17,,
0x20000000000000000000000000000000000000ee,hyperliquid,HyperCore 系统转移地址: B (index 238),bridge,exclude,manual-hldocs,2026-07-17,官方 docs 系统地址规则（0x20+index big-endian）确定性生成；公式经官方示例 index200→…c8 单测,,,,2026-07-17,2026-07-17,,
0x20000000000000000000000000000000000000ef,hyperliquid,HyperCore 系统转移地址: USDXL (index 239),bridge,exclude,manual-hldocs,2026-07-17,官方 docs 系统地址规则（0x20+index big-endian）确定性生成；公式经官方示例 index200→…c8 单测,,,,2026-07-17,2026-07-17,,
0x20000000000000000000000000000000000000f0,hyperliquid,HyperCore 系统转移地址: USH (index 240),bridge,exclude,manual-hldocs,2026-07-17,官方 docs 系统地址规则（0x20+index big-endian）确定性生成；公式经官方示例 index200→…c8 单测,,,,2026-07-17,2026-07-17,,
0x20000000000000000000000000000000000000f1,hyperliquid,HyperCore 系统转移地址: FEUSD (index 241),bridge,exclude,manual-hldocs,2026-07-17,官方 docs 系统地址规则（0x20+index big-endian）确定性生成；公式经官方示例 index200→…c8 单测,,,,2026-07-17,2026-07-17,,
0x20000000000000000000000000000000000000f2,hyperliquid,HyperCore 系统转移地址: COOK (index 242),bridge,exclude,manual-hldocs,2026-07-17,官方 docs 系统地址规则（0x20+index big-endian）确定性生成；公式经官方示例 index200→…c8 单测,,,,2026-07-17,2026-07-17,,
0x20000000000000000000000000000000000000f3,hyperliquid,HyperCore 系统转移地址: OKI (index 243),bridge,exclude,manual-hldocs,2026-07-17,官方 docs 系统地址规则（0x20+index big-endian）确定性生成；公式经官方示例 index200→…c8 单测,,,,2026-07-17,2026-07-17,,
0x20000000000000000000000000000000000000f4,hyperliquid,HyperCore 系统转移地址: BORG (index 244),bridge,exclude,manual-hldocs,2026-07-17,官方 docs 系统地址规则（0x20+index big-endian）确定性生成；公式经官方示例 index200→…c8 单测,,,,2026-07-17,2026-07-17,,
0x20000000000000000000000000000000000000f5,hyperliquid,HyperCore 系统转移地址: SIGN (index 245),bridge,exclude,manual-hldocs,2026-07-17,官方 docs 系统地址规则（0x20+index big-endian）确定性生成；公式经官方示例 index200→…c8 单测,,,,2026-07-17,2026-07-17,,
0x20000000000000000000000000000000000000f6,hyperliquid,HyperCore 系统转移地址: WMNT (index 246),bridge,exclude,manual-hldocs,2026-07-17,官方 docs 系统地址规则（0x20+index big-endian）确定性生成；公式经官方示例 index200→…c8 单测,,,,2026-07-17,2026-07-17,,
0x20000000000000000000000000000000000000f7,hyperliquid,HyperCore 系统转移地址: KITTEN (index 247),bridge,exclude,manual-hldocs,2026-07-17,官方 docs 系统地址规则（0x20+index big-endian）确定性生成；公式经官方示例 index200→…c8 单测,,,,2026-07-17,2026-07-17,,
0x20000000000000000000000000000000000000f8,hyperliquid,HyperCore 系统转移地址: USR (index 248),bridge,exclude,manual-hldocs,2026-07-17,官方 docs 系统地址规则（0x20+index big-endian）确定性生成；公式经官方示例 index200→…c8 单测,,,,2026-07-17,2026-07-17,,
0x20000000000000000000000000000000000000f9,hyperliquid,HyperCore 系统转移地址: LEND (index 249),bridge,exclude,manual-hldocs,2026-07-17,官方 docs 系统地址规则（0x20+index big-endian）确定性生成；公式经官方示例 index200→…c8 单测,,,,2026-07-17,2026-07-17,,
0x20000000000000000000000000000000000000fa,hyperliquid,HyperCore 系统转移地址: CATH (index 250),bridge,exclude,manual-hldocs,2026-07-17,官方 docs 系统地址规则（0x20+index big-endian）确定性生成；公式经官方示例 index200→…c8 单测,,,,2026-07-17,2026-07-17,,
0x20000000000000000000000000000000000000fb,hyperliquid,HyperCore 系统转移地址: QUANT (index 251),bridge,exclude,manual-hldocs,2026-07-17,官方 docs 系统地址规则（0x20+index big-endian）确定性生成；公式经官方示例 index200→…c8 单测,,,,2026-07-17,2026-07-17,,
0x20000000000000000000000000000000000000fc,hyperliquid,HyperCore 系统转移地址: ONLYUP (index 252),bridge,exclude,manual-hldocs,2026-07-17,官方 docs 系统地址规则（0x20+index big-endian）确定性生成；公式经官方示例 index200→…c8 单测,,,,2026-07-17,2026-07-17,,
0x20000000000000000000000000000000000000fd,hyperliquid,HyperCore 系统转移地址: RAT (index 253),bridge,exclude,manual-hldocs,2026-07-17,官方 docs 系统地址规则（0x20+index big-endian）确定性生成；公式经官方示例 index200→…c8 单测,,,,2026-07-17,2026-07-17,,
0x20000000000000000000000000000000000000fe,hyperliquid,HyperCore 系统转移地址: USOL (index 254),bridge,exclude,manual-hldocs,2026-07-17,官方 docs 系统地址规则（0x20+index big-endian）确定性生成；公式经官方示例 index200→…c8 单测,,,,2026-07-17,2026-07-17,,
0x20000000000000000000000000000000000000ff,hyperliquid,HyperCore 系统转移地址: PURRO (index 255),bridge,exclude,manual-hldocs,2026-07-17,官方 docs 系统地址规则（0x20+index big-endian）确定性生成；公式经官方示例 index200→…c8 单测,,,,2026-07-17,2026-07-17,,
0x2000000000000000000000000000000000000100,hyperliquid,HyperCore 系统转移地址: KITTY (index 256),bridge,exclude,manual-hldocs,2026-07-17,官方 docs 系统地址规则（0x20+index big-endian）确定性生成；公式经官方示例 index200→…c8 单测,,,,2026-07-17,2026-07-17,,
0x2000000000000000000000000000000000000101,hyperliquid,HyperCore 系统转移地址: TREND (index 257),bridge,exclude,manual-hldocs,2026-07-17,官方 docs 系统地址规则（0x20+index big-endian）确定性生成；公式经官方示例 index200→…c8 单测,,,,2026-07-17,2026-07-17,,
0x2000000000000000000000000000000000000102,hyperliquid,HyperCore 系统转移地址: COIN (index 258),bridge,exclude,manual-hldocs,2026-07-17,官方 docs 系统地址规则（0x20+index big-endian）确定性生成；公式经官方示例 index200→…c8 单测,,,,2026-07-17,2026-07-17,,
0x2000000000000000000000000000000000000103,hyperliquid,HyperCore 系统转移地址: STORM (index 259),bridge,exclude,manual-hldocs,2026-07-17,官方 docs 系统地址规则（0x20+index big-endian）确定性生成；公式经官方示例 index200→…c8 单测,,,,2026-07-17,2026-07-17,,
0x2000000000000000000000000000000000000104,hyperliquid,HyperCore 系统转移地址: RISK (index 260),bridge,exclude,manual-hldocs,2026-07-17,官方 docs 系统地址规则（0x20+index big-endian）确定性生成；公式经官方示例 index200→…c8 单测,,,,2026-07-17,2026-07-17,,
0x2000000000000000000000000000000000000105,hyperliquid,HyperCore 系统转移地址: PLAY (index 261),bridge,exclude,manual-hldocs,2026-07-17,官方 docs 系统地址规则（0x20+index big-endian）确定性生成；公式经官方示例 index200→…c8 单测,,,,2026-07-17,2026-07-17,,
0x2000000000000000000000000000000000000106,hyperliquid,HyperCore 系统转移地址: NET (index 262),bridge,exclude,manual-hldocs,2026-07-17,官方 docs 系统地址规则（0x20+index big-endian）确定性生成；公式经官方示例 index200→…c8 单测,,,,2026-07-17,2026-07-17,,
0x2000000000000000000000000000000000000107,hyperliquid,HyperCore 系统转移地址: LOOP (index 263),bridge,exclude,manual-hldocs,2026-07-17,官方 docs 系统地址规则（0x20+index big-endian）确定性生成；公式经官方示例 index200→…c8 单测,,,,2026-07-17,2026-07-17,,
0x2000000000000000000000000000000000000108,hyperliquid,HyperCore 系统转移地址: LTHREE (index 264),bridge,exclude,manual-hldocs,2026-07-17,官方 docs 系统地址规则（0x20+index big-endian）确定性生成；公式经官方示例 index200→…c8 单测,,,,2026-07-17,2026-07-17,,
0x2000000000000000000000000000000000000109,hyperliquid,HyperCore 系统转移地址: WELL (index 265),bridge,exclude,manual-hldocs,2026-07-17,官方 docs 系统地址规则（0x20+index big-endian）确定性生成；公式经官方示例 index200→…c8 单测,,,,2026-07-17,2026-07-17,,
0x200000000000000000000000000000000000010a,hyperliquid,HyperCore 系统转移地址: WAVE (index 266),bridge,exclude,manual-hldocs,2026-07-17,官方 docs 系统地址规则（0x20+index big-endian）确定性生成；公式经官方示例 index200→…c8 单测,,,,2026-07-17,2026-07-17,,
0x200000000000000000000000000000000000010b,hyperliquid,HyperCore 系统转移地址: ZAP (index 267),bridge,exclude,manual-hldocs,2026-07-17,官方 docs 系统地址规则（0x20+index big-endian）确定性生成；公式经官方示例 index200→…c8 单测,,,,2026-07-17,2026-07-17,,
0x200000000000000000000000000000000000010c,hyperliquid,HyperCore 系统转移地址: USDT0 (index 268),bridge,exclude,manual-hldocs,2026-07-17,官方 docs 系统地址规则（0x20+index big-endian）确定性生成；公式经官方示例 index200→…c8 单测,,,,2026-07-17,2026-07-17,,
0x200000000000000000000000000000000000010d,hyperliquid,HyperCore 系统转移地址: UFART (index 269),bridge,exclude,manual-hldocs,2026-07-17,官方 docs 系统地址规则（0x20+index big-endian）确定性生成；公式经官方示例 index200→…c8 单测,,,,2026-07-17,2026-07-17,,
0x200000000000000000000000000000000000010e,hyperliquid,HyperCore 系统转移地址: BAPE (index 270),bridge,exclude,manual-hldocs,2026-07-17,官方 docs 系统地址规则（0x20+index big-endian）确定性生成；公式经官方示例 index200→…c8 单测,,,,2026-07-17,2026-07-17,,
0x200000000000000000000000000000000000010f,hyperliquid,HyperCore 系统转移地址: DIABLO (index 271),bridge,exclude,manual-hldocs,2026-07-17,官方 docs 系统地址规则（0x20+index big-endian）确定性生成；公式经官方示例 index200→…c8 单测,,,,2026-07-17,2026-07-17,,
0x2000000000000000000000000000000000000110,hyperliquid,HyperCore 系统转移地址: PENIS (index 272),bridge,exclude,manual-hldocs,2026-07-17,官方 docs 系统地址规则（0x20+index big-endian）确定性生成；公式经官方示例 index200→…c8 单测,,,,2026-07-17,2026-07-17,,
0x2000000000000000000000000000000000000111,hyperliquid,HyperCore 系统转移地址: LBS (index 273),bridge,exclude,manual-hldocs,2026-07-17,官方 docs 系统地址规则（0x20+index big-endian）确定性生成；公式经官方示例 index200→…c8 单测,,,,2026-07-17,2026-07-17,,
0x2000000000000000000000000000000000000112,hyperliquid,HyperCore 系统转移地址: EBISU (index 274),bridge,exclude,manual-hldocs,2026-07-17,官方 docs 系统地址规则（0x20+index big-endian）确定性生成；公式经官方示例 index200→…c8 单测,,,,2026-07-17,2026-07-17,,
0x2000000000000000000000000000000000000113,hyperliquid,HyperCore 系统转移地址: DEFI (index 275),bridge,exclude,manual-hldocs,2026-07-17,官方 docs 系统地址规则（0x20+index big-endian）确定性生成；公式经官方示例 index200→…c8 单测,,,,2026-07-17,2026-07-17,,
0x2000000000000000000000000000000000000114,hyperliquid,HyperCore 系统转移地址: END (index 276),bridge,exclude,manual-hldocs,2026-07-17,官方 docs 系统地址规则（0x20+index big-endian）确定性生成；公式经官方示例 index200→…c8 单测,,,,2026-07-17,2026-07-17,,
0x2000000000000000000000000000000000000115,hyperliquid,HyperCore 系统转移地址: RUB (index 277),bridge,exclude,manual-hldocs,2026-07-17,官方 docs 系统地址规则（0x20+index big-endian）确定性生成；公式经官方示例 index200→…c8 单测,,,,2026-07-17,2026-07-17,,
0x2000000000000000000000000000000000000116,hyperliquid,HyperCore 系统转移地址: ASF (index 278),bridge,exclude,manual-hldocs,2026-07-17,官方 docs 系统地址规则（0x20+index big-endian）确定性生成；公式经官方示例 index200→…c8 单测,,,,2026-07-17,2026-07-17,,
0x2000000000000000000000000000000000000117,hyperliquid,HyperCore 系统转移地址: BEAT (index 279),bridge,exclude,manual-hldocs,2026-07-17,官方 docs 系统地址规则（0x20+index big-endian）确定性生成；公式经官方示例 index200→…c8 单测,,,,2026-07-17,2026-07-17,,
0x2000000000000000000000000000000000000118,hyperliquid,HyperCore 系统转移地址: VAL (index 280),bridge,exclude,manual-hldocs,2026-07-17,官方 docs 系统地址规则（0x20+index big-endian）确定性生成；公式经官方示例 index200→…c8 单测,,,,2026-07-17,2026-07-17,,
0x2000000000000000000000000000000000000119,hyperliquid,HyperCore 系统转移地址: TRADE (index 281),bridge,exclude,manual-hldocs,2026-07-17,官方 docs 系统地址规则（0x20+index big-endian）确定性生成；公式经官方示例 index200→…c8 单测,,,,2026-07-17,2026-07-17,,
0x200000000000000000000000000000000000011a,hyperliquid,HyperCore 系统转移地址: URBIT (index 282),bridge,exclude,manual-hldocs,2026-07-17,官方 docs 系统地址规则（0x20+index big-endian）确定性生成；公式经官方示例 index200→…c8 单测,,,,2026-07-17,2026-07-17,,
0x200000000000000000000000000000000000011b,hyperliquid,HyperCore 系统转移地址: TREE (index 283),bridge,exclude,manual-hldocs,2026-07-17,官方 docs 系统地址规则（0x20+index big-endian）确定性生成；公式经官方示例 index200→…c8 单测,,,,2026-07-17,2026-07-17,,
0x200000000000000000000000000000000000011c,hyperliquid,HyperCore 系统转移地址: FI (index 284),bridge,exclude,manual-hldocs,2026-07-17,官方 docs 系统地址规则（0x20+index big-endian）确定性生成；公式经官方示例 index200→…c8 单测,,,,2026-07-17,2026-07-17,,
0x200000000000000000000000000000000000011d,hyperliquid,HyperCore 系统转移地址: STAKE (index 285),bridge,exclude,manual-hldocs,2026-07-17,官方 docs 系统地址规则（0x20+index big-endian）确定性生成；公式经官方示例 index200→…c8 单测,,,,2026-07-17,2026-07-17,,
0x200000000000000000000000000000000000011e,hyperliquid,HyperCore 系统转移地址: NQ (index 286),bridge,exclude,manual-hldocs,2026-07-17,官方 docs 系统地址规则（0x20+index big-endian）确定性生成；公式经官方示例 index200→…c8 单测,,,,2026-07-17,2026-07-17,,
0x200000000000000000000000000000000000011f,hyperliquid,HyperCore 系统转移地址: BLND (index 287),bridge,exclude,manual-hldocs,2026-07-17,官方 docs 系统地址规则（0x20+index big-endian）确定性生成；公式经官方示例 index200→…c8 单测,,,,2026-07-17,2026-07-17,,
0x2000000000000000000000000000000000000120,hyperliquid,HyperCore 系统转移地址: WAR (index 288),bridge,exclude,manual-hldocs,2026-07-17,官方 docs 系统地址规则（0x20+index big-endian）确定性生成；公式经官方示例 index200→…c8 单测,,,,2026-07-17,2026-07-17,,
0x2000000000000000000000000000000000000121,hyperliquid,HyperCore 系统转移地址: PERP (index 289),bridge,exclude,manual-hldocs,2026-07-17,官方 docs 系统地址规则（0x20+index big-endian）确定性生成；公式经官方示例 index200→…c8 单测,,,,2026-07-17,2026-07-17,,
0x2000000000000000000000000000000000000122,hyperliquid,HyperCore 系统转移地址: DNDX (index 290),bridge,exclude,manual-hldocs,2026-07-17,官方 docs 系统地址规则（0x20+index big-endian）确定性生成；公式经官方示例 index200→…c8 单测,,,,2026-07-17,2026-07-17,,
0x2000000000000000000000000000000000000123,hyperliquid,HyperCore 系统转移地址: USDHL (index 291),bridge,exclude,manual-hldocs,2026-07-17,官方 docs 系统地址规则（0x20+index big-endian）确定性生成；公式经官方示例 index200→…c8 单测,,,,2026-07-17,2026-07-17,,
0x2000000000000000000000000000000000000124,hyperliquid,HyperCore 系统转移地址: HPENGU (index 292),bridge,exclude,manual-hldocs,2026-07-17,官方 docs 系统地址规则（0x20+index big-endian）确定性生成；公式经官方示例 index200→…c8 单测,,,,2026-07-17,2026-07-17,,
0x2000000000000000000000000000000000000125,hyperliquid,HyperCore 系统转移地址: PAIR (index 293),bridge,exclude,manual-hldocs,2026-07-17,官方 docs 系统地址规则（0x20+index big-endian）确定性生成；公式经官方示例 index200→…c8 单测,,,,2026-07-17,2026-07-17,,
0x2000000000000000000000000000000000000126,hyperliquid,HyperCore 系统转移地址: HOLY (index 294),bridge,exclude,manual-hldocs,2026-07-17,官方 docs 系统地址规则（0x20+index big-endian）确定性生成；公式经官方示例 index200→…c8 单测,,,,2026-07-17,2026-07-17,,
0x2000000000000000000000000000000000000127,hyperliquid,HyperCore 系统转移地址: SING (index 295),bridge,exclude,manual-hldocs,2026-07-17,官方 docs 系统地址规则（0x20+index big-endian）确定性生成；公式经官方示例 index200→…c8 单测,,,,2026-07-17,2026-07-17,,
0x2000000000000000000000000000000000000128,hyperliquid,HyperCore 系统转移地址: JOFF (index 296),bridge,exclude,manual-hldocs,2026-07-17,官方 docs 系统地址规则（0x20+index big-endian）确定性生成；公式经官方示例 index200→…c8 单测,,,,2026-07-17,2026-07-17,,
0x2000000000000000000000000000000000000129,hyperliquid,HyperCore 系统转移地址: XAUT0 (index 297),bridge,exclude,manual-hldocs,2026-07-17,官方 docs 系统地址规则（0x20+index big-endian）确定性生成；公式经官方示例 index200→…c8 单测,,,,2026-07-17,2026-07-17,,
0x200000000000000000000000000000000000012a,hyperliquid,HyperCore 系统转移地址: HY (index 298),bridge,exclude,manual-hldocs,2026-07-17,官方 docs 系统地址规则（0x20+index big-endian）确定性生成；公式经官方示例 index200→…c8 单测,,,,2026-07-17,2026-07-17,,
0x200000000000000000000000000000000000012b,hyperliquid,HyperCore 系统转移地址: UPUMP (index 299),bridge,exclude,manual-hldocs,2026-07-17,官方 docs 系统地址规则（0x20+index big-endian）确定性生成；公式经官方示例 index200→…c8 单测,,,,2026-07-17,2026-07-17,,
0x200000000000000000000000000000000000012c,hyperliquid,HyperCore 系统转移地址: XP (index 300),bridge,exclude,manual-hldocs,2026-07-17,官方 docs 系统地址规则（0x20+index big-endian）确定性生成；公式经官方示例 index200→…c8 单测,,,,2026-07-17,2026-07-17,,
0x200000000000000000000000000000000000012d,hyperliquid,HyperCore 系统转移地址: HWAVE (index 301),bridge,exclude,manual-hldocs,2026-07-17,官方 docs 系统地址规则（0x20+index big-endian）确定性生成；公式经官方示例 index200→…c8 单测,,,,2026-07-17,2026-07-17,,
0x200000000000000000000000000000000000012e,hyperliquid,HyperCore 系统转移地址: WHLP (index 302),bridge,exclude,manual-hldocs,2026-07-17,官方 docs 系统地址规则（0x20+index big-endian）确定性生成；公式经官方示例 index200→…c8 单测,,,,2026-07-17,2026-07-17,,
0x200000000000000000000000000000000000012f,hyperliquid,HyperCore 系统转移地址: USDY (index 303),bridge,exclude,manual-hldocs,2026-07-17,官方 docs 系统地址规则（0x20+index big-endian）确定性生成；公式经官方示例 index200→…c8 单测,,,,2026-07-17,2026-07-17,,
0x2000000000000000000000000000000000000130,hyperliquid,HyperCore 系统转移地址: STLOOP (index 304),bridge,exclude,manual-hldocs,2026-07-17,官方 docs 系统地址规则（0x20+index big-endian）确定性生成；公式经官方示例 index200→…c8 单测,,,,2026-07-17,2026-07-17,,
0x2000000000000000000000000000000000000131,hyperliquid,HyperCore 系统转移地址: HWHLP (index 305),bridge,exclude,manual-hldocs,2026-07-17,官方 docs 系统地址规则（0x20+index big-endian）确定性生成；公式经官方示例 index200→…c8 单测,,,,2026-07-17,2026-07-17,,
0x2000000000000000000000000000000000000132,hyperliquid,HyperCore 系统转移地址: SSR (index 306),bridge,exclude,manual-hldocs,2026-07-17,官方 docs 系统地址规则（0x20+index big-endian）确定性生成；公式经官方示例 index200→…c8 单测,,,,2026-07-17,2026-07-17,,
0x2000000000000000000000000000000000000133,hyperliquid,HyperCore 系统转移地址: LICKO (index 307),bridge,exclude,manual-hldocs,2026-07-17,官方 docs 系统地址规则（0x20+index big-endian）确定性生成；公式经官方示例 index200→…c8 单测,,,,2026-07-17,2026-07-17,,
0x2000000000000000000000000000000000000134,hyperliquid,HyperCore 系统转移地址: THLP (index 308),bridge,exclude,manual-hldocs,2026-07-17,官方 docs 系统地址规则（0x20+index big-endian）确定性生成；公式经官方示例 index200→…c8 单测,,,,2026-07-17,2026-07-17,,
0x2000000000000000000000000000000000000135,hyperliquid,HyperCore 系统转移地址: DUSD (index 309),bridge,exclude,manual-hldocs,2026-07-17,官方 docs 系统地址规则（0x20+index big-endian）确定性生成；公式经官方示例 index200→…c8 单测,,,,2026-07-17,2026-07-17,,
0x2000000000000000000000000000000000000136,hyperliquid,HyperCore 系统转移地址: HWHYPE (index 310),bridge,exclude,manual-hldocs,2026-07-17,官方 docs 系统地址规则（0x20+index big-endian）确定性生成；公式经官方示例 index200→…c8 单测,,,,2026-07-17,2026-07-17,,
0x2000000000000000000000000000000000000137,hyperliquid,HyperCore 系统转移地址: MONEY (index 311),bridge,exclude,manual-hldocs,2026-07-17,官方 docs 系统地址规则（0x20+index big-endian）确定性生成；公式经官方示例 index200→…c8 单测,,,,2026-07-17,2026-07-17,,
0x2000000000000000000000000000000000000138,hyperliquid,HyperCore 系统转移地址: USPYX (index 312),bridge,exclude,manual-hldocs,2026-07-17,官方 docs 系统地址规则（0x20+index big-endian）确定性生成；公式经官方示例 index200→…c8 单测,,,,2026-07-17,2026-07-17,,
0x2000000000000000000000000000000000000139,hyperliquid,HyperCore 系统转移地址: WQWQ (index 313),bridge,exclude,manual-hldocs,2026-07-17,官方 docs 系统地址规则（0x20+index big-endian）确定性生成；公式经官方示例 index200→…c8 单测,,,,2026-07-17,2026-07-17,,
0x200000000000000000000000000000000000013a,hyperliquid,HyperCore 系统转移地址: BLUAI (index 314),bridge,exclude,manual-hldocs,2026-07-17,官方 docs 系统地址规则（0x20+index big-endian）确定性生成；公式经官方示例 index200→…c8 单测,,,,2026-07-17,2026-07-17,,
0x200000000000000000000000000000000000013b,hyperliquid,HyperCore 系统转移地址: FITTED (index 315),bridge,exclude,manual-hldocs,2026-07-17,官方 docs 系统地址规则（0x20+index big-endian）确定性生成；公式经官方示例 index200→…c8 单测,,,,2026-07-17,2026-07-17,,
0x200000000000000000000000000000000000013c,hyperliquid,HyperCore 系统转移地址: EX (index 316),bridge,exclude,manual-hldocs,2026-07-17,官方 docs 系统地址规则（0x20+index big-endian）确定性生成；公式经官方示例 index200→…c8 单测,,,,2026-07-17,2026-07-17,,
0x200000000000000000000000000000000000013d,hyperliquid,HyperCore 系统转移地址: HREKT (index 317),bridge,exclude,manual-hldocs,2026-07-17,官方 docs 系统地址规则（0x20+index big-endian）确定性生成；公式经官方示例 index200→…c8 单测,,,,2026-07-17,2026-07-17,,
0x200000000000000000000000000000000000013e,hyperliquid,HyperCore 系统转移地址: WOULD (index 318),bridge,exclude,manual-hldocs,2026-07-17,官方 docs 系统地址规则（0x20+index big-endian）确定性生成；公式经官方示例 index200→…c8 单测,,,,2026-07-17,2026-07-17,,
0x200000000000000000000000000000000000013f,hyperliquid,HyperCore 系统转移地址: UUUSPX (index 319),bridge,exclude,manual-hldocs,2026-07-17,官方 docs 系统地址规则（0x20+index big-endian）确定性生成；公式经官方示例 index200→…c8 单测,,,,2026-07-17,2026-07-17,,
0x2000000000000000000000000000000000000140,hyperliquid,HyperCore 系统转移地址: UBONK (index 320),bridge,exclude,manual-hldocs,2026-07-17,官方 docs 系统地址规则（0x20+index big-endian）确定性生成；公式经官方示例 index200→…c8 单测,,,,2026-07-17,2026-07-17,,
0x2000000000000000000000000000000000000141,hyperliquid,HyperCore 系统转移地址: VOL (index 321),bridge,exclude,manual-hldocs,2026-07-17,官方 docs 系统地址规则（0x20+index big-endian）确定性生成；公式经官方示例 index200→…c8 单测,,,,2026-07-17,2026-07-17,,
0x2000000000000000000000000000000000000142,hyperliquid,HyperCore 系统转移地址: WILD (index 322),bridge,exclude,manual-hldocs,2026-07-17,官方 docs 系统地址规则（0x20+index big-endian）确定性生成；公式经官方示例 index200→…c8 单测,,,,2026-07-17,2026-07-17,,
0x2000000000000000000000000000000000000143,hyperliquid,HyperCore 系统转移地址: THBILL (index 323),bridge,exclude,manual-hldocs,2026-07-17,官方 docs 系统地址规则（0x20+index big-endian）确定性生成；公式经官方示例 index200→…c8 单测,,,,2026-07-17,2026-07-17,,
0x2000000000000000000000000000000000000144,hyperliquid,HyperCore 系统转移地址: BERRIE (index 324),bridge,exclude,manual-hldocs,2026-07-17,官方 docs 系统地址规则（0x20+index big-endian）确定性生成；公式经官方示例 index200→…c8 单测,,,,2026-07-17,2026-07-17,,
0x2000000000000000000000000000000000000145,hyperliquid,HyperCore 系统转移地址: VSN (index 325),bridge,exclude,manual-hldocs,2026-07-17,官方 docs 系统地址规则（0x20+index big-endian）确定性生成；公式经官方示例 index200→…c8 单测,,,,2026-07-17,2026-07-17,,
0x2000000000000000000000000000000000000146,hyperliquid,HyperCore 系统转移地址: UMOG (index 326),bridge,exclude,manual-hldocs,2026-07-17,官方 docs 系统地址规则（0x20+index big-endian）确定性生成；公式经官方示例 index200→…c8 单测,,,,2026-07-17,2026-07-17,,
0x2000000000000000000000000000000000000147,hyperliquid,HyperCore 系统转移地址: BALT (index 327),bridge,exclude,manual-hldocs,2026-07-17,官方 docs 系统地址规则（0x20+index big-endian）确定性生成；公式经官方示例 index200→…c8 单测,,,,2026-07-17,2026-07-17,,
0x2000000000000000000000000000000000000148,hyperliquid,HyperCore 系统转移地址: TOSHI (index 328),bridge,exclude,manual-hldocs,2026-07-17,官方 docs 系统地址规则（0x20+index big-endian）确定性生成；公式经官方示例 index200→…c8 单测,,,,2026-07-17,2026-07-17,,
0x2000000000000000000000000000000000000149,hyperliquid,HyperCore 系统转移地址: HUSDE (index 329),bridge,exclude,manual-hldocs,2026-07-17,官方 docs 系统地址规则（0x20+index big-endian）确定性生成；公式经官方示例 index200→…c8 单测,,,,2026-07-17,2026-07-17,,
0x200000000000000000000000000000000000014a,hyperliquid,HyperCore 系统转移地址: BAYC (index 330),bridge,exclude,manual-hldocs,2026-07-17,官方 docs 系统地址规则（0x20+index big-endian）确定性生成；公式经官方示例 index200→…c8 单测,,,,2026-07-17,2026-07-17,,
0x200000000000000000000000000000000000014b,hyperliquid,HyperCore 系统转移地址: YUMA (index 331),bridge,exclude,manual-hldocs,2026-07-17,官方 docs 系统地址规则（0x20+index big-endian）确定性生成；公式经官方示例 index200→…c8 单测,,,,2026-07-17,2026-07-17,,
0x200000000000000000000000000000000000014c,hyperliquid,HyperCore 系统转移地址: DBLN (index 332),bridge,exclude,manual-hldocs,2026-07-17,官方 docs 系统地址规则（0x20+index big-endian）确定性生成；公式经官方示例 index200→…c8 单测,,,,2026-07-17,2026-07-17,,
0x200000000000000000000000000000000000014d,hyperliquid,HyperCore 系统转移地址: RYSK (index 333),bridge,exclude,manual-hldocs,2026-07-17,官方 docs 系统地址规则（0x20+index big-endian）确定性生成；公式经官方示例 index200→…c8 单测,,,,2026-07-17,2026-07-17,,
0x200000000000000000000000000000000000014e,hyperliquid,HyperCore 系统转移地址: AURA (index 334),bridge,exclude,manual-hldocs,2026-07-17,官方 docs 系统地址规则（0x20+index big-endian）确定性生成；公式经官方示例 index200→…c8 单测,,,,2026-07-17,2026-07-17,,
0x200000000000000000000000000000000000014f,hyperliquid,HyperCore 系统转移地址: KEI (index 335),bridge,exclude,manual-hldocs,2026-07-17,官方 docs 系统地址规则（0x20+index big-endian）确定性生成；公式经官方示例 index200→…c8 单测,,,,2026-07-17,2026-07-17,,
0x2000000000000000000000000000000000000150,hyperliquid,HyperCore 系统转移地址: BULL (index 336),bridge,exclude,manual-hldocs,2026-07-17,官方 docs 系统地址规则（0x20+index big-endian）确定性生成；公式经官方示例 index200→…c8 单测,,,,2026-07-17,2026-07-17,,
0x2000000000000000000000000000000000000151,hyperliquid,HyperCore 系统转移地址: DEXARI (index 337),bridge,exclude,manual-hldocs,2026-07-17,官方 docs 系统地址规则（0x20+index big-endian）确定性生成；公式经官方示例 index200→…c8 单测,,,,2026-07-17,2026-07-17,,
0x2000000000000000000000000000000000000152,hyperliquid,HyperCore 系统转移地址: UENA (index 338),bridge,exclude,manual-hldocs,2026-07-17,官方 docs 系统地址规则（0x20+index big-endian）确定性生成；公式经官方示例 index200→…c8 单测,,,,2026-07-17,2026-07-17,,
0x2000000000000000000000000000000000000153,hyperliquid,HyperCore 系统转移地址: BASED (index 339),bridge,exclude,manual-hldocs,2026-07-17,官方 docs 系统地址规则（0x20+index big-endian）确定性生成；公式经官方示例 index200→…c8 单测,,,,2026-07-17,2026-07-17,,
0x2000000000000000000000000000000000000154,hyperliquid,HyperCore 系统转移地址: REX (index 340),bridge,exclude,manual-hldocs,2026-07-17,官方 docs 系统地址规则（0x20+index big-endian）确定性生成；公式经官方示例 index200→…c8 单测,,,,2026-07-17,2026-07-17,,
0x2000000000000000000000000000000000000155,hyperliquid,HyperCore 系统转移地址: LINK0 (index 341),bridge,exclude,manual-hldocs,2026-07-17,官方 docs 系统地址规则（0x20+index big-endian）确定性生成；公式经官方示例 index200→…c8 单测,,,,2026-07-17,2026-07-17,,
0x2000000000000000000000000000000000000156,hyperliquid,HyperCore 系统转移地址: PKMN (index 342),bridge,exclude,manual-hldocs,2026-07-17,官方 docs 系统地址规则（0x20+index big-endian）确定性生成；公式经官方示例 index200→…c8 单测,,,,2026-07-17,2026-07-17,,
0x2000000000000000000000000000000000000157,hyperliquid,HyperCore 系统转移地址: UXPL (index 343),bridge,exclude,manual-hldocs,2026-07-17,官方 docs 系统地址规则（0x20+index big-endian）确定性生成；公式经官方示例 index200→…c8 单测,,,,2026-07-17,2026-07-17,,
0x2000000000000000000000000000000000000158,hyperliquid,HyperCore 系统转移地址: TRX0 (index 344),bridge,exclude,manual-hldocs,2026-07-17,官方 docs 系统地址规则（0x20+index big-endian）确定性生成；公式经官方示例 index200→…c8 单测,,,,2026-07-17,2026-07-17,,
0x2000000000000000000000000000000000000159,hyperliquid,HyperCore 系统转移地址: STRD (index 345),bridge,exclude,manual-hldocs,2026-07-17,官方 docs 系统地址规则（0x20+index big-endian）确定性生成；公式经官方示例 index200→…c8 单测,,,,2026-07-17,2026-07-17,,
0x200000000000000000000000000000000000015a,hyperliquid,HyperCore 系统转移地址: AAVE0 (index 346),bridge,exclude,manual-hldocs,2026-07-17,官方 docs 系统地址规则（0x20+index big-endian）确定性生成；公式经官方示例 index200→…c8 单测,,,,2026-07-17,2026-07-17,,
0x200000000000000000000000000000000000015b,hyperliquid,HyperCore 系统转移地址: AVAX0 (index 347),bridge,exclude,manual-hldocs,2026-07-17,官方 docs 系统地址规则（0x20+index big-endian）确定性生成；公式经官方示例 index200→…c8 单测,,,,2026-07-17,2026-07-17,,
0x200000000000000000000000000000000000015c,hyperliquid,HyperCore 系统转移地址: RZR (index 348),bridge,exclude,manual-hldocs,2026-07-17,官方 docs 系统地址规则（0x20+index big-endian）确定性生成；公式经官方示例 index200→…c8 单测,,,,2026-07-17,2026-07-17,,
0x200000000000000000000000000000000000015d,hyperliquid,HyperCore 系统转移地址: PEPE0 (index 349),bridge,exclude,manual-hldocs,2026-07-17,官方 docs 系统地址规则（0x20+index big-endian）确定性生成；公式经官方示例 index200→…c8 单测,,,,2026-07-17,2026-07-17,,
0x200000000000000000000000000000000000015e,hyperliquid,HyperCore 系统转移地址: SDEX (index 350),bridge,exclude,manual-hldocs,2026-07-17,官方 docs 系统地址规则（0x20+index big-endian）确定性生成；公式经官方示例 index200→…c8 单测,,,,2026-07-17,2026-07-17,,
0x200000000000000000000000000000000000015f,hyperliquid,HyperCore 系统转移地址: FLR (index 351),bridge,exclude,manual-hldocs,2026-07-17,官方 docs 系统地址规则（0x20+index big-endian）确定性生成；公式经官方示例 index200→…c8 单测,,,,2026-07-17,2026-07-17,,
0x2000000000000000000000000000000000000160,hyperliquid,HyperCore 系统转移地址: USDG (index 352),bridge,exclude,manual-hldocs,2026-07-17,官方 docs 系统地址规则（0x20+index big-endian）确定性生成；公式经官方示例 index200→…c8 单测,,,,2026-07-17,2026-07-17,,
0x2000000000000000000000000000000000000161,hyperliquid,HyperCore 系统转移地址: OG (index 353),bridge,exclude,manual-hldocs,2026-07-17,官方 docs 系统地址规则（0x20+index big-endian）确定性生成；公式经官方示例 index200→…c8 单测,,,,2026-07-17,2026-07-17,,
0x2000000000000000000000000000000000000162,hyperliquid,HyperCore 系统转移地址: RED (index 354),bridge,exclude,manual-hldocs,2026-07-17,官方 docs 系统地址规则（0x20+index big-endian）确定性生成；公式经官方示例 index200→…c8 单测,,,,2026-07-17,2026-07-17,,
0x2000000000000000000000000000000000000163,hyperliquid,HyperCore 系统转移地址: CASH (index 355),bridge,exclude,manual-hldocs,2026-07-17,官方 docs 系统地址规则（0x20+index big-endian）确定性生成；公式经官方示例 index200→…c8 单测,,,,2026-07-17,2026-07-17,,
0x2000000000000000000000000000000000000164,hyperliquid,HyperCore 系统转移地址: PUP (index 356),bridge,exclude,manual-hldocs,2026-07-17,官方 docs 系统地址规则（0x20+index big-endian）确定性生成；公式经官方示例 index200→…c8 单测,,,,2026-07-17,2026-07-17,,
0x2000000000000000000000000000000000000165,hyperliquid,HyperCore 系统转移地址: IXRP (index 357),bridge,exclude,manual-hldocs,2026-07-17,官方 docs 系统地址规则（0x20+index big-endian）确定性生成；公式经官方示例 index200→…c8 单测,,,,2026-07-17,2026-07-17,,
0x2000000000000000000000000000000000000166,hyperliquid,HyperCore 系统转移地址: UWLD (index 358),bridge,exclude,manual-hldocs,2026-07-17,官方 docs 系统地址规则（0x20+index big-endian）确定性生成；公式经官方示例 index200→…c8 单测,,,,2026-07-17,2026-07-17,,
0x2000000000000000000000000000000000000167,hyperliquid,HyperCore 系统转移地址: NATIVE (index 359),bridge,exclude,manual-hldocs,2026-07-17,官方 docs 系统地址规则（0x20+index big-endian）确定性生成；公式经官方示例 index200→…c8 单测,,,,2026-07-17,2026-07-17,,
0x2000000000000000000000000000000000000168,hyperliquid,HyperCore 系统转移地址: USDH (index 360),bridge,exclude,manual-hldocs,2026-07-17,官方 docs 系统地址规则（0x20+index big-endian）确定性生成；公式经官方示例 index200→…c8 单测,,,,2026-07-17,2026-07-17,,
0x2000000000000000000000000000000000000169,hyperliquid,HyperCore 系统转移地址: UDZ (index 361),bridge,exclude,manual-hldocs,2026-07-17,官方 docs 系统地址规则（0x20+index big-endian）确定性生成；公式经官方示例 index200→…c8 单测,,,,2026-07-17,2026-07-17,,
0x200000000000000000000000000000000000016a,hyperliquid,HyperCore 系统转移地址: DURIAN (index 362),bridge,exclude,manual-hldocs,2026-07-17,官方 docs 系统地址规则（0x20+index big-endian）确定性生成；公式经官方示例 index200→…c8 单测,,,,2026-07-17,2026-07-17,,
0x200000000000000000000000000000000000016b,hyperliquid,HyperCore 系统转移地址: CRCT (index 363),bridge,exclude,manual-hldocs,2026-07-17,官方 docs 系统地址规则（0x20+index big-endian）确定性生成；公式经官方示例 index200→…c8 单测,,,,2026-07-17,2026-07-17,,
0x200000000000000000000000000000000000016c,hyperliquid,HyperCore 系统转移地址: UPHL (index 364),bridge,exclude,manual-hldocs,2026-07-17,官方 docs 系统地址规则（0x20+index big-endian）确定性生成；公式经官方示例 index200→…c8 单测,,,,2026-07-17,2026-07-17,,
0x200000000000000000000000000000000000016d,hyperliquid,HyperCore 系统转移地址: UDOGE (index 365),bridge,exclude,manual-hldocs,2026-07-17,官方 docs 系统地址规则（0x20+index big-endian）确定性生成；公式经官方示例 index200→…c8 单测,,,,2026-07-17,2026-07-17,,
0x200000000000000000000000000000000000016e,hyperliquid,HyperCore 系统转移地址: SFC (index 366),bridge,exclude,manual-hldocs,2026-07-17,官方 docs 系统地址规则（0x20+index big-endian）确定性生成；公式经官方示例 index200→…c8 单测,,,,2026-07-17,2026-07-17,,
0x200000000000000000000000000000000000016f,hyperliquid,HyperCore 系统转移地址: FXRP (index 367),bridge,exclude,manual-hldocs,2026-07-17,官方 docs 系统地址规则（0x20+index big-endian）确定性生成；公式经官方示例 index200→…c8 单测,,,,2026-07-17,2026-07-17,,
0x2000000000000000000000000000000000000170,hyperliquid,HyperCore 系统转移地址: WXRP (index 368),bridge,exclude,manual-hldocs,2026-07-17,官方 docs 系统地址规则（0x20+index big-endian）确定性生成；公式经官方示例 index200→…c8 单测,,,,2026-07-17,2026-07-17,,
0x2000000000000000000000000000000000000171,hyperliquid,HyperCore 系统转移地址: MHYPE (index 369),bridge,exclude,manual-hldocs,2026-07-17,官方 docs 系统地址规则（0x20+index big-endian）确定性生成；公式经官方示例 index200→…c8 单测,,,,2026-07-17,2026-07-17,,
0x2000000000000000000000000000000000000172,hyperliquid,HyperCore 系统转移地址: FLOW (index 370),bridge,exclude,manual-hldocs,2026-07-17,官方 docs 系统地址规则（0x20+index big-endian）确定性生成；公式经官方示例 index200→…c8 单测,,,,2026-07-17,2026-07-17,,
0x2000000000000000000000000000000000000173,hyperliquid,HyperCore 系统转移地址: VNTLS (index 371),bridge,exclude,manual-hldocs,2026-07-17,官方 docs 系统地址规则（0x20+index big-endian）确定性生成；公式经官方示例 index200→…c8 单测,,,,2026-07-17,2026-07-17,,
0x2000000000000000000000000000000000000174,hyperliquid,HyperCore 系统转移地址: TANSSI (index 372),bridge,exclude,manual-hldocs,2026-07-17,官方 docs 系统地址规则（0x20+index big-endian）确定性生成；公式经官方示例 index200→…c8 单测,,,,2026-07-17,2026-07-17,,
0x2000000000000000000000000000000000000175,hyperliquid,HyperCore 系统转移地址: XION (index 373),bridge,exclude,manual-hldocs,2026-07-17,官方 docs 系统地址规则（0x20+index big-endian）确定性生成；公式经官方示例 index200→…c8 单测,,,,2026-07-17,2026-07-17,,
0x2000000000000000000000000000000000000176,hyperliquid,HyperCore 系统转移地址: SEDA (index 374),bridge,exclude,manual-hldocs,2026-07-17,官方 docs 系统地址规则（0x20+index big-endian）确定性生成；公式经官方示例 index200→…c8 单测,,,,2026-07-17,2026-07-17,,
0x2000000000000000000000000000000000000177,hyperliquid,HyperCore 系统转移地址: WUSDN (index 375),bridge,exclude,manual-hldocs,2026-07-17,官方 docs 系统地址规则（0x20+index big-endian）确定性生成；公式经官方示例 index200→…c8 单测,,,,2026-07-17,2026-07-17,,
0x2000000000000000000000000000000000000178,hyperliquid,HyperCore 系统转移地址: IZEC (index 376),bridge,exclude,manual-hldocs,2026-07-17,官方 docs 系统地址规则（0x20+index big-endian）确定性生成；公式经官方示例 index200→…c8 单测,,,,2026-07-17,2026-07-17,,
0x2000000000000000000000000000000000000179,hyperliquid,HyperCore 系统转移地址: USDN (index 377),bridge,exclude,manual-hldocs,2026-07-17,官方 docs 系统地址规则（0x20+index big-endian）确定性生成；公式经官方示例 index200→…c8 单测,,,,2026-07-17,2026-07-17,,
0x200000000000000000000000000000000000017a,hyperliquid,HyperCore 系统转移地址: VULT (index 378),bridge,exclude,manual-hldocs,2026-07-17,官方 docs 系统地址规则（0x20+index big-endian）确定性生成；公式经官方示例 index200→…c8 单测,,,,2026-07-17,2026-07-17,,
0x200000000000000000000000000000000000017b,hyperliquid,HyperCore 系统转移地址: MAWARI (index 379),bridge,exclude,manual-hldocs,2026-07-17,官方 docs 系统地址规则（0x20+index big-endian）确定性生成；公式经官方示例 index200→…c8 单测,,,,2026-07-17,2026-07-17,,
0x200000000000000000000000000000000000017c,hyperliquid,HyperCore 系统转移地址: XDC (index 380),bridge,exclude,manual-hldocs,2026-07-17,官方 docs 系统地址规则（0x20+index big-endian）确定性生成；公式经官方示例 index200→…c8 单测,,,,2026-07-17,2026-07-17,,
0x200000000000000000000000000000000000017d,hyperliquid,HyperCore 系统转移地址: HBNB (index 381),bridge,exclude,manual-hldocs,2026-07-17,官方 docs 系统地址规则（0x20+index big-endian）确定性生成；公式经官方示例 index200→…c8 单测,,,,2026-07-17,2026-07-17,,
0x200000000000000000000000000000000000017e,hyperliquid,HyperCore 系统转移地址: NBT (index 382),bridge,exclude,manual-hldocs,2026-07-17,官方 docs 系统地址规则（0x20+index big-endian）确定性生成；公式经官方示例 index200→…c8 单测,,,,2026-07-17,2026-07-17,,
0x200000000000000000000000000000000000017f,hyperliquid,HyperCore 系统转移地址: UMON (index 383),bridge,exclude,manual-hldocs,2026-07-17,官方 docs 系统地址规则（0x20+index big-endian）确定性生成；公式经官方示例 index200→…c8 单测,,,,2026-07-17,2026-07-17,,
0x2000000000000000000000000000000000000180,hyperliquid,HyperCore 系统转移地址: USDUC (index 384),bridge,exclude,manual-hldocs,2026-07-17,官方 docs 系统地址规则（0x20+index big-endian）确定性生成；公式经官方示例 index200→…c8 单测,,,,2026-07-17,2026-07-17,,
0x2000000000000000000000000000000000000181,hyperliquid,HyperCore 系统转移地址: SYND (index 385),bridge,exclude,manual-hldocs,2026-07-17,官方 docs 系统地址规则（0x20+index big-endian）确定性生成；公式经官方示例 index200→…c8 单测,,,,2026-07-17,2026-07-17,,
0x2000000000000000000000000000000000000182,hyperliquid,HyperCore 系统转移地址: PB (index 386),bridge,exclude,manual-hldocs,2026-07-17,官方 docs 系统地址规则（0x20+index big-endian）确定性生成；公式经官方示例 index200→…c8 单测,,,,2026-07-17,2026-07-17,,
0x2000000000000000000000000000000000000183,hyperliquid,HyperCore 系统转移地址: APEXHL (index 387),bridge,exclude,manual-hldocs,2026-07-17,官方 docs 系统地址规则（0x20+index big-endian）确定性生成；公式经官方示例 index200→…c8 单测,,,,2026-07-17,2026-07-17,,
0x2000000000000000000000000000000000000184,hyperliquid,HyperCore 系统转移地址: AXL (index 388),bridge,exclude,manual-hldocs,2026-07-17,官方 docs 系统地址规则（0x20+index big-endian）确定性生成；公式经官方示例 index200→…c8 单测,,,,2026-07-17,2026-07-17,,
0x2000000000000000000000000000000000000185,hyperliquid,HyperCore 系统转移地址: BZEC (index 389),bridge,exclude,manual-hldocs,2026-07-17,官方 docs 系统地址规则（0x20+index big-endian）确定性生成；公式经官方示例 index200→…c8 单测,,,,2026-07-17,2026-07-17,,
0x2000000000000000000000000000000000000186,hyperliquid,HyperCore 系统转移地址: MAK (index 390),bridge,exclude,manual-hldocs,2026-07-17,官方 docs 系统地址规则（0x20+index big-endian）确定性生成；公式经官方示例 index200→…c8 单测,,,,2026-07-17,2026-07-17,,
0x2000000000000000000000000000000000000187,hyperliquid,HyperCore 系统转移地址: BOUNCE (index 391),bridge,exclude,manual-hldocs,2026-07-17,官方 docs 系统地址规则（0x20+index big-endian）确定性生成；公式经官方示例 index200→…c8 单测,,,,2026-07-17,2026-07-17,,
0x2000000000000000000000000000000000000188,hyperliquid,HyperCore 系统转移地址: RLUSD (index 392),bridge,exclude,manual-hldocs,2026-07-17,官方 docs 系统地址规则（0x20+index big-endian）确定性生成；公式经官方示例 index200→…c8 单测,,,,2026-07-17,2026-07-17,,
0x2000000000000000000000000000000000000189,hyperliquid,HyperCore 系统转移地址: SOSA (index 393),bridge,exclude,manual-hldocs,2026-07-17,官方 docs 系统地址规则（0x20+index big-endian）确定性生成；公式经官方示例 index200→…c8 单测,,,,2026-07-17,2026-07-17,,
0x200000000000000000000000000000000000018a,hyperliquid,HyperCore 系统转移地址: HYBR (index 394),bridge,exclude,manual-hldocs,2026-07-17,官方 docs 系统地址规则（0x20+index big-endian）确定性生成；公式经官方示例 index200→…c8 单测,,,,2026-07-17,2026-07-17,,
0x200000000000000000000000000000000000018b,hyperliquid,HyperCore 系统转移地址: MMOVE (index 395),bridge,exclude,manual-hldocs,2026-07-17,官方 docs 系统地址规则（0x20+index big-endian）确定性生成；公式经官方示例 index200→…c8 单测,,,,2026-07-17,2026-07-17,,
0x200000000000000000000000000000000000018c,hyperliquid,HyperCore 系统转移地址: BLOB (index 396),bridge,exclude,manual-hldocs,2026-07-17,官方 docs 系统地址规则（0x20+index big-endian）确定性生成；公式经官方示例 index200→…c8 单测,,,,2026-07-17,2026-07-17,,
0x200000000000000000000000000000000000018d,hyperliquid,HyperCore 系统转移地址: CEXY (index 397),bridge,exclude,manual-hldocs,2026-07-17,官方 docs 系统地址规则（0x20+index big-endian）确定性生成；公式经官方示例 index200→…c8 单测,,,,2026-07-17,2026-07-17,,
0x200000000000000000000000000000000000018e,hyperliquid,HyperCore 系统转移地址: STABLE (index 398),bridge,exclude,manual-hldocs,2026-07-17,官方 docs 系统地址规则（0x20+index big-endian）确定性生成；公式经官方示例 index200→…c8 单测,,,,2026-07-17,2026-07-17,,
0x200000000000000000000000000000000000018f,hyperliquid,HyperCore 系统转移地址: NEST (index 399),bridge,exclude,manual-hldocs,2026-07-17,官方 docs 系统地址规则（0x20+index big-endian）确定性生成；公式经官方示例 index200→…c8 单测,,,,2026-07-17,2026-07-17,,
0x2000000000000000000000000000000000000190,hyperliquid,HyperCore 系统转移地址: RAM (index 400),bridge,exclude,manual-hldocs,2026-07-17,官方 docs 系统地址规则（0x20+index big-endian）确定性生成；公式经官方示例 index200→…c8 单测,,,,2026-07-17,2026-07-17,,
0x2000000000000000000000000000000000000191,hyperliquid,HyperCore 系统转移地址: QONE (index 401),bridge,exclude,manual-hldocs,2026-07-17,官方 docs 系统地址规则（0x20+index big-endian）确定性生成；公式经官方示例 index200→…c8 单测,,,,2026-07-17,2026-07-17,,
0x2000000000000000000000000000000000000192,hyperliquid,HyperCore 系统转移地址: US (index 402),bridge,exclude,manual-hldocs,2026-07-17,官方 docs 系统地址规则（0x20+index big-endian）确定性生成；公式经官方示例 index200→…c8 单测,,,,2026-07-17,2026-07-17,,
0x2000000000000000000000000000000000000193,hyperliquid,HyperCore 系统转移地址: UMEGA (index 403),bridge,exclude,manual-hldocs,2026-07-17,官方 docs 系统地址规则（0x20+index big-endian）确定性生成；公式经官方示例 index200→…c8 单测,,,,2026-07-17,2026-07-17,,
0x2000000000000000000000000000000000000194,hyperliquid,HyperCore 系统转移地址: XMR1 (index 404),bridge,exclude,manual-hldocs,2026-07-17,官方 docs 系统地址规则（0x20+index big-endian）确定性生成；公式经官方示例 index200→…c8 单测,,,,2026-07-17,2026-07-17,,
0x2000000000000000000000000000000000000195,hyperliquid,HyperCore 系统转移地址: HMT (index 405),bridge,exclude,manual-hldocs,2026-07-17,官方 docs 系统地址规则（0x20+index big-endian）确定性生成；公式经官方示例 index200→…c8 单测,,,,2026-07-17,2026-07-17,,
0x2000000000000000000000000000000000000196,hyperliquid,HyperCore 系统转移地址: PEUR (index 406),bridge,exclude,manual-hldocs,2026-07-17,官方 docs 系统地址规则（0x20+index big-endian）确定性生成；公式经官方示例 index200→…c8 单测,,,,2026-07-17,2026-07-17,,
0x2000000000000000000000000000000000000197,hyperliquid,HyperCore 系统转移地址: TSLA (index 407),bridge,exclude,manual-hldocs,2026-07-17,官方 docs 系统地址规则（0x20+index big-endian）确定性生成；公式经官方示例 index200→…c8 单测,,,,2026-07-17,2026-07-17,,
0x2000000000000000000000000000000000000198,hyperliquid,HyperCore 系统转移地址: NVDA (index 408),bridge,exclude,manual-hldocs,2026-07-17,官方 docs 系统地址规则（0x20+index big-endian）确定性生成；公式经官方示例 index200→…c8 单测,,,,2026-07-17,2026-07-17,,
0x2000000000000000000000000000000000000199,hyperliquid,HyperCore 系统转移地址: CRCL (index 409),bridge,exclude,manual-hldocs,2026-07-17,官方 docs 系统地址规则（0x20+index big-endian）确定性生成；公式经官方示例 index200→…c8 单测,,,,2026-07-17,2026-07-17,,
0x200000000000000000000000000000000000019a,hyperliquid,HyperCore 系统转移地址: SOON (index 410),bridge,exclude,manual-hldocs,2026-07-17,官方 docs 系统地址规则（0x20+index big-endian）确定性生成；公式经官方示例 index200→…c8 单测,,,,2026-07-17,2026-07-17,,
0x200000000000000000000000000000000000019b,hyperliquid,HyperCore 系统转移地址: SLV (index 411),bridge,exclude,manual-hldocs,2026-07-17,官方 docs 系统地址规则（0x20+index big-endian）确定性生成；公式经官方示例 index200→…c8 单测,,,,2026-07-17,2026-07-17,,
0x200000000000000000000000000000000000019c,hyperliquid,HyperCore 系统转移地址: GOOGL (index 412),bridge,exclude,manual-hldocs,2026-07-17,官方 docs 系统地址规则（0x20+index big-endian）确定性生成；公式经官方示例 index200→…c8 单测,,,,2026-07-17,2026-07-17,,
0x200000000000000000000000000000000000019d,hyperliquid,HyperCore 系统转移地址: AAPL (index 413),bridge,exclude,manual-hldocs,2026-07-17,官方 docs 系统地址规则（0x20+index big-endian）确定性生成；公式经官方示例 index200→…c8 单测,,,,2026-07-17,2026-07-17,,
0x200000000000000000000000000000000000019e,hyperliquid,HyperCore 系统转移地址: BNB1 (index 414),bridge,exclude,manual-hldocs,2026-07-17,官方 docs 系统地址规则（0x20+index big-endian）确定性生成；公式经官方示例 index200→…c8 单测,,,,2026-07-17,2026-07-17,,
0x200000000000000000000000000000000000019f,hyperliquid,HyperCore 系统转移地址: HOOD (index 415),bridge,exclude,manual-hldocs,2026-07-17,官方 docs 系统地址规则（0x20+index big-endian）确定性生成；公式经官方示例 index200→…c8 单测,,,,2026-07-17,2026-07-17,,
0x20000000000000000000000000000000000001a0,hyperliquid,HyperCore 系统转移地址: SPACEX (index 416),bridge,exclude,manual-hldocs,2026-07-17,官方 docs 系统地址规则（0x20+index big-endian）确定性生成；公式经官方示例 index200→…c8 单测,,,,2026-07-17,2026-07-17,,
0x20000000000000000000000000000000000001a1,hyperliquid,HyperCore 系统转移地址: MSTR (index 417),bridge,exclude,manual-hldocs,2026-07-17,官方 docs 系统地址规则（0x20+index big-endian）确定性生成；公式经官方示例 index200→…c8 单测,,,,2026-07-17,2026-07-17,,
0x20000000000000000000000000000000000001a2,hyperliquid,HyperCore 系统转移地址: OPENAI (index 418),bridge,exclude,manual-hldocs,2026-07-17,官方 docs 系统地址规则（0x20+index big-endian）确定性生成；公式经官方示例 index200→…c8 单测,,,,2026-07-17,2026-07-17,,
0x20000000000000000000000000000000000001a3,hyperliquid,HyperCore 系统转移地址: UZEC (index 419),bridge,exclude,manual-hldocs,2026-07-17,官方 docs 系统地址规则（0x20+index big-endian）确定性生成；公式经官方示例 index200→…c8 单测,,,,2026-07-17,2026-07-17,,
0x20000000000000000000000000000000000001a4,hyperliquid,HyperCore 系统转移地址: SPY (index 420),bridge,exclude,manual-hldocs,2026-07-17,官方 docs 系统地址规则（0x20+index big-endian）确定性生成；公式经官方示例 index200→…c8 单测,,,,2026-07-17,2026-07-17,,
0x20000000000000000000000000000000000001a5,hyperliquid,HyperCore 系统转移地址: AMZN (index 421),bridge,exclude,manual-hldocs,2026-07-17,官方 docs 系统地址规则（0x20+index big-endian）确定性生成；公式经官方示例 index200→…c8 单测,,,,2026-07-17,2026-07-17,,
0x20000000000000000000000000000000000001a6,hyperliquid,HyperCore 系统转移地址: META (index 422),bridge,exclude,manual-hldocs,2026-07-17,官方 docs 系统地址规则（0x20+index big-endian）确定性生成；公式经官方示例 index200→…c8 单测,,,,2026-07-17,2026-07-17,,
0x20000000000000000000000000000000000001a7,hyperliquid,HyperCore 系统转移地址: GNC (index 423),bridge,exclude,manual-hldocs,2026-07-17,官方 docs 系统地址规则（0x20+index big-endian）确定性生成；公式经官方示例 index200→…c8 单测,,,,2026-07-17,2026-07-17,,
0x20000000000000000000000000000000000001a8,hyperliquid,HyperCore 系统转移地址: SPACE (index 424),bridge,exclude,manual-hldocs,2026-07-17,官方 docs 系统地址规则（0x20+index big-endian）确定性生成；公式经官方示例 index200→…c8 单测,,,,2026-07-17,2026-07-17,,
0x20000000000000000000000000000000000001a9,hyperliquid,HyperCore 系统转移地址: RUBT (index 425),bridge,exclude,manual-hldocs,2026-07-17,官方 docs 系统地址规则（0x20+index big-endian）确定性生成；公式经官方示例 index200→…c8 单测,,,,2026-07-17,2026-07-17,,
0x20000000000000000000000000000000000001aa,hyperliquid,HyperCore 系统转移地址: QQQ (index 426),bridge,exclude,manual-hldocs,2026-07-17,官方 docs 系统地址规则（0x20+index big-endian）确定性生成；公式经官方示例 index200→…c8 单测,,,,2026-07-17,2026-07-17,,
0x20000000000000000000000000000000000001ab,hyperliquid,HyperCore 系统转移地址: CHECK (index 427),bridge,exclude,manual-hldocs,2026-07-17,官方 docs 系统地址规则（0x20+index big-endian）确定性生成；公式经官方示例 index200→…c8 单测,,,,2026-07-17,2026-07-17,,
0x20000000000000000000000000000000000001ac,hyperliquid,HyperCore 系统转移地址: NYAN (index 428),bridge,exclude,manual-hldocs,2026-07-17,官方 docs 系统地址规则（0x20+index big-endian）确定性生成；公式经官方示例 index200→…c8 单测,,,,2026-07-17,2026-07-17,,
0x20000000000000000000000000000000000001ad,hyperliquid,HyperCore 系统转移地址: MSFT (index 429),bridge,exclude,manual-hldocs,2026-07-17,官方 docs 系统地址规则（0x20+index big-endian）确定性生成；公式经官方示例 index200→…c8 单测,,,,2026-07-17,2026-07-17,,
0x20000000000000000000000000000000000001ae,hyperliquid,HyperCore 系统转移地址: ORCL (index 430),bridge,exclude,manual-hldocs,2026-07-17,官方 docs 系统地址规则（0x20+index big-endian）确定性生成；公式经官方示例 index200→…c8 单测,,,,2026-07-17,2026-07-17,,
0x20000000000000000000000000000000000001af,hyperliquid,HyperCore 系统转移地址: AVGO (index 431),bridge,exclude,manual-hldocs,2026-07-17,官方 docs 系统地址规则（0x20+index big-endian）确定性生成；公式经官方示例 index200→…c8 单测,,,,2026-07-17,2026-07-17,,
0x20000000000000000000000000000000000001b0,hyperliquid,HyperCore 系统转移地址: GLD (index 432),bridge,exclude,manual-hldocs,2026-07-17,官方 docs 系统地址规则（0x20+index big-endian）确定性生成；公式经官方示例 index200→…c8 单测,,,,2026-07-17,2026-07-17,,
0x20000000000000000000000000000000000001b1,hyperliquid,HyperCore 系统转移地址: ZAMA (index 433),bridge,exclude,manual-hldocs,2026-07-17,官方 docs 系统地址规则（0x20+index big-endian）确定性生成；公式经官方示例 index200→…c8 单测,,,,2026-07-17,2026-07-17,,
0x20000000000000000000000000000000000001b2,hyperliquid,HyperCore 系统转移地址: BRLA (index 434),bridge,exclude,manual-hldocs,2026-07-17,官方 docs 系统地址规则（0x20+index big-endian）确定性生成；公式经官方示例 index200→…c8 单测,,,,2026-07-17,2026-07-17,,
0x20000000000000000000000000000000000001b3,hyperliquid,HyperCore 系统转移地址: MU (index 435),bridge,exclude,manual-hldocs,2026-07-17,官方 docs 系统地址规则（0x20+index big-endian）确定性生成；公式经官方示例 index200→…c8 单测,,,,2026-07-17,2026-07-17,,
0x20000000000000000000000000000000000001b4,hyperliquid,HyperCore 系统转移地址: BNB0 (index 436),bridge,exclude,manual-hldocs,2026-07-17,官方 docs 系统地址规则（0x20+index big-endian）确定性生成；公式经官方示例 index200→…c8 单测,,,,2026-07-17,2026-07-17,,
0x20000000000000000000000000000000000001b5,hyperliquid,HyperCore 系统转移地址: HSEI (index 437),bridge,exclude,manual-hldocs,2026-07-17,官方 docs 系统地址规则（0x20+index big-endian）确定性生成；公式经官方示例 index200→…c8 单测,,,,2026-07-17,2026-07-17,,
0x20000000000000000000000000000000000001b6,hyperliquid,HyperCore 系统转移地址: XRP1 (index 438),bridge,exclude,manual-hldocs,2026-07-17,官方 docs 系统地址规则（0x20+index big-endian）确定性生成；公式经官方示例 index200→…c8 单测,,,,2026-07-17,2026-07-17,,
0x20000000000000000000000000000000000001b7,hyperliquid,HyperCore 系统转移地址: WWB (index 439),bridge,exclude,manual-hldocs,2026-07-17,官方 docs 系统地址规则（0x20+index big-endian）确定性生成；公式经官方示例 index200→…c8 单测,,,,2026-07-17,2026-07-17,,
0x20000000000000000000000000000000000001b8,hyperliquid,HyperCore 系统转移地址: WOWBIT (index 440),bridge,exclude,manual-hldocs,2026-07-17,官方 docs 系统地址规则（0x20+index big-endian）确定性生成；公式经官方示例 index200→…c8 单测,,,,2026-07-17,2026-07-17,,
0x20000000000000000000000000000000000001b9,hyperliquid,HyperCore 系统转移地址: CFX0 (index 441),bridge,exclude,manual-hldocs,2026-07-17,官方 docs 系统地址规则（0x20+index big-endian）确定性生成；公式经官方示例 index200→…c8 单测,,,,2026-07-17,2026-07-17,,
0x20000000000000000000000000000000000001ba,hyperliquid,HyperCore 系统转移地址: AZTEC (index 442),bridge,exclude,manual-hldocs,2026-07-17,官方 docs 系统地址规则（0x20+index big-endian）确定性生成；公式经官方示例 index200→…c8 单测,,,,2026-07-17,2026-07-17,,
0x20000000000000000000000000000000000001bb,hyperliquid,HyperCore 系统转移地址: UVIRT (index 443),bridge,exclude,manual-hldocs,2026-07-17,官方 docs 系统地址规则（0x20+index big-endian）确定性生成；公式经官方示例 index200→…c8 单测,,,,2026-07-17,2026-07-17,,
0x20000000000000000000000000000000000001bc,hyperliquid,HyperCore 系统转移地址: JUNO (index 444),bridge,exclude,manual-hldocs,2026-07-17,官方 docs 系统地址规则（0x20+index big-endian）确定性生成；公式经官方示例 index200→…c8 单测,,,,2026-07-17,2026-07-17,,
0x20000000000000000000000000000000000001bd,hyperliquid,HyperCore 系统转移地址: DIME (index 445),bridge,exclude,manual-hldocs,2026-07-17,官方 docs 系统地址规则（0x20+index big-endian）确定性生成；公式经官方示例 index200→…c8 单测,,,,2026-07-17,2026-07-17,,
0x20000000000000000000000000000000000001be,hyperliquid,HyperCore 系统转移地址: LMTS (index 446),bridge,exclude,manual-hldocs,2026-07-17,官方 docs 系统地址规则（0x20+index big-endian）确定性生成；公式经官方示例 index200→…c8 单测,,,,2026-07-17,2026-07-17,,
0x20000000000000000000000000000000000001bf,hyperliquid,HyperCore 系统转移地址: RIVER (index 447),bridge,exclude,manual-hldocs,2026-07-17,官方 docs 系统地址规则（0x20+index big-endian）确定性生成；公式经官方示例 index200→…c8 单测,,,,2026-07-17,2026-07-17,,
0x20000000000000000000000000000000000001c0,hyperliquid,HyperCore 系统转移地址: USDV (index 448),bridge,exclude,manual-hldocs,2026-07-17,官方 docs 系统地址规则（0x20+index big-endian）确定性生成；公式经官方示例 index200→…c8 单测,,,,2026-07-17,2026-07-17,,
0x20000000000000000000000000000000000001c1,hyperliquid,HyperCore 系统转移地址: TAO1 (index 449),bridge,exclude,manual-hldocs,2026-07-17,官方 docs 系统地址规则（0x20+index big-endian）确定性生成；公式经官方示例 index200→…c8 单测,,,,2026-07-17,2026-07-17,,
0x20000000000000000000000000000000000001c2,hyperliquid,HyperCore 系统转移地址: LAMA (index 450),bridge,exclude,manual-hldocs,2026-07-17,官方 docs 系统地址规则（0x20+index big-endian）确定性生成；公式经官方示例 index200→…c8 单测,,,,2026-07-17,2026-07-17,,
0x20000000000000000000000000000000000001c3,hyperliquid,HyperCore 系统转移地址: UAVAX (index 451),bridge,exclude,manual-hldocs,2026-07-17,官方 docs 系统地址规则（0x20+index big-endian）确定性生成；公式经官方示例 index200→…c8 单测,,,,2026-07-17,2026-07-17,,
0x20000000000000000000000000000000000001c4,hyperliquid,HyperCore 系统转移地址: HTAO (index 452),bridge,exclude,manual-hldocs,2026-07-17,官方 docs 系统地址规则（0x20+index big-endian）确定性生成；公式经官方示例 index200→…c8 单测,,,,2026-07-17,2026-07-17,,
0x20000000000000000000000000000000000001c5,hyperliquid,HyperCore 系统转移地址: QQQM (index 453),bridge,exclude,manual-hldocs,2026-07-17,官方 docs 系统地址规则（0x20+index big-endian）确定性生成；公式经官方示例 index200→…c8 单测,,,,2026-07-17,2026-07-17,,
0x20000000000000000000000000000000000001c6,hyperliquid,HyperCore 系统转移地址: TRX1 (index 454),bridge,exclude,manual-hldocs,2026-07-17,官方 docs 系统地址规则（0x20+index big-endian）确定性生成；公式经官方示例 index200→…c8 单测,,,,2026-07-17,2026-07-17,,
0x20000000000000000000000000000000000001c7,hyperliquid,HyperCore 系统转移地址: CRX (index 455),bridge,exclude,manual-hldocs,2026-07-17,官方 docs 系统地址规则（0x20+index big-endian）确定性生成；公式经官方示例 index200→…c8 单测,,,,2026-07-17,2026-07-17,,
0x20000000000000000000000000000000000001c8,hyperliquid,HyperCore 系统转移地址: XAUM (index 456),bridge,exclude,manual-hldocs,2026-07-17,官方 docs 系统地址规则（0x20+index big-endian）确定性生成；公式经官方示例 index200→…c8 单测,,,,2026-07-17,2026-07-17,,
0x20000000000000000000000000000000000001c9,hyperliquid,HyperCore 系统转移地址: KITE (index 457),bridge,exclude,manual-hldocs,2026-07-17,官方 docs 系统地址规则（0x20+index big-endian）确定性生成；公式经官方示例 index200→…c8 单测,,,,2026-07-17,2026-07-17,,
0x20000000000000000000000000000000000001de,hyperliquid,HyperCore 系统转移地址: FUNT (index 478),bridge,exclude,manual-hldocs,2026-07-17,官方 docs 系统地址规则（0x20+index big-endian）确定性生成；公式经官方示例 index200→…c8 单测,,,,2026-07-17,2026-07-17,,
0x20000000000000000000000000000000000001df,hyperliquid,HyperCore 系统转移地址: WARS (index 479),bridge,exclude,manual-hldocs,2026-07-17,官方 docs 系统地址规则（0x20+index big-endian）确定性生成；公式经官方示例 index200→…c8 单测,,,,2026-07-17,2026-07-17,,
0x20000000000000000000000000000000000001e0,hyperliquid,HyperCore 系统转移地址: SPCX (index 480),bridge,exclude,manual-hldocs,2026-07-17,官方 docs 系统地址规则（0x20+index big-endian）确定性生成；公式经官方示例 index200→…c8 单测,,,,2026-07-17,2026-07-17,,
0x20000000000000000000000000000000000001e1,hyperliquid,HyperCore 系统转移地址: WBRL (index 481),bridge,exclude,manual-hldocs,2026-07-17,官方 docs 系统地址规则（0x20+index big-endian）确定性生成；公式经官方示例 index200→…c8 单测,,,,2026-07-17,2026-07-17,,
0x2000000000000000000000000000000000000200,hyperliquid,HyperCore 系统转移地址: TREAD (index 512),bridge,exclude,manual-hldocs,2026-07-17,官方 docs 系统地址规则（0x20+index big-endian）确定性生成；公式经官方示例 index200→…c8 单测,,,,2026-07-17,2026-07-17,,
0x2000000000000000000000000000000000000201,hyperliquid,HyperCore 系统转移地址: ONEAR (index 513),bridge,exclude,manual-hldocs,2026-07-17,官方 docs 系统地址规则（0x20+index big-endian）确定性生成；公式经官方示例 index200→…c8 单测,,,,2026-07-17,2026-07-17,,
0x2000000000000000000000000000000000000262,hyperliquid,HyperCore 系统转移地址: SPCXD (index 610),bridge,exclude,manual-hldocs,2026-07-17,官方 docs 系统地址规则（0x20+index big-endian）确定性生成；公式经官方示例 index200→…c8 单测,,,,2026-07-17,2026-07-17,,
0x2000000000000000000000000000000000000281,hyperliquid,HyperCore 系统转移地址: MGW (index 641),bridge,exclude,manual-hldocs,2026-07-17,官方 docs 系统地址规则（0x20+index big-endian）确定性生成；公式经官方示例 index200→…c8 单测,,,,2026-07-17,2026-07-17,,
0x20000000000000000000000000000000000002de,hyperliquid,HyperCore 系统转移地址: MAX (index 734),bridge,exclude,manual-hldocs,2026-07-17,官方 docs 系统地址规则（0x20+index big-endian）确定性生成；公式经官方示例 index200→…c8 单测,,,,2026-07-17,2026-07-17,,
0x2000000000000000000000000000000000000349,hyperliquid,HyperCore 系统转移地址: PRL (index 841),bridge,exclude,manual-hldocs,2026-07-17,官方 docs 系统地址规则（0x20+index big-endian）确定性生成；公式经官方示例 index200→…c8 单测,,,,2026-07-17,2026-07-17,,
0x200000000000000000000000000000000000034a,hyperliquid,HyperCore 系统转移地址: HNIL (index 842),bridge,exclude,manual-hldocs,2026-07-17,官方 docs 系统地址规则（0x20+index big-endian）确定性生成；公式经官方示例 index200→…c8 单测,,,,2026-07-17,2026-07-17,,
0x200000000000000000000000000000000000034b,hyperliquid,HyperCore 系统转移地址: DRV (index 843),bridge,exclude,manual-hldocs,2026-07-17,官方 docs 系统地址规则（0x20+index big-endian）确定性生成；公式经官方示例 index200→…c8 单测,,,,2026-07-17,2026-07-17,,
0x200000000000000000000000000000000000034c,hyperliquid,HyperCore 系统转移地址: UANSEM (index 844),bridge,exclude,manual-hldocs,2026-07-17,官方 docs 系统地址规则（0x20+index big-endian）确定性生成；公式经官方示例 index200→…c8 单测,,,,2026-07-17,2026-07-17,,
0x200000000000000000000000000000000000034d,hyperliquid,HyperCore 系统转移地址: NVDAX (index 845),bridge,exclude,manual-hldocs,2026-07-17,官方 docs 系统地址规则（0x20+index big-endian）确定性生成；公式经官方示例 index200→…c8 单测,,,,2026-07-17,2026-07-17,,
0x2222222222222222222222222222222222222222,hyperliquid,HYPE 系统转移地址（HyperCore↔HyperEVM 官方桥）,bridge,exclude,manual-hldocs,2026-07-17,官方 docs：HYPE system address 例外规则；rpc getCode 非空亲验 2026-07-17,,,,2026-07-17,2026-07-17,,
0x3333333333333333333333333333333333333333,hyperliquid,CoreWriter（HyperEVM→HyperCore 动作系统合约）,infra,exclude,manual-hldocs,2026-07-17,官方 docs Interacting with HyperCore 原文地址（2026-07-17 亲验）,,,,2026-07-17,2026-07-17,,
0x5555555555555555555555555555555555555555,hyperliquid,WHYPE（HyperEVM 包装 HYPE）,token-contract,exclude,manual-rpc,2026-07-17,rpc.hyperliquid.xyz/evm getCode 非空 + symbol()=WHYPE 亲验 2026-07-17,,,,2026-07-17,2026-07-17,,
