address,chain,name,category,tier,source,added_date,evidence,risk_flags,merge_policy,balance_policy,source_snapshot_at,verified_at,status,raw_labels
0x07fa79c3b8068b715b88553f6242dfb53c03249a,base,惯犯庄家（PING案·狙击集团）,serial-actor,identity,serial-offenders,2026-07-26,PING分析 appendix whale_group「狙击集团」,serial-offender,,,2026-07-17,2026-07-26,,
0x57cff09ea485ee9863c95a1f13bee9c8f481aeee,base,惯犯庄家（jesse案·狙击集团#5）,serial-actor,identity,serial-offenders,2026-07-26,jesse appendix whale_group「狙击集团#5」,serial-offender,,,2026-07-18,2026-07-26,,
0x625c271188742191a33f9aa48ecbe3d653e74150,base,惯犯庄家（jesse案·狙击集团#2）,serial-actor,identity,serial-offenders,2026-07-26,jesse appendix whale_group「狙击集团#2」,serial-offender,,,2026-07-18,2026-07-26,,
0x7b229dfab5dc7de384ac3cdf0c7efca961fc15de,base,惯犯庄家（jesse案·狙击集团#3）,serial-actor,identity,serial-offenders,2026-07-26,jesse appendix whale_group「狙击集团#3」,serial-offender,,,2026-07-18,2026-07-26,,
0x7d67c78efbbf7af121880739d7de86834001070d,base,惯犯庄家（PING案·小庄#1）,serial-actor,identity,serial-offenders,2026-07-26,PING分析 appendix whale_group「小庄#1」,serial-offender,,,2026-07-17,2026-07-26,,
0x7e9be88baefc5d6b7d56370f5703045a1247c695,base,惯犯庄家（PING案·小庄#1）,serial-actor,identity,serial-offenders,2026-07-26,PING分析 appendix whale_group「小庄#1」,serial-offender,,,2026-07-17,2026-07-26,,
0x7f24d29a29649f76773389e11c9b40afa37d9eed,base,惯犯庄家（jesse案·狙击集团#3）,serial-actor,identity,serial-offenders,2026-07-26,jesse appendix whale_group「狙击集团#3」,serial-offender,,,2026-07-18,2026-07-26,,
0x8466f2aa896b1c0ef34a7aeb93f78bfc2e80dfdd,base,惯犯庄家（jesse案·狙击集团#4）,serial-actor,identity,serial-offenders,2026-07-26,jesse appendix whale_group「狙击集团#4」,serial-offender,,,2026-07-18,2026-07-26,,
0x9572cbe40ff2ed3dd1a4c0fa1c4a89bae0decccb,base,惯犯庄家（jesse案·狙击集团#2）,serial-actor,identity,serial-offenders,2026-07-26,jesse appendix whale_group「狙击集团#2」,serial-offender,,,2026-07-18,2026-07-26,,
0x9f59fa05a4ad952ba90b101555fb5e2709c9d8bb,base,惯犯庄家（jesse案·狙击集团#1）,serial-actor,identity,serial-offenders,2026-07-26,jesse appendix whale_group「狙击集团#1」,serial-offender,,,2026-07-18,2026-07-26,,
0xac01842418c29e0041e17d179bafda759af9c3eb,base,惯犯庄家（jesse案·狙击集团#5）,serial-actor,identity,serial-offenders,2026-07-26,jesse appendix whale_group「狙击集团#5」,serial-offender,,,2026-07-18,2026-07-26,,
0xb1023928d0a4e2cada021574c7da5d390ae82251,base,惯犯庄家（jesse案·狙击集团#2）,serial-actor,identity,serial-offenders,2026-07-26,jesse appendix whale_group「狙击集团#2」,serial-offender,,,2026-07-18,2026-07-26,,
0xb10caf05b0a7677061dcb4cbcfb70c8508519023,base,惯犯庄家（jesse案·狙击集团#4）,serial-actor,identity,serial-offenders,2026-07-26,jesse appendix whale_group「狙击集团#4」,serial-offender,,,2026-07-18,2026-07-26,,
0xb416b68b317fb4dac6fc36b1c52e5efdf0610b91,base,惯犯庄家（jesse案·狙击集团#5）,serial-actor,identity,serial-offenders,2026-07-26,jesse appendix whale_group「狙击集团#5」,serial-offender,,,2026-07-18,2026-07-26,,
0xeee3d4a14759e91af3f95011e3840fd7f6f88dcb,base,惯犯庄家（jesse案·狙击集团#4）,serial-actor,identity,serial-offenders,2026-07-26,jesse appendix whale_group「狙击集团#4」,serial-offender,,,2026-07-18,2026-07-26,,
0xf6e39aa00ab607bd48cd82e77a91ed7c27d35745,base,惯犯庄家（jesse案·狙击集团#5）,serial-actor,identity,serial-offenders,2026-07-26,jesse appendix whale_group「狙击集团#5」,serial-offender,,,2026-07-18,2026-07-26,,
0xf7e6a4f99118f5c0bb67fe0fc631dbe944dcf197,base,惯犯庄家（jesse案·狙击集团#5）,serial-actor,identity,serial-offenders,2026-07-26,jesse appendix whale_group「狙击集团#5」,serial-offender,,,2026-07-18,2026-07-26,,
0x0060fabcb822a85ba5db8fbfb91b8d1c73c72253,bsc,惯犯庄家（SIREN案·离场庄#1·核心链）,serial-actor,identity,serial-offenders,2026-07-26,SIREN分析2026-07-19 appendix whale_group「离场庄#1·核心链」,serial-offender,,,2026-07-19,2026-07-26,,
0x008c4349aff924ace15967f6a2ae30e6b816a186,bsc,惯犯庄家（SIREN案·离场庄#1·核心链）,serial-actor,identity,serial-offenders,2026-07-26,SIREN分析2026-07-19 appendix whale_group「离场庄#1·核心链」,serial-offender,,,2026-07-19,2026-07-26,,
0x00ef4a342ce54df858af54299074c14b52dbb5a9,bsc,惯犯庄家（SIREN案·离场庄#1·核心链）,serial-actor,identity,serial-offenders,2026-07-26,SIREN分析2026-07-19 appendix whale_group「离场庄#1·核心链」,serial-offender,,,2026-07-19,2026-07-26,,
0x00f29e92ce7d93a10a5ec097fedf0c52d17e277d,bsc,惯犯庄家（SIREN案·离场庄#1·核心链）,serial-actor,identity,serial-offenders,2026-07-26,SIREN分析2026-07-19 appendix whale_group「离场庄#1·核心链」,serial-offender,,,2026-07-19,2026-07-26,,
0x013280327f9261f11fc0ff40c50374333fb55508,bsc,惯犯庄家（SIREN案·离场庄#1·核心链）,serial-actor,identity,serial-offenders,2026-07-26,SIREN分析2026-07-19 appendix whale_group「离场庄#1·核心链」,serial-offender,,,2026-07-19,2026-07-26,,
0x01351906fece911fb75c1128b766e123ad83bfc3,bsc,惯犯庄家（SIREN案·离场庄#1·核心链）,serial-actor,identity,serial-offenders,2026-07-26,SIREN分析2026-07-19 appendix whale_group「离场庄#1·核心链」,serial-offender,,,2026-07-19,2026-07-26,,
0x014161dba23dbc8dc978efabab19dbe47b187482,bsc,惯犯庄家（B案·小庄#1）,serial-actor,identity,serial-offenders,2026-07-26,BUILD分析 appendix whale_group「小庄#1」,serial-offender,,,2026-07-25,2026-07-26,,
0x015cf312e457a9e3c4ec8654749aa7cb0242611a,bsc,惯犯庄家（QUQ案·大庄#1(strict四址EOA接力库存核心)）,serial-actor,identity,serial-offenders,2026-07-26,QUQ分析 appendix whale_group「大庄#1(strict四址EOA接力库存核心)」,serial-offender,,,2026-07-22,2026-07-26,,
0x01758290ba77ba04bd2b5e806ac4338af072d246,bsc,惯犯庄家（SIREN案·离场庄#1·核心链）,serial-actor,identity,serial-offenders,2026-07-26,SIREN分析2026-07-19 appendix whale_group「离场庄#1·核心链」,serial-offender,,,2026-07-19,2026-07-26,,
0x01788a10434b79272cc2aba1ab825411561df508,bsc,惯犯庄家（B案·小庄#1）,serial-actor,identity,serial-offenders,2026-07-26,BUILD分析 appendix whale_group「小庄#1」,serial-offender,,,2026-07-25,2026-07-26,,
0x01a3787bcfa8cd7a207e9c986fa61c2d239b4e6b,bsc,惯犯庄家（SIREN案·离场庄#1·核心链）,serial-actor,identity,serial-offenders,2026-07-26,SIREN分析2026-07-19 appendix whale_group「离场庄#1·核心链」,serial-offender,,,2026-07-19,2026-07-26,,
0x01e30c72ac7b87c76d15e2fe7d5f6f4568ec5917,bsc,惯犯庄家（B案·小庄#1）,serial-actor,identity,serial-offenders,2026-07-26,BUILD分析 appendix whale_group「小庄#1」,serial-offender,,,2026-07-25,2026-07-26,,
0x023228fd49067cfed885ecbf94c80b258f787164,bsc,惯犯庄家（SIREN案·离场庄#1·核心链）,serial-actor,identity,serial-offenders,2026-07-26,SIREN分析2026-07-19 appendix whale_group「离场庄#1·核心链」,serial-offender,,,2026-07-19,2026-07-26,,
0x023c68ecff168e403417cea5fec8f0e2dd61ab9b,bsc,惯犯庄家（SIREN案·离场庄#1·核心链）,serial-actor,identity,serial-offenders,2026-07-26,SIREN分析2026-07-19 appendix whale_group「离场庄#1·核心链」,serial-offender,,,2026-07-19,2026-07-26,,
0x026da4ac4c9e3b323ed1e093deda969aff05d081,bsc,惯犯庄家（B案·小庄#1）,serial-actor,identity,serial-offenders,2026-07-26,BUILD分析 appendix whale_group「小庄#1」,serial-offender,,,2026-07-25,2026-07-26,,
0x02785f89d3c2e292cf77f0af5a7fb62e509a4af9,bsc,惯犯庄家（SIREN案·离场庄#1·核心链）,serial-actor,identity,serial-offenders,2026-07-26,SIREN分析2026-07-19 appendix whale_group「离场庄#1·核心链」,serial-offender,,,2026-07-19,2026-07-26,,
0x0289b84fdd1ea70c50924441c0d91d822639151b,bsc,惯犯庄家（BANANAS31案·小庄S·Bitget库存循环体系）,serial-actor,identity,serial-offenders,2026-07-26,BANANAS31分析 appendix whale_group「小庄S·Bitget库存循环体系」,serial-offender,,,2026-07-22,2026-07-26,,
0x02a00d01137ec1deb1e8b0ff075a26669ef38d4d,bsc,惯犯庄家（SIREN案·离场庄#1·核心链）,serial-actor,identity,serial-offenders,2026-07-26,SIREN分析2026-07-19 appendix whale_group「离场庄#1·核心链」,serial-offender,,,2026-07-19,2026-07-26,,
0x02b593135c8069b00cb17ce90ab386f6c046e4b2,bsc,惯犯庄家（B案·小庄#1）,serial-actor,identity,serial-offenders,2026-07-26,BUILD分析 appendix whale_group「小庄#1」,serial-offender,,,2026-07-25,2026-07-26,,
0x034c264af050e1dddb9a720b267b049e95a873dc,bsc,惯犯庄家（SIREN案·离场庄#1·核心链）,serial-actor,identity,serial-offenders,2026-07-26,SIREN分析2026-07-19 appendix whale_group「离场庄#1·核心链」,serial-offender,,,2026-07-19,2026-07-26,,
0x038601813b8e4df4912952158a26cabf6e68ad61,bsc,惯犯庄家（BANANAS31案·小庄S·Bitget库存循环体系）,serial-actor,identity,serial-offenders,2026-07-26,BANANAS31分析 appendix whale_group「小庄S·Bitget库存循环体系」,serial-offender,,,2026-07-22,2026-07-26,,
0x039bb3a84ca841c0dffc62024b5e6dadc55973d8,bsc,惯犯庄家（SIREN案·离场庄#1·核心链）,serial-actor,identity,serial-offenders,2026-07-26,SIREN分析2026-07-19 appendix whale_group「离场庄#1·核心链」,serial-offender,,,2026-07-19,2026-07-26,,
0x03b053dd1b61775dc5715a0028d4e5e5f7b530bd,bsc,惯犯庄家（B案·小庄#1）,serial-actor,identity,serial-offenders,2026-07-26,BUILD分析 appendix whale_group「小庄#1」,serial-offender,,,2026-07-25,2026-07-26,,
0x03d04e6c95d25e816c089355d2d6814cf2fa5b27,bsc,惯犯庄家（B案·小庄#1）,serial-actor,identity,serial-offenders,2026-07-26,BUILD分析 appendix whale_group「小庄#1」,serial-offender,,,2026-07-25,2026-07-26,,
0x03f8126d28674090ded14202e36b362f6310d60e,bsc,惯犯庄家（B案·小庄#1）,serial-actor,identity,serial-offenders,2026-07-26,BUILD分析 appendix whale_group「小庄#1」,serial-offender,,,2026-07-25,2026-07-26,,
0x040192e918aa99dbf1d66407708eb0dd13acc503,bsc,惯犯庄家（BANANAS31案·小庄S·Bitget库存循环体系）,serial-actor,identity,serial-offenders,2026-07-26,BANANAS31分析 appendix whale_group「小庄S·Bitget库存循环体系」,serial-offender,,,2026-07-22,2026-07-26,,
0x0426216ea097083091300f59385ee533636266ae,bsc,惯犯庄家（SIREN案·离场庄#1·核心链）,serial-actor,identity,serial-offenders,2026-07-26,SIREN分析2026-07-19 appendix whale_group「离场庄#1·核心链」,serial-offender,,,2026-07-19,2026-07-26,,
0x044f09b39a38482089d50f555f388bd91481dc71,bsc,惯犯庄家（SIREN案·离场庄#1·核心链）,serial-actor,identity,serial-offenders,2026-07-26,SIREN分析2026-07-19 appendix whale_group「离场庄#1·核心链」,serial-offender,,,2026-07-19,2026-07-26,,
0x046d5d7243c2fb0190d262f961a35163d37af7d9,bsc,惯犯庄家（SIREN案·离场庄#1·核心链）,serial-actor,identity,serial-offenders,2026-07-26,SIREN分析2026-07-19 appendix whale_group「离场庄#1·核心链」,serial-offender,,,2026-07-19,2026-07-26,,
0x0476e1521286b3452a7806a40f3473ed65ab0f28,bsc,惯犯庄家（SIREN案·离场庄#1·核心链）,serial-actor,identity,serial-offenders,2026-07-26,SIREN分析2026-07-19 appendix whale_group「离场庄#1·核心链」,serial-offender,,,2026-07-19,2026-07-26,,
0x04a750aa946016538d9fd8b6c1f07a40141f3979,bsc,惯犯庄家（B案·小庄#1）,serial-actor,identity,serial-offenders,2026-07-26,BUILD分析 appendix whale_group「小庄#1」,serial-offender,,,2026-07-25,2026-07-26,,
0x04a76c4df69e21cf61a96c6ac2a6fa1881173502,bsc,"惯犯庄家（BANANAS31案·狙击集团(已离场,残尾仓)）",serial-actor,identity,serial-offenders,2026-07-26,"BANANAS31分析 appendix whale_group「狙击集团(已离场,残尾仓)」",serial-offender,,,2026-07-22,2026-07-26,,
0x04a8b9ec62121e95a3d3fb91e7a3a33b7b265b0a,bsc,惯犯庄家（SIREN案·离场庄#1·核心链）,serial-actor,identity,serial-offenders,2026-07-26,SIREN分析2026-07-19 appendix whale_group「离场庄#1·核心链」,serial-offender,,,2026-07-19,2026-07-26,,
0x04bae8f15e114cefabb34dce1ed63c30787c26dd,bsc,惯犯庄家（SIREN案·离场庄#1·核心链）,serial-actor,identity,serial-offenders,2026-07-26,SIREN分析2026-07-19 appendix whale_group「离场庄#1·核心链」,serial-offender,,,2026-07-19,2026-07-26,,
0x04dcb7f98f77802d7910a3cd0e87094696df9d45,bsc,惯犯庄家（BANANAS31案·小庄S·Bitget库存循环体系）,serial-actor,identity,serial-offenders,2026-07-26,BANANAS31分析 appendix whale_group「小庄S·Bitget库存循环体系」,serial-offender,,,2026-07-22,2026-07-26,,
0x04f3854a71c86d67eca568c19ece6cfd49d28714,bsc,惯犯庄家（B案·小庄#1）,serial-actor,identity,serial-offenders,2026-07-26,BUILD分析 appendix whale_group「小庄#1」,serial-offender,,,2026-07-25,2026-07-26,,
0x04fd953a924497f984df1755d11df3001db2953e,bsc,惯犯庄家（B案·小庄#1）,serial-actor,identity,serial-offenders,2026-07-26,BUILD分析 appendix whale_group「小庄#1」,serial-offender,,,2026-07-25,2026-07-26,,
0x05271c8f78b09e755ca724bc2b35482202055684,bsc,惯犯庄家（SIREN案·离场庄#1·扩展与静置仓网）,serial-actor,identity,serial-offenders,2026-07-26,SIREN分析2026-07-19 appendix whale_group「离场庄#1·扩展与静置仓网」,serial-offender,,,2026-07-19,2026-07-26,,
0x05673f426b9724d962309b0b003803b758987fc4,bsc,惯犯庄家（SIREN案·离场庄#1·核心链）,serial-actor,identity,serial-offenders,2026-07-26,SIREN分析2026-07-19 appendix whale_group「离场庄#1·核心链」,serial-offender,,,2026-07-19,2026-07-26,,
0x0567491f0bd04f37374ef4e36722c77ca37e6bbc,bsc,惯犯庄家（B案·小庄#1）,serial-actor,identity,serial-offenders,2026-07-26,BUILD分析 appendix whale_group「小庄#1」,serial-offender,,,2026-07-25,2026-07-26,,
0x0572a396b1e41d310afd3f4ff49a8216797164d7,bsc,惯犯庄家（SIREN案·离场庄#1·核心链）,serial-actor,identity,serial-offenders,2026-07-26,SIREN分析2026-07-19 appendix whale_group「离场庄#1·核心链」,serial-offender,,,2026-07-19,2026-07-26,,
0x058f5a74d3bdcdf382af60ca92b5e9f3605ad12e,bsc,惯犯庄家（B案·小庄#1）,serial-actor,identity,serial-offenders,2026-07-26,BUILD分析 appendix whale_group「小庄#1」,serial-offender,,,2026-07-25,2026-07-26,,
0x05ac65aad0850a93e529e08feab6449b7547936c,bsc,惯犯庄家（SIREN案·离场庄#1·核心链）,serial-actor,identity,serial-offenders,2026-07-26,SIREN分析2026-07-19 appendix whale_group「离场庄#1·核心链」,serial-offender,,,2026-07-19,2026-07-26,,
0x05f04a08df246ce66d04b718c343f7190fe0848c,bsc,惯犯庄家（哈基米案·项目方(dev工作室)）,serial-actor,identity,serial-offenders,2026-07-26,哈基米分析 appendix whale_group「项目方(dev工作室)」,serial-offender,,,2026-07-18,2026-07-26,,
0x05fc21f671266637f1571ee221a96701ffa15d30,bsc,惯犯庄家（B案·小庄#1）,serial-actor,identity,serial-offenders,2026-07-26,BUILD分析 appendix whale_group「小庄#1」,serial-offender,,,2026-07-25,2026-07-26,,
0x06497624fed2775add5c1b1cf2450c15d3fdcb5e,bsc,惯犯庄家（B案·小庄#1）,serial-actor,identity,serial-offenders,2026-07-26,BUILD分析 appendix whale_group「小庄#1」,serial-offender,,,2026-07-25,2026-07-26,,
0x064e6217df49b18d6492c9cdbbff9857e9731316,bsc,惯犯庄家（SIREN案·离场庄#1·核心链）,serial-actor,identity,serial-offenders,2026-07-26,SIREN分析2026-07-19 appendix whale_group「离场庄#1·核心链」,serial-offender,,,2026-07-19,2026-07-26,,
0x0667668659d1f434e347e60538c3414c94fabda2,bsc,惯犯庄家（B案·小庄#1）,serial-actor,identity,serial-offenders,2026-07-26,BUILD分析 appendix whale_group「小庄#1」,serial-offender,,,2026-07-25,2026-07-26,,
0x069031009be02d36cd9716308b4418d576989053,bsc,惯犯庄家（SIREN案·离场庄#1·核心链）,serial-actor,identity,serial-offenders,2026-07-26,SIREN分析2026-07-19 appendix whale_group「离场庄#1·核心链」,serial-offender,,,2026-07-19,2026-07-26,,
0x06a53728fdf58a3638779cc849141391c5d7bee2,bsc,惯犯庄家（SIREN案·离场庄#1·核心链）,serial-actor,identity,serial-offenders,2026-07-26,SIREN分析2026-07-19 appendix whale_group「离场庄#1·核心链」,serial-offender,,,2026-07-19,2026-07-26,,
0x06e353bf5c434df5d56d5e258368e799f86c328d,bsc,惯犯庄家（B案·小庄#1）,serial-actor,identity,serial-offenders,2026-07-26,BUILD分析 appendix whale_group「小庄#1」,serial-offender,,,2026-07-25,2026-07-26,,
0x07093194a963a68e436413cd4d8c5406c990fad4,bsc,惯犯庄家（SIREN案·离场庄#1·核心链）,serial-actor,identity,serial-offenders,2026-07-26,SIREN分析2026-07-19 appendix whale_group「离场庄#1·核心链」,serial-offender,,,2026-07-19,2026-07-26,,
0x0745b5618757984ddb4202c1ac0a7575bbaca8fe,bsc,惯犯庄家（SIREN案·离场庄#1·核心链）,serial-actor,identity,serial-offenders,2026-07-26,SIREN分析2026-07-19 appendix whale_group「离场庄#1·核心链」,serial-offender,,,2026-07-19,2026-07-26,,
0x078ae03df6d0e5084c98ae17a800ccb86f988f32,bsc,惯犯庄家（SIREN案·离场庄#1·核心链）,serial-actor,identity,serial-offenders,2026-07-26,SIREN分析2026-07-19 appendix whale_group「离场庄#1·核心链」,serial-offender,,,2026-07-19,2026-07-26,,
0x07bb7a4ffa58b230e64514875af681f8ae75935e,bsc,惯犯庄家（SIREN案·离场庄#1·核心链）,serial-actor,identity,serial-offenders,2026-07-26,SIREN分析2026-07-19 appendix whale_group「离场庄#1·核心链」,serial-offender,,,2026-07-19,2026-07-26,,
0x07fadce81c0236941ded8f844bf1efe0e186523e,bsc,惯犯庄家（B案·小庄#1）,serial-actor,identity,serial-offenders,2026-07-26,BUILD分析 appendix whale_group「小庄#1」,serial-offender,,,2026-07-25,2026-07-26,,
0x083469cfdfe35df143cef6d553a92e189190708a,bsc,惯犯庄家（SIREN案·离场庄#1·核心链）,serial-actor,identity,serial-offenders,2026-07-26,SIREN分析2026-07-19 appendix whale_group「离场庄#1·核心链」,serial-offender,,,2026-07-19,2026-07-26,,
0x0858cae71e57ce9edd21f2c513acac33df27496b,bsc,惯犯庄家（B案·小庄#1）,serial-actor,identity,serial-offenders,2026-07-26,BUILD分析 appendix whale_group「小庄#1」,serial-offender,,,2026-07-25,2026-07-26,,
0x08635aa28e1be0af240fdeecf0fac0c4edc52ebe,bsc,惯犯庄家（SIREN案·离场庄#1·核心链）,serial-actor,identity,serial-offenders,2026-07-26,SIREN分析2026-07-19 appendix whale_group「离场庄#1·核心链」,serial-offender,,,2026-07-19,2026-07-26,,
0x08787107ea4211fc20ee33c154af6d688a283889,bsc,惯犯庄家（SIREN案·离场庄#1·核心链）,serial-actor,identity,serial-offenders,2026-07-26,SIREN分析2026-07-19 appendix whale_group「离场庄#1·核心链」,serial-offender,,,2026-07-19,2026-07-26,,
0x087ad1af5942891cc3f7b2aa456fca873924748c,bsc,惯犯庄家（B案·小庄#1）,serial-actor,identity,serial-offenders,2026-07-26,BUILD分析 appendix whale_group「小庄#1」,serial-offender,,,2026-07-25,2026-07-26,,
0x08cdb309ea7ead0ae83ba8dece78467cbe981653,bsc,惯犯庄家（SIREN案·离场庄#1·核心链）,serial-actor,identity,serial-offenders,2026-07-26,SIREN分析2026-07-19 appendix whale_group「离场庄#1·核心链」,serial-offender,,,2026-07-19,2026-07-26,,
0x08e7347a1b06330b56b1bad3ffc3593bf2054c9e,bsc,惯犯庄家（SIREN案·离场庄#1·核心链）,serial-actor,identity,serial-offenders,2026-07-26,SIREN分析2026-07-19 appendix whale_group「离场庄#1·核心链」,serial-offender,,,2026-07-19,2026-07-26,,
0x09499c3a87763de533062f3390483e649adb2d35,bsc,惯犯庄家（SIREN案·离场庄#1·核心链）,serial-actor,identity,serial-offenders,2026-07-26,SIREN分析2026-07-19 appendix whale_group「离场庄#1·核心链」,serial-offender,,,2026-07-19,2026-07-26,,
0x094dab7d76f10cbf56d81fab939bd51f5837bb75,bsc,惯犯庄家（B案·小庄#1）,serial-actor,identity,serial-offenders,2026-07-26,BUILD分析 appendix whale_group「小庄#1」,serial-offender,,,2026-07-25,2026-07-26,,
0x0982ec6d02538e34f22010a78e3c61c35be16dfd,bsc,惯犯庄家（SIREN案·离场庄#1·核心链）,serial-actor,identity,serial-offenders,2026-07-26,SIREN分析2026-07-19 appendix whale_group「离场庄#1·核心链」,serial-offender,,,2026-07-19,2026-07-26,,
0x09836b2c050235c9dbc828d759b925efd650b380,bsc,惯犯庄家（SIREN案·离场庄#1·核心链）,serial-actor,identity,serial-offenders,2026-07-26,SIREN分析2026-07-19 appendix whale_group「离场庄#1·核心链」,serial-offender,,,2026-07-19,2026-07-26,,
0x0995e86e8b8898868dd0c596617f6868c4946350,bsc,惯犯庄家（SIREN案·离场庄#1·核心链）,serial-actor,identity,serial-offenders,2026-07-26,SIREN分析2026-07-19 appendix whale_group「离场庄#1·核心链」,serial-offender,,,2026-07-19,2026-07-26,,
0x09d9badd3e19d5ddd704fd34c5e09b23755c49ee,bsc,惯犯庄家（SIREN案·离场庄#1·核心链）,serial-actor,identity,serial-offenders,2026-07-26,SIREN分析2026-07-19 appendix whale_group「离场庄#1·核心链」,serial-offender,,,2026-07-19,2026-07-26,,
0x09fc7bed4e6ee1ea7a697480c1dc11b8e892b33e,bsc,惯犯庄家（SIREN案·离场庄#1·核心链）,serial-actor,identity,serial-offenders,2026-07-26,SIREN分析2026-07-19 appendix whale_group「离场庄#1·核心链」,serial-offender,,,2026-07-19,2026-07-26,,
0x0a1931130d1e636a7529fc98fe3e454ffa21b625,bsc,惯犯庄家（SIREN案·离场庄#1·核心链）,serial-actor,identity,serial-offenders,2026-07-26,SIREN分析2026-07-19 appendix whale_group「离场庄#1·核心链」,serial-offender,,,2026-07-19,2026-07-26,,
0x0a960739374ffb06772a4bb0d1ef96c5a8ae8e17,bsc,惯犯庄家（AKE案·小庄#2）,serial-actor,identity,serial-offenders,2026-07-26,AKE分析 appendix whale_group「小庄#2」,serial-offender,,,2026-07-19,2026-07-26,,
0x0afcaca98d1f6f4fcabee38ba46d704cee18c65d,bsc,惯犯庄家（B案·小庄#1）,serial-actor,identity,serial-offenders,2026-07-26,BUILD分析 appendix whale_group「小庄#1」,serial-offender,,,2026-07-25,2026-07-26,,
0x0b481511a2f2dd13c97a73b497221293763da4e5,bsc,惯犯庄家（B案·小庄#1）,serial-actor,identity,serial-offenders,2026-07-26,BUILD分析 appendix whale_group「小庄#1」,serial-offender,,,2026-07-25,2026-07-26,,
0x0b84f810d65e8a4971b76d8175fd6b8dfe2a9d6b,bsc,惯犯庄家（B案·小庄#1）,serial-actor,identity,serial-offenders,2026-07-26,BUILD分析 appendix whale_group「小庄#1」,serial-offender,,,2026-07-25,2026-07-26,,
0x0be71391503e0a396f18c13ab5431b7fc9d754b7,bsc,惯犯庄家（SIREN案·离场庄#1·核心链）,serial-actor,identity,serial-offenders,2026-07-26,SIREN分析2026-07-19 appendix whale_group「离场庄#1·核心链」,serial-offender,,,2026-07-19,2026-07-26,,
0x0bf185d16e4db772870ecf543266bcf6b18f7fea,bsc,惯犯庄家（SIREN案·离场庄#1·核心链）,serial-actor,identity,serial-offenders,2026-07-26,SIREN分析2026-07-19 appendix whale_group「离场庄#1·核心链」,serial-offender,,,2026-07-19,2026-07-26,,
0x0c219fbf36f75af19c9c1be83d07bd4b45998184,bsc,惯犯庄家（SIREN案·离场庄#1·核心链）,serial-actor,identity,serial-offenders,2026-07-26,SIREN分析2026-07-19 appendix whale_group「离场庄#1·核心链」,serial-offender,,,2026-07-19,2026-07-26,,
0x0c2991f60459af73ec0fd9f328596bd0543bc39c,bsc,惯犯庄家（SIREN案·离场庄#1·核心链）,serial-actor,identity,serial-offenders,2026-07-26,SIREN分析2026-07-19 appendix whale_group「离场庄#1·核心链」,serial-offender,,,2026-07-19,2026-07-26,,
0x0c29e668c0f8fee27c6d3b31ccd9f5777eefb275,bsc,惯犯庄家（B案·小庄#1）,serial-actor,identity,serial-offenders,2026-07-26,BUILD分析 appendix whale_group「小庄#1」,serial-offender,,,2026-07-25,2026-07-26,,
0x0c2f76321405d1a26a522cbedb3616829e74e11a,bsc,惯犯庄家（SIREN案·离场庄#1·核心链）,serial-actor,identity,serial-offenders,2026-07-26,SIREN分析2026-07-19 appendix whale_group「离场庄#1·核心链」,serial-offender,,,2026-07-19,2026-07-26,,
0x0c49f8d1cc82cb130ff833e35d791c2789f098a1,bsc,惯犯庄家（B案·小庄#1）,serial-actor,identity,serial-offenders,2026-07-26,BUILD分析 appendix whale_group「小庄#1」,serial-offender,,,2026-07-25,2026-07-26,,
0x0c5d3d8dc82d5d583457f1c68c7b5abcf3907390,bsc,惯犯庄家（B案·小庄#1）,serial-actor,identity,serial-offenders,2026-07-26,BUILD分析 appendix whale_group「小庄#1」,serial-offender,,,2026-07-25,2026-07-26,,
0x0c92643f601a8b5c46fc97f32d1e58bcd9306ebc,bsc,惯犯庄家（SIREN案·离场庄#1·核心链）,serial-actor,identity,serial-offenders,2026-07-26,SIREN分析2026-07-19 appendix whale_group「离场庄#1·核心链」,serial-offender,,,2026-07-19,2026-07-26,,
0x0c971258a4773ba5eac93055ed9a47f261f16dc1,bsc,惯犯庄家（SIREN案·离场庄#1·核心链）,serial-actor,identity,serial-offenders,2026-07-26,SIREN分析2026-07-19 appendix whale_group「离场庄#1·核心链」,serial-offender,,,2026-07-19,2026-07-26,,
0x0cae58a3fad7981347e22ff7fa643cd3c5dfa0c0,bsc,惯犯庄家（B案·小庄#1）,serial-actor,identity,serial-offenders,2026-07-26,BUILD分析 appendix whale_group「小庄#1」,serial-offender,,,2026-07-25,2026-07-26,,
0x0cc47fb4ac0cf5cfad13c4c0e3d9df6df46af1fc,bsc,惯犯庄家（SIREN案·离场庄#1·核心链）,serial-actor,identity,serial-offenders,2026-07-26,SIREN分析2026-07-19 appendix whale_group「离场庄#1·核心链」,serial-offender,,,2026-07-19,2026-07-26,,
0x0d69285f53116594ed3f9fa208e18b787cb40fd2,bsc,惯犯庄家（SIREN案·离场庄#1·核心链）,serial-actor,identity,serial-offenders,2026-07-26,SIREN分析2026-07-19 appendix whale_group「离场庄#1·核心链」,serial-offender,,,2026-07-19,2026-07-26,,
0x0dac8e2cb9d1f31d1922653a2c2665bc5ae4d05e,bsc,惯犯庄家（B案·小庄#1）,serial-actor,identity,serial-offenders,2026-07-26,BUILD分析 appendix whale_group「小庄#1」,serial-offender,,,2026-07-25,2026-07-26,,
0x0de416e12d739c5fa60045e1399a3d2876922498,bsc,惯犯庄家（SIREN案·离场庄#1·核心链）,serial-actor,identity,serial-offenders,2026-07-26,SIREN分析2026-07-19 appendix whale_group「离场庄#1·核心链」,serial-offender,,,2026-07-19,2026-07-26,,
0x0e1f6e3f6ebfc009c4d18399d5eec8ae2298d805,bsc,惯犯庄家（SIREN案·离场庄#1·核心链）,serial-actor,identity,serial-offenders,2026-07-26,SIREN分析2026-07-19 appendix whale_group「离场庄#1·核心链」,serial-offender,,,2026-07-19,2026-07-26,,
0x0e2af4eabbe78002c940e6959a662122f5a239f3,bsc,惯犯庄家（SIREN案·离场庄#1·核心链）,serial-actor,identity,serial-offenders,2026-07-26,SIREN分析2026-07-19 appendix whale_group「离场庄#1·核心链」,serial-offender,,,2026-07-19,2026-07-26,,
0x0e313c20c7d3284c63e3b3c8a20276173ed364c9,bsc,惯犯庄家（SIREN案·离场庄#1·核心链）,serial-actor,identity,serial-offenders,2026-07-26,SIREN分析2026-07-19 appendix whale_group「离场庄#1·核心链」,serial-offender,,,2026-07-19,2026-07-26,,
0x0e602a61ac0668f12d6957d43147c577ae53bdc0,bsc,惯犯庄家（B案·小庄#1）,serial-actor,identity,serial-offenders,2026-07-26,BUILD分析 appendix whale_group「小庄#1」,serial-offender,,,2026-07-25,2026-07-26,,
0x0e94b5d5e823837131eeb31dd4671293a2e2f0cd,bsc,惯犯庄家（B案·小庄#1）,serial-actor,identity,serial-offenders,2026-07-26,BUILD分析 appendix whale_group「小庄#1」,serial-offender,,,2026-07-25,2026-07-26,,
0x0ec9c6628090b13fce065f4b6eff4835a299e079,bsc,惯犯庄家（B案·小庄#1）,serial-actor,identity,serial-offenders,2026-07-26,BUILD分析 appendix whale_group「小庄#1」,serial-offender,,,2026-07-25,2026-07-26,,
0x0efa276138f85ca4132e26b20171fc3adcbb7146,bsc,惯犯庄家（SIREN案·离场庄#1·核心链）,serial-actor,identity,serial-offenders,2026-07-26,SIREN分析2026-07-19 appendix whale_group「离场庄#1·核心链」,serial-offender,,,2026-07-19,2026-07-26,,
0x0efe91a1e42efc70baac4dcdd968891670a94394,bsc,惯犯庄家（SIREN案·离场庄#1·核心链）,serial-actor,identity,serial-offenders,2026-07-26,SIREN分析2026-07-19 appendix whale_group「离场庄#1·核心链」,serial-offender,,,2026-07-19,2026-07-26,,
0x0f4b899c90ebec639e262a9efe3469c9dd919908,bsc,惯犯庄家（SIREN案·离场庄#1·核心链）,serial-actor,identity,serial-offenders,2026-07-26,SIREN分析2026-07-19 appendix whale_group「离场庄#1·核心链」,serial-offender,,,2026-07-19,2026-07-26,,
0x0f68b881e05c61dc730cc2997a73b2112deb34a6,bsc,惯犯庄家（SIREN案·离场庄#1·核心链）,serial-actor,identity,serial-offenders,2026-07-26,SIREN分析2026-07-19 appendix whale_group「离场庄#1·核心链」,serial-offender,,,2026-07-19,2026-07-26,,
0x0f72fb132091c71838ee0f2ce30087620971661c,bsc,惯犯庄家（SIREN案·离场庄#1·核心链）,serial-actor,identity,serial-offenders,2026-07-26,SIREN分析2026-07-19 appendix whale_group「离场庄#1·核心链」,serial-offender,,,2026-07-19,2026-07-26,,
0x0f7faccdb72bbf2eea209696eeb067ddb53b43c0,bsc,惯犯庄家（SIREN案·离场庄#1·核心链）,serial-actor,identity,serial-offenders,2026-07-26,SIREN分析2026-07-19 appendix whale_group「离场庄#1·核心链」,serial-offender,,,2026-07-19,2026-07-26,,
0x0f90ff9247ffab0887e12812564f60bdce34b697,bsc,惯犯庄家（SIREN案·离场庄#1·核心链）,serial-actor,identity,serial-offenders,2026-07-26,SIREN分析2026-07-19 appendix whale_group「离场庄#1·核心链」,serial-offender,,,2026-07-19,2026-07-26,,
0x0faaef2b0afd93d264692bace1cf29b8c1a65212,bsc,惯犯庄家（B案·小庄#1）,serial-actor,identity,serial-offenders,2026-07-26,BUILD分析 appendix whale_group「小庄#1」,serial-offender,,,2026-07-25,2026-07-26,,
0x0fae7d2e4a13a34bd84ca40e1f3637e07284ecb0,bsc,惯犯庄家（B案·小庄#1）,serial-actor,identity,serial-offenders,2026-07-26,BUILD分析 appendix whale_group「小庄#1」,serial-offender,,,2026-07-25,2026-07-26,,
0x0fcc3eeaf7d71e5e42b1d27cae7d894fe0a6e3e4,bsc,惯犯庄家（SIREN案·离场庄#1·核心链）,serial-actor,identity,serial-offenders,2026-07-26,SIREN分析2026-07-19 appendix whale_group「离场庄#1·核心链」,serial-offender,,,2026-07-19,2026-07-26,,
0x0fea5faa0cb4a1892178c7d0eeb0c7d09aebcdbf,bsc,惯犯庄家（SIREN案·离场庄#1·核心链）,serial-actor,identity,serial-offenders,2026-07-26,SIREN分析2026-07-19 appendix whale_group「离场庄#1·核心链」,serial-offender,,,2026-07-19,2026-07-26,,
0x1019fbe34dc10179c92f0d0c37578a588548d269,bsc,惯犯庄家（SIREN案·离场庄#1·核心链）,serial-actor,identity,serial-offenders,2026-07-26,SIREN分析2026-07-19 appendix whale_group「离场庄#1·核心链」,serial-offender,,,2026-07-19,2026-07-26,,
0x1067ebc7f5595517aefaae31b29b92306a7b38c2,bsc,惯犯庄家（SIREN案·离场庄#1·核心链）,serial-actor,identity,serial-offenders,2026-07-26,SIREN分析2026-07-19 appendix whale_group「离场庄#1·核心链」,serial-offender,,,2026-07-19,2026-07-26,,
0x1094782be3d8e19faef85750b58a4661fbdbba3b,bsc,惯犯庄家（SIREN案·离场庄#1·核心链）,serial-actor,identity,serial-offenders,2026-07-26,SIREN分析2026-07-19 appendix whale_group「离场庄#1·核心链」,serial-offender,,,2026-07-19,2026-07-26,,
0x109f65d39111b330bc8ea3a8b99d4b00232a90aa,bsc,惯犯庄家（SIREN案·离场庄#1·扩展与静置仓网）,serial-actor,identity,serial-offenders,2026-07-26,SIREN分析2026-07-19 appendix whale_group「离场庄#1·扩展与静置仓网」,serial-offender,,,2026-07-19,2026-07-26,,
0x10b276962c55cf21f396a656c610e507e78a4b9b,bsc,惯犯庄家（SIREN案·离场庄#1·核心链）,serial-actor,identity,serial-offenders,2026-07-26,SIREN分析2026-07-19 appendix whale_group「离场庄#1·核心链」,serial-offender,,,2026-07-19,2026-07-26,,
0x10dd39178ce8b291f07cb15509d80e3c2ed01fe7,bsc,惯犯庄家（SIREN案·离场庄#1·核心链）,serial-actor,identity,serial-offenders,2026-07-26,SIREN分析2026-07-19 appendix whale_group「离场庄#1·核心链」,serial-offender,,,2026-07-19,2026-07-26,,
0x10f8e57d8c3f3b9df789bace2f8e064797098f6a,bsc,惯犯庄家（BANANAS31案·小庄S·Bitget库存循环体系）,serial-actor,identity,serial-offenders,2026-07-26,BANANAS31分析 appendix whale_group「小庄S·Bitget库存循环体系」,serial-offender,,,2026-07-22,2026-07-26,,
0x119908747b52662bb9a762d53c1063bfdbb7e10f,bsc,惯犯庄家（SIREN案·离场庄#1·核心链）,serial-actor,identity,serial-offenders,2026-07-26,SIREN分析2026-07-19 appendix whale_group「离场庄#1·核心链」,serial-offender,,,2026-07-19,2026-07-26,,
0x11d7bd817da88bf52de1827fef8a8206c71f2391,bsc,惯犯庄家（SIREN案·离场庄#1·核心链）,serial-actor,identity,serial-offenders,2026-07-26,SIREN分析2026-07-19 appendix whale_group「离场庄#1·核心链」,serial-offender,,,2026-07-19,2026-07-26,,
0x123348e235607b6c2cdae170cb6ac3b799bc135a,bsc,惯犯庄家（SIREN案·离场庄#1·核心链）,serial-actor,identity,serial-offenders,2026-07-26,SIREN分析2026-07-19 appendix whale_group「离场庄#1·核心链」,serial-offender,,,2026-07-19,2026-07-26,,
0x12b9cc19e4c7d7dc80ca9d3b7a3644dea7e3deb1,bsc,惯犯庄家（B案·小庄#1）,serial-actor,identity,serial-offenders,2026-07-26,BUILD分析 appendix whale_group「小庄#1」,serial-offender,,,2026-07-25,2026-07-26,,
0x12bc55529a04e89d1e4647a0dcedc5ff1f554be8,bsc,惯犯庄家（B案·小庄#1）,serial-actor,identity,serial-offenders,2026-07-26,BUILD分析 appendix whale_group「小庄#1」,serial-offender,,,2026-07-25,2026-07-26,,
0x12eb25f6bdee6311fcc601c83a44bf6664e557fd,bsc,惯犯庄家（B案·小庄#1）,serial-actor,identity,serial-offenders,2026-07-26,BUILD分析 appendix whale_group「小庄#1」,serial-offender,,,2026-07-25,2026-07-26,,
0x12f1acf5edde43c403024111d6e7fdff293cdd83,bsc,惯犯庄家（SIREN案·离场庄#1·核心链）,serial-actor,identity,serial-offenders,2026-07-26,SIREN分析2026-07-19 appendix whale_group「离场庄#1·核心链」,serial-offender,,,2026-07-19,2026-07-26,,
0x12ff848402182d33ff7d6b8785a306241ff6e8c2,bsc,惯犯庄家（SIREN案·离场庄#1·核心链）,serial-actor,identity,serial-offenders,2026-07-26,SIREN分析2026-07-19 appendix whale_group「离场庄#1·核心链」,serial-offender,,,2026-07-19,2026-07-26,,
0x130444a5b4ce3ea31239920f9f692c44e165b022,bsc,惯犯庄家（SIREN案·离场庄#1·核心链）,serial-actor,identity,serial-offenders,2026-07-26,SIREN分析2026-07-19 appendix whale_group「离场庄#1·核心链」,serial-offender,,,2026-07-19,2026-07-26,,
0x13d5d7e173f3eb9c194496eba4e6b0e2f6aec440,bsc,惯犯庄家（SIREN案·离场庄#1·扩展与静置仓网）,serial-actor,identity,serial-offenders,2026-07-26,SIREN分析2026-07-19 appendix whale_group「离场庄#1·扩展与静置仓网」,serial-offender,,,2026-07-19,2026-07-26,,
0x140057c3c805aa518c345ba961d0609dc6cfa3d8,bsc,惯犯庄家（SIREN案·离场庄#1·扩展与静置仓网）,serial-actor,identity,serial-offenders,2026-07-26,SIREN分析2026-07-19 appendix whale_group「离场庄#1·扩展与静置仓网」,serial-offender,,,2026-07-19,2026-07-26,,
0x142bb930701d176bd4c2d5bb705fbcde093f422b,bsc,惯犯庄家（SIREN案·离场庄#1·核心链）,serial-actor,identity,serial-offenders,2026-07-26,SIREN分析2026-07-19 appendix whale_group「离场庄#1·核心链」,serial-offender,,,2026-07-19,2026-07-26,,
0x1446d7a2878e5324aa4c26bdba4b598fed1aecc5,bsc,惯犯庄家（B案·小庄#1）,serial-actor,identity,serial-offenders,2026-07-26,BUILD分析 appendix whale_group「小庄#1」,serial-offender,,,2026-07-25,2026-07-26,,
0x1455db79fb8d6d99ca39cd292e0ebeda3739574c,bsc,惯犯庄家（SIREN案·离场庄#1·核心链）,serial-actor,identity,serial-offenders,2026-07-26,SIREN分析2026-07-19 appendix whale_group「离场庄#1·核心链」,serial-offender,,,2026-07-19,2026-07-26,,
0x146603063cf3364f9b8e97cbc46e144a96534cdf,bsc,惯犯庄家（SIREN案·离场庄#1·核心链）,serial-actor,identity,serial-offenders,2026-07-26,SIREN分析2026-07-19 appendix whale_group「离场庄#1·核心链」,serial-offender,,,2026-07-19,2026-07-26,,
0x14945efa42f7e3e18b140b8a05a5db9c1d278364,bsc,惯犯庄家（SIREN案·离场庄#1·核心链）,serial-actor,identity,serial-offenders,2026-07-26,SIREN分析2026-07-19 appendix whale_group「离场庄#1·核心链」,serial-offender,,,2026-07-19,2026-07-26,,
0x14d153697eaa37a22e4cfacc2807076e46561d23,bsc,惯犯庄家（SIREN案·离场庄#1·核心链）,serial-actor,identity,serial-offenders,2026-07-26,SIREN分析2026-07-19 appendix whale_group「离场庄#1·核心链」,serial-offender,,,2026-07-19,2026-07-26,,
0x14f251dfadea89b9f998326338edfdf1c25fad6e,bsc,惯犯庄家（SIREN案·离场庄#1·核心链）,serial-actor,identity,serial-offenders,2026-07-26,SIREN分析2026-07-19 appendix whale_group「离场庄#1·核心链」,serial-offender,,,2026-07-19,2026-07-26,,
0x150b4656a6c94c7e4153912008c74bfba89eefae,bsc,惯犯庄家（B案·小庄#1）,serial-actor,identity,serial-offenders,2026-07-26,BUILD分析 appendix whale_group「小庄#1」,serial-offender,,,2026-07-25,2026-07-26,,
0x152ad829283952305118a4dd21bc3b0458d08a3e,bsc,惯犯庄家（SIREN案·离场庄#1·核心链）,serial-actor,identity,serial-offenders,2026-07-26,SIREN分析2026-07-19 appendix whale_group「离场庄#1·核心链」,serial-offender,,,2026-07-19,2026-07-26,,
0x157023ffca9d097977cd9c5f5688211859a97074,bsc,惯犯庄家（SIREN案·离场庄#1·核心链）,serial-actor,identity,serial-offenders,2026-07-26,SIREN分析2026-07-19 appendix whale_group「离场庄#1·核心链」,serial-offender,,,2026-07-19,2026-07-26,,
0x1595a770b1e2ca4066a1a26752f9c9a94e5d97a6,bsc,惯犯庄家（B案·小庄#1）,serial-actor,identity,serial-offenders,2026-07-26,BUILD分析 appendix whale_group「小庄#1」,serial-offender,,,2026-07-25,2026-07-26,,
0x15971e01fa9c8b7d9565fb0c6383a22f80fc5164,bsc,惯犯庄家（B案·小庄#1）,serial-actor,identity,serial-offenders,2026-07-26,BUILD分析 appendix whale_group「小庄#1」,serial-offender,,,2026-07-25,2026-07-26,,
0x15a50ee830c2bd53ceae90145e7b7064b7efabea,bsc,惯犯庄家（SIREN案·离场庄#1·核心链）,serial-actor,identity,serial-offenders,2026-07-26,SIREN分析2026-07-19 appendix whale_group「离场庄#1·核心链」,serial-offender,,,2026-07-19,2026-07-26,,
0x15a5b8fc90cb000e1f7b60e13dc7640f97d7db6f,bsc,惯犯庄家（B案·小庄#1）,serial-actor,identity,serial-offenders,2026-07-26,BUILD分析 appendix whale_group「小庄#1」,serial-offender,,,2026-07-25,2026-07-26,,
0x15ac4bdfb08211524b38df1d539050be71fbcbf8,bsc,惯犯庄家（SIREN案·离场庄#1·核心链）,serial-actor,identity,serial-offenders,2026-07-26,SIREN分析2026-07-19 appendix whale_group「离场庄#1·核心链」,serial-offender,,,2026-07-19,2026-07-26,,
0x15cb2209793193d70da70d3041102ed1da59b0a6,bsc,惯犯庄家（B案·小庄#1）,serial-actor,identity,serial-offenders,2026-07-26,BUILD分析 appendix whale_group「小庄#1」,serial-offender,,,2026-07-25,2026-07-26,,
0x15db6bb105fe73226a5bff417f39cc8daefb2859,bsc,惯犯庄家（SIREN案·离场庄#1·核心链）,serial-actor,identity,serial-offenders,2026-07-26,SIREN分析2026-07-19 appendix whale_group「离场庄#1·核心链」,serial-offender,,,2026-07-19,2026-07-26,,
0x162281559f55f9bd1f6928db7929f10caf65ec28,bsc,惯犯庄家（SIREN案·离场庄#1·核心链）,serial-actor,identity,serial-offenders,2026-07-26,SIREN分析2026-07-19 appendix whale_group「离场庄#1·核心链」,serial-offender,,,2026-07-19,2026-07-26,,
0x165f05e9aaef8800346cb864de5a0aa50484d1a1,bsc,惯犯庄家（SIREN案·离场庄#1·核心链）,serial-actor,identity,serial-offenders,2026-07-26,SIREN分析2026-07-19 appendix whale_group「离场庄#1·核心链」,serial-offender,,,2026-07-19,2026-07-26,,
0x165f64a928c02d37d36a323a41021a8835c98765,bsc,惯犯庄家（B案·小庄#1）,serial-actor,identity,serial-offenders,2026-07-26,BUILD分析 appendix whale_group「小庄#1」,serial-offender,,,2026-07-25,2026-07-26,,
0x167783d55332744ed9a2617c9f84e63eea0069c8,bsc,惯犯庄家（SIREN案·离场庄#1·扩展与静置仓网）,serial-actor,identity,serial-offenders,2026-07-26,SIREN分析2026-07-19 appendix whale_group「离场庄#1·扩展与静置仓网」,serial-offender,,,2026-07-19,2026-07-26,,
0x168f5d316e42769b5cffaa5ed35ca5cbd36057f3,bsc,惯犯庄家（SIREN案·离场庄#1·核心链）,serial-actor,identity,serial-offenders,2026-07-26,SIREN分析2026-07-19 appendix whale_group「离场庄#1·核心链」,serial-offender,,,2026-07-19,2026-07-26,,
0x16a13615f0b49160d88446868aab4eef99d4331c,bsc,惯犯庄家（B案·小庄#1）,serial-actor,identity,serial-offenders,2026-07-26,BUILD分析 appendix whale_group「小庄#1」,serial-offender,,,2026-07-25,2026-07-26,,
0x16a178286b83aaecc1812cdb86ec0c40df486b57,bsc,惯犯庄家（B案·小庄#1）,serial-actor,identity,serial-offenders,2026-07-26,BUILD分析 appendix whale_group「小庄#1」,serial-offender,,,2026-07-25,2026-07-26,,
0x16f17e0f9196b0ddddce9fd238317507a13bcc6d,bsc,惯犯庄家（QUQ案·大庄#1(strict四址EOA接力库存核心)）,serial-actor,identity,serial-offenders,2026-07-26,QUQ分析 appendix whale_group「大庄#1(strict四址EOA接力库存核心)」,serial-offender,,,2026-07-22,2026-07-26,,
0x16f19b70d26b681b70a48972dd2b381fcbc6b849,bsc,惯犯庄家（B案·小庄#1）,serial-actor,identity,serial-offenders,2026-07-26,BUILD分析 appendix whale_group「小庄#1」,serial-offender,,,2026-07-25,2026-07-26,,
0x17144305988f6adaf831c03fbeb12ae984548907,bsc,惯犯庄家（SIREN案·离场庄#1·扩展与静置仓网）,serial-actor,identity,serial-offenders,2026-07-26,SIREN分析2026-07-19 appendix whale_group「离场庄#1·扩展与静置仓网」,serial-offender,,,2026-07-19,2026-07-26,,
0x173b1ad4084d50ad972f9c41443d32f6372b6aba,bsc,惯犯庄家（B案·小庄#1）,serial-actor,identity,serial-offenders,2026-07-26,BUILD分析 appendix whale_group「小庄#1」,serial-offender,,,2026-07-25,2026-07-26,,
0x1759c8be41cf122e2e5965048f82c168ef2235f7,bsc,惯犯庄家（SIREN案·离场庄#1·核心链）,serial-actor,identity,serial-offenders,2026-07-26,SIREN分析2026-07-19 appendix whale_group「离场庄#1·核心链」,serial-offender,,,2026-07-19,2026-07-26,,
0x177fa6ef3c14eab8c09a6e00653ccb8df6355ee7,bsc,惯犯庄家（B案·小庄#1）,serial-actor,identity,serial-offenders,2026-07-26,BUILD分析 appendix whale_group「小庄#1」,serial-offender,,,2026-07-25,2026-07-26,,
0x17ceb203df7706b46fff6dedbee13edc29390ac3,bsc,惯犯庄家（B案·小庄#1）,serial-actor,identity,serial-offenders,2026-07-26,BUILD分析 appendix whale_group「小庄#1」,serial-offender,,,2026-07-25,2026-07-26,,
0x181e25ca927b51fce52a5b2420798dc20e815b02,bsc,惯犯庄家（B案·小庄#1）,serial-actor,identity,serial-offenders,2026-07-26,BUILD分析 appendix whale_group「小庄#1」,serial-offender,,,2026-07-25,2026-07-26,,
0x182609ac1d2627e606631605c091c43bb4120d9a,bsc,惯犯庄家（SIREN案·离场庄#1·核心链）,serial-actor,identity,serial-offenders,2026-07-26,SIREN分析2026-07-19 appendix whale_group「离场庄#1·核心链」,serial-offender,,,2026-07-19,2026-07-26,,
0x184e52f982111cec9cbab0aa69768e6b4b60f3b2,bsc,"惯犯庄家（BANANAS31案·狙击集团(已离场,残尾仓)）",serial-actor,identity,serial-offenders,2026-07-26,"BANANAS31分析 appendix whale_group「狙击集团(已离场,残尾仓)」",serial-offender,,,2026-07-22,2026-07-26,,
0x18545c77ff57a50ea965c8be5e61a1e2f823c9ea,bsc,惯犯庄家（B案·小庄#1）,serial-actor,identity,serial-offenders,2026-07-26,BUILD分析 appendix whale_group「小庄#1」,serial-offender,,,2026-07-25,2026-07-26,,
0x1868484c4687ca27130991019ba2f402ddc5c5b8,bsc,惯犯庄家（SIREN案·离场庄#1·核心链）,serial-actor,identity,serial-offenders,2026-07-26,SIREN分析2026-07-19 appendix whale_group「离场庄#1·核心链」,serial-offender,,,2026-07-19,2026-07-26,,
0x1873e1620866cc0fba98efa882db07e950033d2a,bsc,惯犯庄家（SIREN案·离场庄#1·核心链）,serial-actor,identity,serial-offenders,2026-07-26,SIREN分析2026-07-19 appendix whale_group「离场庄#1·核心链」,serial-offender,,,2026-07-19,2026-07-26,,
0x18913656c387613f6d0a1bff7365c335c0069e69,bsc,惯犯庄家（KOGE案·大庄#1）,serial-actor,identity,serial-offenders,2026-07-26,KOGE分析 appendix whale_group「大庄#1」,serial-offender,,,2026-07-24,2026-07-26,,
0x1891ab60169901406a89d0e070500fb6ce319bb9,bsc,惯犯庄家（SIREN案·离场庄#1·核心链）,serial-actor,identity,serial-offenders,2026-07-26,SIREN分析2026-07-19 appendix whale_group「离场庄#1·核心链」,serial-offender,,,2026-07-19,2026-07-26,,
0x18d9b2ea9f6e223e16a80089769347f93208def6,bsc,惯犯庄家（SIREN案·离场庄#1·核心链）,serial-actor,identity,serial-offenders,2026-07-26,SIREN分析2026-07-19 appendix whale_group「离场庄#1·核心链」,serial-offender,,,2026-07-19,2026-07-26,,
0x1948e630c06ad54dd3fd394d082e88ed2d3b31a2,bsc,惯犯庄家（SIREN案·离场庄#1·扩展与静置仓网）,serial-actor,identity,serial-offenders,2026-07-26,SIREN分析2026-07-19 appendix whale_group「离场庄#1·扩展与静置仓网」,serial-offender,,,2026-07-19,2026-07-26,,
0x1988ef25ecc0a40fe8399f0663487c086fe83c21,bsc,惯犯庄家（SIREN案·离场庄#1·核心链）,serial-actor,identity,serial-offenders,2026-07-26,SIREN分析2026-07-19 appendix whale_group「离场庄#1·核心链」,serial-offender,,,2026-07-19,2026-07-26,,
0x1a1c91d8cf77edd9c38a479eed25a82292e3066f,bsc,惯犯庄家（SIREN案·离场庄#1·核心链）,serial-actor,identity,serial-offenders,2026-07-26,SIREN分析2026-07-19 appendix whale_group「离场庄#1·核心链」,serial-offender,,,2026-07-19,2026-07-26,,
0x1a29375ee09b38afaa23bed65f30c85230e27599,bsc,惯犯庄家（QUQ案·大庄#1(strict四址EOA接力库存核心)）,serial-actor,identity,serial-offenders,2026-07-26,QUQ分析 appendix whale_group「大庄#1(strict四址EOA接力库存核心)」,serial-offender,,,2026-07-22,2026-07-26,,
0x1a35b355980b4cbbdc3336cbb36d979e91ccbac0,bsc,惯犯庄家（SIREN案·离场庄#1·核心链）,serial-actor,identity,serial-offenders,2026-07-26,SIREN分析2026-07-19 appendix whale_group「离场庄#1·核心链」,serial-offender,,,2026-07-19,2026-07-26,,
0x1a40696c961ebd7cc5141a803c9305b117745283,bsc,惯犯庄家（SIREN案·离场庄#1·核心链）,serial-actor,identity,serial-offenders,2026-07-26,SIREN分析2026-07-19 appendix whale_group「离场庄#1·核心链」,serial-offender,,,2026-07-19,2026-07-26,,
0x1a4b915c161e9357769a3e0fb5101109f3868f90,bsc,惯犯庄家（SIREN案·离场庄#1·核心链）,serial-actor,identity,serial-offenders,2026-07-26,SIREN分析2026-07-19 appendix whale_group「离场庄#1·核心链」,serial-offender,,,2026-07-19,2026-07-26,,
0x1a67b16c7da515254f40d099b37b77f30b906965,bsc,惯犯庄家（B案·小庄#1）,serial-actor,identity,serial-offenders,2026-07-26,BUILD分析 appendix whale_group「小庄#1」,serial-offender,,,2026-07-25,2026-07-26,,
0x1a7c2437ff11a5fb13a8b75b123a1c3d566593e3,bsc,惯犯庄家（SIREN案·离场庄#1·核心链）,serial-actor,identity,serial-offenders,2026-07-26,SIREN分析2026-07-19 appendix whale_group「离场庄#1·核心链」,serial-offender,,,2026-07-19,2026-07-26,,
0x1a98be34d499f52bbbebf056a1e477a7b56b97af,bsc,惯犯庄家（B案·小庄#1）,serial-actor,identity,serial-offenders,2026-07-26,BUILD分析 appendix whale_group「小庄#1」,serial-offender,,,2026-07-25,2026-07-26,,
0x1b2532b73ca56cb0efd708ed59a4f6e924d5d682,bsc,惯犯庄家（SIREN案·离场庄#1·核心链）,serial-actor,identity,serial-offenders,2026-07-26,SIREN分析2026-07-19 appendix whale_group「离场庄#1·核心链」,serial-offender,,,2026-07-19,2026-07-26,,
0x1b7c539a837bc1d309eb88c21ad3cd8f1435620b,bsc,惯犯庄家（SIREN案·离场庄#1·扩展与静置仓网）,serial-actor,identity,serial-offenders,2026-07-26,SIREN分析2026-07-19 appendix whale_group「离场庄#1·扩展与静置仓网」,serial-offender,,,2026-07-19,2026-07-26,,
0x1ba6309055e23ec7814713dbb82a2b477074b9bb,bsc,惯犯庄家（B案·小庄#1）,serial-actor,identity,serial-offenders,2026-07-26,BUILD分析 appendix whale_group「小庄#1」,serial-offender,,,2026-07-25,2026-07-26,,
0x1bb06df6f299cd411fe31123cca4165d964a6d04,bsc,惯犯庄家（SIREN案·离场庄#1·核心链）,serial-actor,identity,serial-offenders,2026-07-26,SIREN分析2026-07-19 appendix whale_group「离场庄#1·核心链」,serial-offender,,,2026-07-19,2026-07-26,,
0x1bdf26b083e41d239381f999dee3c64f26122af2,bsc,惯犯庄家（SIREN案·离场庄#1·核心链）,serial-actor,identity,serial-offenders,2026-07-26,SIREN分析2026-07-19 appendix whale_group「离场庄#1·核心链」,serial-offender,,,2026-07-19,2026-07-26,,
0x1be094e80bb3a7eb5ba6d015c94d9522641b1a53,bsc,惯犯庄家（SIREN案·离场庄#1·核心链）,serial-actor,identity,serial-offenders,2026-07-26,SIREN分析2026-07-19 appendix whale_group「离场庄#1·核心链」,serial-offender,,,2026-07-19,2026-07-26,,
0x1bf73246c7e73d42789b2dd8df888cab9417fb7f,bsc,惯犯庄家（SIREN案·离场庄#1·核心链）,serial-actor,identity,serial-offenders,2026-07-26,SIREN分析2026-07-19 appendix whale_group「离场庄#1·核心链」,serial-offender,,,2026-07-19,2026-07-26,,
0x1c11e2f4a65ea12085874049ac2a7fdb701c5569,bsc,惯犯庄家（SIREN案·离场庄#1·核心链）,serial-actor,identity,serial-offenders,2026-07-26,SIREN分析2026-07-19 appendix whale_group「离场庄#1·核心链」,serial-offender,,,2026-07-19,2026-07-26,,
0x1c1a6f83b79d4f147b5b075a45852d7e2581cc91,bsc,惯犯庄家（SIREN案·离场庄#1·核心链）,serial-actor,identity,serial-offenders,2026-07-26,SIREN分析2026-07-19 appendix whale_group「离场庄#1·核心链」,serial-offender,,,2026-07-19,2026-07-26,,
0x1c1d56e971f175f7d212e2fc8dcb6e2d6edee081,bsc,惯犯庄家（SIREN案·离场庄#1·核心链）,serial-actor,identity,serial-offenders,2026-07-26,SIREN分析2026-07-19 appendix whale_group「离场庄#1·核心链」,serial-offender,,,2026-07-19,2026-07-26,,
0x1c24bcb04e695565674744d88517d8ba7e72488e,bsc,惯犯庄家（SIREN案·离场庄#1·核心链）,serial-actor,identity,serial-offenders,2026-07-26,SIREN分析2026-07-19 appendix whale_group「离场庄#1·核心链」,serial-offender,,,2026-07-19,2026-07-26,,
0x1c56a74c30b82744c339222f9060d14ab75c605d,bsc,惯犯庄家（B案·小庄#1）,serial-actor,identity,serial-offenders,2026-07-26,BUILD分析 appendix whale_group「小庄#1」,serial-offender,,,2026-07-25,2026-07-26,,
0x1c5f1f76aaea3ba8999c11821400c9d66cf85d50,bsc,惯犯庄家（SIREN案·离场庄#1·核心链）,serial-actor,identity,serial-offenders,2026-07-26,SIREN分析2026-07-19 appendix whale_group「离场庄#1·核心链」,serial-offender,,,2026-07-19,2026-07-26,,
0x1c5fb1f8f079fb43d03c6d2283941fab90b36de0,bsc,惯犯庄家（SIREN案·离场庄#1·核心链）,serial-actor,identity,serial-offenders,2026-07-26,SIREN分析2026-07-19 appendix whale_group「离场庄#1·核心链」,serial-offender,,,2026-07-19,2026-07-26,,
0x1ca70497ff8362a5102e62d470c2e04438f84a0f,bsc,惯犯庄家（SIREN案·离场庄#1·核心链）,serial-actor,identity,serial-offenders,2026-07-26,SIREN分析2026-07-19 appendix whale_group「离场庄#1·核心链」,serial-offender,,,2026-07-19,2026-07-26,,
0x1ce697c9163c68994ca38c5d1b92b4d36e02a0d6,bsc,惯犯庄家（B案·小庄#1）,serial-actor,identity,serial-offenders,2026-07-26,BUILD分析 appendix whale_group「小庄#1」,serial-offender,,,2026-07-25,2026-07-26,,
0x1d4a6c64cf270635e91d6dde5541f055c343ef85,bsc,惯犯庄家（SIREN案·离场庄#1·核心链）,serial-actor,identity,serial-offenders,2026-07-26,SIREN分析2026-07-19 appendix whale_group「离场庄#1·核心链」,serial-offender,,,2026-07-19,2026-07-26,,
0x1db5f93bdd705af22d732f78da5c4d7d4c699124,bsc,惯犯庄家（SIREN案·离场庄#1·核心链）,serial-actor,identity,serial-offenders,2026-07-26,SIREN分析2026-07-19 appendix whale_group「离场庄#1·核心链」,serial-offender,,,2026-07-19,2026-07-26,,
0x1dcd96339a80bbcbe802ebae0d778b095d4b0d9b,bsc,惯犯庄家（BANANAS31案·小庄S·Bitget库存循环体系）,serial-actor,identity,serial-offenders,2026-07-26,BANANAS31分析 appendix whale_group「小庄S·Bitget库存循环体系」,serial-offender,,,2026-07-22,2026-07-26,,
0x1dde4713f631e285da4241a79eab61250df86049,bsc,惯犯庄家（SIREN案·离场庄#1·核心链）,serial-actor,identity,serial-offenders,2026-07-26,SIREN分析2026-07-19 appendix whale_group「离场庄#1·核心链」,serial-offender,,,2026-07-19,2026-07-26,,
0x1ddfdd0d8e99adac69b174172acaaccd4f979d1e,bsc,惯犯庄家（B案·小庄#1）,serial-actor,identity,serial-offenders,2026-07-26,BUILD分析 appendix whale_group「小庄#1」,serial-offender,,,2026-07-25,2026-07-26,,
0x1deb44bbcd25432a6c93335a8bd89af273be8b9d,bsc,惯犯庄家（SIREN案·离场庄#1·核心链）,serial-actor,identity,serial-offenders,2026-07-26,SIREN分析2026-07-19 appendix whale_group「离场庄#1·核心链」,serial-offender,,,2026-07-19,2026-07-26,,
0x1e0316222087b8d9816742b9563d2e2ac1b46834,bsc,惯犯庄家（SIREN案·离场庄#1·核心链）,serial-actor,identity,serial-offenders,2026-07-26,SIREN分析2026-07-19 appendix whale_group「离场庄#1·核心链」,serial-offender,,,2026-07-19,2026-07-26,,
0x1e09e51bbf6d7b50fac7d6b3406d365f2570a43b,bsc,惯犯庄家（B案·小庄#1）,serial-actor,identity,serial-offenders,2026-07-26,BUILD分析 appendix whale_group「小庄#1」,serial-offender,,,2026-07-25,2026-07-26,,
0x1e0d1346c5ced11413bbd94987aa7bd1093e78db,bsc,惯犯庄家（SIREN案·离场庄#1·核心链）,serial-actor,identity,serial-offenders,2026-07-26,SIREN分析2026-07-19 appendix whale_group「离场庄#1·核心链」,serial-offender,,,2026-07-19,2026-07-26,,
0x1e1123d25b017f3fc3d282f9ec6e86a5ebd38eec,bsc,惯犯庄家（SIREN案·离场庄#1·核心链）,serial-actor,identity,serial-offenders,2026-07-26,SIREN分析2026-07-19 appendix whale_group「离场庄#1·核心链」,serial-offender,,,2026-07-19,2026-07-26,,
0x1edc7963ed34d1ba67ccb79a1837aaa6d6d68ace,bsc,惯犯庄家（SIREN案·离场庄#1·核心链）,serial-actor,identity,serial-offenders,2026-07-26,SIREN分析2026-07-19 appendix whale_group「离场庄#1·核心链」,serial-offender,,,2026-07-19,2026-07-26,,
0x1f04149ed7c727034d11890451be4260f797fb93,bsc,惯犯庄家（B案·小庄#1）,serial-actor,identity,serial-offenders,2026-07-26,BUILD分析 appendix whale_group「小庄#1」,serial-offender,,,2026-07-25,2026-07-26,,
0x1f3fc40837761655369f0bbf89bf476bbbd62fdf,bsc,惯犯庄家（B案·小庄#1）,serial-actor,identity,serial-offenders,2026-07-26,BUILD分析 appendix whale_group「小庄#1」,serial-offender,,,2026-07-25,2026-07-26,,
0x1f8ccf0234815f9abaf24909927e79f22e38518e,bsc,惯犯庄家（SIREN案·离场庄#1·核心链）,serial-actor,identity,serial-offenders,2026-07-26,SIREN分析2026-07-19 appendix whale_group「离场庄#1·核心链」,serial-offender,,,2026-07-19,2026-07-26,,
0x1f979198620f07bb20ec49fb00530fb0fa3430ba,bsc,惯犯庄家（SIREN案·离场庄#1·扩展与静置仓网）,serial-actor,identity,serial-offenders,2026-07-26,SIREN分析2026-07-19 appendix whale_group「离场庄#1·扩展与静置仓网」,serial-offender,,,2026-07-19,2026-07-26,,
0x1fa10bebc12caf75c45ee13b74e3ea27f2240691,bsc,惯犯庄家（SIREN案·离场庄#1·核心链）,serial-actor,identity,serial-offenders,2026-07-26,SIREN分析2026-07-19 appendix whale_group「离场庄#1·核心链」,serial-offender,,,2026-07-19,2026-07-26,,
0x1fa11480ac73f5781f53deaf7472a5f2e6e118ec,bsc,惯犯庄家（SIREN案·离场庄#1·核心链）,serial-actor,identity,serial-offenders,2026-07-26,SIREN分析2026-07-19 appendix whale_group「离场庄#1·核心链」,serial-offender,,,2026-07-19,2026-07-26,,
0x1ff53f00015597221e8f8af82e3ea4fad04e0c55,bsc,惯犯庄家（B案·小庄#1）,serial-actor,identity,serial-offenders,2026-07-26,BUILD分析 appendix whale_group「小庄#1」,serial-offender,,,2026-07-25,2026-07-26,,
0x200c6b87531b6f04ebee65365a244ddef63d420d,bsc,惯犯庄家（SIREN案·离场庄#1·扩展与静置仓网）,serial-actor,identity,serial-offenders,2026-07-26,SIREN分析2026-07-19 appendix whale_group「离场庄#1·扩展与静置仓网」,serial-offender,,,2026-07-19,2026-07-26,,
0x203a70adfd9c63f6867db71639c82d035d9fbae3,bsc,惯犯庄家（SIREN案·离场庄#1·核心链）,serial-actor,identity,serial-offenders,2026-07-26,SIREN分析2026-07-19 appendix whale_group「离场庄#1·核心链」,serial-offender,,,2026-07-19,2026-07-26,,
0x2065ef34ffbccf6d66a20539000fa8fcc6450558,bsc,惯犯庄家（SIREN案·离场庄#1·核心链）,serial-actor,identity,serial-offenders,2026-07-26,SIREN分析2026-07-19 appendix whale_group「离场庄#1·核心链」,serial-offender,,,2026-07-19,2026-07-26,,
0x2068e9d2857129a2ad4fd79e138ee6682d28b5eb,bsc,惯犯庄家（B案·小庄#1）,serial-actor,identity,serial-offenders,2026-07-26,BUILD分析 appendix whale_group「小庄#1」,serial-offender,,,2026-07-25,2026-07-26,,
0x20aa3baa1df512f6122423d372b34a811fde7f0d,bsc,"惯犯庄家（BANANAS31案·狙击集团(已离场,残尾仓)）",serial-actor,identity,serial-offenders,2026-07-26,"BANANAS31分析 appendix whale_group「狙击集团(已离场,残尾仓)」",serial-offender,,,2026-07-22,2026-07-26,,
0x20d91277d59c68957a1afe7c5ce62c9f09b64a5a,bsc,惯犯庄家（BANANAS31案·小庄S·Bitget库存循环体系）,serial-actor,identity,serial-offenders,2026-07-26,BANANAS31分析 appendix whale_group「小庄S·Bitget库存循环体系」,serial-offender,,,2026-07-22,2026-07-26,,
0x20ec493f6d5777d9d48c47e228d691e228067957,bsc,惯犯庄家（SIREN案·离场庄#1·核心链）,serial-actor,identity,serial-offenders,2026-07-26,SIREN分析2026-07-19 appendix whale_group「离场庄#1·核心链」,serial-offender,,,2026-07-19,2026-07-26,,
0x2112bd6967fad3a5c602d1f9ae036832ed5ceb9a,bsc,惯犯庄家（B案·小庄#1）,serial-actor,identity,serial-offenders,2026-07-26,BUILD分析 appendix whale_group「小庄#1」,serial-offender,,,2026-07-25,2026-07-26,,
0x211f6914bb383de1bc6d7d6ab19758d0077e29c3,bsc,惯犯庄家（SIREN案·离场庄#1·核心链）,serial-actor,identity,serial-offenders,2026-07-26,SIREN分析2026-07-19 appendix whale_group「离场庄#1·核心链」,serial-offender,,,2026-07-19,2026-07-26,,
0x21215e89c91591c576c711c696982f3106680066,bsc,惯犯庄家（SIREN案·离场庄#1·核心链）,serial-actor,identity,serial-offenders,2026-07-26,SIREN分析2026-07-19 appendix whale_group「离场庄#1·核心链」,serial-offender,,,2026-07-19,2026-07-26,,
0x213b97bde80b089d4bb95915c12bfdf24922d5b8,bsc,惯犯庄家（SIREN案·离场庄#1·核心链）,serial-actor,identity,serial-offenders,2026-07-26,SIREN分析2026-07-19 appendix whale_group「离场庄#1·核心链」,serial-offender,,,2026-07-19,2026-07-26,,
0x216a0a7be9d82e2d4b29cf75ff71b7b79f788493,bsc,惯犯庄家（SIREN案·离场庄#1·核心链）,serial-actor,identity,serial-offenders,2026-07-26,SIREN分析2026-07-19 appendix whale_group「离场庄#1·核心链」,serial-offender,,,2026-07-19,2026-07-26,,
0x21c90fc848633d4775da68ff1ce8a1d00c599e2c,bsc,惯犯庄家（B案·小庄#1）,serial-actor,identity,serial-offenders,2026-07-26,BUILD分析 appendix whale_group「小庄#1」,serial-offender,,,2026-07-25,2026-07-26,,
0x21c9e3010dafc623207427ddbac026e64c8ad279,bsc,惯犯庄家（SIREN案·离场庄#1·核心链）,serial-actor,identity,serial-offenders,2026-07-26,SIREN分析2026-07-19 appendix whale_group「离场庄#1·核心链」,serial-offender,,,2026-07-19,2026-07-26,,
0x21f7a4bcdb9939c294cc596901afdd37f024bfbd,bsc,惯犯庄家（SIREN案·离场庄#1·核心链）,serial-actor,identity,serial-offenders,2026-07-26,SIREN分析2026-07-19 appendix whale_group「离场庄#1·核心链」,serial-offender,,,2026-07-19,2026-07-26,,
0x21f97b3efb4902709b6286d6fee054b55d05fe31,bsc,惯犯庄家（SIREN案·离场庄#1·核心链）,serial-actor,identity,serial-offenders,2026-07-26,SIREN分析2026-07-19 appendix whale_group「离场庄#1·核心链」,serial-offender,,,2026-07-19,2026-07-26,,
0x221b53dbd227ccfe5a26767256ae93e209efbfd6,bsc,惯犯庄家（SIREN案·离场庄#1·核心链）,serial-actor,identity,serial-offenders,2026-07-26,SIREN分析2026-07-19 appendix whale_group「离场庄#1·核心链」,serial-offender,,,2026-07-19,2026-07-26,,
0x224aa475c34fb377f44ff44ad59b4d6063c38835,bsc,惯犯庄家（SIREN案·离场庄#1·核心链）,serial-actor,identity,serial-offenders,2026-07-26,SIREN分析2026-07-19 appendix whale_group「离场庄#1·核心链」,serial-offender,,,2026-07-19,2026-07-26,,
0x22a0a9a97d613028cda1bfef5e4984f8b372eaba,bsc,惯犯庄家（SIREN案·离场庄#1·核心链）,serial-actor,identity,serial-offenders,2026-07-26,SIREN分析2026-07-19 appendix whale_group「离场庄#1·核心链」,serial-offender,,,2026-07-19,2026-07-26,,
0x22a7e337dd287cc590ba72d55a39b401807f6fba,bsc,惯犯庄家（B案·小庄#1）,serial-actor,identity,serial-offenders,2026-07-26,BUILD分析 appendix whale_group「小庄#1」,serial-offender,,,2026-07-25,2026-07-26,,
0x22a8275d59a740d7a9e214c0cf98e51113ebb60a,bsc,惯犯庄家（SIREN案·离场庄#1·核心链）,serial-actor,identity,serial-offenders,2026-07-26,SIREN分析2026-07-19 appendix whale_group「离场庄#1·核心链」,serial-offender,,,2026-07-19,2026-07-26,,
0x22d1180dfb545afbf3ee9847759f89b33cfc15aa,bsc,惯犯庄家（SIREN案·离场庄#1·核心链）,serial-actor,identity,serial-offenders,2026-07-26,SIREN分析2026-07-19 appendix whale_group「离场庄#1·核心链」,serial-offender,,,2026-07-19,2026-07-26,,
0x22e3aa762c33ed0d75018562b1e651b831e4ea37,bsc,惯犯庄家（B案·小庄#1）,serial-actor,identity,serial-offenders,2026-07-26,BUILD分析 appendix whale_group「小庄#1」,serial-offender,,,2026-07-25,2026-07-26,,
0x22f4e763eebf6cb457a16ee4eeed9df26997235f,bsc,惯犯庄家（SIREN案·离场庄#1·扩展与静置仓网）,serial-actor,identity,serial-offenders,2026-07-26,SIREN分析2026-07-19 appendix whale_group「离场庄#1·扩展与静置仓网」,serial-offender,,,2026-07-19,2026-07-26,,
0x230219eaefa841968ef3bd454ec73654e1bb173d,bsc,惯犯庄家（SIREN案·离场庄#1·核心链）,serial-actor,identity,serial-offenders,2026-07-26,SIREN分析2026-07-19 appendix whale_group「离场庄#1·核心链」,serial-offender,,,2026-07-19,2026-07-26,,
0x2343e9d8052de15b2968344c5d14fa116a14fe9a,bsc,惯犯庄家（SIREN案·离场庄#1·核心链）,serial-actor,identity,serial-offenders,2026-07-26,SIREN分析2026-07-19 appendix whale_group「离场庄#1·核心链」,serial-offender,,,2026-07-19,2026-07-26,,
0x2369e8646c20fc31d1f0bf2d0c0f58683042ff17,bsc,惯犯庄家（B案·小庄#1）,serial-actor,identity,serial-offenders,2026-07-26,BUILD分析 appendix whale_group「小庄#1」,serial-offender,,,2026-07-25,2026-07-26,,
0x23870b7661739188ff313ede861707860a7678af,bsc,惯犯庄家（SIREN案·离场庄#1·扩展与静置仓网）,serial-actor,identity,serial-offenders,2026-07-26,SIREN分析2026-07-19 appendix whale_group「离场庄#1·扩展与静置仓网」,serial-offender,,,2026-07-19,2026-07-26,,
0x238dc774818a2b1011f73f3b36552c292d967470,bsc,惯犯庄家（SIREN案·离场庄#1·核心链）,serial-actor,identity,serial-offenders,2026-07-26,SIREN分析2026-07-19 appendix whale_group「离场庄#1·核心链」,serial-offender,,,2026-07-19,2026-07-26,,
0x2391fe64abd5d80246a91b7305c74efc1c9a485a,bsc,惯犯庄家（SIREN案·离场庄#1·核心链）,serial-actor,identity,serial-offenders,2026-07-26,SIREN分析2026-07-19 appendix whale_group「离场庄#1·核心链」,serial-offender,,,2026-07-19,2026-07-26,,
0x23cb9eea8d09769e6c89b5df5c647381a29d4c38,bsc,惯犯庄家（B案·小庄#1）,serial-actor,identity,serial-offenders,2026-07-26,BUILD分析 appendix whale_group「小庄#1」,serial-offender,,,2026-07-25,2026-07-26,,
0x2407f072b61daa0334f87068f680f2d536c3e0fc,bsc,惯犯庄家（SIREN案·离场庄#1·扩展与静置仓网）,serial-actor,identity,serial-offenders,2026-07-26,SIREN分析2026-07-19 appendix whale_group「离场庄#1·扩展与静置仓网」,serial-offender,,,2026-07-19,2026-07-26,,
0x240fcb34c479271f393ebe300fbda17330ef0dc0,bsc,惯犯庄家（BANANAS31案·小庄S·Bitget库存循环体系）,serial-actor,identity,serial-offenders,2026-07-26,BANANAS31分析 appendix whale_group「小庄S·Bitget库存循环体系」,serial-offender,,,2026-07-22,2026-07-26,,
0x241092f17876ee7851c5ee4b2b9a591843a32111,bsc,惯犯庄家（SIREN案·离场庄#1·核心链）,serial-actor,identity,serial-offenders,2026-07-26,SIREN分析2026-07-19 appendix whale_group「离场庄#1·核心链」,serial-offender,,,2026-07-19,2026-07-26,,
0x245b39138d207ae2bcf210ec882b7a29d77b1698,bsc,惯犯庄家（SIREN案·离场庄#1·核心链）,serial-actor,identity,serial-offenders,2026-07-26,SIREN分析2026-07-19 appendix whale_group「离场庄#1·核心链」,serial-offender,,,2026-07-19,2026-07-26,,
0x24c78ae0a3f6ff0988c6146443b426093f6a58fe,bsc,惯犯庄家（SIREN案·离场庄#1·核心链）,serial-actor,identity,serial-offenders,2026-07-26,SIREN分析2026-07-19 appendix whale_group「离场庄#1·核心链」,serial-offender,,,2026-07-19,2026-07-26,,
0x2504ce2480727a5379e3bc677f368ca2d2e7d444,bsc,惯犯庄家（BANANAS31案·小庄S·Bitget库存循环体系）,serial-actor,identity,serial-offenders,2026-07-26,BANANAS31分析 appendix whale_group「小庄S·Bitget库存循环体系」,serial-offender,,,2026-07-22,2026-07-26,,
0x25091f5b324d8dfe128da344bb7b4541e2fa8755,bsc,惯犯庄家（SIREN案·离场庄#1·核心链）,serial-actor,identity,serial-offenders,2026-07-26,SIREN分析2026-07-19 appendix whale_group「离场庄#1·核心链」,serial-offender,,,2026-07-19,2026-07-26,,
0x253985896b40866e89d835e1a717d8b4a9181fc9,bsc,惯犯庄家（SIREN案·离场庄#1·核心链）,serial-actor,identity,serial-offenders,2026-07-26,SIREN分析2026-07-19 appendix whale_group「离场庄#1·核心链」,serial-offender,,,2026-07-19,2026-07-26,,
0x256387b3a1e0e6009e54a88a0b0f4999c035405b,bsc,惯犯庄家（B案·小庄#1）,serial-actor,identity,serial-offenders,2026-07-26,BUILD分析 appendix whale_group「小庄#1」,serial-offender,,,2026-07-25,2026-07-26,,
0x2597b54ff63898f532567b0c63761acbe74ec64a,bsc,惯犯庄家（B案·小庄#1）,serial-actor,identity,serial-offenders,2026-07-26,BUILD分析 appendix whale_group「小庄#1」,serial-offender,,,2026-07-25,2026-07-26,,
0x25a0c540ad745bb615c78da0c397da92c1bf98ef,bsc,惯犯庄家（SIREN案·离场庄#1·核心链）,serial-actor,identity,serial-offenders,2026-07-26,SIREN分析2026-07-19 appendix whale_group「离场庄#1·核心链」,serial-offender,,,2026-07-19,2026-07-26,,
0x25a30fe78b60511da0de50898615caf3789ae13f,bsc,惯犯庄家（SIREN案·离场庄#1·核心链）,serial-actor,identity,serial-offenders,2026-07-26,SIREN分析2026-07-19 appendix whale_group「离场庄#1·核心链」,serial-offender,,,2026-07-19,2026-07-26,,
0x25a87d135fe5dc6e0486a8d0bc1c7c61265d754f,bsc,惯犯庄家（B案·小庄#1）,serial-actor,identity,serial-offenders,2026-07-26,BUILD分析 appendix whale_group「小庄#1」,serial-offender,,,2026-07-25,2026-07-26,,
0x25ccc03019754c7c464b4330b50b96e9844927f4,bsc,惯犯庄家（SIREN案·离场庄#1·核心链）,serial-actor,identity,serial-offenders,2026-07-26,SIREN分析2026-07-19 appendix whale_group「离场庄#1·核心链」,serial-offender,,,2026-07-19,2026-07-26,,
0x25db2ac269892b2d7c956cf326a8da398eedcf85,bsc,惯犯庄家（SIREN案·离场庄#1·核心链）,serial-actor,identity,serial-offenders,2026-07-26,SIREN分析2026-07-19 appendix whale_group「离场庄#1·核心链」,serial-offender,,,2026-07-19,2026-07-26,,
0x25f5a41baef948772bfe35d712508f6c393cfbc6,bsc,惯犯庄家（SIREN案·离场庄#1·核心链）,serial-actor,identity,serial-offenders,2026-07-26,SIREN分析2026-07-19 appendix whale_group「离场庄#1·核心链」,serial-offender,,,2026-07-19,2026-07-26,,
0x2629c039253a8e8fd96b528c433a0ced1d7a84b5,bsc,惯犯庄家（B案·小庄#1）,serial-actor,identity,serial-offenders,2026-07-26,BUILD分析 appendix whale_group「小庄#1」,serial-offender,,,2026-07-25,2026-07-26,,
0x2642f35d64db68d1ae509d63f233d67717734742,bsc,惯犯庄家（SIREN案·离场庄#1·核心链）,serial-actor,identity,serial-offenders,2026-07-26,SIREN分析2026-07-19 appendix whale_group「离场庄#1·核心链」,serial-offender,,,2026-07-19,2026-07-26,,
0x26714045c9c6e5c29dd6ca8503000491f52fca8b,bsc,惯犯庄家（SIREN案·离场庄#1·核心链）,serial-actor,identity,serial-offenders,2026-07-26,SIREN分析2026-07-19 appendix whale_group「离场庄#1·核心链」,serial-offender,,,2026-07-19,2026-07-26,,
0x26ab7706f02ca82f4bd5467c8103dbf1c809a6a3,bsc,惯犯庄家（B案·小庄#1）,serial-actor,identity,serial-offenders,2026-07-26,BUILD分析 appendix whale_group「小庄#1」,serial-offender,,,2026-07-25,2026-07-26,,
0x26b3d028094018f6bf2547e704610fe4a8d3eadd,bsc,惯犯庄家（B案·小庄#1）,serial-actor,identity,serial-offenders,2026-07-26,BUILD分析 appendix whale_group「小庄#1」,serial-offender,,,2026-07-25,2026-07-26,,
0x26f2e10c151ceec57f4d6a82e609ed369e8786f2,bsc,惯犯庄家（B案·小庄#1）,serial-actor,identity,serial-offenders,2026-07-26,BUILD分析 appendix whale_group「小庄#1」,serial-offender,,,2026-07-25,2026-07-26,,
0x26f37207a8c58cf4cfd41f3cb04381837bbfc3cf,bsc,惯犯庄家（SIREN案·离场庄#1·核心链）,serial-actor,identity,serial-offenders,2026-07-26,SIREN分析2026-07-19 appendix whale_group「离场庄#1·核心链」,serial-offender,,,2026-07-19,2026-07-26,,
0x2777b55ae8e475826258391b4f59255e9f0c4edd,bsc,惯犯庄家（SIREN案·离场庄#1·核心链）,serial-actor,identity,serial-offenders,2026-07-26,SIREN分析2026-07-19 appendix whale_group「离场庄#1·核心链」,serial-offender,,,2026-07-19,2026-07-26,,
0x277b0097bb23390e99b100e2e9a200034c7cff96,bsc,惯犯庄家（SIREN案·离场庄#1·核心链）,serial-actor,identity,serial-offenders,2026-07-26,SIREN分析2026-07-19 appendix whale_group「离场庄#1·核心链」,serial-offender,,,2026-07-19,2026-07-26,,
0x27bdfeeb60c2060159ce08a8cb86866ea0869c62,bsc,惯犯庄家（SIREN案·离场庄#1·扩展与静置仓网）,serial-actor,identity,serial-offenders,2026-07-26,SIREN分析2026-07-19 appendix whale_group「离场庄#1·扩展与静置仓网」,serial-offender,,,2026-07-19,2026-07-26,,
0x27f1866a4d301978ddea2c4a5dcb4bff15f91c88,bsc,惯犯庄家（SIREN案·离场庄#1·核心链）,serial-actor,identity,serial-offenders,2026-07-26,SIREN分析2026-07-19 appendix whale_group「离场庄#1·核心链」,serial-offender,,,2026-07-19,2026-07-26,,
0x2806dc42ae0ea2a6c54b979fd44e585a4e1c289f,bsc,惯犯庄家（SIREN案·离场庄#1·核心链）,serial-actor,identity,serial-offenders,2026-07-26,SIREN分析2026-07-19 appendix whale_group「离场庄#1·核心链」,serial-offender,,,2026-07-19,2026-07-26,,
0x281422503e3af797ba13ebb8dfe51c8059863963,bsc,惯犯庄家（哈基米案·项目方(dev工作室)）,serial-actor,identity,serial-offenders,2026-07-26,哈基米分析 appendix whale_group「项目方(dev工作室)」,serial-offender,,,2026-07-18,2026-07-26,,
0x281af7acae777960a8bf5f51798d79c2d0293dbc,bsc,惯犯庄家（SIREN案·离场庄#1·核心链）,serial-actor,identity,serial-offenders,2026-07-26,SIREN分析2026-07-19 appendix whale_group「离场庄#1·核心链」,serial-offender,,,2026-07-19,2026-07-26,,
0x285da0c1230e5f0f06a7792192b6c390ecfb8d3f,bsc,惯犯庄家（B案·小庄#1）,serial-actor,identity,serial-offenders,2026-07-26,BUILD分析 appendix whale_group「小庄#1」,serial-offender,,,2026-07-25,2026-07-26,,
0x28a1462fc31801b19561bd9fccc4bdae12d3084a,bsc,惯犯庄家（B案·小庄#1）,serial-actor,identity,serial-offenders,2026-07-26,BUILD分析 appendix whale_group「小庄#1」,serial-offender,,,2026-07-25,2026-07-26,,
0x28a5bbc7e5622d5e1f9053ac494b4add89bce719,bsc,惯犯庄家（SIREN案·离场庄#1·扩展与静置仓网）,serial-actor,identity,serial-offenders,2026-07-26,SIREN分析2026-07-19 appendix whale_group「离场庄#1·扩展与静置仓网」,serial-offender,,,2026-07-19,2026-07-26,,
0x292d012d7318514ba7cc4d38da54b19295867f72,bsc,惯犯庄家（SIREN案·离场庄#1·核心链）,serial-actor,identity,serial-offenders,2026-07-26,SIREN分析2026-07-19 appendix whale_group「离场庄#1·核心链」,serial-offender,,,2026-07-19,2026-07-26,,
0x296d19629f424cc4f415c854b8de74699c2b6d04,bsc,惯犯庄家（BANANAS31案·小庄S·Bitget库存循环体系）,serial-actor,identity,serial-offenders,2026-07-26,BANANAS31分析 appendix whale_group「小庄S·Bitget库存循环体系」,serial-offender,,,2026-07-22,2026-07-26,,
0x298957d78817d5e6a1edd3ab2bfa875154a2275b,bsc,惯犯庄家（SIREN案·离场庄#1·核心链）,serial-actor,identity,serial-offenders,2026-07-26,SIREN分析2026-07-19 appendix whale_group「离场庄#1·核心链」,serial-offender,,,2026-07-19,2026-07-26,,
0x29a132200d4d12286162c959a10ed2ba60415177,bsc,惯犯庄家（SIREN案·离场庄#1·核心链）,serial-actor,identity,serial-offenders,2026-07-26,SIREN分析2026-07-19 appendix whale_group「离场庄#1·核心链」,serial-offender,,,2026-07-19,2026-07-26,,
0x2a22303042c9e189657a79ef89bb865794408c15,bsc,惯犯庄家（SIREN案·离场庄#1·核心链）,serial-actor,identity,serial-offenders,2026-07-26,SIREN分析2026-07-19 appendix whale_group「离场庄#1·核心链」,serial-offender,,,2026-07-19,2026-07-26,,
0x2a3f506f35d422a10ec24b41568e69ff8d5583c6,bsc,惯犯庄家（BANANAS31案·小庄S·Bitget库存循环体系）,serial-actor,identity,serial-offenders,2026-07-26,BANANAS31分析 appendix whale_group「小庄S·Bitget库存循环体系」,serial-offender,,,2026-07-22,2026-07-26,,
0x2a5a88fdf7c4ce6ea942f4451e9ba4cea7135db4,bsc,惯犯庄家（QUQ案·大庄#1(strict四址EOA接力库存核心)）,serial-actor,identity,serial-offenders,2026-07-26,QUQ分析 appendix whale_group「大庄#1(strict四址EOA接力库存核心)」,serial-offender,,,2026-07-22,2026-07-26,,
0x2ae0635aa0004b6c4e3139ec983f1c319011df67,bsc,惯犯庄家（B案·小庄#1）,serial-actor,identity,serial-offenders,2026-07-26,BUILD分析 appendix whale_group「小庄#1」,serial-offender,,,2026-07-25,2026-07-26,,
0x2af6180771034497fecf2f7a82652da5f1ec977e,bsc,惯犯庄家（B案·小庄#1）,serial-actor,identity,serial-offenders,2026-07-26,BUILD分析 appendix whale_group「小庄#1」,serial-offender,,,2026-07-25,2026-07-26,,
0x2afd13777007830dfb1677b10fee5653b3202b60,bsc,惯犯庄家（SIREN案·离场庄#1·核心链）,serial-actor,identity,serial-offenders,2026-07-26,SIREN分析2026-07-19 appendix whale_group「离场庄#1·核心链」,serial-offender,,,2026-07-19,2026-07-26,,
0x2b477fea5bacb70a1c31a12dfaa635be50e910c2,bsc,惯犯庄家（SIREN案·离场庄#1·核心链）,serial-actor,identity,serial-offenders,2026-07-26,SIREN分析2026-07-19 appendix whale_group「离场庄#1·核心链」,serial-offender,,,2026-07-19,2026-07-26,,
0x2b6919c4192a6fa70b3f745cce00e05d447c4c47,bsc,惯犯庄家（BANANAS31案·小庄S·Bitget库存循环体系）,serial-actor,identity,serial-offenders,2026-07-26,BANANAS31分析 appendix whale_group「小庄S·Bitget库存循环体系」,serial-offender,,,2026-07-22,2026-07-26,,
0x2b7526c5bdded52f670bd986cdeb8f1c8b7612de,bsc,惯犯庄家（SIREN案·离场庄#1·核心链）,serial-actor,identity,serial-offenders,2026-07-26,SIREN分析2026-07-19 appendix whale_group「离场庄#1·核心链」,serial-offender,,,2026-07-19,2026-07-26,,
0x2b78fde8a8439232c063c31dd8eedce2c3af51fa,bsc,惯犯庄家（SIREN案·离场庄#1·核心链）,serial-actor,identity,serial-offenders,2026-07-26,SIREN分析2026-07-19 appendix whale_group「离场庄#1·核心链」,serial-offender,,,2026-07-19,2026-07-26,,
0x2b7d3b0a6201cf6de826727615485139d18792ef,bsc,惯犯庄家（SIREN案·离场庄#1·扩展与静置仓网）,serial-actor,identity,serial-offenders,2026-07-26,SIREN分析2026-07-19 appendix whale_group「离场庄#1·扩展与静置仓网」,serial-offender,,,2026-07-19,2026-07-26,,
0x2b859c2bd4ff488dee549d7897eb6ae6cb7c7693,bsc,惯犯庄家（B案·小庄#1）,serial-actor,identity,serial-offenders,2026-07-26,BUILD分析 appendix whale_group「小庄#1」,serial-offender,,,2026-07-25,2026-07-26,,
0x2bc958a68f0656662190748b32fd62f7915de2ef,bsc,惯犯庄家（SIREN案·离场庄#1·核心链）,serial-actor,identity,serial-offenders,2026-07-26,SIREN分析2026-07-19 appendix whale_group「离场庄#1·核心链」,serial-offender,,,2026-07-19,2026-07-26,,
0x2bdb5bd85b4de1de05a13dbb527b74f2e83826ad,bsc,惯犯庄家（SIREN案·离场庄#1·核心链）,serial-actor,identity,serial-offenders,2026-07-26,SIREN分析2026-07-19 appendix whale_group「离场庄#1·核心链」,serial-offender,,,2026-07-19,2026-07-26,,
0x2bf8da43887aab0ff190c9d9b6fe8544889b0279,bsc,惯犯庄家（SIREN案·离场庄#1·核心链）,serial-actor,identity,serial-offenders,2026-07-26,SIREN分析2026-07-19 appendix whale_group「离场庄#1·核心链」,serial-offender,,,2026-07-19,2026-07-26,,
0x2c49fb4d0bd73cc8cbc9b38630166c41502cd9f7,bsc,惯犯庄家（B案·小庄#1）,serial-actor,identity,serial-offenders,2026-07-26,BUILD分析 appendix whale_group「小庄#1」,serial-offender,,,2026-07-25,2026-07-26,,
0x2ca3417a2d8f76c7b06fdf4d6ffc29737b771dfa,bsc,惯犯庄家（SIREN案·离场庄#1·核心链）,serial-actor,identity,serial-offenders,2026-07-26,SIREN分析2026-07-19 appendix whale_group「离场庄#1·核心链」,serial-offender,,,2026-07-19,2026-07-26,,
0x2cc0a60adb6873fe161466a97d3e28544af2ca85,bsc,惯犯庄家（SIREN案·离场庄#1·核心链）,serial-actor,identity,serial-offenders,2026-07-26,SIREN分析2026-07-19 appendix whale_group「离场庄#1·核心链」,serial-offender,,,2026-07-19,2026-07-26,,
0x2cfe76cd7606a573f644158c6375f27d9d13d967,bsc,惯犯庄家（B案·小庄#1）,serial-actor,identity,serial-offenders,2026-07-26,BUILD分析 appendix whale_group「小庄#1」,serial-offender,,,2026-07-25,2026-07-26,,
0x2d259ba4e40a0efc514ad3a53b12a61044e1e89d,bsc,惯犯庄家（SIREN案·离场庄#1·核心链）,serial-actor,identity,serial-offenders,2026-07-26,SIREN分析2026-07-19 appendix whale_group「离场庄#1·核心链」,serial-offender,,,2026-07-19,2026-07-26,,
0x2d37cd446d9ece9ef0c5d52fd8c29e245359bf4f,bsc,惯犯庄家（B案·小庄#1）,serial-actor,identity,serial-offenders,2026-07-26,BUILD分析 appendix whale_group「小庄#1」,serial-offender,,,2026-07-25,2026-07-26,,
0x2d3cfedb9e52a625d7abaaab48b7d3fba0fbe602,bsc,惯犯庄家（SIREN案·离场庄#1·核心链）,serial-actor,identity,serial-offenders,2026-07-26,SIREN分析2026-07-19 appendix whale_group「离场庄#1·核心链」,serial-offender,,,2026-07-19,2026-07-26,,
0x2d8d4d30ffe4c3651bc6231bad48f3ea71b361b8,bsc,惯犯庄家（SIREN案·离场庄#1·核心链）,serial-actor,identity,serial-offenders,2026-07-26,SIREN分析2026-07-19 appendix whale_group「离场庄#1·核心链」,serial-offender,,,2026-07-19,2026-07-26,,
0x2da3d6fa21596b60488c23e243e8cf2752d225f7,bsc,惯犯庄家（SIREN案·离场庄#1·核心链）,serial-actor,identity,serial-offenders,2026-07-26,SIREN分析2026-07-19 appendix whale_group「离场庄#1·核心链」,serial-offender,,,2026-07-19,2026-07-26,,
0x2db22b15c780d5ceede3380986e5de0132e5701c,bsc,惯犯庄家（SIREN案·离场庄#1·核心链）,serial-actor,identity,serial-offenders,2026-07-26,SIREN分析2026-07-19 appendix whale_group「离场庄#1·核心链」,serial-offender,,,2026-07-19,2026-07-26,,
0x2de04e3d67b74ac738e3b931bf683d67fb2a50bd,bsc,惯犯庄家（SIREN案·离场庄#1·核心链）,serial-actor,identity,serial-offenders,2026-07-26,SIREN分析2026-07-19 appendix whale_group「离场庄#1·核心链」,serial-offender,,,2026-07-19,2026-07-26,,
0x2e2480d273798c9de3e29df8915b45d9db1520c4,bsc,惯犯庄家（SIREN案·离场庄#1·核心链）,serial-actor,identity,serial-offenders,2026-07-26,SIREN分析2026-07-19 appendix whale_group「离场庄#1·核心链」,serial-offender,,,2026-07-19,2026-07-26,,
0x2e2d91774e5dfc8586aad3c54dc9d6f67bc3aea3,bsc,惯犯庄家（B案·小庄#1）,serial-actor,identity,serial-offenders,2026-07-26,BUILD分析 appendix whale_group「小庄#1」,serial-offender,,,2026-07-25,2026-07-26,,
0x2e4c657c91deb90a97b90846bedfbaf6109e28b7,bsc,惯犯庄家（SIREN案·离场庄#1·核心链）,serial-actor,identity,serial-offenders,2026-07-26,SIREN分析2026-07-19 appendix whale_group「离场庄#1·核心链」,serial-offender,,,2026-07-19,2026-07-26,,
0x2e68548453237aa04e025f906f02562caec23f6c,bsc,惯犯庄家（SIREN案·离场庄#1·核心链）,serial-actor,identity,serial-offenders,2026-07-26,SIREN分析2026-07-19 appendix whale_group「离场庄#1·核心链」,serial-offender,,,2026-07-19,2026-07-26,,
0x2e73015156489770ed559f98d4a803ce37f8cd9c,bsc,惯犯庄家（SIREN案·离场庄#1·核心链）,serial-actor,identity,serial-offenders,2026-07-26,SIREN分析2026-07-19 appendix whale_group「离场庄#1·核心链」,serial-offender,,,2026-07-19,2026-07-26,,
0x2ea243cfa3e79f33547974d3b36ea5ab65ca68d3,bsc,惯犯庄家（SIREN案·离场庄#1·扩展与静置仓网）,serial-actor,identity,serial-offenders,2026-07-26,SIREN分析2026-07-19 appendix whale_group「离场庄#1·扩展与静置仓网」,serial-offender,,,2026-07-19,2026-07-26,,
0x2ed0dd6220fdb0589c61a15ee00510315fdbd653,bsc,惯犯庄家（B案·小庄#1）,serial-actor,identity,serial-offenders,2026-07-26,BUILD分析 appendix whale_group「小庄#1」,serial-offender,,,2026-07-25,2026-07-26,,
0x2f4706d13d2c37697e955445e3316ab8b6f43516,bsc,惯犯庄家（SIREN案·离场庄#1·核心链）,serial-actor,identity,serial-offenders,2026-07-26,SIREN分析2026-07-19 appendix whale_group「离场庄#1·核心链」,serial-offender,,,2026-07-19,2026-07-26,,
0x2f4712d71b2fc107174a466d1449fcd64317361f,bsc,惯犯庄家（SIREN案·离场庄#1·核心链）,serial-actor,identity,serial-offenders,2026-07-26,SIREN分析2026-07-19 appendix whale_group「离场庄#1·核心链」,serial-offender,,,2026-07-19,2026-07-26,,
0x2f49423451d403397a426fea265cc8e5eb9e63a6,bsc,惯犯庄家（SIREN案·离场庄#1·核心链）,serial-actor,identity,serial-offenders,2026-07-26,SIREN分析2026-07-19 appendix whale_group「离场庄#1·核心链」,serial-offender,,,2026-07-19,2026-07-26,,
0x2f51e1721e520c28e18af08b5f6cd9421926d07d,bsc,惯犯庄家（B案·小庄#1）,serial-actor,identity,serial-offenders,2026-07-26,BUILD分析 appendix whale_group「小庄#1」,serial-offender,,,2026-07-25,2026-07-26,,
0x2fa7d49c71c1c32486a532afcd49397fd503d094,bsc,惯犯庄家（B案·小庄#1）,serial-actor,identity,serial-offenders,2026-07-26,BUILD分析 appendix whale_group「小庄#1」,serial-offender,,,2026-07-25,2026-07-26,,
0x2fb5ad801df3de6774e489f802237c83f7421cc7,bsc,惯犯庄家（SIREN案·离场庄#1·核心链）,serial-actor,identity,serial-offenders,2026-07-26,SIREN分析2026-07-19 appendix whale_group「离场庄#1·核心链」,serial-offender,,,2026-07-19,2026-07-26,,
0x2fb699f007ca5250696d3ab5f4abd2a7c1d69112,bsc,惯犯庄家（SIREN案·离场庄#1·核心链）,serial-actor,identity,serial-offenders,2026-07-26,SIREN分析2026-07-19 appendix whale_group「离场庄#1·核心链」,serial-offender,,,2026-07-19,2026-07-26,,
0x2fb918be48468f4c975d7ec3806f0f0b546b1f96,bsc,惯犯庄家（B案·小庄#1）,serial-actor,identity,serial-offenders,2026-07-26,BUILD分析 appendix whale_group「小庄#1」,serial-offender,,,2026-07-25,2026-07-26,,
0x2fc843b34579f3e4312f4e7be447554d0bbb7632,bsc,惯犯庄家（SIREN案·离场庄#1·核心链）,serial-actor,identity,serial-offenders,2026-07-26,SIREN分析2026-07-19 appendix whale_group「离场庄#1·核心链」,serial-offender,,,2026-07-19,2026-07-26,,
0x2fd014a9618f42eb82dbc594a774a346d95f3e03,bsc,惯犯庄家（SIREN案·离场庄#1·核心链）,serial-actor,identity,serial-offenders,2026-07-26,SIREN分析2026-07-19 appendix whale_group「离场庄#1·核心链」,serial-offender,,,2026-07-19,2026-07-26,,
0x2fd7b76ad485c533e4a9b87d442dd6ca5e2bc6fe,bsc,惯犯庄家（B案·小庄#1）,serial-actor,identity,serial-offenders,2026-07-26,BUILD分析 appendix whale_group「小庄#1」,serial-offender,,,2026-07-25,2026-07-26,,
0x2fe5efa7fce1d4646905a7a3befbb90b5ce70be6,bsc,惯犯庄家（SIREN案·离场庄#1·扩展与静置仓网）,serial-actor,identity,serial-offenders,2026-07-26,SIREN分析2026-07-19 appendix whale_group「离场庄#1·扩展与静置仓网」,serial-offender,,,2026-07-19,2026-07-26,,
0x3073ce56d0da0f1ca3aca1e06c8f061269fb7c0a,bsc,惯犯庄家（B案·小庄#1）,serial-actor,identity,serial-offenders,2026-07-26,BUILD分析 appendix whale_group「小庄#1」,serial-offender,,,2026-07-25,2026-07-26,,
0x30e16c66019d2e12378a7354a83205883717150c,bsc,惯犯庄家（SIREN案·离场庄#1·核心链）,serial-actor,identity,serial-offenders,2026-07-26,SIREN分析2026-07-19 appendix whale_group「离场庄#1·核心链」,serial-offender,,,2026-07-19,2026-07-26,,
0x30efb67512e3489649acc2bcaf6f071b2702f225,bsc,惯犯庄家（SIREN案·离场庄#1·核心链）,serial-actor,identity,serial-offenders,2026-07-26,SIREN分析2026-07-19 appendix whale_group「离场庄#1·核心链」,serial-offender,,,2026-07-19,2026-07-26,,
0x31148905b05a7442a1e74eb1b82b9b76ce851eb5,bsc,惯犯庄家（SIREN案·离场庄#1·核心链）,serial-actor,identity,serial-offenders,2026-07-26,SIREN分析2026-07-19 appendix whale_group「离场庄#1·核心链」,serial-offender,,,2026-07-19,2026-07-26,,
0x3130a31825fa53d52d23346aa8a58b7512b1263f,bsc,惯犯庄家（B案·小庄#1）,serial-actor,identity,serial-offenders,2026-07-26,BUILD分析 appendix whale_group「小庄#1」,serial-offender,,,2026-07-25,2026-07-26,,
0x321622b8072beb245dddec883d842859592bbbe6,bsc,惯犯庄家（SIREN案·离场庄#1·核心链）,serial-actor,identity,serial-offenders,2026-07-26,SIREN分析2026-07-19 appendix whale_group「离场庄#1·核心链」,serial-offender,,,2026-07-19,2026-07-26,,
0x3238e6538ac1de82a6eacd80f9f834d9e9e32368,bsc,惯犯庄家（B案·小庄#1）,serial-actor,identity,serial-offenders,2026-07-26,BUILD分析 appendix whale_group「小庄#1」,serial-offender,,,2026-07-25,2026-07-26,,
0x32aee505bf402fc99aeb0588ab116d04e9ab2f5c,bsc,惯犯庄家（SIREN案·离场庄#1·核心链）,serial-actor,identity,serial-offenders,2026-07-26,SIREN分析2026-07-19 appendix whale_group「离场庄#1·核心链」,serial-offender,,,2026-07-19,2026-07-26,,
0x32b1f2eb34b277fa9deff37cc7493e0f02641827,bsc,惯犯庄家（SIREN案·离场庄#1·核心链）,serial-actor,identity,serial-offenders,2026-07-26,SIREN分析2026-07-19 appendix whale_group「离场庄#1·核心链」,serial-offender,,,2026-07-19,2026-07-26,,
0x32fa4753778e48aa82dc4d637d48bedcb2dc4a5b,bsc,惯犯庄家（B案·小庄#1）,serial-actor,identity,serial-offenders,2026-07-26,BUILD分析 appendix whale_group「小庄#1」,serial-offender,,,2026-07-25,2026-07-26,,
0x33179a3705f2db9cf6bf751b33ad207c4e63b780,bsc,"惯犯庄家（BANANAS31案·狙击集团(已离场,残尾仓)）",serial-actor,identity,serial-offenders,2026-07-26,"BANANAS31分析 appendix whale_group「狙击集团(已离场,残尾仓)」",serial-offender,,,2026-07-22,2026-07-26,,
0x33186463256d4d086d00c3f2a3897f064e832bbf,bsc,惯犯庄家（SIREN案·离场庄#1·核心链）,serial-actor,identity,serial-offenders,2026-07-26,SIREN分析2026-07-19 appendix whale_group「离场庄#1·核心链」,serial-offender,,,2026-07-19,2026-07-26,,
0x331e9760c2c56e7ada58aff5d57db94930008bc7,bsc,惯犯庄家（SIREN案·离场庄#1·核心链）,serial-actor,identity,serial-offenders,2026-07-26,SIREN分析2026-07-19 appendix whale_group「离场庄#1·核心链」,serial-offender,,,2026-07-19,2026-07-26,,
0x33217aeb4309d78494e29048ca6b93e909e95701,bsc,惯犯庄家（SIREN案·离场庄#1·核心链）,serial-actor,identity,serial-offenders,2026-07-26,SIREN分析2026-07-19 appendix whale_group「离场庄#1·核心链」,serial-offender,,,2026-07-19,2026-07-26,,
0x338bb3c8eb5f0ee33dc66bc1095e0d8cb4ed248b,bsc,惯犯庄家（B案·小庄#1）,serial-actor,identity,serial-offenders,2026-07-26,BUILD分析 appendix whale_group「小庄#1」,serial-offender,,,2026-07-25,2026-07-26,,
0x33956bc0677a43b97f6b1d7a72a1d7041f91ddfb,bsc,惯犯庄家（SIREN案·离场庄#1·核心链）,serial-actor,identity,serial-offenders,2026-07-26,SIREN分析2026-07-19 appendix whale_group「离场庄#1·核心链」,serial-offender,,,2026-07-19,2026-07-26,,
0x33b08e1e8b5495383eacd7c314c6de13ab2d5a63,bsc,惯犯庄家（SIREN案·离场庄#1·核心链）,serial-actor,identity,serial-offenders,2026-07-26,SIREN分析2026-07-19 appendix whale_group「离场庄#1·核心链」,serial-offender,,,2026-07-19,2026-07-26,,
0x33c78ace2e71dcd19fb2dc2de31bce75d0075586,bsc,惯犯庄家（SIREN案·离场庄#1·扩展与静置仓网）,serial-actor,identity,serial-offenders,2026-07-26,SIREN分析2026-07-19 appendix whale_group「离场庄#1·扩展与静置仓网」,serial-offender,,,2026-07-19,2026-07-26,,
0x341242af90cf75fee9f57ec0620a751e974f1c6d,bsc,惯犯庄家（SIREN案·离场庄#1·核心链）,serial-actor,identity,serial-offenders,2026-07-26,SIREN分析2026-07-19 appendix whale_group「离场庄#1·核心链」,serial-offender,,,2026-07-19,2026-07-26,,
0x343b5e9fc3626155eafa1a501f4ece67a845e855,bsc,惯犯庄家（B案·小庄#1）,serial-actor,identity,serial-offenders,2026-07-26,BUILD分析 appendix whale_group「小庄#1」,serial-offender,,,2026-07-25,2026-07-26,,
0x3459ab3d828483ce1c71740e068792a3f227ae7b,bsc,惯犯庄家（SIREN案·离场庄#1·核心链）,serial-actor,identity,serial-offenders,2026-07-26,SIREN分析2026-07-19 appendix whale_group「离场庄#1·核心链」,serial-offender,,,2026-07-19,2026-07-26,,
0x3460016326204012220d84448f63a3dbecb3c808,bsc,惯犯庄家（SIREN案·离场庄#1·核心链）,serial-actor,identity,serial-offenders,2026-07-26,SIREN分析2026-07-19 appendix whale_group「离场庄#1·核心链」,serial-offender,,,2026-07-19,2026-07-26,,
0x34754b459600a8442e2523354e154a4ee2615204,bsc,惯犯庄家（SIREN案·离场庄#1·核心链）,serial-actor,identity,serial-offenders,2026-07-26,SIREN分析2026-07-19 appendix whale_group「离场庄#1·核心链」,serial-offender,,,2026-07-19,2026-07-26,,
0x347b2e83f9acfd2f537b566d5c6a3bbb4f1fa1db,bsc,惯犯庄家（B案·小庄#1）,serial-actor,identity,serial-offenders,2026-07-26,BUILD分析 appendix whale_group「小庄#1」,serial-offender,,,2026-07-25,2026-07-26,,
0x34e333c8ec4a6b541e03591e7291474b251122e4,bsc,惯犯庄家（SIREN案·离场庄#1·核心链）,serial-actor,identity,serial-offenders,2026-07-26,SIREN分析2026-07-19 appendix whale_group「离场庄#1·核心链」,serial-offender,,,2026-07-19,2026-07-26,,
0x34ff1cf7247c7ddc8c4b89a4a3a525abefaa9c83,bsc,惯犯庄家（SIREN案·离场庄#1·核心链）,serial-actor,identity,serial-offenders,2026-07-26,SIREN分析2026-07-19 appendix whale_group「离场庄#1·核心链」,serial-offender,,,2026-07-19,2026-07-26,,
0x350460e3d2cc9ed711a16aa6b3cec93048bea9cd,bsc,惯犯庄家（SIREN案·离场庄#1·核心链）,serial-actor,identity,serial-offenders,2026-07-26,SIREN分析2026-07-19 appendix whale_group「离场庄#1·核心链」,serial-offender,,,2026-07-19,2026-07-26,,
0x352195e354c5a7731588c6366c15be1fbde6eb40,bsc,惯犯庄家（SIREN案·离场庄#1·核心链）,serial-actor,identity,serial-offenders,2026-07-26,SIREN分析2026-07-19 appendix whale_group「离场庄#1·核心链」,serial-offender,,,2026-07-19,2026-07-26,,
0x35547db662b26caeac035964adbe570033758869,bsc,惯犯庄家（SIREN案·离场庄#1·核心链）,serial-actor,identity,serial-offenders,2026-07-26,SIREN分析2026-07-19 appendix whale_group「离场庄#1·核心链」,serial-offender,,,2026-07-19,2026-07-26,,
0x357033b715fea3df713321b478f5b076cb8d28ac,bsc,惯犯庄家（SIREN案·离场庄#1·核心链）,serial-actor,identity,serial-offenders,2026-07-26,SIREN分析2026-07-19 appendix whale_group「离场庄#1·核心链」,serial-offender,,,2026-07-19,2026-07-26,,
0x357bd306a66ec322eecce78053d22251468bc2ea,bsc,惯犯庄家（SIREN案·离场庄#1·核心链）,serial-actor,identity,serial-offenders,2026-07-26,SIREN分析2026-07-19 appendix whale_group「离场庄#1·核心链」,serial-offender,,,2026-07-19,2026-07-26,,
0x358921731e24d1efe664fb533b3794c429bff794,bsc,"惯犯庄家（BANANAS31案·狙击集团(已离场,残尾仓)）",serial-actor,identity,serial-offenders,2026-07-26,"BANANAS31分析 appendix whale_group「狙击集团(已离场,残尾仓)」",serial-offender,,,2026-07-22,2026-07-26,,
0x359a15f43321f7f662b685fd162c2912b3ab93b8,bsc,惯犯庄家（SIREN案·离场庄#1·核心链）,serial-actor,identity,serial-offenders,2026-07-26,SIREN分析2026-07-19 appendix whale_group「离场庄#1·核心链」,serial-offender,,,2026-07-19,2026-07-26,,
0x35b22b29db6a4268ec4095ceae0dbee7101b36cc,bsc,惯犯庄家（B案·小庄#1）,serial-actor,identity,serial-offenders,2026-07-26,BUILD分析 appendix whale_group「小庄#1」,serial-offender,,,2026-07-25,2026-07-26,,
0x35c8798780d5cdf219725fbcbad152b029d6ac41,bsc,惯犯庄家（B案·小庄#1）,serial-actor,identity,serial-offenders,2026-07-26,BUILD分析 appendix whale_group「小庄#1」,serial-offender,,,2026-07-25,2026-07-26,,
0x362e9b7d937edb4c906d9e56137c207d76633c9f,bsc,惯犯庄家（SIREN案·离场庄#1·核心链）,serial-actor,identity,serial-offenders,2026-07-26,SIREN分析2026-07-19 appendix whale_group「离场庄#1·核心链」,serial-offender,,,2026-07-19,2026-07-26,,
0x36547a839418b088d338343e03e42ca2858a39bb,bsc,惯犯庄家（SIREN案·离场庄#1·核心链）,serial-actor,identity,serial-offenders,2026-07-26,SIREN分析2026-07-19 appendix whale_group「离场庄#1·核心链」,serial-offender,,,2026-07-19,2026-07-26,,
0x368ae4ec837c4a04cdc4645adc7c0db42316207b,bsc,惯犯庄家（SIREN案·离场庄#1·核心链）,serial-actor,identity,serial-offenders,2026-07-26,SIREN分析2026-07-19 appendix whale_group「离场庄#1·核心链」,serial-offender,,,2026-07-19,2026-07-26,,
0x368b8aae65bbcd01bb75c7f485a81a9c3f6eafd5,bsc,惯犯庄家（B案·小庄#1）,serial-actor,identity,serial-offenders,2026-07-26,BUILD分析 appendix whale_group「小庄#1」,serial-offender,,,2026-07-25,2026-07-26,,
0x36a952c07fa9bdd9ff2430a55b10c4bf5aca71d2,bsc,惯犯庄家（B案·小庄#1）,serial-actor,identity,serial-offenders,2026-07-26,BUILD分析 appendix whale_group「小庄#1」,serial-offender,,,2026-07-25,2026-07-26,,
0x36b854d67ba956fd359911e5d3c177caaaff9464,bsc,惯犯庄家（bibi案·庄#1·三地址·bundle发射（已清仓））,serial-actor,identity,serial-offenders,2026-07-26,bibi分析 appendix whale_group「庄#1·三地址·bundle发射（已清仓）」,serial-offender,,,2026-07-12,2026-07-26,,
0x36db5323a31d19b6899fa084acec21634ee98b48,bsc,惯犯庄家（SIREN案·离场庄#1·核心链）,serial-actor,identity,serial-offenders,2026-07-26,SIREN分析2026-07-19 appendix whale_group「离场庄#1·核心链」,serial-offender,,,2026-07-19,2026-07-26,,
0x36dc506b3262db873687b69eb5630e760d8ab346,bsc,惯犯庄家（SIREN案·离场庄#1·核心链）,serial-actor,identity,serial-offenders,2026-07-26,SIREN分析2026-07-19 appendix whale_group「离场庄#1·核心链」,serial-offender,,,2026-07-19,2026-07-26,,
0x36ed4ba632a0c737c77c50652bb931d184a18767,bsc,惯犯庄家（SIREN案·离场庄#1·核心链）,serial-actor,identity,serial-offenders,2026-07-26,SIREN分析2026-07-19 appendix whale_group「离场庄#1·核心链」,serial-offender,,,2026-07-19,2026-07-26,,
0x36f00c1c4d7cc20860826bb5409b65de481b989d,bsc,惯犯庄家（SIREN案·离场庄#1·核心链）,serial-actor,identity,serial-offenders,2026-07-26,SIREN分析2026-07-19 appendix whale_group「离场庄#1·核心链」,serial-offender,,,2026-07-19,2026-07-26,,
0x36f95aaa9e283e73857c844de40bfcfffb88bf04,bsc,惯犯庄家（SIREN案·离场庄#1·扩展与静置仓网）,serial-actor,identity,serial-offenders,2026-07-26,SIREN分析2026-07-19 appendix whale_group「离场庄#1·扩展与静置仓网」,serial-offender,,,2026-07-19,2026-07-26,,
0x370c933502559ce6b5144ebde8ae18d3a51211f3,bsc,惯犯庄家（SIREN案·离场庄#1·核心链）,serial-actor,identity,serial-offenders,2026-07-26,SIREN分析2026-07-19 appendix whale_group「离场庄#1·核心链」,serial-offender,,,2026-07-19,2026-07-26,,
0x371a8607579d4ceeef3ddc0ae17e6ec40edb61c1,bsc,惯犯庄家（B案·小庄#1）,serial-actor,identity,serial-offenders,2026-07-26,BUILD分析 appendix whale_group「小庄#1」,serial-offender,,,2026-07-25,2026-07-26,,
0x374e767f8cf470446661b27a3cbf065406eeb014,bsc,惯犯庄家（B案·小庄#1）,serial-actor,identity,serial-offenders,2026-07-26,BUILD分析 appendix whale_group「小庄#1」,serial-offender,,,2026-07-25,2026-07-26,,
0x3756c2ffbb88ad7adc6c82bdf5cf06d018a5b0f3,bsc,惯犯庄家（B案·小庄#1）,serial-actor,identity,serial-offenders,2026-07-26,BUILD分析 appendix whale_group「小庄#1」,serial-offender,,,2026-07-25,2026-07-26,,
0x37c5a3c6fb253ec86eadef7f6ed876a725816e6d,bsc,惯犯庄家（B案·小庄#1）,serial-actor,identity,serial-offenders,2026-07-26,BUILD分析 appendix whale_group「小庄#1」,serial-offender,,,2026-07-25,2026-07-26,,
0x37d0d8dd89a735800c6367f72b1c3a9e2ff93ec2,bsc,惯犯庄家（SIREN案·离场庄#1·扩展与静置仓网）,serial-actor,identity,serial-offenders,2026-07-26,SIREN分析2026-07-19 appendix whale_group「离场庄#1·扩展与静置仓网」,serial-offender,,,2026-07-19,2026-07-26,,
0x37e6354ed44ba88e524bae87d83a1d34b568e8b3,bsc,惯犯庄家（SIREN案·离场庄#1·扩展与静置仓网）,serial-actor,identity,serial-offenders,2026-07-26,SIREN分析2026-07-19 appendix whale_group「离场庄#1·扩展与静置仓网」,serial-offender,,,2026-07-19,2026-07-26,,
0x37f1c7afe074aec7fd11874457f887daf5a81cba,bsc,惯犯庄家（SIREN案·离场庄#1·核心链）,serial-actor,identity,serial-offenders,2026-07-26,SIREN分析2026-07-19 appendix whale_group「离场庄#1·核心链」,serial-offender,,,2026-07-19,2026-07-26,,
0x3812f12f7b9743332ecd6741ee657860901bcc06,bsc,惯犯庄家（B案·小庄#1）,serial-actor,identity,serial-offenders,2026-07-26,BUILD分析 appendix whale_group「小庄#1」,serial-offender,,,2026-07-25,2026-07-26,,
0x3845df04978dbfbbde07dccde7b807f5183942ac,bsc,惯犯庄家（B案·小庄#1）,serial-actor,identity,serial-offenders,2026-07-26,BUILD分析 appendix whale_group「小庄#1」,serial-offender,,,2026-07-25,2026-07-26,,
0x385be8b7b577f8a54fafd645f2f51d9227762a7a,bsc,"惯犯庄家（BANANAS31案·狙击集团(已离场,残尾仓)）",serial-actor,identity,serial-offenders,2026-07-26,"BANANAS31分析 appendix whale_group「狙击集团(已离场,残尾仓)」",serial-offender,,,2026-07-22,2026-07-26,,
0x386a565ef5b72fd6cb52d9697757369d1a4cca78,bsc,惯犯庄家（SIREN案·离场庄#1·核心链）,serial-actor,identity,serial-offenders,2026-07-26,SIREN分析2026-07-19 appendix whale_group「离场庄#1·核心链」,serial-offender,,,2026-07-19,2026-07-26,,
0x38b627bb6cad74ee0ab1616f88529dfa140f1159,bsc,惯犯庄家（B案·小庄#1）,serial-actor,identity,serial-offenders,2026-07-26,BUILD分析 appendix whale_group「小庄#1」,serial-offender,,,2026-07-25,2026-07-26,,
0x38cc1ee9f87b7627caa1f1950bca9b1a7b0f2e95,bsc,惯犯庄家（SIREN案·离场庄#1·核心链）,serial-actor,identity,serial-offenders,2026-07-26,SIREN分析2026-07-19 appendix whale_group「离场庄#1·核心链」,serial-offender,,,2026-07-19,2026-07-26,,
0x3901c2e7d5564b9711da5a4197a1a2dc936dbdad,bsc,惯犯庄家（SIREN案·离场庄#1·核心链）,serial-actor,identity,serial-offenders,2026-07-26,SIREN分析2026-07-19 appendix whale_group「离场庄#1·核心链」,serial-offender,,,2026-07-19,2026-07-26,,
0x395403ebb0012c48b17d1c559cdc0d6e6fa70cff,bsc,惯犯庄家（B案·小庄#1）,serial-actor,identity,serial-offenders,2026-07-26,BUILD分析 appendix whale_group「小庄#1」,serial-offender,,,2026-07-25,2026-07-26,,
0x39a58d878f3e69b423c5d93e724db309e1ca3c6a,bsc,惯犯庄家（SIREN案·离场庄#1·核心链）,serial-actor,identity,serial-offenders,2026-07-26,SIREN分析2026-07-19 appendix whale_group「离场庄#1·核心链」,serial-offender,,,2026-07-19,2026-07-26,,
0x39b39bf09c307470fe6421309a4a57ddcdabd282,bsc,惯犯庄家（SIREN案·离场庄#1·核心链）,serial-actor,identity,serial-offenders,2026-07-26,SIREN分析2026-07-19 appendix whale_group「离场庄#1·核心链」,serial-offender,,,2026-07-19,2026-07-26,,
0x39e97ec2f39ba4ab1fc6e60cca872fcc8cfe0727,bsc,惯犯庄家（哈基米案·项目方(dev工作室)）,serial-actor,identity,serial-offenders,2026-07-26,哈基米分析 appendix whale_group「项目方(dev工作室)」,serial-offender,,,2026-07-18,2026-07-26,,
0x3a11c87f65adc3dc67cdc10652c4b0fdd71ab894,bsc,惯犯庄家（SIREN案·离场庄#1·核心链）,serial-actor,identity,serial-offenders,2026-07-26,SIREN分析2026-07-19 appendix whale_group「离场庄#1·核心链」,serial-offender,,,2026-07-19,2026-07-26,,
0x3a16e0d5a27dad1f28b44b973684ed68f6f22c90,bsc,惯犯庄家（SIREN案·离场庄#1·扩展与静置仓网）,serial-actor,identity,serial-offenders,2026-07-26,SIREN分析2026-07-19 appendix whale_group「离场庄#1·扩展与静置仓网」,serial-offender,,,2026-07-19,2026-07-26,,
0x3a1a91a9b654d6b4901bb743b3cf594b32be14d1,bsc,惯犯庄家（SIREN案·离场庄#1·核心链）,serial-actor,identity,serial-offenders,2026-07-26,SIREN分析2026-07-19 appendix whale_group「离场庄#1·核心链」,serial-offender,,,2026-07-19,2026-07-26,,
0x3a55c884de0dd6fca3594e9179f3d1bd5b4e0213,bsc,惯犯庄家（SIREN案·离场庄#1·核心链）,serial-actor,identity,serial-offenders,2026-07-26,SIREN分析2026-07-19 appendix whale_group「离场庄#1·核心链」,serial-offender,,,2026-07-19,2026-07-26,,
0x3a5c9e9948741c579cd58cb2e3251f3c96078a59,bsc,惯犯庄家（SIREN案·离场庄#1·核心链）,serial-actor,identity,serial-offenders,2026-07-26,SIREN分析2026-07-19 appendix whale_group「离场庄#1·核心链」,serial-offender,,,2026-07-19,2026-07-26,,
0x3a81359586fd0082102ee36fdd0f7dc7dd3019ba,bsc,惯犯庄家（B案·小庄#1）,serial-actor,identity,serial-offenders,2026-07-26,BUILD分析 appendix whale_group「小庄#1」,serial-offender,,,2026-07-25,2026-07-26,,
0x3abe2c854526c7cc2b31d7e5d106844fe7869747,bsc,惯犯庄家（B案·小庄#1）,serial-actor,identity,serial-offenders,2026-07-26,BUILD分析 appendix whale_group「小庄#1」,serial-offender,,,2026-07-25,2026-07-26,,
0x3b46594e5fa1582973b25efb4fa278b07b40b260,bsc,惯犯庄家（B案·小庄#1）,serial-actor,identity,serial-offenders,2026-07-26,BUILD分析 appendix whale_group「小庄#1」,serial-offender,,,2026-07-25,2026-07-26,,
0x3b8e074944503d6e1f93a5dedda9886223df8957,bsc,惯犯庄家（SIREN案·离场庄#1·核心链）,serial-actor,identity,serial-offenders,2026-07-26,SIREN分析2026-07-19 appendix whale_group「离场庄#1·核心链」,serial-offender,,,2026-07-19,2026-07-26,,
0x3baa15adf7626ad95936a1f041ba1d1268d673df,bsc,惯犯庄家（SIREN案·离场庄#1·核心链）,serial-actor,identity,serial-offenders,2026-07-26,SIREN分析2026-07-19 appendix whale_group「离场庄#1·核心链」,serial-offender,,,2026-07-19,2026-07-26,,
0x3bc4c99d4840cb36e741537b3f7f460a0d0f6dc7,bsc,惯犯庄家（SIREN案·离场庄#1·核心链）,serial-actor,identity,serial-offenders,2026-07-26,SIREN分析2026-07-19 appendix whale_group「离场庄#1·核心链」,serial-offender,,,2026-07-19,2026-07-26,,
0x3bd698c229bd6da8f3454802cf68bbb758ffaaaf,bsc,惯犯庄家（SIREN案·离场庄#1·核心链）,serial-actor,identity,serial-offenders,2026-07-26,SIREN分析2026-07-19 appendix whale_group「离场庄#1·核心链」,serial-offender,,,2026-07-19,2026-07-26,,
0x3c1533fc2bfeaf3e632292f5cb8121e24e485e1a,bsc,惯犯庄家（SIREN案·离场庄#1·核心链）,serial-actor,identity,serial-offenders,2026-07-26,SIREN分析2026-07-19 appendix whale_group「离场庄#1·核心链」,serial-offender,,,2026-07-19,2026-07-26,,
0x3c548073e46262fad2e7f0ebd6f83c5c614aaa63,bsc,惯犯庄家（SIREN案·离场庄#1·核心链）,serial-actor,identity,serial-offenders,2026-07-26,SIREN分析2026-07-19 appendix whale_group「离场庄#1·核心链」,serial-offender,,,2026-07-19,2026-07-26,,
0x3c939b9e08e5bf20251198eafd78bc96887df4bf,bsc,惯犯庄家（SIREN案·离场庄#1·扩展与静置仓网）,serial-actor,identity,serial-offenders,2026-07-26,SIREN分析2026-07-19 appendix whale_group「离场庄#1·扩展与静置仓网」,serial-offender,,,2026-07-19,2026-07-26,,
0x3cb558254f48511cfd0034453f0454c8ae4ef07e,bsc,惯犯庄家（SIREN案·离场庄#1·核心链）,serial-actor,identity,serial-offenders,2026-07-26,SIREN分析2026-07-19 appendix whale_group「离场庄#1·核心链」,serial-offender,,,2026-07-19,2026-07-26,,
0x3ce665d8638ae609d6a7a1f460b0b522b9e09741,bsc,惯犯庄家（SIREN案·离场庄#1·核心链）,serial-actor,identity,serial-offenders,2026-07-26,SIREN分析2026-07-19 appendix whale_group「离场庄#1·核心链」,serial-offender,,,2026-07-19,2026-07-26,,
0x3ce98678c79d6ffdab16a53b4cb1a9a23c19959b,bsc,惯犯庄家（B案·小庄#1）,serial-actor,identity,serial-offenders,2026-07-26,BUILD分析 appendix whale_group「小庄#1」,serial-offender,,,2026-07-25,2026-07-26,,
0x3ce990b610be09cc9778a88945eed9885bb1099b,bsc,惯犯庄家（B案·小庄#1）,serial-actor,identity,serial-offenders,2026-07-26,BUILD分析 appendix whale_group「小庄#1」,serial-offender,,,2026-07-25,2026-07-26,,
0x3d00f0b294d48a3a79eee089628cdbe6c95845d1,bsc,惯犯庄家（B案·小庄#1）,serial-actor,identity,serial-offenders,2026-07-26,BUILD分析 appendix whale_group「小庄#1」,serial-offender,,,2026-07-25,2026-07-26,,
0x3d12cdbb4ebed59eb6076bb241ed203b7f84baaf,bsc,惯犯庄家（B案·小庄#1）,serial-actor,identity,serial-offenders,2026-07-26,BUILD分析 appendix whale_group「小庄#1」,serial-offender,,,2026-07-25,2026-07-26,,
0x3d3a693d2d1d02b30a71138598960035749ee2a4,bsc,惯犯庄家（SIREN案·离场庄#1·核心链）,serial-actor,identity,serial-offenders,2026-07-26,SIREN分析2026-07-19 appendix whale_group「离场庄#1·核心链」,serial-offender,,,2026-07-19,2026-07-26,,
0x3d3e88c7c62a8450a26f5c9f3a017171a62a06e5,bsc,惯犯庄家（SIREN案·离场庄#1·扩展与静置仓网）,serial-actor,identity,serial-offenders,2026-07-26,SIREN分析2026-07-19 appendix whale_group「离场庄#1·扩展与静置仓网」,serial-offender,,,2026-07-19,2026-07-26,,
0x3d486d2f6cccf29ea849767d98221263969617ef,bsc,惯犯庄家（SIREN案·离场庄#1·核心链）,serial-actor,identity,serial-offenders,2026-07-26,SIREN分析2026-07-19 appendix whale_group「离场庄#1·核心链」,serial-offender,,,2026-07-19,2026-07-26,,
0x3d538974f524bbcc1e121b675d5a7281204a2b98,bsc,惯犯庄家（B案·小庄#1）,serial-actor,identity,serial-offenders,2026-07-26,BUILD分析 appendix whale_group「小庄#1」,serial-offender,,,2026-07-25,2026-07-26,,
0x3d54c39f1d4a20fea998d7981064117721dfef4e,bsc,惯犯庄家（SIREN案·离场庄#1·核心链）,serial-actor,identity,serial-offenders,2026-07-26,SIREN分析2026-07-19 appendix whale_group「离场庄#1·核心链」,serial-offender,,,2026-07-19,2026-07-26,,
0x3d9d7c1a7f05389cbec6e67b4e0749b711f53a03,bsc,惯犯庄家（SIREN案·离场庄#1·核心链）,serial-actor,identity,serial-offenders,2026-07-26,SIREN分析2026-07-19 appendix whale_group「离场庄#1·核心链」,serial-offender,,,2026-07-19,2026-07-26,,
0x3da1137d487d01aaf730856fbfc845a5b62c1147,bsc,惯犯庄家（SIREN案·离场庄#1·核心链）,serial-actor,identity,serial-offenders,2026-07-26,SIREN分析2026-07-19 appendix whale_group「离场庄#1·核心链」,serial-offender,,,2026-07-19,2026-07-26,,
0x3db1887e7cdf6454d41a9dacaed5e4d2748426d2,bsc,惯犯庄家（BANANAS31案·小庄S·Bitget库存循环体系）,serial-actor,identity,serial-offenders,2026-07-26,BANANAS31分析 appendix whale_group「小庄S·Bitget库存循环体系」,serial-offender,,,2026-07-22,2026-07-26,,
0x3e26310b091869d33a51b4e106db26d928c4d029,bsc,惯犯庄家（SIREN案·离场庄#1·核心链）,serial-actor,identity,serial-offenders,2026-07-26,SIREN分析2026-07-19 appendix whale_group「离场庄#1·核心链」,serial-offender,,,2026-07-19,2026-07-26,,
0x3e7faf048b44d7e7b7c539f705cf66a3f84c76da,bsc,"惯犯庄家（BANANAS31案·狙击集团(已离场,残尾仓)）",serial-actor,identity,serial-offenders,2026-07-26,"BANANAS31分析 appendix whale_group「狙击集团(已离场,残尾仓)」",serial-offender,,,2026-07-22,2026-07-26,,
0x3ebe10f763caec8b772b46a201dc31886acb919f,bsc,惯犯庄家（SIREN案·离场庄#1·扩展与静置仓网）,serial-actor,identity,serial-offenders,2026-07-26,SIREN分析2026-07-19 appendix whale_group「离场庄#1·扩展与静置仓网」,serial-offender,,,2026-07-19,2026-07-26,,
0x3f26517805fb51e3a582d88e64f0ae10f7a209c2,bsc,惯犯庄家（SIREN案·离场庄#1·核心链）,serial-actor,identity,serial-offenders,2026-07-26,SIREN分析2026-07-19 appendix whale_group「离场庄#1·核心链」,serial-offender,,,2026-07-19,2026-07-26,,
0x3f471b4130411f493f41dfbf5380079d23b76096,bsc,惯犯庄家（SIREN案·离场庄#1·核心链）,serial-actor,identity,serial-offenders,2026-07-26,SIREN分析2026-07-19 appendix whale_group「离场庄#1·核心链」,serial-offender,,,2026-07-19,2026-07-26,,
0x3f5bc0ae0464e3697bd96d8b1192e10e4e6490f7,bsc,惯犯庄家（B案·小庄#1）,serial-actor,identity,serial-offenders,2026-07-26,BUILD分析 appendix whale_group「小庄#1」,serial-offender,,,2026-07-25,2026-07-26,,
0x3f5ccea69d6584aae3350c00dd15e932026314b7,bsc,惯犯庄家（B案·小庄#1）,serial-actor,identity,serial-offenders,2026-07-26,BUILD分析 appendix whale_group「小庄#1」,serial-offender,,,2026-07-25,2026-07-26,,
0x400cceb1070c0daf4fa951c71280f1f0b16a9b40,bsc,惯犯庄家（SIREN案·离场庄#1·核心链）,serial-actor,identity,serial-offenders,2026-07-26,SIREN分析2026-07-19 appendix whale_group「离场庄#1·核心链」,serial-offender,,,2026-07-19,2026-07-26,,
0x400dacaff26f8f8c9cbc08c31fd843a6746561ac,bsc,惯犯庄家（SIREN案·离场庄#1·核心链）,serial-actor,identity,serial-offenders,2026-07-26,SIREN分析2026-07-19 appendix whale_group「离场庄#1·核心链」,serial-offender,,,2026-07-19,2026-07-26,,
0x405eb7f7d87ead9dce9d0b0529851a9932785a04,bsc,惯犯庄家（SIREN案·离场庄#1·核心链）,serial-actor,identity,serial-offenders,2026-07-26,SIREN分析2026-07-19 appendix whale_group「离场庄#1·核心链」,serial-offender,,,2026-07-19,2026-07-26,,
0x40cf37f838c32f1cde872e9cdfc4561e2825e7dd,bsc,惯犯庄家（B案·小庄#1）,serial-actor,identity,serial-offenders,2026-07-26,BUILD分析 appendix whale_group「小庄#1」,serial-offender,,,2026-07-25,2026-07-26,,
0x40e9fd32c40f314589b3c7f9a2e2a2616ee4dea8,bsc,惯犯庄家（SIREN案·离场庄#1·扩展与静置仓网）,serial-actor,identity,serial-offenders,2026-07-26,SIREN分析2026-07-19 appendix whale_group「离场庄#1·扩展与静置仓网」,serial-offender,,,2026-07-19,2026-07-26,,
0x40f8d31c35f25f41f44d9a8d8152e3f528222785,bsc,惯犯庄家（BANANAS31案·小庄S·Bitget库存循环体系）,serial-actor,identity,serial-offenders,2026-07-26,BANANAS31分析 appendix whale_group「小庄S·Bitget库存循环体系」,serial-offender,,,2026-07-22,2026-07-26,,
0x40f939b4ae3b3859966b1f666a5d3f38c92c48ef,bsc,惯犯庄家（B案·小庄#1）,serial-actor,identity,serial-offenders,2026-07-26,BUILD分析 appendix whale_group「小庄#1」,serial-offender,,,2026-07-25,2026-07-26,,
0x4172fba2cc830cd0a8d3380cfb5c2dc3f383498e,bsc,惯犯庄家（B案·小庄#1）,serial-actor,identity,serial-offenders,2026-07-26,BUILD分析 appendix whale_group「小庄#1」,serial-offender,,,2026-07-25,2026-07-26,,
0x41d95e600b2ac93809226179f9665db58cc4fcf9,bsc,惯犯庄家（SIREN案·离场庄#1·核心链）,serial-actor,identity,serial-offenders,2026-07-26,SIREN分析2026-07-19 appendix whale_group「离场庄#1·核心链」,serial-offender,,,2026-07-19,2026-07-26,,
0x421aaea0bc680eb1b7d930efb67596d7a005fcf9,bsc,惯犯庄家（SIREN案·离场庄#1·核心链）,serial-actor,identity,serial-offenders,2026-07-26,SIREN分析2026-07-19 appendix whale_group「离场庄#1·核心链」,serial-offender,,,2026-07-19,2026-07-26,,
0x426e28fb29e06c48f0a0f501e0a27d44c0f30fc8,bsc,惯犯庄家（SIREN案·离场庄#1·核心链）,serial-actor,identity,serial-offenders,2026-07-26,SIREN分析2026-07-19 appendix whale_group「离场庄#1·核心链」,serial-offender,,,2026-07-19,2026-07-26,,
0x429003aa079d83027c8893e009ab051d61d24f27,bsc,惯犯庄家（SIREN案·离场庄#1·核心链）,serial-actor,identity,serial-offenders,2026-07-26,SIREN分析2026-07-19 appendix whale_group「离场庄#1·核心链」,serial-offender,,,2026-07-19,2026-07-26,,
0x42d42d6be631e572164116a268a30b17b565b007,bsc,惯犯庄家（SIREN案·离场庄#1·核心链）,serial-actor,identity,serial-offenders,2026-07-26,SIREN分析2026-07-19 appendix whale_group「离场庄#1·核心链」,serial-offender,,,2026-07-19,2026-07-26,,
0x42e76afa148399604384f8b4a8ac96d644e9a448,bsc,惯犯庄家（SIREN案·离场庄#1·核心链）,serial-actor,identity,serial-offenders,2026-07-26,SIREN分析2026-07-19 appendix whale_group「离场庄#1·核心链」,serial-offender,,,2026-07-19,2026-07-26,,
0x433713558ce463ce5785154ac282ec56e84f990e,bsc,惯犯庄家（BANANAS31案·小庄S·Bitget库存循环体系）,serial-actor,identity,serial-offenders,2026-07-26,BANANAS31分析 appendix whale_group「小庄S·Bitget库存循环体系」,serial-offender,,,2026-07-22,2026-07-26,,
0x438239f5513179afc39b4ef8ceb7391c977fa7e8,bsc,惯犯庄家（SIREN案·离场庄#1·核心链）,serial-actor,identity,serial-offenders,2026-07-26,SIREN分析2026-07-19 appendix whale_group「离场庄#1·核心链」,serial-offender,,,2026-07-19,2026-07-26,,
0x439a79ec48b343e658401dab658bbcd787244221,bsc,惯犯庄家（SIREN案·离场庄#1·核心链）,serial-actor,identity,serial-offenders,2026-07-26,SIREN分析2026-07-19 appendix whale_group「离场庄#1·核心链」,serial-offender,,,2026-07-19,2026-07-26,,
0x439fec33eee3d6e60bea876ab2395b181a4a4417,bsc,惯犯庄家（SIREN案·离场庄#1·核心链）,serial-actor,identity,serial-offenders,2026-07-26,SIREN分析2026-07-19 appendix whale_group「离场庄#1·核心链」,serial-offender,,,2026-07-19,2026-07-26,,
0x43cab01a0d7238b77f135bdff49048020bc6b2c4,bsc,惯犯庄家（B案·小庄#1）,serial-actor,identity,serial-offenders,2026-07-26,BUILD分析 appendix whale_group「小庄#1」,serial-offender,,,2026-07-25,2026-07-26,,
0x440fdb7c13aa0513c6d7ae65461309551c624521,bsc,惯犯庄家（SIREN案·离场庄#1·核心链）,serial-actor,identity,serial-offenders,2026-07-26,SIREN分析2026-07-19 appendix whale_group「离场庄#1·核心链」,serial-offender,,,2026-07-19,2026-07-26,,
0x44784d82d6746e4d3b8af4e75509f6aefd2cff3f,bsc,惯犯庄家（SIREN案·离场庄#1·核心链）,serial-actor,identity,serial-offenders,2026-07-26,SIREN分析2026-07-19 appendix whale_group「离场庄#1·核心链」,serial-offender,,,2026-07-19,2026-07-26,,
0x4482fe2d5d850801c84b6b66a78d32775c20834e,bsc,惯犯庄家（SIREN案·离场庄#1·核心链）,serial-actor,identity,serial-offenders,2026-07-26,SIREN分析2026-07-19 appendix whale_group「离场庄#1·核心链」,serial-offender,,,2026-07-19,2026-07-26,,
0x44843e427203e380d1a110634c3acf837fbcc5c2,bsc,惯犯庄家（B案·小庄#1）,serial-actor,identity,serial-offenders,2026-07-26,BUILD分析 appendix whale_group「小庄#1」,serial-offender,,,2026-07-25,2026-07-26,,
0x4498de08cc73bb03dd6b52ad93cea281909f2198,bsc,惯犯庄家（SIREN案·离场庄#1·核心链）,serial-actor,identity,serial-offenders,2026-07-26,SIREN分析2026-07-19 appendix whale_group「离场庄#1·核心链」,serial-offender,,,2026-07-19,2026-07-26,,
0x44fd5a88be179127dc822b9a3194838cb77efb24,bsc,惯犯庄家（B案·小庄#1）,serial-actor,identity,serial-offenders,2026-07-26,BUILD分析 appendix whale_group「小庄#1」,serial-offender,,,2026-07-25,2026-07-26,,
0x450ae858e50e51f7c55aedc4bf4e5e5069aa4420,bsc,惯犯庄家（SIREN案·离场庄#1·核心链）,serial-actor,identity,serial-offenders,2026-07-26,SIREN分析2026-07-19 appendix whale_group「离场庄#1·核心链」,serial-offender,,,2026-07-19,2026-07-26,,
0x4519bbe95e13b8904a55efe89d333671ff276acd,bsc,惯犯庄家（SIREN案·离场庄#1·核心链）,serial-actor,identity,serial-offenders,2026-07-26,SIREN分析2026-07-19 appendix whale_group「离场庄#1·核心链」,serial-offender,,,2026-07-19,2026-07-26,,
0x45428172f017ae23c473daa69a007ec8462059bf,bsc,惯犯庄家（B案·小庄#1）,serial-actor,identity,serial-offenders,2026-07-26,BUILD分析 appendix whale_group「小庄#1」,serial-offender,,,2026-07-25,2026-07-26,,
0x45636ffc67164b1350a042ef07e543574c35d458,bsc,惯犯庄家（SIREN案·离场庄#1·核心链）,serial-actor,identity,serial-offenders,2026-07-26,SIREN分析2026-07-19 appendix whale_group「离场庄#1·核心链」,serial-offender,,,2026-07-19,2026-07-26,,
0x4565a44f6d98bd0c1a38244394080e622956d7d6,bsc,惯犯庄家（B案·小庄#1）,serial-actor,identity,serial-offenders,2026-07-26,BUILD分析 appendix whale_group「小庄#1」,serial-offender,,,2026-07-25,2026-07-26,,
0x456b712a7a221cf2b75023a47399453aa07ac109,bsc,惯犯庄家（B案·小庄#1）,serial-actor,identity,serial-offenders,2026-07-26,BUILD分析 appendix whale_group「小庄#1」,serial-offender,,,2026-07-25,2026-07-26,,
0x45dcd0eb0d53d5c6f159e138953b4faea695edc7,bsc,惯犯庄家（SIREN案·离场庄#1·核心链）,serial-actor,identity,serial-offenders,2026-07-26,SIREN分析2026-07-19 appendix whale_group「离场庄#1·核心链」,serial-offender,,,2026-07-19,2026-07-26,,
0x460a3d4766d0aa9bf97b0b9d02c4302ed2eab7f0,bsc,惯犯庄家（SIREN案·离场庄#1·核心链）,serial-actor,identity,serial-offenders,2026-07-26,SIREN分析2026-07-19 appendix whale_group「离场庄#1·核心链」,serial-offender,,,2026-07-19,2026-07-26,,
0x4635f98570aeecdf4d7d0d684f637c12380d4f95,bsc,惯犯庄家（B案·小庄#1）,serial-actor,identity,serial-offenders,2026-07-26,BUILD分析 appendix whale_group「小庄#1」,serial-offender,,,2026-07-25,2026-07-26,,
0x46401a873a1deab01b949416df938f6aa375cc99,bsc,惯犯庄家（B案·小庄#1）,serial-actor,identity,serial-offenders,2026-07-26,BUILD分析 appendix whale_group「小庄#1」,serial-offender,,,2026-07-25,2026-07-26,,
0x4646b109235d6b7adc740342cef0846ee6418a28,bsc,惯犯庄家（SIREN案·离场庄#1·核心链）,serial-actor,identity,serial-offenders,2026-07-26,SIREN分析2026-07-19 appendix whale_group「离场庄#1·核心链」,serial-offender,,,2026-07-19,2026-07-26,,
0x4653feab35cb2424ef43590635d89371bb510164,bsc,惯犯庄家（SIREN案·离场庄#1·核心链）,serial-actor,identity,serial-offenders,2026-07-26,SIREN分析2026-07-19 appendix whale_group「离场庄#1·核心链」,serial-offender,,,2026-07-19,2026-07-26,,
0x46b63eabb7ce70a24614c9d115104d17cd050f5a,bsc,惯犯庄家（SIREN案·离场庄#1·核心链）,serial-actor,identity,serial-offenders,2026-07-26,SIREN分析2026-07-19 appendix whale_group「离场庄#1·核心链」,serial-offender,,,2026-07-19,2026-07-26,,
0x472adba7d1d666e594a5805ff44954b1b06a2e26,bsc,惯犯庄家（SIREN案·离场庄#1·核心链）,serial-actor,identity,serial-offenders,2026-07-26,SIREN分析2026-07-19 appendix whale_group「离场庄#1·核心链」,serial-offender,,,2026-07-19,2026-07-26,,
0x474532d11f058af5510740144a14c92f88466bd8,bsc,惯犯庄家（SIREN案·离场庄#1·核心链）,serial-actor,identity,serial-offenders,2026-07-26,SIREN分析2026-07-19 appendix whale_group「离场庄#1·核心链」,serial-offender,,,2026-07-19,2026-07-26,,
0x474bfe0cbf3a242b09f1f6719295cc75f9a7648c,bsc,惯犯庄家（SIREN案·离场庄#1·核心链）,serial-actor,identity,serial-offenders,2026-07-26,SIREN分析2026-07-19 appendix whale_group「离场庄#1·核心链」,serial-offender,,,2026-07-19,2026-07-26,,
0x47b45682f6c9039ac65170b50be4fd5268b9041e,bsc,惯犯庄家（SIREN案·离场庄#1·核心链）,serial-actor,identity,serial-offenders,2026-07-26,SIREN分析2026-07-19 appendix whale_group「离场庄#1·核心链」,serial-offender,,,2026-07-19,2026-07-26,,
0x4844d51458badb3325fa7221bd82350a994dfb62,bsc,惯犯庄家（B案·小庄#1）,serial-actor,identity,serial-offenders,2026-07-26,BUILD分析 appendix whale_group「小庄#1」,serial-offender,,,2026-07-25,2026-07-26,,
0x4857eea2dd2235d0467edd47fa78ebe66c8f4995,bsc,惯犯庄家（SIREN案·离场庄#1·核心链）,serial-actor,identity,serial-offenders,2026-07-26,SIREN分析2026-07-19 appendix whale_group「离场庄#1·核心链」,serial-offender,,,2026-07-19,2026-07-26,,
0x486adbfd3c0bb4b65dc1e02f73607d121fa61a66,bsc,惯犯庄家（SIREN案·离场庄#1·核心链）,serial-actor,identity,serial-offenders,2026-07-26,SIREN分析2026-07-19 appendix whale_group「离场庄#1·核心链」,serial-offender,,,2026-07-19,2026-07-26,,
0x487e431976b9a5462991019c959822c5c7e088d3,bsc,惯犯庄家（SIREN案·离场庄#1·核心链）,serial-actor,identity,serial-offenders,2026-07-26,SIREN分析2026-07-19 appendix whale_group「离场庄#1·核心链」,serial-offender,,,2026-07-19,2026-07-26,,
0x487e6c111c6c54cf4fc61470fcc1d3d5c14e991b,bsc,惯犯庄家（SIREN案·离场庄#1·扩展与静置仓网）,serial-actor,identity,serial-offenders,2026-07-26,SIREN分析2026-07-19 appendix whale_group「离场庄#1·扩展与静置仓网」,serial-offender,,,2026-07-19,2026-07-26,,
0x48bbdc2d384093da44c823f1e892bff12debda4c,bsc,惯犯庄家（B案·小庄#1）,serial-actor,identity,serial-offenders,2026-07-26,BUILD分析 appendix whale_group「小庄#1」,serial-offender,,,2026-07-25,2026-07-26,,
0x48bff775f93f0f5fed5bde5fc9474cb66b15dff5,bsc,惯犯庄家（SIREN案·离场庄#1·核心链）,serial-actor,identity,serial-offenders,2026-07-26,SIREN分析2026-07-19 appendix whale_group「离场庄#1·核心链」,serial-offender,,,2026-07-19,2026-07-26,,
0x48d94667250b677d2399e8094be5c0ff649e1934,bsc,惯犯庄家（B案·小庄#1）,serial-actor,identity,serial-offenders,2026-07-26,BUILD分析 appendix whale_group「小庄#1」,serial-offender,,,2026-07-25,2026-07-26,,
0x48e075f9def7d6b9e4ca57431f5b8634b2310f41,bsc,惯犯庄家（SIREN案·离场庄#1·核心链）,serial-actor,identity,serial-offenders,2026-07-26,SIREN分析2026-07-19 appendix whale_group「离场庄#1·核心链」,serial-offender,,,2026-07-19,2026-07-26,,
0x49051f115a38c4b64daf78a63a7bdee274c09799,bsc,惯犯庄家（B案·小庄#1）,serial-actor,identity,serial-offenders,2026-07-26,BUILD分析 appendix whale_group「小庄#1」,serial-offender,,,2026-07-25,2026-07-26,,
0x498363abc11cefe216fda3b1d1e82f24f08ab192,bsc,惯犯庄家（SIREN案·离场庄#1·核心链）,serial-actor,identity,serial-offenders,2026-07-26,SIREN分析2026-07-19 appendix whale_group「离场庄#1·核心链」,serial-offender,,,2026-07-19,2026-07-26,,
0x499002eff42c2bcd4620755969237730c74bf92e,bsc,惯犯庄家（B案·小庄#1）,serial-actor,identity,serial-offenders,2026-07-26,BUILD分析 appendix whale_group「小庄#1」,serial-offender,,,2026-07-25,2026-07-26,,
0x4a2e5cb307bc8d15e7696977633b617aa082fdf4,bsc,惯犯庄家（B案·小庄#1）,serial-actor,identity,serial-offenders,2026-07-26,BUILD分析 appendix whale_group「小庄#1」,serial-offender,,,2026-07-25,2026-07-26,,
0x4a3114bd3d5546a5b300deb741f14dd0e30a6232,bsc,惯犯庄家（SIREN案·离场庄#1·核心链）,serial-actor,identity,serial-offenders,2026-07-26,SIREN分析2026-07-19 appendix whale_group「离场庄#1·核心链」,serial-offender,,,2026-07-19,2026-07-26,,
0x4a3cc28f1fed3e8343b5cd9934efcd5141c60892,bsc,惯犯庄家（B案·小庄#1）,serial-actor,identity,serial-offenders,2026-07-26,BUILD分析 appendix whale_group「小庄#1」,serial-offender,,,2026-07-25,2026-07-26,,
0x4a53c2c5b09a72103b4732600b3c8d2a654b3ae1,bsc,惯犯庄家（SIREN案·离场庄#1·扩展与静置仓网）,serial-actor,identity,serial-offenders,2026-07-26,SIREN分析2026-07-19 appendix whale_group「离场庄#1·扩展与静置仓网」,serial-offender,,,2026-07-19,2026-07-26,,
0x4a5712fe0bd85da1f7b0a8b91dc2347aede1b238,bsc,惯犯庄家（B案·小庄#1）,serial-actor,identity,serial-offenders,2026-07-26,BUILD分析 appendix whale_group「小庄#1」,serial-offender,,,2026-07-25,2026-07-26,,
0x4a6bc0f76b509114575f5683c504631ada72afa8,bsc,惯犯庄家（B案·小庄#1）,serial-actor,identity,serial-offenders,2026-07-26,BUILD分析 appendix whale_group「小庄#1」,serial-offender,,,2026-07-25,2026-07-26,,
0x4a87667776856e448a02b9bc6bc9c6ff7b4c27d4,bsc,惯犯庄家（B案·小庄#1）,serial-actor,identity,serial-offenders,2026-07-26,BUILD分析 appendix whale_group「小庄#1」,serial-offender,,,2026-07-25,2026-07-26,,
0x4a96912a4dc2d9c6253842628a46156a9e4e45cc,bsc,惯犯庄家（SIREN案·离场庄#1·扩展与静置仓网）,serial-actor,identity,serial-offenders,2026-07-26,SIREN分析2026-07-19 appendix whale_group「离场庄#1·扩展与静置仓网」,serial-offender,,,2026-07-19,2026-07-26,,
0x4ab93df930c43e0da761e3924fb93b3e403411d3,bsc,惯犯庄家（SIREN案·离场庄#1·核心链）,serial-actor,identity,serial-offenders,2026-07-26,SIREN分析2026-07-19 appendix whale_group「离场庄#1·核心链」,serial-offender,,,2026-07-19,2026-07-26,,
0x4adb6928bd91cc3e90d2af6006277cb2b27cd2b4,bsc,惯犯庄家（B案·小庄#1）,serial-actor,identity,serial-offenders,2026-07-26,BUILD分析 appendix whale_group「小庄#1」,serial-offender,,,2026-07-25,2026-07-26,,
0x4b12d7b75ae4e013eec422125c509439e18edc67,bsc,惯犯庄家（SIREN案·离场庄#1·核心链）,serial-actor,identity,serial-offenders,2026-07-26,SIREN分析2026-07-19 appendix whale_group「离场庄#1·核心链」,serial-offender,,,2026-07-19,2026-07-26,,
0x4b4e231028beedafb1f914da3d31c5556d1320e3,bsc,惯犯庄家（B案·小庄#1）,serial-actor,identity,serial-offenders,2026-07-26,BUILD分析 appendix whale_group「小庄#1」,serial-offender,,,2026-07-25,2026-07-26,,
0x4b52b93f3320f7dd1d670e3359d3eb3062b9939c,bsc,惯犯庄家（SIREN案·离场庄#1·核心链）,serial-actor,identity,serial-offenders,2026-07-26,SIREN分析2026-07-19 appendix whale_group「离场庄#1·核心链」,serial-offender,,,2026-07-19,2026-07-26,,
0x4bd63fac22bb0e86d344a906601ba88085c2a988,bsc,惯犯庄家（SIREN案·离场庄#1·核心链）,serial-actor,identity,serial-offenders,2026-07-26,SIREN分析2026-07-19 appendix whale_group「离场庄#1·核心链」,serial-offender,,,2026-07-19,2026-07-26,,
0x4bf58ded1a266ee7fb99e699db12c96cd9a4c7b1,bsc,惯犯庄家（B案·小庄#1）,serial-actor,identity,serial-offenders,2026-07-26,BUILD分析 appendix whale_group「小庄#1」,serial-offender,,,2026-07-25,2026-07-26,,
0x4c28b0e25add84b8c7a74d0f379d193390778324,bsc,惯犯庄家（SIREN案·离场庄#1·扩展与静置仓网）,serial-actor,identity,serial-offenders,2026-07-26,SIREN分析2026-07-19 appendix whale_group「离场庄#1·扩展与静置仓网」,serial-offender,,,2026-07-19,2026-07-26,,
0x4c54fe09f50deb7f334c5daad3abf7732d898ce6,bsc,惯犯庄家（SIREN案·离场庄#1·核心链）,serial-actor,identity,serial-offenders,2026-07-26,SIREN分析2026-07-19 appendix whale_group「离场庄#1·核心链」,serial-offender,,,2026-07-19,2026-07-26,,
0x4c609356d381fe319aaf090c276f4b6cebde6926,bsc,惯犯庄家（SIREN案·离场庄#1·核心链）,serial-actor,identity,serial-offenders,2026-07-26,SIREN分析2026-07-19 appendix whale_group「离场庄#1·核心链」,serial-offender,,,2026-07-19,2026-07-26,,
0x4c61cd59f93b84aa95ce12d915eb952b34e27541,bsc,惯犯庄家（B案·小庄#1）,serial-actor,identity,serial-offenders,2026-07-26,BUILD分析 appendix whale_group「小庄#1」,serial-offender,,,2026-07-25,2026-07-26,,
0x4ccffbd890da0cb56c47dda1bba58c8a69545d63,bsc,惯犯庄家（B案·小庄#1）,serial-actor,identity,serial-offenders,2026-07-26,BUILD分析 appendix whale_group「小庄#1」,serial-offender,,,2026-07-25,2026-07-26,,
0x4ce32b8b69d67adf8f10101d42bd1a93ef6c6334,bsc,惯犯庄家（B案·小庄#1）,serial-actor,identity,serial-offenders,2026-07-26,BUILD分析 appendix whale_group「小庄#1」,serial-offender,,,2026-07-25,2026-07-26,,
0x4d0f78fd6da1dc671aec1c26051e8d9a4fa5f1f8,bsc,惯犯庄家（SIREN案·离场庄#1·核心链）,serial-actor,identity,serial-offenders,2026-07-26,SIREN分析2026-07-19 appendix whale_group「离场庄#1·核心链」,serial-offender,,,2026-07-19,2026-07-26,,
0x4d144b0257baeb78744f3a974d4e4c0d4d116dc7,bsc,惯犯庄家（SIREN案·离场庄#1·核心链）,serial-actor,identity,serial-offenders,2026-07-26,SIREN分析2026-07-19 appendix whale_group「离场庄#1·核心链」,serial-offender,,,2026-07-19,2026-07-26,,
0x4d45305e7620c2f32e4eb95ed408726a046c1c1c,bsc,惯犯庄家（SIREN案·离场庄#1·核心链）,serial-actor,identity,serial-offenders,2026-07-26,SIREN分析2026-07-19 appendix whale_group「离场庄#1·核心链」,serial-offender,,,2026-07-19,2026-07-26,,
0x4d4bc561e6a34a1081df55718da7f398593f48d4,bsc,惯犯庄家（BANANAS31案·小庄S·Bitget库存循环体系）,serial-actor,identity,serial-offenders,2026-07-26,BANANAS31分析 appendix whale_group「小庄S·Bitget库存循环体系」,serial-offender,,,2026-07-22,2026-07-26,,
0x4d8b48f2e2dbd4457cf41aa8d753f8df0871b413,bsc,惯犯庄家（B案·小庄#1）,serial-actor,identity,serial-offenders,2026-07-26,BUILD分析 appendix whale_group「小庄#1」,serial-offender,,,2026-07-25,2026-07-26,,
0x4daeac6edaae62246047fdc20ea3477934dbf512,bsc,惯犯庄家（SIREN案·离场庄#1·核心链）,serial-actor,identity,serial-offenders,2026-07-26,SIREN分析2026-07-19 appendix whale_group「离场庄#1·核心链」,serial-offender,,,2026-07-19,2026-07-26,,
0x4dbab24448f5c57a6f803828bb3278694db992eb,bsc,惯犯庄家（SIREN案·离场庄#1·核心链）,serial-actor,identity,serial-offenders,2026-07-26,SIREN分析2026-07-19 appendix whale_group「离场庄#1·核心链」,serial-offender,,,2026-07-19,2026-07-26,,
0x4e2099ce67773a5f265018738e1b7f526aa85ff2,bsc,惯犯庄家（SIREN案·离场庄#1·核心链）,serial-actor,identity,serial-offenders,2026-07-26,SIREN分析2026-07-19 appendix whale_group「离场庄#1·核心链」,serial-offender,,,2026-07-19,2026-07-26,,
0x4e465555c905714dd7b98894080915f3d32cfcdc,bsc,惯犯庄家（SIREN案·离场庄#1·核心链）,serial-actor,identity,serial-offenders,2026-07-26,SIREN分析2026-07-19 appendix whale_group「离场庄#1·核心链」,serial-offender,,,2026-07-19,2026-07-26,,
0x4e4bcb81978e9e70d090ddc720b335d99db2c96f,bsc,惯犯庄家（BANANAS31案·小庄S·Bitget库存循环体系）,serial-actor,identity,serial-offenders,2026-07-26,BANANAS31分析 appendix whale_group「小庄S·Bitget库存循环体系」,serial-offender,,,2026-07-22,2026-07-26,,
0x4e947df266ab3f9527ca97db76767cd36028244c,bsc,惯犯庄家（B案·小庄#1）,serial-actor,identity,serial-offenders,2026-07-26,BUILD分析 appendix whale_group「小庄#1」,serial-offender,,,2026-07-25,2026-07-26,,
0x4e9f5c29f3d5c8562932cb9380c7cd947849b653,bsc,惯犯庄家（B案·小庄#1）,serial-actor,identity,serial-offenders,2026-07-26,BUILD分析 appendix whale_group「小庄#1」,serial-offender,,,2026-07-25,2026-07-26,,
0x4ee35d7c5f600682fc0f353bcf9d98968f580bd6,bsc,惯犯庄家（B案·小庄#1）,serial-actor,identity,serial-offenders,2026-07-26,BUILD分析 appendix whale_group「小庄#1」,serial-offender,,,2026-07-25,2026-07-26,,
0x4f017d2a7d8d2c391adff503ec8f94c7a1d0f927,bsc,惯犯庄家（B案·小庄#1）,serial-actor,identity,serial-offenders,2026-07-26,BUILD分析 appendix whale_group「小庄#1」,serial-offender,,,2026-07-25,2026-07-26,,
0x4f568ed0c53da3d3641720461612e6df99edd64a,bsc,"惯犯庄家（BANANAS31案·狙击集团(已离场,残尾仓)）",serial-actor,identity,serial-offenders,2026-07-26,"BANANAS31分析 appendix whale_group「狙击集团(已离场,残尾仓)」",serial-offender,,,2026-07-22,2026-07-26,,
0x4f66408a9a69c442a9898c36413ea3401eb9f163,bsc,惯犯庄家（B案·小庄#1）,serial-actor,identity,serial-offenders,2026-07-26,BUILD分析 appendix whale_group「小庄#1」,serial-offender,,,2026-07-25,2026-07-26,,
0x4f6c103a909f95a06741de4f13a10feae9b79b68,bsc,惯犯庄家（SIREN案·离场庄#1·核心链）,serial-actor,identity,serial-offenders,2026-07-26,SIREN分析2026-07-19 appendix whale_group「离场庄#1·核心链」,serial-offender,,,2026-07-19,2026-07-26,,
0x4f79ffd217ea2a03259a0dc7135406bf24d04300,bsc,惯犯庄家（SIREN案·离场庄#1·核心链）,serial-actor,identity,serial-offenders,2026-07-26,SIREN分析2026-07-19 appendix whale_group「离场庄#1·核心链」,serial-offender,,,2026-07-19,2026-07-26,,
0x4f965faa7df0d9a4fed311cae6dabbd88c674a3f,bsc,惯犯庄家（SIREN案·离场庄#1·核心链）,serial-actor,identity,serial-offenders,2026-07-26,SIREN分析2026-07-19 appendix whale_group「离场庄#1·核心链」,serial-offender,,,2026-07-19,2026-07-26,,
0x4fe61d69aa589999a841ae5c8e41890f1b4189ba,bsc,惯犯庄家（SIREN案·离场庄#1·核心链）,serial-actor,identity,serial-offenders,2026-07-26,SIREN分析2026-07-19 appendix whale_group「离场庄#1·核心链」,serial-offender,,,2026-07-19,2026-07-26,,
0x4fef810c4f57a5edf3f0ef3079ecd7b41321b116,bsc,惯犯庄家（SIREN案·离场庄#1·核心链）,serial-actor,identity,serial-offenders,2026-07-26,SIREN分析2026-07-19 appendix whale_group「离场庄#1·核心链」,serial-offender,,,2026-07-19,2026-07-26,,
0x4ff8f96a01dd4a21665e401ee7ed16bd5e728bff,bsc,"惯犯庄家（BANANAS31案·狙击集团(已离场,残尾仓)）",serial-actor,identity,serial-offenders,2026-07-26,"BANANAS31分析 appendix whale_group「狙击集团(已离场,残尾仓)」",serial-offender,,,2026-07-22,2026-07-26,,
0x5026cf1e61a40f837d2097f5ee79aca5725a521e,bsc,惯犯庄家（SIREN案·离场庄#1·核心链）,serial-actor,identity,serial-offenders,2026-07-26,SIREN分析2026-07-19 appendix whale_group「离场庄#1·核心链」,serial-offender,,,2026-07-19,2026-07-26,,
0x50482337378e45351e6e696bfb5d35ac89dd8697,bsc,惯犯庄家（SIREN案·离场庄#1·核心链）,serial-actor,identity,serial-offenders,2026-07-26,SIREN分析2026-07-19 appendix whale_group「离场庄#1·核心链」,serial-offender,,,2026-07-19,2026-07-26,,
0x50772c170dd2a2951b1ba43cfba4d48dcfc7f0ff,bsc,惯犯庄家（B案·小庄#1）,serial-actor,identity,serial-offenders,2026-07-26,BUILD分析 appendix whale_group「小庄#1」,serial-offender,,,2026-07-25,2026-07-26,,
0x5081009478c33f490cef156ce08863762fec1d3d,bsc,惯犯庄家（SIREN案·离场庄#1·核心链）,serial-actor,identity,serial-offenders,2026-07-26,SIREN分析2026-07-19 appendix whale_group「离场庄#1·核心链」,serial-offender,,,2026-07-19,2026-07-26,,
0x5092bcf5cf8655eb9c3affc9f5fdd93b4ff33be6,bsc,惯犯庄家（SIREN案·离场庄#1·核心链）,serial-actor,identity,serial-offenders,2026-07-26,SIREN分析2026-07-19 appendix whale_group「离场庄#1·核心链」,serial-offender,,,2026-07-19,2026-07-26,,
0x50d5a2dac0664407ee3578f8b31c261778e49357,bsc,惯犯庄家（SIREN案·离场庄#1·核心链）,serial-actor,identity,serial-offenders,2026-07-26,SIREN分析2026-07-19 appendix whale_group「离场庄#1·核心链」,serial-offender,,,2026-07-19,2026-07-26,,
0x50fccd115f0839b41af03f34036a14c479dae4b8,bsc,惯犯庄家（SIREN案·离场庄#1·核心链）,serial-actor,identity,serial-offenders,2026-07-26,SIREN分析2026-07-19 appendix whale_group「离场庄#1·核心链」,serial-offender,,,2026-07-19,2026-07-26,,
0x5154c4386e8069494f792fb1b1cf1981815c2b6e,bsc,惯犯庄家（SIREN案·离场庄#1·核心链）,serial-actor,identity,serial-offenders,2026-07-26,SIREN分析2026-07-19 appendix whale_group「离场庄#1·核心链」,serial-offender,,,2026-07-19,2026-07-26,,
0x517b46535cb5ef119f3bf0d3486dbfbcf5fbc975,bsc,惯犯庄家（SIREN案·离场庄#1·核心链）,serial-actor,identity,serial-offenders,2026-07-26,SIREN分析2026-07-19 appendix whale_group「离场庄#1·核心链」,serial-offender,,,2026-07-19,2026-07-26,,
0x524c6e78b41b74ce91de18dc9b698f9617a5bcd2,bsc,惯犯庄家（B案·小庄#1）,serial-actor,identity,serial-offenders,2026-07-26,BUILD分析 appendix whale_group「小庄#1」,serial-offender,,,2026-07-25,2026-07-26,,
0x525e4987ce60c17a85138a4a90c03688a8a5242a,bsc,惯犯庄家（B案·小庄#1）,serial-actor,identity,serial-offenders,2026-07-26,BUILD分析 appendix whale_group「小庄#1」,serial-offender,,,2026-07-25,2026-07-26,,
0x52d2cbf1efa93fa8358dc0f8081d9da1726a81ae,bsc,惯犯庄家（SIREN案·离场庄#1·核心链）,serial-actor,identity,serial-offenders,2026-07-26,SIREN分析2026-07-19 appendix whale_group「离场庄#1·核心链」,serial-offender,,,2026-07-19,2026-07-26,,
0x52db984fa886e1b7db40e46cb24a821de9944f7a,bsc,惯犯庄家（B案·小庄#1）,serial-actor,identity,serial-offenders,2026-07-26,BUILD分析 appendix whale_group「小庄#1」,serial-offender,,,2026-07-25,2026-07-26,,
0x52e703f7a96a3de05a390f0d297bc3c9479e7383,bsc,惯犯庄家（B案·小庄#1）,serial-actor,identity,serial-offenders,2026-07-26,BUILD分析 appendix whale_group「小庄#1」,serial-offender,,,2026-07-25,2026-07-26,,
0x52e868e60b37a637359a010977e4a86b63ab266c,bsc,惯犯庄家（SIREN案·离场庄#1·扩展与静置仓网）,serial-actor,identity,serial-offenders,2026-07-26,SIREN分析2026-07-19 appendix whale_group「离场庄#1·扩展与静置仓网」,serial-offender,,,2026-07-19,2026-07-26,,
0x5301c543885f2b76a40a333f0cfc98c1d6266961,bsc,惯犯庄家（SIREN案·离场庄#1·核心链）,serial-actor,identity,serial-offenders,2026-07-26,SIREN分析2026-07-19 appendix whale_group「离场庄#1·核心链」,serial-offender,,,2026-07-19,2026-07-26,,
0x53061d249f9d2ce035975d621da6ddee8115f123,bsc,惯犯庄家（SIREN案·离场庄#1·核心链）,serial-actor,identity,serial-offenders,2026-07-26,SIREN分析2026-07-19 appendix whale_group「离场庄#1·核心链」,serial-offender,,,2026-07-19,2026-07-26,,
0x530cc32c03526e2524819fce376189b8996d584c,bsc,惯犯庄家（SIREN案·离场庄#1·核心链）,serial-actor,identity,serial-offenders,2026-07-26,SIREN分析2026-07-19 appendix whale_group「离场庄#1·核心链」,serial-offender,,,2026-07-19,2026-07-26,,
0x535c1bda797c696446ed4b6fc21288c2c58849e7,bsc,惯犯庄家（B案·小庄#1）,serial-actor,identity,serial-offenders,2026-07-26,BUILD分析 appendix whale_group「小庄#1」,serial-offender,,,2026-07-25,2026-07-26,,
0x5382b7ee83f8f46d7969541cb8fe623359a92757,bsc,惯犯庄家（SIREN案·离场庄#1·核心链）,serial-actor,identity,serial-offenders,2026-07-26,SIREN分析2026-07-19 appendix whale_group「离场庄#1·核心链」,serial-offender,,,2026-07-19,2026-07-26,,
0x538683f180055c5efeb5e34974fef5183989155d,bsc,惯犯庄家（SIREN案·离场庄#1·核心链）,serial-actor,identity,serial-offenders,2026-07-26,SIREN分析2026-07-19 appendix whale_group「离场庄#1·核心链」,serial-offender,,,2026-07-19,2026-07-26,,
0x538987f91536f4e1be7704a9e8b6ffeb4880ec17,bsc,惯犯庄家（SIREN案·离场庄#1·核心链）,serial-actor,identity,serial-offenders,2026-07-26,SIREN分析2026-07-19 appendix whale_group「离场庄#1·核心链」,serial-offender,,,2026-07-19,2026-07-26,,
0x53ec1a9d945714dce65081e2d57492b862e9663b,bsc,惯犯庄家（SIREN案·离场庄#1·核心链）,serial-actor,identity,serial-offenders,2026-07-26,SIREN分析2026-07-19 appendix whale_group「离场庄#1·核心链」,serial-offender,,,2026-07-19,2026-07-26,,
0x54118cc70aa19391d7a7c11d00ce11e56b8b28e6,bsc,惯犯庄家（SIREN案·离场庄#1·扩展与静置仓网）,serial-actor,identity,serial-offenders,2026-07-26,SIREN分析2026-07-19 appendix whale_group「离场庄#1·扩展与静置仓网」,serial-offender,,,2026-07-19,2026-07-26,,
0x543c875da6234947c2c5e0317bc05e010c400a53,bsc,惯犯庄家（SIREN案·离场庄#1·核心链）,serial-actor,identity,serial-offenders,2026-07-26,SIREN分析2026-07-19 appendix whale_group「离场庄#1·核心链」,serial-offender,,,2026-07-19,2026-07-26,,
0x54406a31747d1ff9bd05833492aa6a529d3cf9ab,bsc,惯犯庄家（SIREN案·离场庄#1·核心链）,serial-actor,identity,serial-offenders,2026-07-26,SIREN分析2026-07-19 appendix whale_group「离场庄#1·核心链」,serial-offender,,,2026-07-19,2026-07-26,,
0x544b910f5a4dc4b04f5a4d2fc85c5e4dbeaa9f2f,bsc,惯犯庄家（SIREN案·离场庄#1·核心链）,serial-actor,identity,serial-offenders,2026-07-26,SIREN分析2026-07-19 appendix whale_group「离场庄#1·核心链」,serial-offender,,,2026-07-19,2026-07-26,,
0x54665e42c6c63f1a813b0b1d3a7f60b553fef963,bsc,惯犯庄家（SIREN案·离场庄#1·扩展与静置仓网）,serial-actor,identity,serial-offenders,2026-07-26,SIREN分析2026-07-19 appendix whale_group「离场庄#1·扩展与静置仓网」,serial-offender,,,2026-07-19,2026-07-26,,
0x54acfb165925995c5f6958b70489ee81f4413023,bsc,惯犯庄家（SIREN案·离场庄#1·核心链）,serial-actor,identity,serial-offenders,2026-07-26,SIREN分析2026-07-19 appendix whale_group「离场庄#1·核心链」,serial-offender,,,2026-07-19,2026-07-26,,
0x54fe2301e202958f3890118815af1a9a0315990a,bsc,惯犯庄家（SIREN案·离场庄#1·核心链）,serial-actor,identity,serial-offenders,2026-07-26,SIREN分析2026-07-19 appendix whale_group「离场庄#1·核心链」,serial-offender,,,2026-07-19,2026-07-26,,
0x550cfa0984fa60d3dd177795c9d8417490025277,bsc,惯犯庄家（B案·小庄#1）,serial-actor,identity,serial-offenders,2026-07-26,BUILD分析 appendix whale_group「小庄#1」,serial-offender,,,2026-07-25,2026-07-26,,
0x557f3226d13ba79e533f9d16f93b5fa38a027039,bsc,惯犯庄家（SIREN案·离场庄#1·核心链）,serial-actor,identity,serial-offenders,2026-07-26,SIREN分析2026-07-19 appendix whale_group「离场庄#1·核心链」,serial-offender,,,2026-07-19,2026-07-26,,
0x559600e5c7ef9f99661a9a5818be3cd8151b32f7,bsc,惯犯庄家（SIREN案·离场庄#1·核心链）,serial-actor,identity,serial-offenders,2026-07-26,SIREN分析2026-07-19 appendix whale_group「离场庄#1·核心链」,serial-offender,,,2026-07-19,2026-07-26,,
0x55bbdc1aaaed8664c13f729254fc3913e842b190,bsc,惯犯庄家（SIREN案·离场庄#1·核心链）,serial-actor,identity,serial-offenders,2026-07-26,SIREN分析2026-07-19 appendix whale_group「离场庄#1·核心链」,serial-offender,,,2026-07-19,2026-07-26,,
0x55de9329f1dedde7e05101da02259db31d3cf226,bsc,惯犯庄家（SIREN案·离场庄#1·核心链）,serial-actor,identity,serial-offenders,2026-07-26,SIREN分析2026-07-19 appendix whale_group「离场庄#1·核心链」,serial-offender,,,2026-07-19,2026-07-26,,
0x561beec8614eaa3038f03bce7cb4f72b3d271d8e,bsc,惯犯庄家（AKE案·小庄#1）,serial-actor,identity,serial-offenders,2026-07-26,AKE分析 appendix whale_group「小庄#1」,serial-offender,,,2026-07-19,2026-07-26,,
0x567e81d6a87292fbe69f7a42e655889ddfe95153,bsc,惯犯庄家（B案·小庄#1）,serial-actor,identity,serial-offenders,2026-07-26,BUILD分析 appendix whale_group「小庄#1」,serial-offender,,,2026-07-25,2026-07-26,,
0x56ac12ae2756f854da955c0ef7befd8d1e27cafb,bsc,惯犯庄家（B案·小庄#1）,serial-actor,identity,serial-offenders,2026-07-26,BUILD分析 appendix whale_group「小庄#1」,serial-offender,,,2026-07-25,2026-07-26,,
0x56f3be60e57825ce5f6ce950f8897a1ab0616224,bsc,惯犯庄家（B案·小庄#1）,serial-actor,identity,serial-offenders,2026-07-26,BUILD分析 appendix whale_group「小庄#1」,serial-offender,,,2026-07-25,2026-07-26,,
0x56f8aa4f4c3fb0b10dd52e5b2d92e7c01ebc0071,bsc,惯犯庄家（SIREN案·离场庄#1·核心链）,serial-actor,identity,serial-offenders,2026-07-26,SIREN分析2026-07-19 appendix whale_group「离场庄#1·核心链」,serial-offender,,,2026-07-19,2026-07-26,,
0x570810bb87e1205272f6e015000db9eccc0dbcbe,bsc,惯犯庄家（SIREN案·离场庄#1·核心链）,serial-actor,identity,serial-offenders,2026-07-26,SIREN分析2026-07-19 appendix whale_group「离场庄#1·核心链」,serial-offender,,,2026-07-19,2026-07-26,,
0x570a647b068563ba13f534a272ddcbd7d4ad8407,bsc,惯犯庄家（BANANAS31案·小庄S·Bitget库存循环体系）,serial-actor,identity,serial-offenders,2026-07-26,BANANAS31分析 appendix whale_group「小庄S·Bitget库存循环体系」,serial-offender,,,2026-07-22,2026-07-26,,
0x574ac93fa040636a89daa075c5d983cf8955e8c7,bsc,惯犯庄家（SIREN案·离场庄#1·核心链）,serial-actor,identity,serial-offenders,2026-07-26,SIREN分析2026-07-19 appendix whale_group「离场庄#1·核心链」,serial-offender,,,2026-07-19,2026-07-26,,
0x576839a962fd08fc268181671d683a5a91595334,bsc,惯犯庄家（B案·小庄#1）,serial-actor,identity,serial-offenders,2026-07-26,BUILD分析 appendix whale_group「小庄#1」,serial-offender,,,2026-07-25,2026-07-26,,
0x57870d8f86adf148924ff6413f68623cece22bd3,bsc,惯犯庄家（SIREN案·离场庄#1·核心链）,serial-actor,identity,serial-offenders,2026-07-26,SIREN分析2026-07-19 appendix whale_group「离场庄#1·核心链」,serial-offender,,,2026-07-19,2026-07-26,,
0x5802bae7dd1fc7a1c1879ddf7f69b1570b2f01a7,bsc,惯犯庄家（SIREN案·离场庄#1·核心链）,serial-actor,identity,serial-offenders,2026-07-26,SIREN分析2026-07-19 appendix whale_group「离场庄#1·核心链」,serial-offender,,,2026-07-19,2026-07-26,,
0x5802d7b796973afe09add5f3fa1ffe461d845b45,bsc,惯犯庄家（BANANAS31案·小庄S·Bitget库存循环体系）,serial-actor,identity,serial-offenders,2026-07-26,BANANAS31分析 appendix whale_group「小庄S·Bitget库存循环体系」,serial-offender,,,2026-07-22,2026-07-26,,
0x5838cdeb9809fec99c690298fb77b069d12a7b7d,bsc,惯犯庄家（B案·小庄#1）,serial-actor,identity,serial-offenders,2026-07-26,BUILD分析 appendix whale_group「小庄#1」,serial-offender,,,2026-07-25,2026-07-26,,
0x583e2ac52baa0bbfcf0b0dc170021ef9a142ee95,bsc,惯犯庄家（SIREN案·离场庄#1·核心链）,serial-actor,identity,serial-offenders,2026-07-26,SIREN分析2026-07-19 appendix whale_group「离场庄#1·核心链」,serial-offender,,,2026-07-19,2026-07-26,,
0x584a7c3a2f8bac54e328caa46d4950ee04163649,bsc,惯犯庄家（SIREN案·离场庄#1·核心链）,serial-actor,identity,serial-offenders,2026-07-26,SIREN分析2026-07-19 appendix whale_group「离场庄#1·核心链」,serial-offender,,,2026-07-19,2026-07-26,,
0x58557f648aad4f000e9bbbde4344ff561efeab3f,bsc,惯犯庄家（B案·小庄#1）,serial-actor,identity,serial-offenders,2026-07-26,BUILD分析 appendix whale_group「小庄#1」,serial-offender,,,2026-07-25,2026-07-26,,
0x5857373ac8eddf0147bfc3bb9ca295e7b0a0f12b,bsc,惯犯庄家（B案·小庄#1）,serial-actor,identity,serial-offenders,2026-07-26,BUILD分析 appendix whale_group「小庄#1」,serial-offender,,,2026-07-25,2026-07-26,,
0x5872d7c2275789f0247fac600060ee193ee8ad5d,bsc,惯犯庄家（SIREN案·离场庄#1·扩展与静置仓网）,serial-actor,identity,serial-offenders,2026-07-26,SIREN分析2026-07-19 appendix whale_group「离场庄#1·扩展与静置仓网」,serial-offender,,,2026-07-19,2026-07-26,,
0x589013d36167a513a13ab0b3bb841637e587bd51,bsc,惯犯庄家（B案·小庄#1）,serial-actor,identity,serial-offenders,2026-07-26,BUILD分析 appendix whale_group「小庄#1」,serial-offender,,,2026-07-25,2026-07-26,,
0x58a2d4943d3bfe7ea840cdbea2e01ebf673fceca,bsc,惯犯庄家（SIREN案·离场庄#1·核心链）,serial-actor,identity,serial-offenders,2026-07-26,SIREN分析2026-07-19 appendix whale_group「离场庄#1·核心链」,serial-offender,,,2026-07-19,2026-07-26,,
0x58e5b5815c02ccbf1220729dbb9ca797991ce1e8,bsc,惯犯庄家（SIREN案·离场庄#1·核心链）,serial-actor,identity,serial-offenders,2026-07-26,SIREN分析2026-07-19 appendix whale_group「离场庄#1·核心链」,serial-offender,,,2026-07-19,2026-07-26,,
0x590768aff25ccfdfbcf5de15d70d2f722a19f962,bsc,惯犯庄家（B案·小庄#1）,serial-actor,identity,serial-offenders,2026-07-26,BUILD分析 appendix whale_group「小庄#1」,serial-offender,,,2026-07-25,2026-07-26,,
0x59151c69a1ce0029f57743b014df92c628a62d99,bsc,惯犯庄家（B案·小庄#1）,serial-actor,identity,serial-offenders,2026-07-26,BUILD分析 appendix whale_group「小庄#1」,serial-offender,,,2026-07-25,2026-07-26,,
0x593da0e05439064bcb2459f4d58f675a5eb33239,bsc,惯犯庄家（SIREN案·离场庄#1·核心链）,serial-actor,identity,serial-offenders,2026-07-26,SIREN分析2026-07-19 appendix whale_group「离场庄#1·核心链」,serial-offender,,,2026-07-19,2026-07-26,,
0x5940c8a20bef15fa7b9675efffbf4e661b15bce6,bsc,惯犯庄家（SIREN案·离场庄#1·扩展与静置仓网）,serial-actor,identity,serial-offenders,2026-07-26,SIREN分析2026-07-19 appendix whale_group「离场庄#1·扩展与静置仓网」,serial-offender,,,2026-07-19,2026-07-26,,
0x5963cebe06eee691a5bad7764744a4fcf1054df1,bsc,惯犯庄家（SIREN案·离场庄#1·核心链）,serial-actor,identity,serial-offenders,2026-07-26,SIREN分析2026-07-19 appendix whale_group「离场庄#1·核心链」,serial-offender,,,2026-07-19,2026-07-26,,
0x5983ca30b6e22e51fd8b5553efcba7bcb63f846e,bsc,惯犯庄家（SIREN案·离场庄#1·核心链）,serial-actor,identity,serial-offenders,2026-07-26,SIREN分析2026-07-19 appendix whale_group「离场庄#1·核心链」,serial-offender,,,2026-07-19,2026-07-26,,
0x59af67d1393b8ecfa5fa525a3293869dd64350c6,bsc,惯犯庄家（B案·小庄#1）,serial-actor,identity,serial-offenders,2026-07-26,BUILD分析 appendix whale_group「小庄#1」,serial-offender,,,2026-07-25,2026-07-26,,
0x59bbf3f99b351a1197a6cdf7b52eb65051dd0457,bsc,惯犯庄家（SIREN案·离场庄#1·核心链）,serial-actor,identity,serial-offenders,2026-07-26,SIREN分析2026-07-19 appendix whale_group「离场庄#1·核心链」,serial-offender,,,2026-07-19,2026-07-26,,
0x59be01acd590e270f4152ca4b081bd5b17397204,bsc,惯犯庄家（B案·小庄#1）,serial-actor,identity,serial-offenders,2026-07-26,BUILD分析 appendix whale_group「小庄#1」,serial-offender,,,2026-07-25,2026-07-26,,
0x59fbbafdaba58f6ea88f64fa04118b4f4bdf1c64,bsc,惯犯庄家（B案·小庄#1）,serial-actor,identity,serial-offenders,2026-07-26,BUILD分析 appendix whale_group「小庄#1」,serial-offender,,,2026-07-25,2026-07-26,,
0x5a1d410bbe7447f1e81b9185b426ccd9377cda24,bsc,惯犯庄家（SIREN案·离场庄#1·核心链）,serial-actor,identity,serial-offenders,2026-07-26,SIREN分析2026-07-19 appendix whale_group「离场庄#1·核心链」,serial-offender,,,2026-07-19,2026-07-26,,
0x5a407bd30efd09e0b3ebf950f2d15aacfaceb0b3,bsc,惯犯庄家（SIREN案·离场庄#1·核心链）,serial-actor,identity,serial-offenders,2026-07-26,SIREN分析2026-07-19 appendix whale_group「离场庄#1·核心链」,serial-offender,,,2026-07-19,2026-07-26,,
0x5aa10adbebaf74a352b36165aba42b79ba9f7af9,bsc,惯犯庄家（SIREN案·离场庄#1·核心链）,serial-actor,identity,serial-offenders,2026-07-26,SIREN分析2026-07-19 appendix whale_group「离场庄#1·核心链」,serial-offender,,,2026-07-19,2026-07-26,,
0x5ab4fb082bb066b80d8175d54add354a43adb712,bsc,惯犯庄家（B案·小庄#1）,serial-actor,identity,serial-offenders,2026-07-26,BUILD分析 appendix whale_group「小庄#1」,serial-offender,,,2026-07-25,2026-07-26,,
0x5ac24c1e519cfcd4566c5e087047b5ba6001990a,bsc,惯犯庄家（SIREN案·离场庄#1·扩展与静置仓网）,serial-actor,identity,serial-offenders,2026-07-26,SIREN分析2026-07-19 appendix whale_group「离场庄#1·扩展与静置仓网」,serial-offender,,,2026-07-19,2026-07-26,,
0x5ae7e891aa2926baac4055a523f6f38eaddcdde1,bsc,惯犯庄家（SIREN案·离场庄#1·核心链）,serial-actor,identity,serial-offenders,2026-07-26,SIREN分析2026-07-19 appendix whale_group「离场庄#1·核心链」,serial-offender,,,2026-07-19,2026-07-26,,
0x5af917a280a3f1e49a52e67cef32ffd48c55a62e,bsc,惯犯庄家（SIREN案·离场庄#1·核心链）,serial-actor,identity,serial-offenders,2026-07-26,SIREN分析2026-07-19 appendix whale_group「离场庄#1·核心链」,serial-offender,,,2026-07-19,2026-07-26,,
0x5b074e96c8adfa369d3b0528d0ffb807cf2d9e3b,bsc,惯犯庄家（B案·小庄#1）,serial-actor,identity,serial-offenders,2026-07-26,BUILD分析 appendix whale_group「小庄#1」,serial-offender,,,2026-07-25,2026-07-26,,
0x5b19a5fae1ae93f44153773f70f9ddb664819d0e,bsc,惯犯庄家（SIREN案·离场庄#1·核心链）,serial-actor,identity,serial-offenders,2026-07-26,SIREN分析2026-07-19 appendix whale_group「离场庄#1·核心链」,serial-offender,,,2026-07-19,2026-07-26,,
0x5b44a276f44ba259e29d6cc433e1ed587484775b,bsc,惯犯庄家（BANANAS31案·小庄S·Bitget库存循环体系）,serial-actor,identity,serial-offenders,2026-07-26,BANANAS31分析 appendix whale_group「小庄S·Bitget库存循环体系」,serial-offender,,,2026-07-22,2026-07-26,,
0x5b754c84c35e3ba0d959317e57bd79c907eaa720,bsc,惯犯庄家（SIREN案·离场庄#1·核心链）,serial-actor,identity,serial-offenders,2026-07-26,SIREN分析2026-07-19 appendix whale_group「离场庄#1·核心链」,serial-offender,,,2026-07-19,2026-07-26,,
0x5b78beffdaaf8127020ffb43bad60fe3557a778f,bsc,惯犯庄家（B案·小庄#1）,serial-actor,identity,serial-offenders,2026-07-26,BUILD分析 appendix whale_group「小庄#1」,serial-offender,,,2026-07-25,2026-07-26,,
0x5ba1cc8f9636e9c3690a8f4d94925dc0403d6952,bsc,惯犯庄家（SIREN案·离场庄#1·核心链）,serial-actor,identity,serial-offenders,2026-07-26,SIREN分析2026-07-19 appendix whale_group「离场庄#1·核心链」,serial-offender,,,2026-07-19,2026-07-26,,
0x5ba385a3e85c526fd8ffc32c6c07d4a36207e26f,bsc,惯犯庄家（B案·小庄#1）,serial-actor,identity,serial-offenders,2026-07-26,BUILD分析 appendix whale_group「小庄#1」,serial-offender,,,2026-07-25,2026-07-26,,
0x5ba89890748362cf58a8ba2593a3e655a91b43be,bsc,惯犯庄家（SIREN案·离场庄#1·核心链）,serial-actor,identity,serial-offenders,2026-07-26,SIREN分析2026-07-19 appendix whale_group「离场庄#1·核心链」,serial-offender,,,2026-07-19,2026-07-26,,
0x5c1db991615d01e4cf79ec75987a94a4f78b3cee,bsc,惯犯庄家（SIREN案·离场庄#1·核心链）,serial-actor,identity,serial-offenders,2026-07-26,SIREN分析2026-07-19 appendix whale_group「离场庄#1·核心链」,serial-offender,,,2026-07-19,2026-07-26,,
0x5c2b9674eb683a2e220813b327c16efc0c0b6dde,bsc,惯犯庄家（B案·小庄#1）,serial-actor,identity,serial-offenders,2026-07-26,BUILD分析 appendix whale_group「小庄#1」,serial-offender,,,2026-07-25,2026-07-26,,
0x5c8c4e90d3d30d9b8a7c92dc5ff8331f55dd2bf4,bsc,惯犯庄家（B案·小庄#1）,serial-actor,identity,serial-offenders,2026-07-26,BUILD分析 appendix whale_group「小庄#1」,serial-offender,,,2026-07-25,2026-07-26,,
0x5caec7b7483c4131b2ad3b138e54874c42064ab4,bsc,惯犯庄家（SIREN案·离场庄#1·核心链）,serial-actor,identity,serial-offenders,2026-07-26,SIREN分析2026-07-19 appendix whale_group「离场庄#1·核心链」,serial-offender,,,2026-07-19,2026-07-26,,
0x5ce3aa697e32a74ec4b9a37e45c61d2f00fb3eb9,bsc,惯犯庄家（B案·小庄#1）,serial-actor,identity,serial-offenders,2026-07-26,BUILD分析 appendix whale_group「小庄#1」,serial-offender,,,2026-07-25,2026-07-26,,
0x5cec18520714fa5e9cec18381f686fd9bfdfddac,bsc,惯犯庄家（SIREN案·离场庄#1·核心链）,serial-actor,identity,serial-offenders,2026-07-26,SIREN分析2026-07-19 appendix whale_group「离场庄#1·核心链」,serial-offender,,,2026-07-19,2026-07-26,,
0x5d30f0a736541f911cd01efe5db7d197529c1c29,bsc,惯犯庄家（BANANAS31案·小庄S·Bitget库存循环体系）,serial-actor,identity,serial-offenders,2026-07-26,BANANAS31分析 appendix whale_group「小庄S·Bitget库存循环体系」,serial-offender,,,2026-07-22,2026-07-26,,
0x5d869fa4d38bf370a34553743453cc1dadda8800,bsc,惯犯庄家（SIREN案·离场庄#1·核心链）,serial-actor,identity,serial-offenders,2026-07-26,SIREN分析2026-07-19 appendix whale_group「离场庄#1·核心链」,serial-offender,,,2026-07-19,2026-07-26,,
0x5d877da54b2f50077fbfce05af7abbc0fa01123a,bsc,惯犯庄家（SIREN案·离场庄#1·核心链）,serial-actor,identity,serial-offenders,2026-07-26,SIREN分析2026-07-19 appendix whale_group「离场庄#1·核心链」,serial-offender,,,2026-07-19,2026-07-26,,
0x5d8c47068cec10b3ddacb4800a008a41c35d3204,bsc,惯犯庄家（SIREN案·离场庄#1·核心链）,serial-actor,identity,serial-offenders,2026-07-26,SIREN分析2026-07-19 appendix whale_group「离场庄#1·核心链」,serial-offender,,,2026-07-19,2026-07-26,,
0x5db617f583945cfc5c2f108dbecb7b1f92833796,bsc,惯犯庄家（B案·小庄#1）,serial-actor,identity,serial-offenders,2026-07-26,BUILD分析 appendix whale_group「小庄#1」,serial-offender,,,2026-07-25,2026-07-26,,
0x5dbc592beb40a007dd3013dcc05b8223f4021345,bsc,惯犯庄家（SIREN案·离场庄#1·核心链）,serial-actor,identity,serial-offenders,2026-07-26,SIREN分析2026-07-19 appendix whale_group「离场庄#1·核心链」,serial-offender,,,2026-07-19,2026-07-26,,
0x5df889f34cd7f490eb1665250ddcc574548f88d8,bsc,惯犯庄家（B案·小庄#1）,serial-actor,identity,serial-offenders,2026-07-26,BUILD分析 appendix whale_group「小庄#1」,serial-offender,,,2026-07-25,2026-07-26,,
0x5dfbb1a052b0b6417935c0682c9cb1ff2f30f3a8,bsc,惯犯庄家（BANANAS31案·小庄S·Bitget库存循环体系）,serial-actor,identity,serial-offenders,2026-07-26,BANANAS31分析 appendix whale_group「小庄S·Bitget库存循环体系」,serial-offender,,,2026-07-22,2026-07-26,,
0x5dfe67b40901d11ee2beca97655507dbed340b4e,bsc,惯犯庄家（SIREN案·离场庄#1·核心链）,serial-actor,identity,serial-offenders,2026-07-26,SIREN分析2026-07-19 appendix whale_group「离场庄#1·核心链」,serial-offender,,,2026-07-19,2026-07-26,,
0x5e067db14b0b0834dd68250d65160748c066e8c7,bsc,惯犯庄家（SIREN案·离场庄#1·核心链）,serial-actor,identity,serial-offenders,2026-07-26,SIREN分析2026-07-19 appendix whale_group「离场庄#1·核心链」,serial-offender,,,2026-07-19,2026-07-26,,
0x5e1f9799865f7ec90ee9776399b8e100abb2f530,bsc,惯犯庄家（B案·小庄#1）,serial-actor,identity,serial-offenders,2026-07-26,BUILD分析 appendix whale_group「小庄#1」,serial-offender,,,2026-07-25,2026-07-26,,
0x5e344990354789436744d6c9eaf1845382fca800,bsc,惯犯庄家（SIREN案·离场庄#1·核心链）,serial-actor,identity,serial-offenders,2026-07-26,SIREN分析2026-07-19 appendix whale_group「离场庄#1·核心链」,serial-offender,,,2026-07-19,2026-07-26,,
0x5e8d837862de9695a48e091ac47c3284e8c89c92,bsc,惯犯庄家（SIREN案·离场庄#1·核心链）,serial-actor,identity,serial-offenders,2026-07-26,SIREN分析2026-07-19 appendix whale_group「离场庄#1·核心链」,serial-offender,,,2026-07-19,2026-07-26,,
0x5e8df78fc85b743269717ae6ad9f6bd7a4781535,bsc,惯犯庄家（SIREN案·离场庄#1·核心链）,serial-actor,identity,serial-offenders,2026-07-26,SIREN分析2026-07-19 appendix whale_group「离场庄#1·核心链」,serial-offender,,,2026-07-19,2026-07-26,,
0x5ea78d3aa1744de8548fdcd27b1c36537ccc3f38,bsc,惯犯庄家（B案·小庄#1）,serial-actor,identity,serial-offenders,2026-07-26,BUILD分析 appendix whale_group「小庄#1」,serial-offender,,,2026-07-25,2026-07-26,,
0x5ecdf6dc30e59162ac9f9325e54573e33dd85bbe,bsc,惯犯庄家（SIREN案·离场庄#1·核心链）,serial-actor,identity,serial-offenders,2026-07-26,SIREN分析2026-07-19 appendix whale_group「离场庄#1·核心链」,serial-offender,,,2026-07-19,2026-07-26,,
0x5ed73d61e081a1ca8146018f03d5229deb4454fd,bsc,惯犯庄家（SIREN案·离场庄#1·核心链）,serial-actor,identity,serial-offenders,2026-07-26,SIREN分析2026-07-19 appendix whale_group「离场庄#1·核心链」,serial-offender,,,2026-07-19,2026-07-26,,
0x5f389262cdbaabc8b6273769a1adcad524c7c805,bsc,惯犯庄家（B案·小庄#1）,serial-actor,identity,serial-offenders,2026-07-26,BUILD分析 appendix whale_group「小庄#1」,serial-offender,,,2026-07-25,2026-07-26,,
0x5f5312949e54ba7558ae4a5a2e0a1b91e474c021,bsc,惯犯庄家（SIREN案·离场庄#1·核心链）,serial-actor,identity,serial-offenders,2026-07-26,SIREN分析2026-07-19 appendix whale_group「离场庄#1·核心链」,serial-offender,,,2026-07-19,2026-07-26,,
0x5fc7b24924eafa6cfc158f2dd4d96411972314e4,bsc,惯犯庄家（B案·小庄#1）,serial-actor,identity,serial-offenders,2026-07-26,BUILD分析 appendix whale_group「小庄#1」,serial-offender,,,2026-07-25,2026-07-26,,
0x5fce1f0ac0b205e1c012dba1ec0828d6842caeb7,bsc,惯犯庄家（SIREN案·离场庄#1·核心链）,serial-actor,identity,serial-offenders,2026-07-26,SIREN分析2026-07-19 appendix whale_group「离场庄#1·核心链」,serial-offender,,,2026-07-19,2026-07-26,,
0x5fce89cdb0acd42eae687f71684d5fc7bc4f2d4a,bsc,惯犯庄家（B案·小庄#1）,serial-actor,identity,serial-offenders,2026-07-26,BUILD分析 appendix whale_group「小庄#1」,serial-offender,,,2026-07-25,2026-07-26,,
0x605c50b1dc6981fcb812a25d6a5a247601ecb221,bsc,惯犯庄家（SIREN案·离场庄#1·扩展与静置仓网）,serial-actor,identity,serial-offenders,2026-07-26,SIREN分析2026-07-19 appendix whale_group「离场庄#1·扩展与静置仓网」,serial-offender,,,2026-07-19,2026-07-26,,
0x6073c1cb3903a01a55329e78a5d02d66749dcd2f,bsc,惯犯庄家（SIREN案·离场庄#1·核心链）,serial-actor,identity,serial-offenders,2026-07-26,SIREN分析2026-07-19 appendix whale_group「离场庄#1·核心链」,serial-offender,,,2026-07-19,2026-07-26,,
0x60a91f4b0e4aa924540e9a8866928ab7b9727d34,bsc,惯犯庄家（B案·小庄#1）,serial-actor,identity,serial-offenders,2026-07-26,BUILD分析 appendix whale_group「小庄#1」,serial-offender,,,2026-07-25,2026-07-26,,
0x60bf7641f0dc5e09a20857dac615c10bf7c64389,bsc,惯犯庄家（SIREN案·离场庄#1·核心链）,serial-actor,identity,serial-offenders,2026-07-26,SIREN分析2026-07-19 appendix whale_group「离场庄#1·核心链」,serial-offender,,,2026-07-19,2026-07-26,,
0x60c666012bbf08cf9070713a1468b31b247afd2a,bsc,惯犯庄家（B案·小庄#1）,serial-actor,identity,serial-offenders,2026-07-26,BUILD分析 appendix whale_group「小庄#1」,serial-offender,,,2026-07-25,2026-07-26,,
0x60d179efca493a2410ccc0edf20df21c4b8c4491,bsc,惯犯庄家（SIREN案·离场庄#1·核心链）,serial-actor,identity,serial-offenders,2026-07-26,SIREN分析2026-07-19 appendix whale_group「离场庄#1·核心链」,serial-offender,,,2026-07-19,2026-07-26,,
0x61033d0e2921ed44195cf2941a05e8f929f0aff8,bsc,惯犯庄家（B案·小庄#1）,serial-actor,identity,serial-offenders,2026-07-26,BUILD分析 appendix whale_group「小庄#1」,serial-offender,,,2026-07-25,2026-07-26,,
0x61292dbfce10559a029e3ba568285a8837792e71,bsc,惯犯庄家（SIREN案·离场庄#1·核心链）,serial-actor,identity,serial-offenders,2026-07-26,SIREN分析2026-07-19 appendix whale_group「离场庄#1·核心链」,serial-offender,,,2026-07-19,2026-07-26,,
0x612e3be9c792c7b99089eab8179fa246ca958cc1,bsc,惯犯庄家（B案·小庄#1）,serial-actor,identity,serial-offenders,2026-07-26,BUILD分析 appendix whale_group「小庄#1」,serial-offender,,,2026-07-25,2026-07-26,,
0x61436c1c6b713fde009ffa647b838d497f54fd43,bsc,惯犯庄家（SIREN案·离场庄#1·核心链）,serial-actor,identity,serial-offenders,2026-07-26,SIREN分析2026-07-19 appendix whale_group「离场庄#1·核心链」,serial-offender,,,2026-07-19,2026-07-26,,
0x615dca22f471525e69fbf2ef5e140b6208e94df7,bsc,惯犯庄家（B案·小庄#1）,serial-actor,identity,serial-offenders,2026-07-26,BUILD分析 appendix whale_group「小庄#1」,serial-offender,,,2026-07-25,2026-07-26,,
0x61ba729d440dda57135294943655c5082390374e,bsc,惯犯庄家（B案·小庄#1）,serial-actor,identity,serial-offenders,2026-07-26,BUILD分析 appendix whale_group「小庄#1」,serial-offender,,,2026-07-25,2026-07-26,,
0x6291fa48c9fa189eda02709070449a2697d04076,bsc,惯犯庄家（SIREN案·离场庄#1·核心链）,serial-actor,identity,serial-offenders,2026-07-26,SIREN分析2026-07-19 appendix whale_group「离场庄#1·核心链」,serial-offender,,,2026-07-19,2026-07-26,,
0x6299cdeaf31690f053628896744cebdbb94e2cca,bsc,惯犯庄家（B案·小庄#1）,serial-actor,identity,serial-offenders,2026-07-26,BUILD分析 appendix whale_group「小庄#1」,serial-offender,,,2026-07-25,2026-07-26,,
0x629dd1c1196b6586beb58e5ff3bf3da1ff1015da,bsc,惯犯庄家（SIREN案·离场庄#1·核心链）,serial-actor,identity,serial-offenders,2026-07-26,SIREN分析2026-07-19 appendix whale_group「离场庄#1·核心链」,serial-offender,,,2026-07-19,2026-07-26,,
0x62be511b62d3d8df925e0f18524e8166a41cfee3,bsc,惯犯庄家（SIREN案·离场庄#1·核心链）,serial-actor,identity,serial-offenders,2026-07-26,SIREN分析2026-07-19 appendix whale_group「离场庄#1·核心链」,serial-offender,,,2026-07-19,2026-07-26,,
0x62bf069a4ef015adace5268d722bde3b073fecd7,bsc,惯犯庄家（SIREN案·离场庄#1·核心链）,serial-actor,identity,serial-offenders,2026-07-26,SIREN分析2026-07-19 appendix whale_group「离场庄#1·核心链」,serial-offender,,,2026-07-19,2026-07-26,,
0x62bf7ff3c08c9afc7d68a5d705cf7741924c64ec,bsc,惯犯庄家（B案·小庄#1）,serial-actor,identity,serial-offenders,2026-07-26,BUILD分析 appendix whale_group「小庄#1」,serial-offender,,,2026-07-25,2026-07-26,,
0x62c070d9f7ed9b474809056b63545de30d889aeb,bsc,惯犯庄家（B案·小庄#1）,serial-actor,identity,serial-offenders,2026-07-26,BUILD分析 appendix whale_group「小庄#1」,serial-offender,,,2026-07-25,2026-07-26,,
0x62e484e9c5a2b3eb78f9d8d8311af5c3791d2ff0,bsc,惯犯庄家（SIREN案·离场庄#1·核心链）,serial-actor,identity,serial-offenders,2026-07-26,SIREN分析2026-07-19 appendix whale_group「离场庄#1·核心链」,serial-offender,,,2026-07-19,2026-07-26,,
0x639ce625ebbe73a79a01451d32ec4d53a6064990,bsc,惯犯庄家（B案·小庄#1）,serial-actor,identity,serial-offenders,2026-07-26,BUILD分析 appendix whale_group「小庄#1」,serial-offender,,,2026-07-25,2026-07-26,,
0x63c6b0426afda2afb73cdea81e65697f9ce313aa,bsc,惯犯庄家（B案·小庄#1）,serial-actor,identity,serial-offenders,2026-07-26,BUILD分析 appendix whale_group「小庄#1」,serial-offender,,,2026-07-25,2026-07-26,,
0x63e18215cf10fdbe3f0f79a341a49f91427d6cc9,bsc,惯犯庄家（SIREN案·离场庄#1·核心链）,serial-actor,identity,serial-offenders,2026-07-26,SIREN分析2026-07-19 appendix whale_group「离场庄#1·核心链」,serial-offender,,,2026-07-19,2026-07-26,,
0x64281c149282c310e7d7aa04c96857046347d1d2,bsc,惯犯庄家（SIREN案·离场庄#1·核心链）,serial-actor,identity,serial-offenders,2026-07-26,SIREN分析2026-07-19 appendix whale_group「离场庄#1·核心链」,serial-offender,,,2026-07-19,2026-07-26,,
0x6437cd6e32fdd39f298272efe75a8a54a6174723,bsc,惯犯庄家（B案·小庄#1）,serial-actor,identity,serial-offenders,2026-07-26,BUILD分析 appendix whale_group「小庄#1」,serial-offender,,,2026-07-25,2026-07-26,,
0x643bc2df86051a6cbeae0e0fae00094f8e73d7f7,bsc,惯犯庄家（SIREN案·离场庄#1·核心链）,serial-actor,identity,serial-offenders,2026-07-26,SIREN分析2026-07-19 appendix whale_group「离场庄#1·核心链」,serial-offender,,,2026-07-19,2026-07-26,,
0x6449b24d8dad7cef8ece12d7d5c8d0e0ef355a48,bsc,惯犯庄家（SIREN案·离场庄#1·核心链）,serial-actor,identity,serial-offenders,2026-07-26,SIREN分析2026-07-19 appendix whale_group「离场庄#1·核心链」,serial-offender,,,2026-07-19,2026-07-26,,
0x644de1ffa805e7634ce37f1e7e0487c35357fba8,bsc,惯犯庄家（B案·小庄#1）,serial-actor,identity,serial-offenders,2026-07-26,BUILD分析 appendix whale_group「小庄#1」,serial-offender,,,2026-07-25,2026-07-26,,
0x646e3c36347ccd8d4082263d80d511f9bd0e893e,bsc,惯犯庄家（B案·小庄#1）,serial-actor,identity,serial-offenders,2026-07-26,BUILD分析 appendix whale_group「小庄#1」,serial-offender,,,2026-07-25,2026-07-26,,
0x648b2568882c50c65bd1f677ec41c9a273bd9921,bsc,惯犯庄家（SIREN案·离场庄#1·核心链）,serial-actor,identity,serial-offenders,2026-07-26,SIREN分析2026-07-19 appendix whale_group「离场庄#1·核心链」,serial-offender,,,2026-07-19,2026-07-26,,
0x64ca9c9f162245ac0c6f55e3879d190f96feb720,bsc,惯犯庄家（B案·小庄#1）,serial-actor,identity,serial-offenders,2026-07-26,BUILD分析 appendix whale_group「小庄#1」,serial-offender,,,2026-07-25,2026-07-26,,
0x64cc6c6f2c6440ffb41cb8afe46a7eecc6eb2235,bsc,惯犯庄家（SIREN案·离场庄#1·核心链）,serial-actor,identity,serial-offenders,2026-07-26,SIREN分析2026-07-19 appendix whale_group「离场庄#1·核心链」,serial-offender,,,2026-07-19,2026-07-26,,
0x64ede9770eb1680b048a23b858a433a7d972f2dd,bsc,惯犯庄家（SIREN案·离场庄#1·核心链）,serial-actor,identity,serial-offenders,2026-07-26,SIREN分析2026-07-19 appendix whale_group「离场庄#1·核心链」,serial-offender,,,2026-07-19,2026-07-26,,
0x64f3727e822870c03d8ed29157c99c4025a4f004,bsc,惯犯庄家（B案·小庄#1）,serial-actor,identity,serial-offenders,2026-07-26,BUILD分析 appendix whale_group「小庄#1」,serial-offender,,,2026-07-25,2026-07-26,,
0x6543c852973476a2c5e1939efca7e60d231babce,bsc,惯犯庄家（SIREN案·离场庄#1·核心链）,serial-actor,identity,serial-offenders,2026-07-26,SIREN分析2026-07-19 appendix whale_group「离场庄#1·核心链」,serial-offender,,,2026-07-19,2026-07-26,,
0x659576cbd1ab07ac9d7fd0e4d7229ceee364533e,bsc,惯犯庄家（B案·小庄#1）,serial-actor,identity,serial-offenders,2026-07-26,BUILD分析 appendix whale_group「小庄#1」,serial-offender,,,2026-07-25,2026-07-26,,
0x65a074673cc4953caf23a81b5d17f6d5d5a02fff,bsc,惯犯庄家（SIREN案·离场庄#1·核心链）,serial-actor,identity,serial-offenders,2026-07-26,SIREN分析2026-07-19 appendix whale_group「离场庄#1·核心链」,serial-offender,,,2026-07-19,2026-07-26,,
0x65a404b140fa76ce1cc9d19ee81c86c9d7eeffea,bsc,惯犯庄家（SIREN案·离场庄#1·核心链）,serial-actor,identity,serial-offenders,2026-07-26,SIREN分析2026-07-19 appendix whale_group「离场庄#1·核心链」,serial-offender,,,2026-07-19,2026-07-26,,
0x6610f9323a45084a0cca855c6ab29b2e96957f48,bsc,"惯犯庄家（BANANAS31案·狙击集团(已离场,残尾仓)）",serial-actor,identity,serial-offenders,2026-07-26,"BANANAS31分析 appendix whale_group「狙击集团(已离场,残尾仓)」",serial-offender,,,2026-07-22,2026-07-26,,
0x661a9615add4f098f54f6ca5466b98755c51b0a6,bsc,惯犯庄家（SIREN案·离场庄#1·核心链）,serial-actor,identity,serial-offenders,2026-07-26,SIREN分析2026-07-19 appendix whale_group「离场庄#1·核心链」,serial-offender,,,2026-07-19,2026-07-26,,
0x66249d27dd0f6cc76b699390e312b230ab115b6c,bsc,惯犯庄家（SIREN案·离场庄#1·核心链）,serial-actor,identity,serial-offenders,2026-07-26,SIREN分析2026-07-19 appendix whale_group「离场庄#1·核心链」,serial-offender,,,2026-07-19,2026-07-26,,
0x66725cbe32a1e1bc5e8676582ae0275172b18812,bsc,惯犯庄家（SIREN案·离场庄#1·核心链）,serial-actor,identity,serial-offenders,2026-07-26,SIREN分析2026-07-19 appendix whale_group「离场庄#1·核心链」,serial-offender,,,2026-07-19,2026-07-26,,
0x66845f445b5983ff3896f797855f7bc56a4cc73a,bsc,惯犯庄家（B案·小庄#1）,serial-actor,identity,serial-offenders,2026-07-26,BUILD分析 appendix whale_group「小庄#1」,serial-offender,,,2026-07-25,2026-07-26,,
0x668987088612f600723509aefc2ac00cdc6ae462,bsc,"惯犯庄家（BANANAS31案·狙击集团(已离场,残尾仓)）",serial-actor,identity,serial-offenders,2026-07-26,"BANANAS31分析 appendix whale_group「狙击集团(已离场,残尾仓)」",serial-offender,,,2026-07-22,2026-07-26,,
0x66ad59f6800d791913a2b3d0a13b2087d7ee2e49,bsc,惯犯庄家（SIREN案·离场庄#1·核心链）,serial-actor,identity,serial-offenders,2026-07-26,SIREN分析2026-07-19 appendix whale_group「离场庄#1·核心链」,serial-offender,,,2026-07-19,2026-07-26,,
0x66af8b5aa8421be7227b8869b1dda47d72cd5577,bsc,惯犯庄家（B案·小庄#1）,serial-actor,identity,serial-offenders,2026-07-26,BUILD分析 appendix whale_group「小庄#1」,serial-offender,,,2026-07-25,2026-07-26,,
0x6725941498fc427ca753c40b114688705a9f75f7,bsc,惯犯庄家（SIREN案·离场庄#1·核心链）,serial-actor,identity,serial-offenders,2026-07-26,SIREN分析2026-07-19 appendix whale_group「离场庄#1·核心链」,serial-offender,,,2026-07-19,2026-07-26,,
0x672d17f3ad4e05864f20f23b52a249c25c7713fd,bsc,惯犯庄家（SIREN案·离场庄#1·核心链）,serial-actor,identity,serial-offenders,2026-07-26,SIREN分析2026-07-19 appendix whale_group「离场庄#1·核心链」,serial-offender,,,2026-07-19,2026-07-26,,
0x6731fa260ecfa219b939bbd62e97ca4ad0557b23,bsc,惯犯庄家（B案·小庄#1）,serial-actor,identity,serial-offenders,2026-07-26,BUILD分析 appendix whale_group「小庄#1」,serial-offender,,,2026-07-25,2026-07-26,,
0x67698dbb15e3ce9cc1ab50e05651be5d27538031,bsc,惯犯庄家（B案·小庄#1）,serial-actor,identity,serial-offenders,2026-07-26,BUILD分析 appendix whale_group「小庄#1」,serial-offender,,,2026-07-25,2026-07-26,,
0x677607b4cfa5a7cc0a760326a9f48b4d3ede8dec,bsc,惯犯庄家（SIREN案·离场庄#1·核心链）,serial-actor,identity,serial-offenders,2026-07-26,SIREN分析2026-07-19 appendix whale_group「离场庄#1·核心链」,serial-offender,,,2026-07-19,2026-07-26,,
0x6794ca49d154bf17c53c942bc78d8ef308acc12e,bsc,惯犯庄家（B案·小庄#1）,serial-actor,identity,serial-offenders,2026-07-26,BUILD分析 appendix whale_group「小庄#1」,serial-offender,,,2026-07-25,2026-07-26,,
0x67ae767356409114e62aa04f4afa130eddc6b24f,bsc,惯犯庄家（B案·小庄#1）,serial-actor,identity,serial-offenders,2026-07-26,BUILD分析 appendix whale_group「小庄#1」,serial-offender,,,2026-07-25,2026-07-26,,
0x67da1a6209d97da321f0a2f03e93cb13194a31e4,bsc,惯犯庄家（SIREN案·离场庄#1·核心链）,serial-actor,identity,serial-offenders,2026-07-26,SIREN分析2026-07-19 appendix whale_group「离场庄#1·核心链」,serial-offender,,,2026-07-19,2026-07-26,,
0x67e0279d04e4dfbc5a9117083687991f0716be3f,bsc,惯犯庄家（SIREN案·离场庄#1·核心链）,serial-actor,identity,serial-offenders,2026-07-26,SIREN分析2026-07-19 appendix whale_group「离场庄#1·核心链」,serial-offender,,,2026-07-19,2026-07-26,,
0x6807070709a39199f1bd80d6c006497303841e2f,bsc,惯犯庄家（SIREN案·离场庄#1·扩展与静置仓网）,serial-actor,identity,serial-offenders,2026-07-26,SIREN分析2026-07-19 appendix whale_group「离场庄#1·扩展与静置仓网」,serial-offender,,,2026-07-19,2026-07-26,,
0x68acf1259d0ecc1c031f2ceed5b094ef332070ee,bsc,惯犯庄家（B案·小庄#1）,serial-actor,identity,serial-offenders,2026-07-26,BUILD分析 appendix whale_group「小庄#1」,serial-offender,,,2026-07-25,2026-07-26,,
0x691b74286d16a6317a1230376a23478885a4fbab,bsc,惯犯庄家（B案·小庄#1）,serial-actor,identity,serial-offenders,2026-07-26,BUILD分析 appendix whale_group「小庄#1」,serial-offender,,,2026-07-25,2026-07-26,,
0x692aba16c7c4fd56e8c7396b24e5574d4df0ea6d,bsc,惯犯庄家（SIREN案·离场庄#1·核心链）,serial-actor,identity,serial-offenders,2026-07-26,SIREN分析2026-07-19 appendix whale_group「离场庄#1·核心链」,serial-offender,,,2026-07-19,2026-07-26,,
0x6930ba5daa054a3d3eb880f8e9d2216e84c941bf,bsc,惯犯庄家（SIREN案·离场庄#1·核心链）,serial-actor,identity,serial-offenders,2026-07-26,SIREN分析2026-07-19 appendix whale_group「离场庄#1·核心链」,serial-offender,,,2026-07-19,2026-07-26,,
0x694e3a0fa181dcc4252ab4a03bea56ba479bbe97,bsc,惯犯庄家（SIREN案·离场庄#1·核心链）,serial-actor,identity,serial-offenders,2026-07-26,SIREN分析2026-07-19 appendix whale_group「离场庄#1·核心链」,serial-offender,,,2026-07-19,2026-07-26,,
0x696d396a660cf25791012720082676822dee9d58,bsc,惯犯庄家（SIREN案·离场庄#1·核心链）,serial-actor,identity,serial-offenders,2026-07-26,SIREN分析2026-07-19 appendix whale_group「离场庄#1·核心链」,serial-offender,,,2026-07-19,2026-07-26,,
0x6998d1796aa90e823f53c2b1786436701e41a06b,bsc,惯犯庄家（B案·小庄#1）,serial-actor,identity,serial-offenders,2026-07-26,BUILD分析 appendix whale_group「小庄#1」,serial-offender,,,2026-07-25,2026-07-26,,
0x69eea37a12b6b8e2559f5f68a45c9d5829355a53,bsc,惯犯庄家（SIREN案·离场庄#1·核心链）,serial-actor,identity,serial-offenders,2026-07-26,SIREN分析2026-07-19 appendix whale_group「离场庄#1·核心链」,serial-offender,,,2026-07-19,2026-07-26,,
0x6a1b533f467c4db771f527f116fd1fcc1c594fde,bsc,惯犯庄家（SIREN案·离场庄#1·核心链）,serial-actor,identity,serial-offenders,2026-07-26,SIREN分析2026-07-19 appendix whale_group「离场庄#1·核心链」,serial-offender,,,2026-07-19,2026-07-26,,
0x6a2c23d34392f150d8a675d2baf85f426b74526a,bsc,惯犯庄家（BANANAS31案·小庄S·Bitget库存循环体系）,serial-actor,identity,serial-offenders,2026-07-26,BANANAS31分析 appendix whale_group「小庄S·Bitget库存循环体系」,serial-offender,,,2026-07-22,2026-07-26,,
0x6a53a7fab95f63fc61c0a192b297708c9e029af6,bsc,惯犯庄家（BANANAS31案·小庄S·Bitget库存循环体系）,serial-actor,identity,serial-offenders,2026-07-26,BANANAS31分析 appendix whale_group「小庄S·Bitget库存循环体系」,serial-offender,,,2026-07-22,2026-07-26,,
0x6a644cf02f067caee622bb46cdcf644a0892b612,bsc,惯犯庄家（SIREN案·离场庄#1·核心链）,serial-actor,identity,serial-offenders,2026-07-26,SIREN分析2026-07-19 appendix whale_group「离场庄#1·核心链」,serial-offender,,,2026-07-19,2026-07-26,,
0x6aa687c06f99f1f360d3234a901a2c0ac0f479d9,bsc,惯犯庄家（SIREN案·离场庄#1·核心链）,serial-actor,identity,serial-offenders,2026-07-26,SIREN分析2026-07-19 appendix whale_group「离场庄#1·核心链」,serial-offender,,,2026-07-19,2026-07-26,,
0x6ababeb1bd21c4c1fb89d4259f28d7cadca70175,bsc,惯犯庄家（B案·小庄#1）,serial-actor,identity,serial-offenders,2026-07-26,BUILD分析 appendix whale_group「小庄#1」,serial-offender,,,2026-07-25,2026-07-26,,
0x6ad866ccb2480b4a537884b167337f38f2fb3765,bsc,惯犯庄家（B案·小庄#1）,serial-actor,identity,serial-offenders,2026-07-26,BUILD分析 appendix whale_group「小庄#1」,serial-offender,,,2026-07-25,2026-07-26,,
0x6ae4a0bc5f77562b7f885d63a96ea3a9949117aa,bsc,惯犯庄家（BANANAS31案·小庄S·Bitget库存循环体系）,serial-actor,identity,serial-offenders,2026-07-26,BANANAS31分析 appendix whale_group「小庄S·Bitget库存循环体系」,serial-offender,,,2026-07-22,2026-07-26,,
0x6aece9b308935e58158eead1ed5d925e9ba82826,bsc,惯犯庄家（SIREN案·离场庄#1·核心链）,serial-actor,identity,serial-offenders,2026-07-26,SIREN分析2026-07-19 appendix whale_group「离场庄#1·核心链」,serial-offender,,,2026-07-19,2026-07-26,,
0x6af92a778bd3dd134bbc4cac8a4afed8ec379e3a,bsc,惯犯庄家（SIREN案·离场庄#1·核心链）,serial-actor,identity,serial-offenders,2026-07-26,SIREN分析2026-07-19 appendix whale_group「离场庄#1·核心链」,serial-offender,,,2026-07-19,2026-07-26,,
0x6b5030b0d60780bc876b4aebd891655181909e7f,bsc,惯犯庄家（SIREN案·离场庄#1·核心链）,serial-actor,identity,serial-offenders,2026-07-26,SIREN分析2026-07-19 appendix whale_group「离场庄#1·核心链」,serial-offender,,,2026-07-19,2026-07-26,,
0x6b62f9e09fd035e8a2d2b3eb5fb04d917a37067c,bsc,惯犯庄家（SIREN案·离场庄#1·扩展与静置仓网）,serial-actor,identity,serial-offenders,2026-07-26,SIREN分析2026-07-19 appendix whale_group「离场庄#1·扩展与静置仓网」,serial-offender,,,2026-07-19,2026-07-26,,
0x6b6310e89868d51a000d9112de078d8977df4767,bsc,惯犯庄家（SIREN案·离场庄#1·扩展与静置仓网）,serial-actor,identity,serial-offenders,2026-07-26,SIREN分析2026-07-19 appendix whale_group「离场庄#1·扩展与静置仓网」,serial-offender,,,2026-07-19,2026-07-26,,
0x6b637e3c5690e2c2c20827fe2351fcacee2bc47a,bsc,惯犯庄家（SIREN案·离场庄#1·核心链）,serial-actor,identity,serial-offenders,2026-07-26,SIREN分析2026-07-19 appendix whale_group「离场庄#1·核心链」,serial-offender,,,2026-07-19,2026-07-26,,
0x6b7b05acec4cecfc0c7e7f2a768f3a48dab2dd0a,bsc,惯犯庄家（SIREN案·离场庄#1·核心链）,serial-actor,identity,serial-offenders,2026-07-26,SIREN分析2026-07-19 appendix whale_group「离场庄#1·核心链」,serial-offender,,,2026-07-19,2026-07-26,,
0x6b80e27bc06b69dc73a5771379e7b15ca2ce97f2,bsc,惯犯庄家（BANANAS31案·小庄S·Bitget库存循环体系）,serial-actor,identity,serial-offenders,2026-07-26,BANANAS31分析 appendix whale_group「小庄S·Bitget库存循环体系」,serial-offender,,,2026-07-22,2026-07-26,,
0x6bcd969be41740bcc8eead8d95b77bbdb6f2d2d5,bsc,惯犯庄家（B案·小庄#1）,serial-actor,identity,serial-offenders,2026-07-26,BUILD分析 appendix whale_group「小庄#1」,serial-offender,,,2026-07-25,2026-07-26,,
0x6c02d4d39cae4c76d4e571b4aa4bbb6c492067d1,bsc,惯犯庄家（SIREN案·离场庄#1·核心链）,serial-actor,identity,serial-offenders,2026-07-26,SIREN分析2026-07-19 appendix whale_group「离场庄#1·核心链」,serial-offender,,,2026-07-19,2026-07-26,,
0x6c3642cbda5d6cb2fe71ffa62cbb76cd81eb8c45,bsc,惯犯庄家（B案·小庄#1）,serial-actor,identity,serial-offenders,2026-07-26,BUILD分析 appendix whale_group「小庄#1」,serial-offender,,,2026-07-25,2026-07-26,,
0x6c3d0b9be0ee8f54cf1254ffb5276590d6abe135,bsc,惯犯庄家（SIREN案·离场庄#1·核心链）,serial-actor,identity,serial-offenders,2026-07-26,SIREN分析2026-07-19 appendix whale_group「离场庄#1·核心链」,serial-offender,,,2026-07-19,2026-07-26,,
0x6c531cd47489fe8ed0354915950b9ad42b202aeb,bsc,惯犯庄家（SIREN案·离场庄#1·核心链）,serial-actor,identity,serial-offenders,2026-07-26,SIREN分析2026-07-19 appendix whale_group「离场庄#1·核心链」,serial-offender,,,2026-07-19,2026-07-26,,
0x6c6844eb0405b46a390b8e983b36b2cf072c2291,bsc,惯犯庄家（SIREN案·离场庄#1·核心链）,serial-actor,identity,serial-offenders,2026-07-26,SIREN分析2026-07-19 appendix whale_group「离场庄#1·核心链」,serial-offender,,,2026-07-19,2026-07-26,,
0x6c75ef44363e09f625078c1df3a04b893cb3eb25,bsc,惯犯庄家（B案·小庄#1）,serial-actor,identity,serial-offenders,2026-07-26,BUILD分析 appendix whale_group「小庄#1」,serial-offender,,,2026-07-25,2026-07-26,,
0x6c9aa9bdd43a9a1c8dd02c43193136b506075bd4,bsc,惯犯庄家（SIREN案·离场庄#1·核心链）,serial-actor,identity,serial-offenders,2026-07-26,SIREN分析2026-07-19 appendix whale_group「离场庄#1·核心链」,serial-offender,,,2026-07-19,2026-07-26,,
0x6ca0c40198e693cc3cd106c1ec43e4f92edb90b3,bsc,惯犯庄家（B案·小庄#1）,serial-actor,identity,serial-offenders,2026-07-26,BUILD分析 appendix whale_group「小庄#1」,serial-offender,,,2026-07-25,2026-07-26,,
0x6cdbcb5a4a84ace039a3d6555328048be67cdf4b,bsc,惯犯庄家（B案·小庄#1）,serial-actor,identity,serial-offenders,2026-07-26,BUILD分析 appendix whale_group「小庄#1」,serial-offender,,,2026-07-25,2026-07-26,,
0x6ceddef65c6a16ba03531ac4a1f410d004e440e4,bsc,惯犯庄家（SIREN案·离场庄#1·核心链）,serial-actor,identity,serial-offenders,2026-07-26,SIREN分析2026-07-19 appendix whale_group「离场庄#1·核心链」,serial-offender,,,2026-07-19,2026-07-26,,
0x6cf5b47492f5d9d71d39cef5896a69599386ac23,bsc,惯犯庄家（SIREN案·离场庄#1·核心链）,serial-actor,identity,serial-offenders,2026-07-26,SIREN分析2026-07-19 appendix whale_group「离场庄#1·核心链」,serial-offender,,,2026-07-19,2026-07-26,,
0x6d79cbc002d90e38b68389d85f9dd09d32af2506,bsc,惯犯庄家（SIREN案·离场庄#1·核心链）,serial-actor,identity,serial-offenders,2026-07-26,SIREN分析2026-07-19 appendix whale_group「离场庄#1·核心链」,serial-offender,,,2026-07-19,2026-07-26,,
0x6e37c7ead1e898e577f33cc234ad4bde755b4eff,bsc,惯犯庄家（SIREN案·离场庄#1·核心链）,serial-actor,identity,serial-offenders,2026-07-26,SIREN分析2026-07-19 appendix whale_group「离场庄#1·核心链」,serial-offender,,,2026-07-19,2026-07-26,,
0x6e5320a2ee960f9ba3d3377f45813a8f90488f1f,bsc,惯犯庄家（SIREN案·离场庄#1·核心链）,serial-actor,identity,serial-offenders,2026-07-26,SIREN分析2026-07-19 appendix whale_group「离场庄#1·核心链」,serial-offender,,,2026-07-19,2026-07-26,,
0x6e952d0261bf5ea60f226abaee5445011e4d01d0,bsc,惯犯庄家（SIREN案·离场庄#1·扩展与静置仓网）,serial-actor,identity,serial-offenders,2026-07-26,SIREN分析2026-07-19 appendix whale_group「离场庄#1·扩展与静置仓网」,serial-offender,,,2026-07-19,2026-07-26,,
0x6ed6fe9d3506869302e0da8762199480a359c6c5,bsc,惯犯庄家（SIREN案·离场庄#1·核心链）,serial-actor,identity,serial-offenders,2026-07-26,SIREN分析2026-07-19 appendix whale_group「离场庄#1·核心链」,serial-offender,,,2026-07-19,2026-07-26,,
0x6edaec2fd5da48bf637bfc662fbc124c5388902d,bsc,惯犯庄家（SIREN案·离场庄#1·核心链）,serial-actor,identity,serial-offenders,2026-07-26,SIREN分析2026-07-19 appendix whale_group「离场庄#1·核心链」,serial-offender,,,2026-07-19,2026-07-26,,
0x6ee31f79bb928727ebe5302cf2cc3085ae53db51,bsc,惯犯庄家（B案·小庄#1）,serial-actor,identity,serial-offenders,2026-07-26,BUILD分析 appendix whale_group「小庄#1」,serial-offender,,,2026-07-25,2026-07-26,,
0x6eea9d8f2e0dd9ece2abb08a0f28b867cc13d58e,bsc,惯犯庄家（B案·小庄#1）,serial-actor,identity,serial-offenders,2026-07-26,BUILD分析 appendix whale_group「小庄#1」,serial-offender,,,2026-07-25,2026-07-26,,
0x6eedd0cc108ff8d74530a0154f10d78b1d5615aa,bsc,惯犯庄家（SIREN案·离场庄#1·核心链）,serial-actor,identity,serial-offenders,2026-07-26,SIREN分析2026-07-19 appendix whale_group「离场庄#1·核心链」,serial-offender,,,2026-07-19,2026-07-26,,
0x6f2f340067ff168619916c39b5b83175aa63dcf4,bsc,惯犯庄家（SIREN案·离场庄#1·核心链）,serial-actor,identity,serial-offenders,2026-07-26,SIREN分析2026-07-19 appendix whale_group「离场庄#1·核心链」,serial-offender,,,2026-07-19,2026-07-26,,
0x6f7883ecda9bd77d586917a23812ae523d3d08e3,bsc,惯犯庄家（BANANAS31案·小庄S·Bitget库存循环体系）,serial-actor,identity,serial-offenders,2026-07-26,BANANAS31分析 appendix whale_group「小庄S·Bitget库存循环体系」,serial-offender,,,2026-07-22,2026-07-26,,
0x6fa827d12febe1cc8abc0359bfbbbf13c66355e2,bsc,惯犯庄家（B案·小庄#1）,serial-actor,identity,serial-offenders,2026-07-26,BUILD分析 appendix whale_group「小庄#1」,serial-offender,,,2026-07-25,2026-07-26,,
0x6fbcff0ef67373869cfbe2318931e32e8f594e63,bsc,惯犯庄家（B案·小庄#1）,serial-actor,identity,serial-offenders,2026-07-26,BUILD分析 appendix whale_group「小庄#1」,serial-offender,,,2026-07-25,2026-07-26,,
0x6fe007c6580a316bea66820484000bb28ac58ae1,bsc,惯犯庄家（SIREN案·离场庄#1·核心链）,serial-actor,identity,serial-offenders,2026-07-26,SIREN分析2026-07-19 appendix whale_group「离场庄#1·核心链」,serial-offender,,,2026-07-19,2026-07-26,,
0x6fe2aa937ff5d47d252129aee5897cc53979c558,bsc,惯犯庄家（SIREN案·离场庄#1·核心链）,serial-actor,identity,serial-offenders,2026-07-26,SIREN分析2026-07-19 appendix whale_group「离场庄#1·核心链」,serial-offender,,,2026-07-19,2026-07-26,,
0x6fe8ac5c3122905ef3cb2267e3c123a2699414f5,bsc,惯犯庄家（B案·小庄#1）,serial-actor,identity,serial-offenders,2026-07-26,BUILD分析 appendix whale_group「小庄#1」,serial-offender,,,2026-07-25,2026-07-26,,
0x6fec207f973548f2f5ccbdeaa474249ab79d49de,bsc,惯犯庄家（SIREN案·离场庄#1·核心链）,serial-actor,identity,serial-offenders,2026-07-26,SIREN分析2026-07-19 appendix whale_group「离场庄#1·核心链」,serial-offender,,,2026-07-19,2026-07-26,,
0x6feff0dd8c7eca63efb329cd6bcda8b645030537,bsc,惯犯庄家（SIREN案·离场庄#1·核心链）,serial-actor,identity,serial-offenders,2026-07-26,SIREN分析2026-07-19 appendix whale_group「离场庄#1·核心链」,serial-offender,,,2026-07-19,2026-07-26,,
0x7041b407b7a02c156925900980d5153ad1ea60f5,bsc,惯犯庄家（SIREN案·离场庄#1·核心链）,serial-actor,identity,serial-offenders,2026-07-26,SIREN分析2026-07-19 appendix whale_group「离场庄#1·核心链」,serial-offender,,,2026-07-19,2026-07-26,,
0x705d9e3ede46e599576cb00f188ede427924696c,bsc,惯犯庄家（B案·小庄#1）,serial-actor,identity,serial-offenders,2026-07-26,BUILD分析 appendix whale_group「小庄#1」,serial-offender,,,2026-07-25,2026-07-26,,
0x70637099460395fbf08be48b2bb62f7284e2e340,bsc,惯犯庄家（SIREN案·离场庄#1·核心链）,serial-actor,identity,serial-offenders,2026-07-26,SIREN分析2026-07-19 appendix whale_group「离场庄#1·核心链」,serial-offender,,,2026-07-19,2026-07-26,,
0x7070811540efb9c9ac7dfb10b11c90c3f421d135,bsc,惯犯庄家（B案·小庄#1）,serial-actor,identity,serial-offenders,2026-07-26,BUILD分析 appendix whale_group「小庄#1」,serial-offender,,,2026-07-25,2026-07-26,,
0x707fa65a2ef5fa3bc82f9ac9107761db7fdf29dd,bsc,惯犯庄家（SIREN案·离场庄#1·核心链）,serial-actor,identity,serial-offenders,2026-07-26,SIREN分析2026-07-19 appendix whale_group「离场庄#1·核心链」,serial-offender,,,2026-07-19,2026-07-26,,
0x70a4761e1bfe45675a9221f3f537e60f8fdf72b8,bsc,惯犯庄家（SIREN案·离场庄#1·核心链）,serial-actor,identity,serial-offenders,2026-07-26,SIREN分析2026-07-19 appendix whale_group「离场庄#1·核心链」,serial-offender,,,2026-07-19,2026-07-26,,
0x70b2678e09fa43ebfb16720d2a2e910997304a1e,bsc,惯犯庄家（BANANAS31案·小庄S·Bitget库存循环体系）,serial-actor,identity,serial-offenders,2026-07-26,BANANAS31分析 appendix whale_group「小庄S·Bitget库存循环体系」,serial-offender,,,2026-07-22,2026-07-26,,
0x70c69520eb6595d102bfd8aed8fc58428489c4e4,bsc,惯犯庄家（SIREN案·离场庄#1·扩展与静置仓网）,serial-actor,identity,serial-offenders,2026-07-26,SIREN分析2026-07-19 appendix whale_group「离场庄#1·扩展与静置仓网」,serial-offender,,,2026-07-19,2026-07-26,,
0x70f47a0fa99fe2f123bacf3e1a8203b458329197,bsc,惯犯庄家（SIREN案·离场庄#1·核心链）,serial-actor,identity,serial-offenders,2026-07-26,SIREN分析2026-07-19 appendix whale_group「离场庄#1·核心链」,serial-offender,,,2026-07-19,2026-07-26,,
0x70fb4838f27157ae2e82ddeb07f20550539fce38,bsc,惯犯庄家（SIREN案·离场庄#1·核心链）,serial-actor,identity,serial-offenders,2026-07-26,SIREN分析2026-07-19 appendix whale_group「离场庄#1·核心链」,serial-offender,,,2026-07-19,2026-07-26,,
0x710787d6c29285b79aa3d0d02321ca0fd0ecac24,bsc,惯犯庄家（BANANAS31案·小庄S·Bitget库存循环体系）,serial-actor,identity,serial-offenders,2026-07-26,BANANAS31分析 appendix whale_group「小庄S·Bitget库存循环体系」,serial-offender,,,2026-07-22,2026-07-26,,
0x71487d5778b894ee017871b6b733d22b65ba93ef,bsc,惯犯庄家（SIREN案·离场庄#1·核心链）,serial-actor,identity,serial-offenders,2026-07-26,SIREN分析2026-07-19 appendix whale_group「离场庄#1·核心链」,serial-offender,,,2026-07-19,2026-07-26,,
0x71af8008efee9e852e1f52cc077d9d62783ba699,bsc,惯犯庄家（SIREN案·离场庄#1·核心链）,serial-actor,identity,serial-offenders,2026-07-26,SIREN分析2026-07-19 appendix whale_group「离场庄#1·核心链」,serial-offender,,,2026-07-19,2026-07-26,,
0x71b9c7d1137489136259aa0336c0c28729cbb5bd,bsc,惯犯庄家（SIREN案·离场庄#1·核心链）,serial-actor,identity,serial-offenders,2026-07-26,SIREN分析2026-07-19 appendix whale_group「离场庄#1·核心链」,serial-offender,,,2026-07-19,2026-07-26,,
0x71bd72b6af86463c7b544d0bd075e126b815293a,bsc,惯犯庄家（SIREN案·离场庄#1·核心链）,serial-actor,identity,serial-offenders,2026-07-26,SIREN分析2026-07-19 appendix whale_group「离场庄#1·核心链」,serial-offender,,,2026-07-19,2026-07-26,,
0x71dce07042b731196d9aeb7d46c677275118756e,bsc,惯犯庄家（SIREN案·离场庄#1·核心链）,serial-actor,identity,serial-offenders,2026-07-26,SIREN分析2026-07-19 appendix whale_group「离场庄#1·核心链」,serial-offender,,,2026-07-19,2026-07-26,,
0x71e9f0f78e04deac5f253f70f8abe96581459bdb,bsc,惯犯庄家（SIREN案·离场庄#1·核心链）,serial-actor,identity,serial-offenders,2026-07-26,SIREN分析2026-07-19 appendix whale_group「离场庄#1·核心链」,serial-offender,,,2026-07-19,2026-07-26,,
0x7261161eec1c5227a69f5ac5d3a4891c1f659db4,bsc,惯犯庄家（SIREN案·离场庄#1·核心链）,serial-actor,identity,serial-offenders,2026-07-26,SIREN分析2026-07-19 appendix whale_group「离场庄#1·核心链」,serial-offender,,,2026-07-19,2026-07-26,,
0x726cdef44953bc97d1f2db22a08df75ea16dd4de,bsc,惯犯庄家（SIREN案·离场庄#1·核心链）,serial-actor,identity,serial-offenders,2026-07-26,SIREN分析2026-07-19 appendix whale_group「离场庄#1·核心链」,serial-offender,,,2026-07-19,2026-07-26,,
0x72fb03ee7b41c29c442ffad48d6166aa85310083,bsc,惯犯庄家（SIREN案·离场庄#1·核心链）,serial-actor,identity,serial-offenders,2026-07-26,SIREN分析2026-07-19 appendix whale_group「离场庄#1·核心链」,serial-offender,,,2026-07-19,2026-07-26,,
0x7368c60d783ee687a50ec2b4d1c436bd03a7f125,bsc,惯犯庄家（B案·小庄#1）,serial-actor,identity,serial-offenders,2026-07-26,BUILD分析 appendix whale_group「小庄#1」,serial-offender,,,2026-07-25,2026-07-26,,
0x73824aeb103181fd472e81b30ea68a749279f549,bsc,惯犯庄家（SIREN案·离场庄#1·核心链）,serial-actor,identity,serial-offenders,2026-07-26,SIREN分析2026-07-19 appendix whale_group「离场庄#1·核心链」,serial-offender,,,2026-07-19,2026-07-26,,
0x738f27d8145c9e309237c655191757c469f58d7f,bsc,惯犯庄家（B案·小庄#1）,serial-actor,identity,serial-offenders,2026-07-26,BUILD分析 appendix whale_group「小庄#1」,serial-offender,,,2026-07-25,2026-07-26,,
0x739cf65086588c2e0b0563f77324a9fdb97f6814,bsc,惯犯庄家（B案·小庄#1）,serial-actor,identity,serial-offenders,2026-07-26,BUILD分析 appendix whale_group「小庄#1」,serial-offender,,,2026-07-25,2026-07-26,,
0x73a098a1936655645c4a5cd7e80fff7d04e1ca62,bsc,"惯犯庄家（BANANAS31案·狙击集团(已离场,残尾仓)）",serial-actor,identity,serial-offenders,2026-07-26,"BANANAS31分析 appendix whale_group「狙击集团(已离场,残尾仓)」",serial-offender,,,2026-07-22,2026-07-26,,
0x73e27d9a2a2050e62ae4283334d024950a604f75,bsc,惯犯庄家（SIREN案·离场庄#1·核心链）,serial-actor,identity,serial-offenders,2026-07-26,SIREN分析2026-07-19 appendix whale_group「离场庄#1·核心链」,serial-offender,,,2026-07-19,2026-07-26,,
0x74129dd497ed58ff291d84dc7cea24b745df78a2,bsc,惯犯庄家（B案·小庄#1）,serial-actor,identity,serial-offenders,2026-07-26,BUILD分析 appendix whale_group「小庄#1」,serial-offender,,,2026-07-25,2026-07-26,,
0x74249742f1684aff4796aedbe66999fc549dce2d,bsc,"惯犯庄家（BANANAS31案·狙击集团(已离场,残尾仓)）",serial-actor,identity,serial-offenders,2026-07-26,"BANANAS31分析 appendix whale_group「狙击集团(已离场,残尾仓)」",serial-offender,,,2026-07-22,2026-07-26,,
0x7433a200d5abe3ac781a2f08b3f71a97dc31796b,bsc,惯犯庄家（SIREN案·离场庄#1·核心链）,serial-actor,identity,serial-offenders,2026-07-26,SIREN分析2026-07-19 appendix whale_group「离场庄#1·核心链」,serial-offender,,,2026-07-19,2026-07-26,,
0x743e5449370f8f0df023c112c89c10660cfb5547,bsc,惯犯庄家（B案·小庄#1）,serial-actor,identity,serial-offenders,2026-07-26,BUILD分析 appendix whale_group「小庄#1」,serial-offender,,,2026-07-25,2026-07-26,,
0x745fa3dcbc112f8d6d002148310203b2708f57b7,bsc,惯犯庄家（SIREN案·离场庄#1·核心链）,serial-actor,identity,serial-offenders,2026-07-26,SIREN分析2026-07-19 appendix whale_group「离场庄#1·核心链」,serial-offender,,,2026-07-19,2026-07-26,,
0x7467a1ff2f66933057776ebf8a985613904ece0b,bsc,惯犯庄家（SIREN案·离场庄#1·核心链）,serial-actor,identity,serial-offenders,2026-07-26,SIREN分析2026-07-19 appendix whale_group「离场庄#1·核心链」,serial-offender,,,2026-07-19,2026-07-26,,
0x7472c52b8e26958fe94a3a65adfa9bcb1f5d082e,bsc,惯犯庄家（SIREN案·离场庄#1·核心链）,serial-actor,identity,serial-offenders,2026-07-26,SIREN分析2026-07-19 appendix whale_group「离场庄#1·核心链」,serial-offender,,,2026-07-19,2026-07-26,,
0x747fcac44f2fab5c9aa32d00837e433ae9b43c05,bsc,惯犯庄家（SIREN案·离场庄#1·核心链）,serial-actor,identity,serial-offenders,2026-07-26,SIREN分析2026-07-19 appendix whale_group「离场庄#1·核心链」,serial-offender,,,2026-07-19,2026-07-26,,
0x74bb75bee79dfd0c5fdecae85786504915a94cfe,bsc,惯犯庄家（BANANAS31案·小庄S·Bitget库存循环体系）,serial-actor,identity,serial-offenders,2026-07-26,BANANAS31分析 appendix whale_group「小庄S·Bitget库存循环体系」,serial-offender,,,2026-07-22,2026-07-26,,
0x74f3dd5c11f98712ca908fc0830056cc9b9f4ce6,bsc,惯犯庄家（B案·小庄#1）,serial-actor,identity,serial-offenders,2026-07-26,BUILD分析 appendix whale_group「小庄#1」,serial-offender,,,2026-07-25,2026-07-26,,
0x7520d0421b79894ede4bf98a360d11f3a0029de2,bsc,惯犯庄家（SIREN案·离场庄#1·核心链）,serial-actor,identity,serial-offenders,2026-07-26,SIREN分析2026-07-19 appendix whale_group「离场庄#1·核心链」,serial-offender,,,2026-07-19,2026-07-26,,
0x75305a19910e151632942f7c933955ed3d13d7bb,bsc,惯犯庄家（SIREN案·离场庄#1·核心链）,serial-actor,identity,serial-offenders,2026-07-26,SIREN分析2026-07-19 appendix whale_group「离场庄#1·核心链」,serial-offender,,,2026-07-19,2026-07-26,,
0x7556854f51284e89ed45f85a3e6af72f3d5434d5,bsc,惯犯庄家（SIREN案·离场庄#1·核心链）,serial-actor,identity,serial-offenders,2026-07-26,SIREN分析2026-07-19 appendix whale_group「离场庄#1·核心链」,serial-offender,,,2026-07-19,2026-07-26,,
0x75833ce9493fb666b5957726c2d5ab397a107b42,bsc,惯犯庄家（BANANAS31案·小庄S·Bitget库存循环体系）,serial-actor,identity,serial-offenders,2026-07-26,BANANAS31分析 appendix whale_group「小庄S·Bitget库存循环体系」,serial-offender,,,2026-07-22,2026-07-26,,
0x75beb5e094e7a904844ab9a9412c0bbd0c356b90,bsc,惯犯庄家（BANANAS31案·小庄S·Bitget库存循环体系）,serial-actor,identity,serial-offenders,2026-07-26,BANANAS31分析 appendix whale_group「小庄S·Bitget库存循环体系」,serial-offender,,,2026-07-22,2026-07-26,,
0x75fc88a04a2f6f0cac00bb11e9e1cdf93d88de98,bsc,惯犯庄家（BANANAS31案·小庄S·Bitget库存循环体系）,serial-actor,identity,serial-offenders,2026-07-26,BANANAS31分析 appendix whale_group「小庄S·Bitget库存循环体系」,serial-offender,,,2026-07-22,2026-07-26,,
0x75fe20dbfb24aad44f6288186228ef607d47f8e1,bsc,惯犯庄家（BANANAS31案·小庄S·Bitget库存循环体系）,serial-actor,identity,serial-offenders,2026-07-26,BANANAS31分析 appendix whale_group「小庄S·Bitget库存循环体系」,serial-offender,,,2026-07-22,2026-07-26,,
0x7603185051f4244631ce3a377b7f2430a0368a6a,bsc,惯犯庄家（BANANAS31案·小庄S·Bitget库存循环体系）,serial-actor,identity,serial-offenders,2026-07-26,BANANAS31分析 appendix whale_group「小庄S·Bitget库存循环体系」,serial-offender,,,2026-07-22,2026-07-26,,
0x7633728f3d9663521c9854693b57ff137b6b0614,bsc,惯犯庄家（SIREN案·离场庄#1·核心链）,serial-actor,identity,serial-offenders,2026-07-26,SIREN分析2026-07-19 appendix whale_group「离场庄#1·核心链」,serial-offender,,,2026-07-19,2026-07-26,,
0x767818770401e33d489d433c77d4f97998f1cf7c,bsc,惯犯庄家（B案·小庄#1）,serial-actor,identity,serial-offenders,2026-07-26,BUILD分析 appendix whale_group「小庄#1」,serial-offender,,,2026-07-25,2026-07-26,,
0x7690d459e63c4934eb3e3c455ee18f04f014a955,bsc,惯犯庄家（SIREN案·离场庄#1·核心链）,serial-actor,identity,serial-offenders,2026-07-26,SIREN分析2026-07-19 appendix whale_group「离场庄#1·核心链」,serial-offender,,,2026-07-19,2026-07-26,,
0x76a8f8ef3743bf0484f09d9cb24892b0e76604b6,bsc,惯犯庄家（BANANAS31案·小庄S·Bitget库存循环体系）,serial-actor,identity,serial-offenders,2026-07-26,BANANAS31分析 appendix whale_group「小庄S·Bitget库存循环体系」,serial-offender,,,2026-07-22,2026-07-26,,
0x76d8173342bdccbe1f89ec9c436f5b6fad37baad,bsc,惯犯庄家（SIREN案·离场庄#1·核心链）,serial-actor,identity,serial-offenders,2026-07-26,SIREN分析2026-07-19 appendix whale_group「离场庄#1·核心链」,serial-offender,,,2026-07-19,2026-07-26,,
0x76e08be43e5936d232f9527f703f3e625cdb950e,bsc,惯犯庄家（SIREN案·离场庄#1·核心链）,serial-actor,identity,serial-offenders,2026-07-26,SIREN分析2026-07-19 appendix whale_group「离场庄#1·核心链」,serial-offender,,,2026-07-19,2026-07-26,,
0x770a5ae4b75d843613855f9a1ca6c82c83401426,bsc,惯犯庄家（B案·小庄#1）,serial-actor,identity,serial-offenders,2026-07-26,BUILD分析 appendix whale_group「小庄#1」,serial-offender,,,2026-07-25,2026-07-26,,
0x772129156c35d8f4790185d20b328f78ae6f512e,bsc,惯犯庄家（SIREN案·离场庄#1·核心链）,serial-actor,identity,serial-offenders,2026-07-26,SIREN分析2026-07-19 appendix whale_group「离场庄#1·核心链」,serial-offender,,,2026-07-19,2026-07-26,,
0x7722351ed0039edbe66bd1588db4a3e2f2cd6821,bsc,惯犯庄家（SIREN案·离场庄#1·核心链）,serial-actor,identity,serial-offenders,2026-07-26,SIREN分析2026-07-19 appendix whale_group「离场庄#1·核心链」,serial-offender,,,2026-07-19,2026-07-26,,
0x7759932aa724ee17862f9d6f5c41d6f68ccb015c,bsc,惯犯庄家（SIREN案·离场庄#1·核心链）,serial-actor,identity,serial-offenders,2026-07-26,SIREN分析2026-07-19 appendix whale_group「离场庄#1·核心链」,serial-offender,,,2026-07-19,2026-07-26,,
0x77642582f824187433633d7c93cc9496b6523076,bsc,惯犯庄家（SIREN案·离场庄#1·核心链）,serial-actor,identity,serial-offenders,2026-07-26,SIREN分析2026-07-19 appendix whale_group「离场庄#1·核心链」,serial-offender,,,2026-07-19,2026-07-26,,
0x77a8ba575020e095ae23ae5a36195f3eac92386e,bsc,惯犯庄家（SIREN案·离场庄#1·核心链）,serial-actor,identity,serial-offenders,2026-07-26,SIREN分析2026-07-19 appendix whale_group「离场庄#1·核心链」,serial-offender,,,2026-07-19,2026-07-26,,
0x77f7f2d3aa153cfb28bb5a616a937d5fb149cbf9,bsc,惯犯庄家（SIREN案·离场庄#1·核心链）,serial-actor,identity,serial-offenders,2026-07-26,SIREN分析2026-07-19 appendix whale_group「离场庄#1·核心链」,serial-offender,,,2026-07-19,2026-07-26,,
0x7815f0046ef0332d3abc2a612d5028293185043d,bsc,惯犯庄家（B案·小庄#1）,serial-actor,identity,serial-offenders,2026-07-26,BUILD分析 appendix whale_group「小庄#1」,serial-offender,,,2026-07-25,2026-07-26,,
0x782dee573be5353181be10a0ff09fe489a023518,bsc,惯犯庄家（SIREN案·离场庄#1·核心链）,serial-actor,identity,serial-offenders,2026-07-26,SIREN分析2026-07-19 appendix whale_group「离场庄#1·核心链」,serial-offender,,,2026-07-19,2026-07-26,,
0x783a63ee1d71925d96a58e32668f3458a29d0718,bsc,惯犯庄家（B案·小庄#1）,serial-actor,identity,serial-offenders,2026-07-26,BUILD分析 appendix whale_group「小庄#1」,serial-offender,,,2026-07-25,2026-07-26,,
0x788429aeb2e83c816c5e31d5a4524a08b8826229,bsc,惯犯庄家（SIREN案·离场庄#1·核心链）,serial-actor,identity,serial-offenders,2026-07-26,SIREN分析2026-07-19 appendix whale_group「离场庄#1·核心链」,serial-offender,,,2026-07-19,2026-07-26,,
0x78c475c66ba7b5dbbe54a9b0012eccfc55fe58fe,bsc,惯犯庄家（B案·小庄#1）,serial-actor,identity,serial-offenders,2026-07-26,BUILD分析 appendix whale_group「小庄#1」,serial-offender,,,2026-07-25,2026-07-26,,
0x791feaa14384c63aeab3ccf105df61225a70e0e7,bsc,惯犯庄家（SIREN案·离场庄#1·核心链）,serial-actor,identity,serial-offenders,2026-07-26,SIREN分析2026-07-19 appendix whale_group「离场庄#1·核心链」,serial-offender,,,2026-07-19,2026-07-26,,
0x7940fe30779decdbe11ef3626e8a8796db3bc476,bsc,惯犯庄家（SIREN案·离场庄#1·核心链）,serial-actor,identity,serial-offenders,2026-07-26,SIREN分析2026-07-19 appendix whale_group「离场庄#1·核心链」,serial-offender,,,2026-07-19,2026-07-26,,
0x798a6ddce425ae6f99e4f12b0d0ab2645eaaa7ad,bsc,惯犯庄家（SIREN案·离场庄#1·核心链）,serial-actor,identity,serial-offenders,2026-07-26,SIREN分析2026-07-19 appendix whale_group「离场庄#1·核心链」,serial-offender,,,2026-07-19,2026-07-26,,
0x799cac2a3f80d0ba71b28d871fbb35e77590bcd4,bsc,惯犯庄家（SIREN案·离场庄#1·核心链）,serial-actor,identity,serial-offenders,2026-07-26,SIREN分析2026-07-19 appendix whale_group「离场庄#1·核心链」,serial-offender,,,2026-07-19,2026-07-26,,
0x799fc443deb9069651f6bbc06284260534d53f5d,bsc,惯犯庄家（SIREN案·离场庄#1·核心链）,serial-actor,identity,serial-offenders,2026-07-26,SIREN分析2026-07-19 appendix whale_group「离场庄#1·核心链」,serial-offender,,,2026-07-19,2026-07-26,,
0x79b0f15f93f7c8fe2513ff3c8d77df840785e2e5,bsc,惯犯庄家（SIREN案·离场庄#1·核心链）,serial-actor,identity,serial-offenders,2026-07-26,SIREN分析2026-07-19 appendix whale_group「离场庄#1·核心链」,serial-offender,,,2026-07-19,2026-07-26,,
0x79dd19e2eb5435e44ad356ace7bdacf17fa3695a,bsc,惯犯庄家（SIREN案·离场庄#1·核心链）,serial-actor,identity,serial-offenders,2026-07-26,SIREN分析2026-07-19 appendix whale_group「离场庄#1·核心链」,serial-offender,,,2026-07-19,2026-07-26,,
0x7a2c7d81225431e850088fc5febe2c99934f865f,bsc,惯犯庄家（SIREN案·离场庄#1·核心链）,serial-actor,identity,serial-offenders,2026-07-26,SIREN分析2026-07-19 appendix whale_group「离场庄#1·核心链」,serial-offender,,,2026-07-19,2026-07-26,,
0x7a4462bbef32e1f08ba1ecdb0617668ea48ba2f2,bsc,惯犯庄家（SIREN案·离场庄#1·核心链）,serial-actor,identity,serial-offenders,2026-07-26,SIREN分析2026-07-19 appendix whale_group「离场庄#1·核心链」,serial-offender,,,2026-07-19,2026-07-26,,
0x7a4a42c0b0711f624c092d4d3df89edaa73cd630,bsc,惯犯庄家（SIREN案·离场庄#1·核心链）,serial-actor,identity,serial-offenders,2026-07-26,SIREN分析2026-07-19 appendix whale_group「离场庄#1·核心链」,serial-offender,,,2026-07-19,2026-07-26,,
0x7b5d896deccf2e0d0516bb8eae913f8b68a8347f,bsc,惯犯庄家（SIREN案·离场庄#1·核心链）,serial-actor,identity,serial-offenders,2026-07-26,SIREN分析2026-07-19 appendix whale_group「离场庄#1·核心链」,serial-offender,,,2026-07-19,2026-07-26,,
0x7b715cba7355262a0924636deccb4109929813f5,bsc,惯犯庄家（B案·小庄#1）,serial-actor,identity,serial-offenders,2026-07-26,BUILD分析 appendix whale_group「小庄#1」,serial-offender,,,2026-07-25,2026-07-26,,
0x7b74270e79f329e838cecf784d9a9b4d6443824a,bsc,惯犯庄家（SIREN案·离场庄#1·核心链）,serial-actor,identity,serial-offenders,2026-07-26,SIREN分析2026-07-19 appendix whale_group「离场庄#1·核心链」,serial-offender,,,2026-07-19,2026-07-26,,
0x7b92506c694428e50ca07debd9f328a56fb94615,bsc,惯犯庄家（B案·小庄#1）,serial-actor,identity,serial-offenders,2026-07-26,BUILD分析 appendix whale_group「小庄#1」,serial-offender,,,2026-07-25,2026-07-26,,
0x7bc02b8c42796b9e1d459cdbbab3f53ea35b902d,bsc,惯犯庄家（B案·小庄#1）,serial-actor,identity,serial-offenders,2026-07-26,BUILD分析 appendix whale_group「小庄#1」,serial-offender,,,2026-07-25,2026-07-26,,
0x7bc1fd13c9dc36de4a3878cd34bec002a665c963,bsc,惯犯庄家（B案·小庄#1）,serial-actor,identity,serial-offenders,2026-07-26,BUILD分析 appendix whale_group「小庄#1」,serial-offender,,,2026-07-25,2026-07-26,,
0x7bd1f6db11aedf8072a11faf5239f903783dda1b,bsc,惯犯庄家（SIREN案·离场庄#1·核心链）,serial-actor,identity,serial-offenders,2026-07-26,SIREN分析2026-07-19 appendix whale_group「离场庄#1·核心链」,serial-offender,,,2026-07-19,2026-07-26,,
0x7c05d61a4fc8175b1769e9d5bf1263166810ca04,bsc,惯犯庄家（B案·小庄#1）,serial-actor,identity,serial-offenders,2026-07-26,BUILD分析 appendix whale_group「小庄#1」,serial-offender,,,2026-07-25,2026-07-26,,
0x7c408ca9cec03c4a4539cd774afb1c68815b030d,bsc,惯犯庄家（SIREN案·离场庄#1·核心链）,serial-actor,identity,serial-offenders,2026-07-26,SIREN分析2026-07-19 appendix whale_group「离场庄#1·核心链」,serial-offender,,,2026-07-19,2026-07-26,,
0x7c4a8c1b7848d25a968202d982f5479505c00f0f,bsc,惯犯庄家（B案·小庄#1）,serial-actor,identity,serial-offenders,2026-07-26,BUILD分析 appendix whale_group「小庄#1」,serial-offender,,,2026-07-25,2026-07-26,,
0x7c688cf8878c830637690c79f1a4f2bdfdb9a984,bsc,惯犯庄家（B案·小庄#1）,serial-actor,identity,serial-offenders,2026-07-26,BUILD分析 appendix whale_group「小庄#1」,serial-offender,,,2026-07-25,2026-07-26,,
0x7c7bbfcdd1685ef5a6d02cf67d0cc1dc5322a7b6,bsc,惯犯庄家（SIREN案·离场庄#1·核心链）,serial-actor,identity,serial-offenders,2026-07-26,SIREN分析2026-07-19 appendix whale_group「离场庄#1·核心链」,serial-offender,,,2026-07-19,2026-07-26,,
0x7c93812f28163cbc13d5a25ab914367d1443a7bb,bsc,惯犯庄家（SIREN案·离场庄#1·核心链）,serial-actor,identity,serial-offenders,2026-07-26,SIREN分析2026-07-19 appendix whale_group「离场庄#1·核心链」,serial-offender,,,2026-07-19,2026-07-26,,
0x7ca846a7a681c24f8c34b6d08ba7fcbae56276ee,bsc,惯犯庄家（BANANAS31案·小庄S·Bitget库存循环体系）,serial-actor,identity,serial-offenders,2026-07-26,BANANAS31分析 appendix whale_group「小庄S·Bitget库存循环体系」,serial-offender,,,2026-07-22,2026-07-26,,
0x7cb0f838e083719af572fcea830d30a9882bb613,bsc,惯犯庄家（B案·小庄#1）,serial-actor,identity,serial-offenders,2026-07-26,BUILD分析 appendix whale_group「小庄#1」,serial-offender,,,2026-07-25,2026-07-26,,
0x7cbf5b99fcb23b00b681e472b3ab453a5cf70237,bsc,惯犯庄家（SIREN案·离场庄#1·核心链）,serial-actor,identity,serial-offenders,2026-07-26,SIREN分析2026-07-19 appendix whale_group「离场庄#1·核心链」,serial-offender,,,2026-07-19,2026-07-26,,
0x7d2fd63e124502e77d00ceaa34c0ec0630e41f36,bsc,惯犯庄家（B案·小庄#1）,serial-actor,identity,serial-offenders,2026-07-26,BUILD分析 appendix whale_group「小庄#1」,serial-offender,,,2026-07-25,2026-07-26,,
0x7d5fcafed1511eeb33b658a3a49f52e8da4992e3,bsc,惯犯庄家（SIREN案·离场庄#1·核心链）,serial-actor,identity,serial-offenders,2026-07-26,SIREN分析2026-07-19 appendix whale_group「离场庄#1·核心链」,serial-offender,,,2026-07-19,2026-07-26,,
0x7d688881c55adddcba821432d7c293b2da4e0a7b,bsc,惯犯庄家（B案·小庄#1）,serial-actor,identity,serial-offenders,2026-07-26,BUILD分析 appendix whale_group「小庄#1」,serial-offender,,,2026-07-25,2026-07-26,,
0x7dc2946762d3f8e0475212abd1468beef6613319,bsc,惯犯庄家（SIREN案·离场庄#1·核心链）,serial-actor,identity,serial-offenders,2026-07-26,SIREN分析2026-07-19 appendix whale_group「离场庄#1·核心链」,serial-offender,,,2026-07-19,2026-07-26,,
0x7dc777e0cf3c8762e8d82829cf7a6d69c640ab3a,bsc,惯犯庄家（SIREN案·离场庄#1·核心链）,serial-actor,identity,serial-offenders,2026-07-26,SIREN分析2026-07-19 appendix whale_group「离场庄#1·核心链」,serial-offender,,,2026-07-19,2026-07-26,,
0x7ddad64ef601d2b1b383c0733e3412c00549f102,bsc,惯犯庄家（SIREN案·离场庄#1·核心链）,serial-actor,identity,serial-offenders,2026-07-26,SIREN分析2026-07-19 appendix whale_group「离场庄#1·核心链」,serial-offender,,,2026-07-19,2026-07-26,,
0x7dde8bc4f8ef932e5b7817fd8d81a448674764ec,bsc,惯犯庄家（SIREN案·离场庄#1·核心链）,serial-actor,identity,serial-offenders,2026-07-26,SIREN分析2026-07-19 appendix whale_group「离场庄#1·核心链」,serial-offender,,,2026-07-19,2026-07-26,,
0x7dfd6f989f8369089b9453bb1cefb9687d9251f0,bsc,惯犯庄家（SIREN案·离场庄#1·核心链）,serial-actor,identity,serial-offenders,2026-07-26,SIREN分析2026-07-19 appendix whale_group「离场庄#1·核心链」,serial-offender,,,2026-07-19,2026-07-26,,
0x7e14bbb3a7bd79d21a20d6ccf7d704b2d6360a23,bsc,惯犯庄家（B案·小庄#1）,serial-actor,identity,serial-offenders,2026-07-26,BUILD分析 appendix whale_group「小庄#1」,serial-offender,,,2026-07-25,2026-07-26,,
0x7e2848ce5b910f692463d90b8db40b7f1b896a40,bsc,惯犯庄家（BANANAS31案·小庄S·Bitget库存循环体系）,serial-actor,identity,serial-offenders,2026-07-26,BANANAS31分析 appendix whale_group「小庄S·Bitget库存循环体系」,serial-offender,,,2026-07-22,2026-07-26,,
0x7e57cdf5cb35de8a8d90e5230bf0e6d03d2e7099,bsc,惯犯庄家（B案·小庄#1）,serial-actor,identity,serial-offenders,2026-07-26,BUILD分析 appendix whale_group「小庄#1」,serial-offender,,,2026-07-25,2026-07-26,,
0x7e5fbdc0434395ee3b7023a1240786cca6d4d3d0,bsc,惯犯庄家（SIREN案·离场庄#1·核心链）,serial-actor,identity,serial-offenders,2026-07-26,SIREN分析2026-07-19 appendix whale_group「离场庄#1·核心链」,serial-offender,,,2026-07-19,2026-07-26,,
0x7e92a7766f1fa64effef70fcfe9423254addfb5d,bsc,惯犯庄家（B案·小庄#1）,serial-actor,identity,serial-offenders,2026-07-26,BUILD分析 appendix whale_group「小庄#1」,serial-offender,,,2026-07-25,2026-07-26,,
0x7ea45b3094376d9fe521588287512b07e7568b0e,bsc,惯犯庄家（SIREN案·离场庄#1·核心链）,serial-actor,identity,serial-offenders,2026-07-26,SIREN分析2026-07-19 appendix whale_group「离场庄#1·核心链」,serial-offender,,,2026-07-19,2026-07-26,,
0x7eab93f80cca6d5e61bcf98b70f6fa2f269aa467,bsc,惯犯庄家（SIREN案·离场庄#1·扩展与静置仓网）,serial-actor,identity,serial-offenders,2026-07-26,SIREN分析2026-07-19 appendix whale_group「离场庄#1·扩展与静置仓网」,serial-offender,,,2026-07-19,2026-07-26,,
0x7ed285f3472340fe17f4ffcf35e7c991052634b4,bsc,惯犯庄家（SIREN案·离场庄#1·核心链）,serial-actor,identity,serial-offenders,2026-07-26,SIREN分析2026-07-19 appendix whale_group「离场庄#1·核心链」,serial-offender,,,2026-07-19,2026-07-26,,
0x7eed3023c24dd2d4a4d2cdafef390d5f8ca2e529,bsc,惯犯庄家（SIREN案·离场庄#1·核心链）,serial-actor,identity,serial-offenders,2026-07-26,SIREN分析2026-07-19 appendix whale_group「离场庄#1·核心链」,serial-offender,,,2026-07-19,2026-07-26,,
0x7ef15d386195e571f4b9c98851e7b3bd4ef5c962,bsc,惯犯庄家（B案·小庄#1）,serial-actor,identity,serial-offenders,2026-07-26,BUILD分析 appendix whale_group「小庄#1」,serial-offender,,,2026-07-25,2026-07-26,,
0x7f27916232a1bc798133e763ff73c3f28a9fa438,bsc,惯犯庄家（B案·小庄#1）,serial-actor,identity,serial-offenders,2026-07-26,BUILD分析 appendix whale_group「小庄#1」,serial-offender,,,2026-07-25,2026-07-26,,
0x7f457f1c7dd3054cb15102e1fde9d94d19783dd5,bsc,惯犯庄家（BANANAS31案·小庄S·Bitget库存循环体系）,serial-actor,identity,serial-offenders,2026-07-26,BANANAS31分析 appendix whale_group「小庄S·Bitget库存循环体系」,serial-offender,,,2026-07-22,2026-07-26,,
0x7f5d1bca7cb11ed7c12c9681b92a9df89ace3318,bsc,惯犯庄家（B案·小庄#1）,serial-actor,identity,serial-offenders,2026-07-26,BUILD分析 appendix whale_group「小庄#1」,serial-offender,,,2026-07-25,2026-07-26,,
0x7f600887819fcfe02e43379a8120e82dfbc2d02f,bsc,惯犯庄家（SIREN案·离场庄#1·核心链）,serial-actor,identity,serial-offenders,2026-07-26,SIREN分析2026-07-19 appendix whale_group「离场庄#1·核心链」,serial-offender,,,2026-07-19,2026-07-26,,
0x7f7507a00adb91b35ba3a7acda9af8b866012589,bsc,"惯犯庄家（BANANAS31案·狙击集团(已离场,残尾仓)）",serial-actor,identity,serial-offenders,2026-07-26,"BANANAS31分析 appendix whale_group「狙击集团(已离场,残尾仓)」",serial-offender,,,2026-07-22,2026-07-26,,
0x7f926411775ccd3b4be66b19c1491060226f580c,bsc,惯犯庄家（SIREN案·离场庄#1·核心链）,serial-actor,identity,serial-offenders,2026-07-26,SIREN分析2026-07-19 appendix whale_group「离场庄#1·核心链」,serial-offender,,,2026-07-19,2026-07-26,,
0x7fa6b4109c0d5a304137525889766d143e2bae3a,bsc,"惯犯庄家（BANANAS31案·狙击集团(已离场,残尾仓)）",serial-actor,identity,serial-offenders,2026-07-26,"BANANAS31分析 appendix whale_group「狙击集团(已离场,残尾仓)」",serial-offender,,,2026-07-22,2026-07-26,,
0x7fa9a2b64d6ddb3604e807689d9d5aee287e10f9,bsc,惯犯庄家（SIREN案·离场庄#1·核心链）,serial-actor,identity,serial-offenders,2026-07-26,SIREN分析2026-07-19 appendix whale_group「离场庄#1·核心链」,serial-offender,,,2026-07-19,2026-07-26,,
0x7faa0a44d43067bd6e7aa62011dce204ae15a390,bsc,惯犯庄家（SIREN案·离场庄#1·核心链）,serial-actor,identity,serial-offenders,2026-07-26,SIREN分析2026-07-19 appendix whale_group「离场庄#1·核心链」,serial-offender,,,2026-07-19,2026-07-26,,
0x8004dda8f86410db92c6eae2da37cc9deeb1b2ba,bsc,惯犯庄家（SIREN案·离场庄#1·核心链）,serial-actor,identity,serial-offenders,2026-07-26,SIREN分析2026-07-19 appendix whale_group「离场庄#1·核心链」,serial-offender,,,2026-07-19,2026-07-26,,
0x8089b41dfa1509773309b0cdd6b6049fa8a443fd,bsc,惯犯庄家（SIREN案·离场庄#1·核心链）,serial-actor,identity,serial-offenders,2026-07-26,SIREN分析2026-07-19 appendix whale_group「离场庄#1·核心链」,serial-offender,,,2026-07-19,2026-07-26,,
0x80b37bf21a41d986ee91c15aff25bd7f6a2ab3e5,bsc,惯犯庄家（SIREN案·离场庄#1·核心链）,serial-actor,identity,serial-offenders,2026-07-26,SIREN分析2026-07-19 appendix whale_group「离场庄#1·核心链」,serial-offender,,,2026-07-19,2026-07-26,,
0x80b449825f78f6bd2ab4a8af68630f15d35a6d4b,bsc,惯犯庄家（SIREN案·离场庄#1·扩展与静置仓网）,serial-actor,identity,serial-offenders,2026-07-26,SIREN分析2026-07-19 appendix whale_group「离场庄#1·扩展与静置仓网」,serial-offender,,,2026-07-19,2026-07-26,,
0x80bc77455482591a5e65a863045ab54d2d59f31a,bsc,惯犯庄家（SIREN案·离场庄#1·核心链）,serial-actor,identity,serial-offenders,2026-07-26,SIREN分析2026-07-19 appendix whale_group「离场庄#1·核心链」,serial-offender,,,2026-07-19,2026-07-26,,
0x80d903586315f0840e4eb14b0c6dd2b84745f59d,bsc,惯犯庄家（SIREN案·离场庄#1·核心链）,serial-actor,identity,serial-offenders,2026-07-26,SIREN分析2026-07-19 appendix whale_group「离场庄#1·核心链」,serial-offender,,,2026-07-19,2026-07-26,,
0x80e64fb2961fad985311a6a7ec23334f5bdef802,bsc,惯犯庄家（B案·小庄#1）,serial-actor,identity,serial-offenders,2026-07-26,BUILD分析 appendix whale_group「小庄#1」,serial-offender,,,2026-07-25,2026-07-26,,
0x80ed46cc5ef24ede221d3fb13c24c40764528f22,bsc,惯犯庄家（SIREN案·离场庄#1·核心链）,serial-actor,identity,serial-offenders,2026-07-26,SIREN分析2026-07-19 appendix whale_group「离场庄#1·核心链」,serial-offender,,,2026-07-19,2026-07-26,,
0x810f786bf8762bd6ba96e6619a2b28fdb3a177a3,bsc,惯犯庄家（SIREN案·离场庄#1·扩展与静置仓网）,serial-actor,identity,serial-offenders,2026-07-26,SIREN分析2026-07-19 appendix whale_group「离场庄#1·扩展与静置仓网」,serial-offender,,,2026-07-19,2026-07-26,,
0x8111ba036ad5b8224acd119b7eb46dd57bf72fa8,bsc,惯犯庄家（SIREN案·离场庄#1·核心链）,serial-actor,identity,serial-offenders,2026-07-26,SIREN分析2026-07-19 appendix whale_group「离场庄#1·核心链」,serial-offender,,,2026-07-19,2026-07-26,,
0x812f2df82cb9ee3209c5eb117c8bac2db3093ed0,bsc,惯犯庄家（B案·小庄#1）,serial-actor,identity,serial-offenders,2026-07-26,BUILD分析 appendix whale_group「小庄#1」,serial-offender,,,2026-07-25,2026-07-26,,
0x8132111a0683e26bcbf59b3e8694ae35143bf6af,bsc,惯犯庄家（SIREN案·离场庄#1·核心链）,serial-actor,identity,serial-offenders,2026-07-26,SIREN分析2026-07-19 appendix whale_group「离场庄#1·核心链」,serial-offender,,,2026-07-19,2026-07-26,,
0x8189eda39e85defad4ac8014cde1ad8721d612b7,bsc,惯犯庄家（B案·小庄#1）,serial-actor,identity,serial-offenders,2026-07-26,BUILD分析 appendix whale_group「小庄#1」,serial-offender,,,2026-07-25,2026-07-26,,
0x81a46e8987a3011ccc3a66cfe816425641f35365,bsc,惯犯庄家（B案·小庄#1）,serial-actor,identity,serial-offenders,2026-07-26,BUILD分析 appendix whale_group「小庄#1」,serial-offender,,,2026-07-25,2026-07-26,,
0x81b3df5c4d31f4a669b7f2ca33c8583609dea6d2,bsc,惯犯庄家（B案·小庄#1）,serial-actor,identity,serial-offenders,2026-07-26,BUILD分析 appendix whale_group「小庄#1」,serial-offender,,,2026-07-25,2026-07-26,,
0x822238514c0f3742a69121e412db31d50ab02049,bsc,惯犯庄家（B案·小庄#1）,serial-actor,identity,serial-offenders,2026-07-26,BUILD分析 appendix whale_group「小庄#1」,serial-offender,,,2026-07-25,2026-07-26,,
0x8225479faacaacefe9819b9449b00e8beb9fda16,bsc,惯犯庄家（SIREN案·离场庄#1·核心链）,serial-actor,identity,serial-offenders,2026-07-26,SIREN分析2026-07-19 appendix whale_group「离场庄#1·核心链」,serial-offender,,,2026-07-19,2026-07-26,,
0x827ef1e45b2dc4860531ccf190f437998b3a7803,bsc,惯犯庄家（SIREN案·离场庄#1·核心链）,serial-actor,identity,serial-offenders,2026-07-26,SIREN分析2026-07-19 appendix whale_group「离场庄#1·核心链」,serial-offender,,,2026-07-19,2026-07-26,,
0x8282eea572af59dd7fa0102efadc2e71e94082ee,bsc,惯犯庄家（SIREN案·离场庄#1·核心链）,serial-actor,identity,serial-offenders,2026-07-26,SIREN分析2026-07-19 appendix whale_group「离场庄#1·核心链」,serial-offender,,,2026-07-19,2026-07-26,,
0x8289b7fea90da020042a607999c139b8fe12c957,bsc,惯犯庄家（SIREN案·离场庄#1·核心链）,serial-actor,identity,serial-offenders,2026-07-26,SIREN分析2026-07-19 appendix whale_group「离场庄#1·核心链」,serial-offender,,,2026-07-19,2026-07-26,,
0x82dcf1fde9ce5011121c05cf74c3bf9c1f002f01,bsc,惯犯庄家（bibi案·庄#1·三地址·bundle发射（已清仓））,serial-actor,identity,serial-offenders,2026-07-26,bibi分析 appendix whale_group「庄#1·三地址·bundle发射（已清仓）」,serial-offender,,,2026-07-12,2026-07-26,,
0x82e365be53add71eefba9991a02a120d9deb443a,bsc,惯犯庄家（SIREN案·离场庄#1·核心链）,serial-actor,identity,serial-offenders,2026-07-26,SIREN分析2026-07-19 appendix whale_group「离场庄#1·核心链」,serial-offender,,,2026-07-19,2026-07-26,,
0x838fafe2343a20651652c2b47d7ddf9202ff819c,bsc,惯犯庄家（B案·小庄#1）,serial-actor,identity,serial-offenders,2026-07-26,BUILD分析 appendix whale_group「小庄#1」,serial-offender,,,2026-07-25,2026-07-26,,
0x83d2e1b67cfba067d7c822c95b23d538ac77f2df,bsc,惯犯庄家（B案·小庄#1）,serial-actor,identity,serial-offenders,2026-07-26,BUILD分析 appendix whale_group「小庄#1」,serial-offender,,,2026-07-25,2026-07-26,,
0x840b931b7bff4c1a16e5d60a1438b061b885e939,bsc,惯犯庄家（SIREN案·离场庄#1·核心链）,serial-actor,identity,serial-offenders,2026-07-26,SIREN分析2026-07-19 appendix whale_group「离场庄#1·核心链」,serial-offender,,,2026-07-19,2026-07-26,,
0x840da4d5217ea45e732ab73f257711368c0f02b4,bsc,惯犯庄家（SIREN案·离场庄#1·核心链）,serial-actor,identity,serial-offenders,2026-07-26,SIREN分析2026-07-19 appendix whale_group「离场庄#1·核心链」,serial-offender,,,2026-07-19,2026-07-26,,
0x84543e952e1dd25e3dae990a81faef72825a774b,bsc,惯犯庄家（B案·小庄#1）,serial-actor,identity,serial-offenders,2026-07-26,BUILD分析 appendix whale_group「小庄#1」,serial-offender,,,2026-07-25,2026-07-26,,
0x8468f8cbbafcb209a3c24b883c6b13ddeec948c3,bsc,惯犯庄家（SIREN案·离场庄#1·核心链）,serial-actor,identity,serial-offenders,2026-07-26,SIREN分析2026-07-19 appendix whale_group「离场庄#1·核心链」,serial-offender,,,2026-07-19,2026-07-26,,
0x849238f461dab93fbfc124d6ef02898a7af3980b,bsc,惯犯庄家（SIREN案·离场庄#1·核心链）,serial-actor,identity,serial-offenders,2026-07-26,SIREN分析2026-07-19 appendix whale_group「离场庄#1·核心链」,serial-offender,,,2026-07-19,2026-07-26,,
0x84d93c5585490ad23d4e5a2dc49f6f1bbc30c46e,bsc,惯犯庄家（B案·小庄#1）,serial-actor,identity,serial-offenders,2026-07-26,BUILD分析 appendix whale_group「小庄#1」,serial-offender,,,2026-07-25,2026-07-26,,
0x84de94ea290d4d407670691281f3cd5c9622e637,bsc,惯犯庄家（SIREN案·离场庄#1·核心链）,serial-actor,identity,serial-offenders,2026-07-26,SIREN分析2026-07-19 appendix whale_group「离场庄#1·核心链」,serial-offender,,,2026-07-19,2026-07-26,,
0x850c6ced0535ea7e09980c794f55c4349190eded,bsc,惯犯庄家（B案·小庄#1）,serial-actor,identity,serial-offenders,2026-07-26,BUILD分析 appendix whale_group「小庄#1」,serial-offender,,,2026-07-25,2026-07-26,,
0x85346e6fc09cc192429c5a2823f1aa18365ce8ae,bsc,惯犯庄家（SIREN案·离场庄#1·核心链）,serial-actor,identity,serial-offenders,2026-07-26,SIREN分析2026-07-19 appendix whale_group「离场庄#1·核心链」,serial-offender,,,2026-07-19,2026-07-26,,
0x85378e4ba55d68c38902f97735bb6159dadb8cae,bsc,惯犯庄家（SIREN案·离场庄#1·核心链）,serial-actor,identity,serial-offenders,2026-07-26,SIREN分析2026-07-19 appendix whale_group「离场庄#1·核心链」,serial-offender,,,2026-07-19,2026-07-26,,
0x853b1a9bb3e0194c738b7ad0c853100a6d154473,bsc,惯犯庄家（B案·小庄#1）,serial-actor,identity,serial-offenders,2026-07-26,BUILD分析 appendix whale_group「小庄#1」,serial-offender,,,2026-07-25,2026-07-26,,
0x85627e63499049670391024e43a669001a572420,bsc,惯犯庄家（SIREN案·离场庄#1·核心链）,serial-actor,identity,serial-offenders,2026-07-26,SIREN分析2026-07-19 appendix whale_group「离场庄#1·核心链」,serial-offender,,,2026-07-19,2026-07-26,,
0x85700eb9ca8faef990cf24f023b6aa8d5f00f80e,bsc,惯犯庄家（SIREN案·离场庄#1·核心链）,serial-actor,identity,serial-offenders,2026-07-26,SIREN分析2026-07-19 appendix whale_group「离场庄#1·核心链」,serial-offender,,,2026-07-19,2026-07-26,,
0x859752ef635c440406ea8709dce09efed9fe70e0,bsc,惯犯庄家（B案·小庄#1）,serial-actor,identity,serial-offenders,2026-07-26,BUILD分析 appendix whale_group「小庄#1」,serial-offender,,,2026-07-25,2026-07-26,,
0x85be85ff468fa1fab906f6017a3e6be40e884f39,bsc,惯犯庄家（SIREN案·离场庄#1·核心链）,serial-actor,identity,serial-offenders,2026-07-26,SIREN分析2026-07-19 appendix whale_group「离场庄#1·核心链」,serial-offender,,,2026-07-19,2026-07-26,,
0x85ea1d5ff076d545ee8a2d5614f20c9c3c310a3b,bsc,惯犯庄家（B案·小庄#1）,serial-actor,identity,serial-offenders,2026-07-26,BUILD分析 appendix whale_group「小庄#1」,serial-offender,,,2026-07-25,2026-07-26,,
0x862c738d4c3b023eae5b212fb4b69adab5b3c1b5,bsc,惯犯庄家（SIREN案·离场庄#1·核心链）,serial-actor,identity,serial-offenders,2026-07-26,SIREN分析2026-07-19 appendix whale_group「离场庄#1·核心链」,serial-offender,,,2026-07-19,2026-07-26,,
0x8646fbd103e12cb2e0303183d9e7f2ff02a1964a,bsc,惯犯庄家（B案·小庄#1）,serial-actor,identity,serial-offenders,2026-07-26,BUILD分析 appendix whale_group「小庄#1」,serial-offender,,,2026-07-25,2026-07-26,,
0x86480ea97461475c34d388d025a08ad37289406e,bsc,惯犯庄家（B案·小庄#1）,serial-actor,identity,serial-offenders,2026-07-26,BUILD分析 appendix whale_group「小庄#1」,serial-offender,,,2026-07-25,2026-07-26,,
0x865166dca4519a0aee3fe30db27dd5de799d7c5c,bsc,惯犯庄家（SIREN案·离场庄#1·扩展与静置仓网）,serial-actor,identity,serial-offenders,2026-07-26,SIREN分析2026-07-19 appendix whale_group「离场庄#1·扩展与静置仓网」,serial-offender,,,2026-07-19,2026-07-26,,
0x868f6aafce7f09c1146f2cac5eb578c2261dafa8,bsc,惯犯庄家（B案·小庄#1）,serial-actor,identity,serial-offenders,2026-07-26,BUILD分析 appendix whale_group「小庄#1」,serial-offender,,,2026-07-25,2026-07-26,,
0x86a61a59af7c0df8e16dbec0fe2a20b784ea3d33,bsc,惯犯庄家（B案·小庄#1）,serial-actor,identity,serial-offenders,2026-07-26,BUILD分析 appendix whale_group「小庄#1」,serial-offender,,,2026-07-25,2026-07-26,,
0x8746f2bac84d6d73716e305904dcd7c0c2de02a7,bsc,惯犯庄家（SIREN案·离场庄#1·核心链）,serial-actor,identity,serial-offenders,2026-07-26,SIREN分析2026-07-19 appendix whale_group「离场庄#1·核心链」,serial-offender,,,2026-07-19,2026-07-26,,
0x874d72cdcbe90897eeb9f726abe4fb1bd945d71d,bsc,惯犯庄家（SIREN案·离场庄#1·核心链）,serial-actor,identity,serial-offenders,2026-07-26,SIREN分析2026-07-19 appendix whale_group「离场庄#1·核心链」,serial-offender,,,2026-07-19,2026-07-26,,
0x87510dbd2d0e936de6cbde24fbcd07db11bfe29e,bsc,惯犯庄家（B案·小庄#1）,serial-actor,identity,serial-offenders,2026-07-26,BUILD分析 appendix whale_group「小庄#1」,serial-offender,,,2026-07-25,2026-07-26,,
0x8761c4e3fb59aedac5459f3eb920c7323985bd1b,bsc,惯犯庄家（SIREN案·离场庄#1·扩展与静置仓网）,serial-actor,identity,serial-offenders,2026-07-26,SIREN分析2026-07-19 appendix whale_group「离场庄#1·扩展与静置仓网」,serial-offender,,,2026-07-19,2026-07-26,,
0x876b81cf21d6f57b05c395c0fe8ff5a7585cb826,bsc,惯犯庄家（SIREN案·离场庄#1·核心链）,serial-actor,identity,serial-offenders,2026-07-26,SIREN分析2026-07-19 appendix whale_group「离场庄#1·核心链」,serial-offender,,,2026-07-19,2026-07-26,,
0x87a710940e7a55c2a5a1ce25ff71bc9f97aa6ee7,bsc,惯犯庄家（B案·小庄#1）,serial-actor,identity,serial-offenders,2026-07-26,BUILD分析 appendix whale_group「小庄#1」,serial-offender,,,2026-07-25,2026-07-26,,
0x87d60d41485ac9d1087e7aacea8b33fb21fb7c80,bsc,惯犯庄家（B案·小庄#1）,serial-actor,identity,serial-offenders,2026-07-26,BUILD分析 appendix whale_group「小庄#1」,serial-offender,,,2026-07-25,2026-07-26,,
0x87e5465731100f34ac27f442f95004bb774ef8d5,bsc,惯犯庄家（B案·小庄#1）,serial-actor,identity,serial-offenders,2026-07-26,BUILD分析 appendix whale_group「小庄#1」,serial-offender,,,2026-07-25,2026-07-26,,
0x8821f3870c3b508526d7849d2da5efb5f37550ea,bsc,惯犯庄家（B案·小庄#1）,serial-actor,identity,serial-offenders,2026-07-26,BUILD分析 appendix whale_group「小庄#1」,serial-offender,,,2026-07-25,2026-07-26,,
0x88614943b81b9a586583eaedf1260c9a37c99433,bsc,惯犯庄家（B案·小庄#1）,serial-actor,identity,serial-offenders,2026-07-26,BUILD分析 appendix whale_group「小庄#1」,serial-offender,,,2026-07-25,2026-07-26,,
0x888f1030576c6950a9cea204613533ed79e085f4,bsc,惯犯庄家（B案·小庄#1）,serial-actor,identity,serial-offenders,2026-07-26,BUILD分析 appendix whale_group「小庄#1」,serial-offender,,,2026-07-25,2026-07-26,,
0x889e4932b1e1b1fdf1f7e410a7c7ebbcc19aea76,bsc,惯犯庄家（B案·小庄#1）,serial-actor,identity,serial-offenders,2026-07-26,BUILD分析 appendix whale_group「小庄#1」,serial-offender,,,2026-07-25,2026-07-26,,
0x88cbc58e412f7f266d519ddd185e4938cf30969a,bsc,惯犯庄家（SIREN案·离场庄#1·扩展与静置仓网）,serial-actor,identity,serial-offenders,2026-07-26,SIREN分析2026-07-19 appendix whale_group「离场庄#1·扩展与静置仓网」,serial-offender,,,2026-07-19,2026-07-26,,
0x88db93d958a7154c8d19d80bfbc632ffa4522ca3,bsc,惯犯庄家（B案·小庄#1）,serial-actor,identity,serial-offenders,2026-07-26,BUILD分析 appendix whale_group「小庄#1」,serial-offender,,,2026-07-25,2026-07-26,,
0x88f0158f78a824cee3bb3c33aa514326d0f24332,bsc,惯犯庄家（SIREN案·离场庄#1·核心链）,serial-actor,identity,serial-offenders,2026-07-26,SIREN分析2026-07-19 appendix whale_group「离场庄#1·核心链」,serial-offender,,,2026-07-19,2026-07-26,,
0x890150f97bb6480f8346eb17132193deb4bf4d83,bsc,惯犯庄家（B案·小庄#1）,serial-actor,identity,serial-offenders,2026-07-26,BUILD分析 appendix whale_group「小庄#1」,serial-offender,,,2026-07-25,2026-07-26,,
0x892f94afd434c4db2afc110d146d48301e23b06b,bsc,惯犯庄家（SIREN案·离场庄#1·核心链）,serial-actor,identity,serial-offenders,2026-07-26,SIREN分析2026-07-19 appendix whale_group「离场庄#1·核心链」,serial-offender,,,2026-07-19,2026-07-26,,
0x896ffd54a3ecce7a176ba6a7295a66f0c2db16eb,bsc,"惯犯庄家（BANANAS31案·狙击集团(已离场,残尾仓)）",serial-actor,identity,serial-offenders,2026-07-26,"BANANAS31分析 appendix whale_group「狙击集团(已离场,残尾仓)」",serial-offender,,,2026-07-22,2026-07-26,,
0x897db46a511e69d15a6c876ec2a6d4bf51762703,bsc,惯犯庄家（SIREN案·离场庄#1·核心链）,serial-actor,identity,serial-offenders,2026-07-26,SIREN分析2026-07-19 appendix whale_group「离场庄#1·核心链」,serial-offender,,,2026-07-19,2026-07-26,,
0x89878defbcb76e6df089913404319bfaf289b65e,bsc,惯犯庄家（SIREN案·离场庄#1·核心链）,serial-actor,identity,serial-offenders,2026-07-26,SIREN分析2026-07-19 appendix whale_group「离场庄#1·核心链」,serial-offender,,,2026-07-19,2026-07-26,,
0x898b286c22c082ae73b8405685b7854d705c2f91,bsc,惯犯庄家（B案·小庄#1）,serial-actor,identity,serial-offenders,2026-07-26,BUILD分析 appendix whale_group「小庄#1」,serial-offender,,,2026-07-25,2026-07-26,,
0x8a7077d7e4ca8724f75a280c4bb3f69afcc90e97,bsc,惯犯庄家（SIREN案·离场庄#1·核心链）,serial-actor,identity,serial-offenders,2026-07-26,SIREN分析2026-07-19 appendix whale_group「离场庄#1·核心链」,serial-offender,,,2026-07-19,2026-07-26,,
0x8a8ae8de7724d43b2f7022a32570930cf79583f6,bsc,惯犯庄家（SIREN案·离场庄#1·核心链）,serial-actor,identity,serial-offenders,2026-07-26,SIREN分析2026-07-19 appendix whale_group「离场庄#1·核心链」,serial-offender,,,2026-07-19,2026-07-26,,
0x8aa752d27557b21a6eb6d7198090f92ef7a6d006,bsc,惯犯庄家（SIREN案·离场庄#1·核心链）,serial-actor,identity,serial-offenders,2026-07-26,SIREN分析2026-07-19 appendix whale_group「离场庄#1·核心链」,serial-offender,,,2026-07-19,2026-07-26,,
0x8aabcdcb08a5d086b1e54f7f63f097a3a12b8a05,bsc,惯犯庄家（SIREN案·离场庄#1·核心链）,serial-actor,identity,serial-offenders,2026-07-26,SIREN分析2026-07-19 appendix whale_group「离场庄#1·核心链」,serial-offender,,,2026-07-19,2026-07-26,,
0x8adca60127f531718b6b1c66a042bd28433973bb,bsc,惯犯庄家（SIREN案·离场庄#1·核心链）,serial-actor,identity,serial-offenders,2026-07-26,SIREN分析2026-07-19 appendix whale_group「离场庄#1·核心链」,serial-offender,,,2026-07-19,2026-07-26,,
0x8b5ce54a855c1b5d6659a171a93244a689b05ebf,bsc,惯犯庄家（SIREN案·离场庄#1·核心链）,serial-actor,identity,serial-offenders,2026-07-26,SIREN分析2026-07-19 appendix whale_group「离场庄#1·核心链」,serial-offender,,,2026-07-19,2026-07-26,,
0x8b7b6e9b04d2cf4cade49ecf1f1d962889d95399,bsc,惯犯庄家（SIREN案·离场庄#1·核心链）,serial-actor,identity,serial-offenders,2026-07-26,SIREN分析2026-07-19 appendix whale_group「离场庄#1·核心链」,serial-offender,,,2026-07-19,2026-07-26,,
0x8bb5f43a3dba100d2ddef8ef9c14f908b85c9e19,bsc,惯犯庄家（SIREN案·离场庄#1·核心链）,serial-actor,identity,serial-offenders,2026-07-26,SIREN分析2026-07-19 appendix whale_group「离场庄#1·核心链」,serial-offender,,,2026-07-19,2026-07-26,,
0x8be977954c0482ac5b2a3d16473817bf5f8bc004,bsc,惯犯庄家（B案·小庄#1）,serial-actor,identity,serial-offenders,2026-07-26,BUILD分析 appendix whale_group「小庄#1」,serial-offender,,,2026-07-25,2026-07-26,,
0x8c31a795f225d33ce84e801e8ce5527db80f0295,bsc,惯犯庄家（SIREN案·离场庄#1·核心链）,serial-actor,identity,serial-offenders,2026-07-26,SIREN分析2026-07-19 appendix whale_group「离场庄#1·核心链」,serial-offender,,,2026-07-19,2026-07-26,,
0x8c46c0ebf2784eecbfc0e4d9c2b8e6c70fa15dc3,bsc,惯犯庄家（SIREN案·离场庄#1·核心链）,serial-actor,identity,serial-offenders,2026-07-26,SIREN分析2026-07-19 appendix whale_group「离场庄#1·核心链」,serial-offender,,,2026-07-19,2026-07-26,,
0x8c686304ef770193b4a0ef5593dce255c46e8f79,bsc,惯犯庄家（SIREN案·离场庄#1·核心链）,serial-actor,identity,serial-offenders,2026-07-26,SIREN分析2026-07-19 appendix whale_group「离场庄#1·核心链」,serial-offender,,,2026-07-19,2026-07-26,,
0x8c7b77b5104520f8b48b3d59e73930acf3c84695,bsc,惯犯庄家（SIREN案·离场庄#1·核心链）,serial-actor,identity,serial-offenders,2026-07-26,SIREN分析2026-07-19 appendix whale_group「离场庄#1·核心链」,serial-offender,,,2026-07-19,2026-07-26,,
0x8cafaec346884f00025f63a749338ecef539f2b8,bsc,惯犯庄家（SIREN案·离场庄#1·核心链）,serial-actor,identity,serial-offenders,2026-07-26,SIREN分析2026-07-19 appendix whale_group「离场庄#1·核心链」,serial-offender,,,2026-07-19,2026-07-26,,
0x8cb3dff5827f92fb7ec396c5a57edd549f6f0d5d,bsc,惯犯庄家（B案·小庄#1）,serial-actor,identity,serial-offenders,2026-07-26,BUILD分析 appendix whale_group「小庄#1」,serial-offender,,,2026-07-25,2026-07-26,,
0x8cd53371e1b571949aec50bfa617e348f1692eb3,bsc,惯犯庄家（SIREN案·离场庄#1·核心链）,serial-actor,identity,serial-offenders,2026-07-26,SIREN分析2026-07-19 appendix whale_group「离场庄#1·核心链」,serial-offender,,,2026-07-19,2026-07-26,,
0x8cf31c0efbe298f24ba4cb6e9e6095b17241fae5,bsc,惯犯庄家（BANANAS31案·小庄S·Bitget库存循环体系）,serial-actor,identity,serial-offenders,2026-07-26,BANANAS31分析 appendix whale_group「小庄S·Bitget库存循环体系」,serial-offender,,,2026-07-22,2026-07-26,,
0x8d0cd3d9bb77387bac9f629410b40d2cb9931b86,bsc,惯犯庄家（SIREN案·离场庄#1·核心链）,serial-actor,identity,serial-offenders,2026-07-26,SIREN分析2026-07-19 appendix whale_group「离场庄#1·核心链」,serial-offender,,,2026-07-19,2026-07-26,,
0x8d76828b6990b5762d5561400e0cd5bbaf35814c,bsc,惯犯庄家（B案·小庄#1）,serial-actor,identity,serial-offenders,2026-07-26,BUILD分析 appendix whale_group「小庄#1」,serial-offender,,,2026-07-25,2026-07-26,,
0x8dbb3c51e78fda7e49a3e51dd04fd717fd037e07,bsc,惯犯庄家（SIREN案·离场庄#1·核心链）,serial-actor,identity,serial-offenders,2026-07-26,SIREN分析2026-07-19 appendix whale_group「离场庄#1·核心链」,serial-offender,,,2026-07-19,2026-07-26,,
0x8e0968b4c4dc59f18eb5cf5e806d038ae04684c9,bsc,惯犯庄家（SIREN案·离场庄#1·核心链）,serial-actor,identity,serial-offenders,2026-07-26,SIREN分析2026-07-19 appendix whale_group「离场庄#1·核心链」,serial-offender,,,2026-07-19,2026-07-26,,
0x8e0c3b30e74fbf58c6cdbacebacb6b77b360b269,bsc,惯犯庄家（B案·小庄#1）,serial-actor,identity,serial-offenders,2026-07-26,BUILD分析 appendix whale_group「小庄#1」,serial-offender,,,2026-07-25,2026-07-26,,
0x8e48328167998d23298bba8f0a779e3a04468528,bsc,惯犯庄家（SIREN案·离场庄#1·核心链）,serial-actor,identity,serial-offenders,2026-07-26,SIREN分析2026-07-19 appendix whale_group「离场庄#1·核心链」,serial-offender,,,2026-07-19,2026-07-26,,
0x8e7f9ea95d861b1da77cd1a64e33af0933967ad8,bsc,惯犯庄家（SIREN案·离场庄#1·核心链）,serial-actor,identity,serial-offenders,2026-07-26,SIREN分析2026-07-19 appendix whale_group「离场庄#1·核心链」,serial-offender,,,2026-07-19,2026-07-26,,
0x8e8737908690295c7fdbed489323d31cb2e4d3c3,bsc,惯犯庄家（SIREN案·离场庄#1·核心链）,serial-actor,identity,serial-offenders,2026-07-26,SIREN分析2026-07-19 appendix whale_group「离场庄#1·核心链」,serial-offender,,,2026-07-19,2026-07-26,,
0x8e978d4423c27bdd345c9aa5275b65bf596a98ac,bsc,惯犯庄家（B案·小庄#1）,serial-actor,identity,serial-offenders,2026-07-26,BUILD分析 appendix whale_group「小庄#1」,serial-offender,,,2026-07-25,2026-07-26,,
0x8f484306398ab0eb0879f6048e6a521db4d6a5f4,bsc,惯犯庄家（SIREN案·离场庄#1·核心链）,serial-actor,identity,serial-offenders,2026-07-26,SIREN分析2026-07-19 appendix whale_group「离场庄#1·核心链」,serial-offender,,,2026-07-19,2026-07-26,,
0x8f4b10b6df253b5e63a7a334f7ff2f37eed35e89,bsc,惯犯庄家（B案·小庄#1）,serial-actor,identity,serial-offenders,2026-07-26,BUILD分析 appendix whale_group「小庄#1」,serial-offender,,,2026-07-25,2026-07-26,,
0x8f57278207b419e3ff15ed3c43d477362a31bf8d,bsc,惯犯庄家（B案·小庄#1）,serial-actor,identity,serial-offenders,2026-07-26,BUILD分析 appendix whale_group「小庄#1」,serial-offender,,,2026-07-25,2026-07-26,,
0x8f5f8d2a4b6ca5d0d6a5cb43620b1e5d95ab2d2a,bsc,惯犯庄家（SIREN案·离场庄#1·核心链）,serial-actor,identity,serial-offenders,2026-07-26,SIREN分析2026-07-19 appendix whale_group「离场庄#1·核心链」,serial-offender,,,2026-07-19,2026-07-26,,
0x8f65c081dfb7c4100a993c5f6744e1ec015d7e7c,bsc,惯犯庄家（SIREN案·离场庄#1·核心链）,serial-actor,identity,serial-offenders,2026-07-26,SIREN分析2026-07-19 appendix whale_group「离场庄#1·核心链」,serial-offender,,,2026-07-19,2026-07-26,,
0x8fb8e799860867fcd511cd048642203382d10509,bsc,惯犯庄家（SIREN案·离场庄#1·核心链）,serial-actor,identity,serial-offenders,2026-07-26,SIREN分析2026-07-19 appendix whale_group「离场庄#1·核心链」,serial-offender,,,2026-07-19,2026-07-26,,
0x8fc8084015cdde173ec5c9b3bfb1b394e03aac98,bsc,惯犯庄家（SIREN案·离场庄#1·核心链）,serial-actor,identity,serial-offenders,2026-07-26,SIREN分析2026-07-19 appendix whale_group「离场庄#1·核心链」,serial-offender,,,2026-07-19,2026-07-26,,
0x8fcf554a2443c230090789040de87706b772164d,bsc,惯犯庄家（B案·小庄#1）,serial-actor,identity,serial-offenders,2026-07-26,BUILD分析 appendix whale_group「小庄#1」,serial-offender,,,2026-07-25,2026-07-26,,
0x8fcfec6fae8072694b520e395efae1cd4dd8f564,bsc,惯犯庄家（B案·小庄#1）,serial-actor,identity,serial-offenders,2026-07-26,BUILD分析 appendix whale_group「小庄#1」,serial-offender,,,2026-07-25,2026-07-26,,
0x8feaacd8c4e938b235dcdd7e236946bba1704a46,bsc,惯犯庄家（SIREN案·离场庄#1·核心链）,serial-actor,identity,serial-offenders,2026-07-26,SIREN分析2026-07-19 appendix whale_group「离场庄#1·核心链」,serial-offender,,,2026-07-19,2026-07-26,,
0x901d7712320aa78ff90a0a54c1684a34038a056d,bsc,惯犯庄家（SIREN案·离场庄#1·核心链）,serial-actor,identity,serial-offenders,2026-07-26,SIREN分析2026-07-19 appendix whale_group「离场庄#1·核心链」,serial-offender,,,2026-07-19,2026-07-26,,
0x904071a4ea1b4e81638520fa690f73a6ed7e2ef7,bsc,惯犯庄家（B案·小庄#1）,serial-actor,identity,serial-offenders,2026-07-26,BUILD分析 appendix whale_group「小庄#1」,serial-offender,,,2026-07-25,2026-07-26,,
0x9045c4ea350960c590ddbe901342af402f89ead8,bsc,"惯犯庄家（BANANAS31案·狙击集团(已离场,残尾仓)）",serial-actor,identity,serial-offenders,2026-07-26,"BANANAS31分析 appendix whale_group「狙击集团(已离场,残尾仓)」",serial-offender,,,2026-07-22,2026-07-26,,
0x90a997cb667a4a507863d2d79822a8933381141b,bsc,惯犯庄家（SIREN案·离场庄#1·核心链）,serial-actor,identity,serial-offenders,2026-07-26,SIREN分析2026-07-19 appendix whale_group「离场庄#1·核心链」,serial-offender,,,2026-07-19,2026-07-26,,
0x90be2733c8748bd19a40a028d477313d738285e7,bsc,惯犯庄家（B案·小庄#1）,serial-actor,identity,serial-offenders,2026-07-26,BUILD分析 appendix whale_group「小庄#1」,serial-offender,,,2026-07-25,2026-07-26,,
0x90d2e93ac356f92ea6acbe8a47bc13c0d4c05a81,bsc,惯犯庄家（SIREN案·离场庄#1·核心链）,serial-actor,identity,serial-offenders,2026-07-26,SIREN分析2026-07-19 appendix whale_group「离场庄#1·核心链」,serial-offender,,,2026-07-19,2026-07-26,,
0x90da7c46aacc0c24ec2a9a570e8b060332183280,bsc,"惯犯庄家（BANANAS31案·狙击集团(已离场,残尾仓)）",serial-actor,identity,serial-offenders,2026-07-26,"BANANAS31分析 appendix whale_group「狙击集团(已离场,残尾仓)」",serial-offender,,,2026-07-22,2026-07-26,,
0x90ec8ca23e552aff4640cb1aed7441d3e74b8404,bsc,惯犯庄家（SIREN案·离场庄#1·核心链）,serial-actor,identity,serial-offenders,2026-07-26,SIREN分析2026-07-19 appendix whale_group「离场庄#1·核心链」,serial-offender,,,2026-07-19,2026-07-26,,
0x90fbdaeccd358737510d334ff6d6c2470fc57ce9,bsc,惯犯庄家（SIREN案·离场庄#1·核心链）,serial-actor,identity,serial-offenders,2026-07-26,SIREN分析2026-07-19 appendix whale_group「离场庄#1·核心链」,serial-offender,,,2026-07-19,2026-07-26,,
0x916c2b1d7ee413c98ded0279392a46c92b2be510,bsc,惯犯庄家（B案·小庄#1）,serial-actor,identity,serial-offenders,2026-07-26,BUILD分析 appendix whale_group「小庄#1」,serial-offender,,,2026-07-25,2026-07-26,,
0x91788a918d884af761de2096a6db94f5c0929a3b,bsc,惯犯庄家（SIREN案·离场庄#1·核心链）,serial-actor,identity,serial-offenders,2026-07-26,SIREN分析2026-07-19 appendix whale_group「离场庄#1·核心链」,serial-offender,,,2026-07-19,2026-07-26,,
0x918ed4c1b1cb63ac607bc536cffd5619ebe00d46,bsc,惯犯庄家（SIREN案·离场庄#1·核心链）,serial-actor,identity,serial-offenders,2026-07-26,SIREN分析2026-07-19 appendix whale_group「离场庄#1·核心链」,serial-offender,,,2026-07-19,2026-07-26,,
0x91cdd36ea1a8c58847fe121d4e4b5471872f445f,bsc,惯犯庄家（SIREN案·离场庄#1·核心链）,serial-actor,identity,serial-offenders,2026-07-26,SIREN分析2026-07-19 appendix whale_group「离场庄#1·核心链」,serial-offender,,,2026-07-19,2026-07-26,,
0x920af2cb0a31b4488f82f210a62abc14a69c570a,bsc,惯犯庄家（B案·小庄#1）,serial-actor,identity,serial-offenders,2026-07-26,BUILD分析 appendix whale_group「小庄#1」,serial-offender,,,2026-07-25,2026-07-26,,
0x9214c902eea5ff0b63be6e15c639f2a2be811485,bsc,惯犯庄家（SIREN案·离场庄#1·核心链）,serial-actor,identity,serial-offenders,2026-07-26,SIREN分析2026-07-19 appendix whale_group「离场庄#1·核心链」,serial-offender,,,2026-07-19,2026-07-26,,
0x9230dba28571d499d147d2079d985b00ff53a14f,bsc,惯犯庄家（SIREN案·离场庄#1·核心链）,serial-actor,identity,serial-offenders,2026-07-26,SIREN分析2026-07-19 appendix whale_group「离场庄#1·核心链」,serial-offender,,,2026-07-19,2026-07-26,,
0x923d56c6182d62413fb9c3c875a8ad8bd22aab7a,bsc,惯犯庄家（SIREN案·离场庄#1·核心链）,serial-actor,identity,serial-offenders,2026-07-26,SIREN分析2026-07-19 appendix whale_group「离场庄#1·核心链」,serial-offender,,,2026-07-19,2026-07-26,,
0x929bf41dbb43397c1be66c1ed5080b18bfd9e7e8,bsc,惯犯庄家（BANANAS31案·小庄S·Bitget库存循环体系）,serial-actor,identity,serial-offenders,2026-07-26,BANANAS31分析 appendix whale_group「小庄S·Bitget库存循环体系」,serial-offender,,,2026-07-22,2026-07-26,,
0x92c5903b6a9bf3c24a0ec94be011fc4ec67126a3,bsc,惯犯庄家（SIREN案·离场庄#1·核心链）,serial-actor,identity,serial-offenders,2026-07-26,SIREN分析2026-07-19 appendix whale_group「离场庄#1·核心链」,serial-offender,,,2026-07-19,2026-07-26,,
0x92da55855905713b53012ebd1bae3f427eda2bd1,bsc,惯犯庄家（SIREN案·离场庄#1·核心链）,serial-actor,identity,serial-offenders,2026-07-26,SIREN分析2026-07-19 appendix whale_group「离场庄#1·核心链」,serial-offender,,,2026-07-19,2026-07-26,,
0x93106a388f35d811ff47b003f2c2ee09a5004d4f,bsc,惯犯庄家（B案·小庄#1）,serial-actor,identity,serial-offenders,2026-07-26,BUILD分析 appendix whale_group「小庄#1」,serial-offender,,,2026-07-25,2026-07-26,,
0x9359e079fb50fb9b2939b7cb87aeddb5767c8b65,bsc,惯犯庄家（SIREN案·离场庄#1·核心链）,serial-actor,identity,serial-offenders,2026-07-26,SIREN分析2026-07-19 appendix whale_group「离场庄#1·核心链」,serial-offender,,,2026-07-19,2026-07-26,,
0x93847846f8468b578b696eb40703494cdb878d8f,bsc,惯犯庄家（B案·小庄#1）,serial-actor,identity,serial-offenders,2026-07-26,BUILD分析 appendix whale_group「小庄#1」,serial-offender,,,2026-07-25,2026-07-26,,
0x9395dc08aa2ea2ce245118c1c8d9300133e0c2bd,bsc,惯犯庄家（B案·小庄#1）,serial-actor,identity,serial-offenders,2026-07-26,BUILD分析 appendix whale_group「小庄#1」,serial-offender,,,2026-07-25,2026-07-26,,
0x93b996f91e60502af0c9a4d7d94a8668257d4800,bsc,惯犯庄家（SIREN案·离场庄#1·扩展与静置仓网）,serial-actor,identity,serial-offenders,2026-07-26,SIREN分析2026-07-19 appendix whale_group「离场庄#1·扩展与静置仓网」,serial-offender,,,2026-07-19,2026-07-26,,
0x93d1d19e5705ada0b1cb08210d09c805a2ff20d3,bsc,惯犯庄家（SIREN案·离场庄#1·核心链）,serial-actor,identity,serial-offenders,2026-07-26,SIREN分析2026-07-19 appendix whale_group「离场庄#1·核心链」,serial-offender,,,2026-07-19,2026-07-26,,
0x93e3d7ccf986c3cd728d18329f8220c9d55134bd,bsc,惯犯庄家（B案·小庄#1）,serial-actor,identity,serial-offenders,2026-07-26,BUILD分析 appendix whale_group「小庄#1」,serial-offender,,,2026-07-25,2026-07-26,,
0x93e81e4a18474b65dfeda26673189bd0c63cba6d,bsc,惯犯庄家（BANANAS31案·小庄S·Bitget库存循环体系）,serial-actor,identity,serial-offenders,2026-07-26,BANANAS31分析 appendix whale_group「小庄S·Bitget库存循环体系」,serial-offender,,,2026-07-22,2026-07-26,,
0x94085307bd97ba044b4784921e8b2c8b0f851707,bsc,惯犯庄家（SIREN案·离场庄#1·核心链）,serial-actor,identity,serial-offenders,2026-07-26,SIREN分析2026-07-19 appendix whale_group「离场庄#1·核心链」,serial-offender,,,2026-07-19,2026-07-26,,
0x942274f4ed3e23180e29ff62b5a3ef27bccb5d4d,bsc,惯犯庄家（SIREN案·离场庄#1·核心链）,serial-actor,identity,serial-offenders,2026-07-26,SIREN分析2026-07-19 appendix whale_group「离场庄#1·核心链」,serial-offender,,,2026-07-19,2026-07-26,,
0x943cc011ee894ce7db7e618fc781c7a4931a16b4,bsc,惯犯庄家（SIREN案·离场庄#1·核心链）,serial-actor,identity,serial-offenders,2026-07-26,SIREN分析2026-07-19 appendix whale_group「离场庄#1·核心链」,serial-offender,,,2026-07-19,2026-07-26,,
0x94570dafe99f6cceb60318d56223cf997e3c688f,bsc,惯犯庄家（SIREN案·离场庄#1·核心链）,serial-actor,identity,serial-offenders,2026-07-26,SIREN分析2026-07-19 appendix whale_group「离场庄#1·核心链」,serial-offender,,,2026-07-19,2026-07-26,,
0x9468b469343d243cbddc44300fdcf0a6f203526a,bsc,惯犯庄家（B案·小庄#1）,serial-actor,identity,serial-offenders,2026-07-26,BUILD分析 appendix whale_group「小庄#1」,serial-offender,,,2026-07-25,2026-07-26,,
0x94b300ee381400a7a49a290eb05234c7b001f6d7,bsc,惯犯庄家（B案·小庄#1）,serial-actor,identity,serial-offenders,2026-07-26,BUILD分析 appendix whale_group「小庄#1」,serial-offender,,,2026-07-25,2026-07-26,,
0x94d107cf98f7dc13639b977522a3a83d5a7d3add,bsc,惯犯庄家（B案·小庄#1）,serial-actor,identity,serial-offenders,2026-07-26,BUILD分析 appendix whale_group「小庄#1」,serial-offender,,,2026-07-25,2026-07-26,,
0x95035a4b30caa92841ed73bb33870703b4613296,bsc,惯犯庄家（SIREN案·离场庄#1·核心链）,serial-actor,identity,serial-offenders,2026-07-26,SIREN分析2026-07-19 appendix whale_group「离场庄#1·核心链」,serial-offender,,,2026-07-19,2026-07-26,,
0x9523e3f46f2dff52b2b0e2521832025737e78754,bsc,惯犯庄家（SIREN案·离场庄#1·核心链）,serial-actor,identity,serial-offenders,2026-07-26,SIREN分析2026-07-19 appendix whale_group「离场庄#1·核心链」,serial-offender,,,2026-07-19,2026-07-26,,
0x9527790db8276eb5da0aa1350ba6dfcc55ff154f,bsc,惯犯庄家（B案·小庄#1）,serial-actor,identity,serial-offenders,2026-07-26,BUILD分析 appendix whale_group「小庄#1」,serial-offender,,,2026-07-25,2026-07-26,,
0x953b779adaee869671b4bfe25533305ea84ff920,bsc,惯犯庄家（SIREN案·离场庄#1·核心链）,serial-actor,identity,serial-offenders,2026-07-26,SIREN分析2026-07-19 appendix whale_group「离场庄#1·核心链」,serial-offender,,,2026-07-19,2026-07-26,,
0x954195f957f014d5d68454b85950ec384ff02348,bsc,惯犯庄家（B案·小庄#1）,serial-actor,identity,serial-offenders,2026-07-26,BUILD分析 appendix whale_group「小庄#1」,serial-offender,,,2026-07-25,2026-07-26,,
0x95514bfce2088323c26a0cf00d922d59acd59e47,bsc,惯犯庄家（SIREN案·离场庄#1·核心链）,serial-actor,identity,serial-offenders,2026-07-26,SIREN分析2026-07-19 appendix whale_group「离场庄#1·核心链」,serial-offender,,,2026-07-19,2026-07-26,,
0x9552a1270b2a9a7db043e8df710f2b38370018e5,bsc,惯犯庄家（SIREN案·离场庄#1·核心链）,serial-actor,identity,serial-offenders,2026-07-26,SIREN分析2026-07-19 appendix whale_group「离场庄#1·核心链」,serial-offender,,,2026-07-19,2026-07-26,,
0x956502618ae497f9e6d004efef9b097bd8498d31,bsc,惯犯庄家（SIREN案·离场庄#1·核心链）,serial-actor,identity,serial-offenders,2026-07-26,SIREN分析2026-07-19 appendix whale_group「离场庄#1·核心链」,serial-offender,,,2026-07-19,2026-07-26,,
0x958ee43fedd24b11b4a9c2dc7f60dbb1c92827ca,bsc,惯犯庄家（B案·小庄#1）,serial-actor,identity,serial-offenders,2026-07-26,BUILD分析 appendix whale_group「小庄#1」,serial-offender,,,2026-07-25,2026-07-26,,
0x95a2f35fb46178987b875346845a51be55e17c15,bsc,惯犯庄家（B案·小庄#1）,serial-actor,identity,serial-offenders,2026-07-26,BUILD分析 appendix whale_group「小庄#1」,serial-offender,,,2026-07-25,2026-07-26,,
0x95acc94d580dd0313940ee2e8e78aa347914f712,bsc,惯犯庄家（SIREN案·离场庄#1·核心链）,serial-actor,identity,serial-offenders,2026-07-26,SIREN分析2026-07-19 appendix whale_group「离场庄#1·核心链」,serial-offender,,,2026-07-19,2026-07-26,,
0x95fa19aedfe8fdee65576dcda589a2785a2436b3,bsc,惯犯庄家（B案·小庄#1）,serial-actor,identity,serial-offenders,2026-07-26,BUILD分析 appendix whale_group「小庄#1」,serial-offender,,,2026-07-25,2026-07-26,,
0x9602ad763fec80c9e4e5486311db1af5581e11b0,bsc,惯犯庄家（B案·小庄#1）,serial-actor,identity,serial-offenders,2026-07-26,BUILD分析 appendix whale_group「小庄#1」,serial-offender,,,2026-07-25,2026-07-26,,
0x96103e9da017c0852246c30ccf928d9366fd244f,bsc,惯犯庄家（SIREN案·离场庄#1·扩展与静置仓网）,serial-actor,identity,serial-offenders,2026-07-26,SIREN分析2026-07-19 appendix whale_group「离场庄#1·扩展与静置仓网」,serial-offender,,,2026-07-19,2026-07-26,,
0x96117536b49543a364ce9bdd87958a42494c7186,bsc,惯犯庄家（SIREN案·离场庄#1·核心链）,serial-actor,identity,serial-offenders,2026-07-26,SIREN分析2026-07-19 appendix whale_group「离场庄#1·核心链」,serial-offender,,,2026-07-19,2026-07-26,,
0x963910ba23b4439bc26c8487daf325ac6d6f7a7b,bsc,惯犯庄家（SIREN案·离场庄#1·核心链）,serial-actor,identity,serial-offenders,2026-07-26,SIREN分析2026-07-19 appendix whale_group「离场庄#1·核心链」,serial-offender,,,2026-07-19,2026-07-26,,
0x963b7ba7675830374555ab532e033b0d64573797,bsc,惯犯庄家（SIREN案·离场庄#1·核心链）,serial-actor,identity,serial-offenders,2026-07-26,SIREN分析2026-07-19 appendix whale_group「离场庄#1·核心链」,serial-offender,,,2026-07-19,2026-07-26,,
0x965d6eda3df7204eec733c813e532f8a3ae9943c,bsc,惯犯庄家（BANANAS31案·小庄S·Bitget库存循环体系）,serial-actor,identity,serial-offenders,2026-07-26,BANANAS31分析 appendix whale_group「小庄S·Bitget库存循环体系」,serial-offender,,,2026-07-22,2026-07-26,,
0x966c558029986a570b60b002110925b2ea8f8a77,bsc,惯犯庄家（SIREN案·离场庄#1·核心链）,serial-actor,identity,serial-offenders,2026-07-26,SIREN分析2026-07-19 appendix whale_group「离场庄#1·核心链」,serial-offender,,,2026-07-19,2026-07-26,,
0x968f1d6b93e2cf3dd85f81141119b8b1714964ec,bsc,惯犯庄家（SIREN案·离场庄#1·核心链）,serial-actor,identity,serial-offenders,2026-07-26,SIREN分析2026-07-19 appendix whale_group「离场庄#1·核心链」,serial-offender,,,2026-07-19,2026-07-26,,
0x96992cf232ee9d86dd052ff74f18a8e647813383,bsc,惯犯庄家（SIREN案·离场庄#1·核心链）,serial-actor,identity,serial-offenders,2026-07-26,SIREN分析2026-07-19 appendix whale_group「离场庄#1·核心链」,serial-offender,,,2026-07-19,2026-07-26,,
0x969db51de1550f70a01066773438560a0ef64bab,bsc,惯犯庄家（SIREN案·离场庄#1·核心链）,serial-actor,identity,serial-offenders,2026-07-26,SIREN分析2026-07-19 appendix whale_group「离场庄#1·核心链」,serial-offender,,,2026-07-19,2026-07-26,,
0x970f770533e03f8652fcdfc3c5d372d42dbbfa29,bsc,惯犯庄家（SIREN案·离场庄#1·核心链）,serial-actor,identity,serial-offenders,2026-07-26,SIREN分析2026-07-19 appendix whale_group「离场庄#1·核心链」,serial-offender,,,2026-07-19,2026-07-26,,
0x97aa3cbe216b2cae5ec0893375e652b36aab56a0,bsc,惯犯庄家（SIREN案·离场庄#1·核心链）,serial-actor,identity,serial-offenders,2026-07-26,SIREN分析2026-07-19 appendix whale_group「离场庄#1·核心链」,serial-offender,,,2026-07-19,2026-07-26,,
0x97c664a9679346ec2bfa76e738a782a9957bdad9,bsc,惯犯庄家（SIREN案·离场庄#1·核心链）,serial-actor,identity,serial-offenders,2026-07-26,SIREN分析2026-07-19 appendix whale_group「离场庄#1·核心链」,serial-offender,,,2026-07-19,2026-07-26,,
0x97d50730cdb99c85e8c8126a2b9f8db43d0642aa,bsc,惯犯庄家（B案·小庄#1）,serial-actor,identity,serial-offenders,2026-07-26,BUILD分析 appendix whale_group「小庄#1」,serial-offender,,,2026-07-25,2026-07-26,,
0x97e230f2cd38348481b4654ca3d35a40ee98bea2,bsc,惯犯庄家（SIREN案·离场庄#1·核心链）,serial-actor,identity,serial-offenders,2026-07-26,SIREN分析2026-07-19 appendix whale_group「离场庄#1·核心链」,serial-offender,,,2026-07-19,2026-07-26,,
0x97e7ccaa30ca9d3b36723d276f35574f0334fc80,bsc,惯犯庄家（SIREN案·离场庄#1·扩展与静置仓网）,serial-actor,identity,serial-offenders,2026-07-26,SIREN分析2026-07-19 appendix whale_group「离场庄#1·扩展与静置仓网」,serial-offender,,,2026-07-19,2026-07-26,,
0x97f4d4d6bae12da0920b1d78525ca72d05ea00e8,bsc,惯犯庄家（SIREN案·离场庄#1·核心链）,serial-actor,identity,serial-offenders,2026-07-26,SIREN分析2026-07-19 appendix whale_group「离场庄#1·核心链」,serial-offender,,,2026-07-19,2026-07-26,,
0x98039ee8b422bbaeb969358de256bda38fc975a3,bsc,惯犯庄家（SIREN案·离场庄#1·核心链）,serial-actor,identity,serial-offenders,2026-07-26,SIREN分析2026-07-19 appendix whale_group「离场庄#1·核心链」,serial-offender,,,2026-07-19,2026-07-26,,
0x987b1e5141e282c5630806468194312aad45eb74,bsc,惯犯庄家（SIREN案·离场庄#1·核心链）,serial-actor,identity,serial-offenders,2026-07-26,SIREN分析2026-07-19 appendix whale_group「离场庄#1·核心链」,serial-offender,,,2026-07-19,2026-07-26,,
0x987be9de566725ec01848e39b901598d0a92be69,bsc,惯犯庄家（SIREN案·离场庄#1·扩展与静置仓网）,serial-actor,identity,serial-offenders,2026-07-26,SIREN分析2026-07-19 appendix whale_group「离场庄#1·扩展与静置仓网」,serial-offender,,,2026-07-19,2026-07-26,,
0x9899243a6dfe59904f367b33e7f6a8b698b43e13,bsc,惯犯庄家（SIREN案·离场庄#1·核心链）,serial-actor,identity,serial-offenders,2026-07-26,SIREN分析2026-07-19 appendix whale_group「离场庄#1·核心链」,serial-offender,,,2026-07-19,2026-07-26,,
0x98ad80135b49f41de5496e51e614f905c743dbf8,bsc,惯犯庄家（B案·小庄#1）,serial-actor,identity,serial-offenders,2026-07-26,BUILD分析 appendix whale_group「小庄#1」,serial-offender,,,2026-07-25,2026-07-26,,
0x98c7ecb6c2cdfa34e0596ae50ef7f43ef68dec99,bsc,惯犯庄家（SIREN案·离场庄#1·核心链）,serial-actor,identity,serial-offenders,2026-07-26,SIREN分析2026-07-19 appendix whale_group「离场庄#1·核心链」,serial-offender,,,2026-07-19,2026-07-26,,
0x99130149cc846c999d620e431ba149fc7adda517,bsc,惯犯庄家（SIREN案·离场庄#1·核心链）,serial-actor,identity,serial-offenders,2026-07-26,SIREN分析2026-07-19 appendix whale_group「离场庄#1·核心链」,serial-offender,,,2026-07-19,2026-07-26,,
0x991857a910d3ac6fdc9be89f2401a9e395e01694,bsc,惯犯庄家（SIREN案·离场庄#1·核心链）,serial-actor,identity,serial-offenders,2026-07-26,SIREN分析2026-07-19 appendix whale_group「离场庄#1·核心链」,serial-offender,,,2026-07-19,2026-07-26,,
0x994b42e63c313ef6052a46786357621f9d8063d5,bsc,惯犯庄家（SIREN案·离场庄#1·核心链）,serial-actor,identity,serial-offenders,2026-07-26,SIREN分析2026-07-19 appendix whale_group「离场庄#1·核心链」,serial-offender,,,2026-07-19,2026-07-26,,
0x9958446e3c533ff91dba0ddcb81408579658f29f,bsc,惯犯庄家（B案·小庄#1）,serial-actor,identity,serial-offenders,2026-07-26,BUILD分析 appendix whale_group「小庄#1」,serial-offender,,,2026-07-25,2026-07-26,,
0x997c7d8b5781e200c596187538bca75b05726bc2,bsc,惯犯庄家（SIREN案·离场庄#1·核心链）,serial-actor,identity,serial-offenders,2026-07-26,SIREN分析2026-07-19 appendix whale_group「离场庄#1·核心链」,serial-offender,,,2026-07-19,2026-07-26,,
0x99bbea1a0755cce4f2e39d506bba9ed483645f3d,bsc,惯犯庄家（SIREN案·离场庄#1·核心链）,serial-actor,identity,serial-offenders,2026-07-26,SIREN分析2026-07-19 appendix whale_group「离场庄#1·核心链」,serial-offender,,,2026-07-19,2026-07-26,,
0x9a1829673c973910be43420ecbf890b6ecea4d51,bsc,惯犯庄家（SIREN案·离场庄#1·核心链）,serial-actor,identity,serial-offenders,2026-07-26,SIREN分析2026-07-19 appendix whale_group「离场庄#1·核心链」,serial-offender,,,2026-07-19,2026-07-26,,
0x9a6dfd540ba8785ae8265a3de9280a36f507ea85,bsc,惯犯庄家（SIREN案·离场庄#1·核心链）,serial-actor,identity,serial-offenders,2026-07-26,SIREN分析2026-07-19 appendix whale_group「离场庄#1·核心链」,serial-offender,,,2026-07-19,2026-07-26,,
0x9aa105fa7b5f77a2c6227c7f1ea025dbad736fcd,bsc,惯犯庄家（B案·小庄#1）,serial-actor,identity,serial-offenders,2026-07-26,BUILD分析 appendix whale_group「小庄#1」,serial-offender,,,2026-07-25,2026-07-26,,
0x9aa449533dcb4eb4447b8c70437f82e70f6c30b3,bsc,惯犯庄家（SIREN案·离场庄#1·核心链）,serial-actor,identity,serial-offenders,2026-07-26,SIREN分析2026-07-19 appendix whale_group「离场庄#1·核心链」,serial-offender,,,2026-07-19,2026-07-26,,
0x9ac93378bc1bc5a5bbd7d46bf69355d527821afb,bsc,惯犯庄家（SIREN案·离场庄#1·核心链）,serial-actor,identity,serial-offenders,2026-07-26,SIREN分析2026-07-19 appendix whale_group「离场庄#1·核心链」,serial-offender,,,2026-07-19,2026-07-26,,
0x9ad1729c038e1187df2332b6986a1b105f68ea8b,bsc,惯犯庄家（SIREN案·离场庄#1·核心链）,serial-actor,identity,serial-offenders,2026-07-26,SIREN分析2026-07-19 appendix whale_group「离场庄#1·核心链」,serial-offender,,,2026-07-19,2026-07-26,,
0x9ad5f28717867a72abe5f5de8b06e28f4f2757e6,bsc,惯犯庄家（SIREN案·离场庄#1·核心链）,serial-actor,identity,serial-offenders,2026-07-26,SIREN分析2026-07-19 appendix whale_group「离场庄#1·核心链」,serial-offender,,,2026-07-19,2026-07-26,,
0x9aeaac58b7638d0883e7e1d751fbf2a6b914e894,bsc,惯犯庄家（SIREN案·离场庄#1·核心链）,serial-actor,identity,serial-offenders,2026-07-26,SIREN分析2026-07-19 appendix whale_group「离场庄#1·核心链」,serial-offender,,,2026-07-19,2026-07-26,,
0x9b05b632a024dcc2faa95016638f591cfe0f4a3b,bsc,惯犯庄家（SIREN案·离场庄#1·核心链）,serial-actor,identity,serial-offenders,2026-07-26,SIREN分析2026-07-19 appendix whale_group「离场庄#1·核心链」,serial-offender,,,2026-07-19,2026-07-26,,
0x9b0774bcdc8d1016bac770e0b83432341a9b88e1,bsc,惯犯庄家（B案·小庄#1）,serial-actor,identity,serial-offenders,2026-07-26,BUILD分析 appendix whale_group「小庄#1」,serial-offender,,,2026-07-25,2026-07-26,,
0x9b5f9d2c6319d63da728405b4d286924383be257,bsc,惯犯庄家（BANANAS31案·小庄S·Bitget库存循环体系）,serial-actor,identity,serial-offenders,2026-07-26,BANANAS31分析 appendix whale_group「小庄S·Bitget库存循环体系」,serial-offender,,,2026-07-22,2026-07-26,,
0x9b6c639f3c342d4a07459315fe89516d4cab179a,bsc,惯犯庄家（SIREN案·离场庄#1·核心链）,serial-actor,identity,serial-offenders,2026-07-26,SIREN分析2026-07-19 appendix whale_group「离场庄#1·核心链」,serial-offender,,,2026-07-19,2026-07-26,,
0x9b898ef8744083674bce071bded23c88672af6b4,bsc,惯犯庄家（BANANAS31案·小庄S·Bitget库存循环体系）,serial-actor,identity,serial-offenders,2026-07-26,BANANAS31分析 appendix whale_group「小庄S·Bitget库存循环体系」,serial-offender,,,2026-07-22,2026-07-26,,
0x9b924bfb442213efe398ab975412cb68987982a2,bsc,惯犯庄家（SIREN案·离场庄#1·核心链）,serial-actor,identity,serial-offenders,2026-07-26,SIREN分析2026-07-19 appendix whale_group「离场庄#1·核心链」,serial-offender,,,2026-07-19,2026-07-26,,
0x9ba59c5ddb435e60ccf55597592628d31c958e89,bsc,惯犯庄家（SIREN案·离场庄#1·核心链）,serial-actor,identity,serial-offenders,2026-07-26,SIREN分析2026-07-19 appendix whale_group「离场庄#1·核心链」,serial-offender,,,2026-07-19,2026-07-26,,
0x9bbbef14c908134728a94a7d773cf1b7ee05ab7d,bsc,惯犯庄家（SIREN案·离场庄#1·核心链）,serial-actor,identity,serial-offenders,2026-07-26,SIREN分析2026-07-19 appendix whale_group「离场庄#1·核心链」,serial-offender,,,2026-07-19,2026-07-26,,
0x9bcd4a75684140472f1968ed47d67f6b43e12cad,bsc,惯犯庄家（SIREN案·离场庄#1·核心链）,serial-actor,identity,serial-offenders,2026-07-26,SIREN分析2026-07-19 appendix whale_group「离场庄#1·核心链」,serial-offender,,,2026-07-19,2026-07-26,,
0x9bf3eaed9723343fc1662e011b84817f5731d496,bsc,惯犯庄家（SIREN案·离场庄#1·核心链）,serial-actor,identity,serial-offenders,2026-07-26,SIREN分析2026-07-19 appendix whale_group「离场庄#1·核心链」,serial-offender,,,2026-07-19,2026-07-26,,
0x9c760132725ed8ca1381c1c471657dc78850cce3,bsc,惯犯庄家（SIREN案·离场庄#1·扩展与静置仓网）,serial-actor,identity,serial-offenders,2026-07-26,SIREN分析2026-07-19 appendix whale_group「离场庄#1·扩展与静置仓网」,serial-offender,,,2026-07-19,2026-07-26,,
0x9cca198ce12423c0906f9e387e0a47be62bca74f,bsc,惯犯庄家（SIREN案·离场庄#1·核心链）,serial-actor,identity,serial-offenders,2026-07-26,SIREN分析2026-07-19 appendix whale_group「离场庄#1·核心链」,serial-offender,,,2026-07-19,2026-07-26,,
0x9cecccfe1350f01b835b0cd90f3e42248d3aeb77,bsc,惯犯庄家（SIREN案·离场庄#1·核心链）,serial-actor,identity,serial-offenders,2026-07-26,SIREN分析2026-07-19 appendix whale_group「离场庄#1·核心链」,serial-offender,,,2026-07-19,2026-07-26,,
0x9d33ddedde9fa0b0491e0f3b7bf2c76b60c0082f,bsc,惯犯庄家（SIREN案·离场庄#1·核心链）,serial-actor,identity,serial-offenders,2026-07-26,SIREN分析2026-07-19 appendix whale_group「离场庄#1·核心链」,serial-offender,,,2026-07-19,2026-07-26,,
0x9d6121ab461d5c2c402d9d5c40d20b5c3f948c0f,bsc,惯犯庄家（SIREN案·离场庄#1·核心链）,serial-actor,identity,serial-offenders,2026-07-26,SIREN分析2026-07-19 appendix whale_group「离场庄#1·核心链」,serial-offender,,,2026-07-19,2026-07-26,,
0x9d7e011bc1319de76033684cce24ee44dca236e0,bsc,惯犯庄家（SIREN案·离场庄#1·扩展与静置仓网）,serial-actor,identity,serial-offenders,2026-07-26,SIREN分析2026-07-19 appendix whale_group「离场庄#1·扩展与静置仓网」,serial-offender,,,2026-07-19,2026-07-26,,
0x9da60270d2890860b51bce8ab0b4efc566a3be67,bsc,惯犯庄家（B案·小庄#1）,serial-actor,identity,serial-offenders,2026-07-26,BUILD分析 appendix whale_group「小庄#1」,serial-offender,,,2026-07-25,2026-07-26,,
0x9dc0038516ddf8cdb67c2fc81c875bce3371d185,bsc,惯犯庄家（SIREN案·离场庄#1·扩展与静置仓网）,serial-actor,identity,serial-offenders,2026-07-26,SIREN分析2026-07-19 appendix whale_group「离场庄#1·扩展与静置仓网」,serial-offender,,,2026-07-19,2026-07-26,,
0x9dd34ca96f77003485d6bd7db3448b77f6711f45,bsc,惯犯庄家（SIREN案·离场庄#1·核心链）,serial-actor,identity,serial-offenders,2026-07-26,SIREN分析2026-07-19 appendix whale_group「离场庄#1·核心链」,serial-offender,,,2026-07-19,2026-07-26,,
0x9de8605afba034994f1fdad233d1179717c4ec2c,bsc,惯犯庄家（SIREN案·离场庄#1·核心链）,serial-actor,identity,serial-offenders,2026-07-26,SIREN分析2026-07-19 appendix whale_group「离场庄#1·核心链」,serial-offender,,,2026-07-19,2026-07-26,,
0x9de97fe569241b1f9dc736b47f13c67e0be915f5,bsc,惯犯庄家（SIREN案·离场庄#1·核心链）,serial-actor,identity,serial-offenders,2026-07-26,SIREN分析2026-07-19 appendix whale_group「离场庄#1·核心链」,serial-offender,,,2026-07-19,2026-07-26,,
0x9e02b49c447f5ecd184ca93b5a5593dbac2aa1d0,bsc,惯犯庄家（B案·小庄#1）,serial-actor,identity,serial-offenders,2026-07-26,BUILD分析 appendix whale_group「小庄#1」,serial-offender,,,2026-07-25,2026-07-26,,
0x9e08bea6eaed09c3b6c7cc3765a56a44292ef8fd,bsc,惯犯庄家（B案·小庄#1）,serial-actor,identity,serial-offenders,2026-07-26,BUILD分析 appendix whale_group「小庄#1」,serial-offender,,,2026-07-25,2026-07-26,,
0x9e8863b181ad5696b953a8883fbcb29e3301ee39,bsc,惯犯庄家（B案·小庄#1）,serial-actor,identity,serial-offenders,2026-07-26,BUILD分析 appendix whale_group「小庄#1」,serial-offender,,,2026-07-25,2026-07-26,,
0x9eae9d39d53e0d5e20635b5bb5b109a8cb4a747a,bsc,惯犯庄家（SIREN案·离场庄#1·核心链）,serial-actor,identity,serial-offenders,2026-07-26,SIREN分析2026-07-19 appendix whale_group「离场庄#1·核心链」,serial-offender,,,2026-07-19,2026-07-26,,
0x9ef5e01743504869d5622464b7fc79cdae56e434,bsc,惯犯庄家（SIREN案·离场庄#1·核心链）,serial-actor,identity,serial-offenders,2026-07-26,SIREN分析2026-07-19 appendix whale_group「离场庄#1·核心链」,serial-offender,,,2026-07-19,2026-07-26,,
0x9f48518218a213ee2062ab28e41d4c9de080b566,bsc,惯犯庄家（SIREN案·离场庄#1·核心链）,serial-actor,identity,serial-offenders,2026-07-26,SIREN分析2026-07-19 appendix whale_group「离场庄#1·核心链」,serial-offender,,,2026-07-19,2026-07-26,,
0x9f65bba4ee59a6fe338bee1d32de6d539622754d,bsc,惯犯庄家（BANANAS31案·小庄S·Bitget库存循环体系）,serial-actor,identity,serial-offenders,2026-07-26,BANANAS31分析 appendix whale_group「小庄S·Bitget库存循环体系」,serial-offender,,,2026-07-22,2026-07-26,,
0x9f7b82cf726904b7eab9e63cfe6ff4f0dbc79417,bsc,惯犯庄家（SIREN案·离场庄#1·核心链）,serial-actor,identity,serial-offenders,2026-07-26,SIREN分析2026-07-19 appendix whale_group「离场庄#1·核心链」,serial-offender,,,2026-07-19,2026-07-26,,
0x9ff789862b0e50ef4e43f30c7a427279840264d7,bsc,惯犯庄家（B案·小庄#1）,serial-actor,identity,serial-offenders,2026-07-26,BUILD分析 appendix whale_group「小庄#1」,serial-offender,,,2026-07-25,2026-07-26,,
0xa0116f2a877ec838bda5ac5e4ac776626db61754,bsc,惯犯庄家（B案·小庄#1）,serial-actor,identity,serial-offenders,2026-07-26,BUILD分析 appendix whale_group「小庄#1」,serial-offender,,,2026-07-25,2026-07-26,,
0xa021101b9b5f6bceacfd833e6b70951464d59f42,bsc,惯犯庄家（B案·小庄#1）,serial-actor,identity,serial-offenders,2026-07-26,BUILD分析 appendix whale_group「小庄#1」,serial-offender,,,2026-07-25,2026-07-26,,
0xa02d46b1c645396a10055e092d4856c84d961ff0,bsc,惯犯庄家（B案·小庄#1）,serial-actor,identity,serial-offenders,2026-07-26,BUILD分析 appendix whale_group「小庄#1」,serial-offender,,,2026-07-25,2026-07-26,,
0xa09492690959584b1667fc7aba9fb0434fe65761,bsc,惯犯庄家（SIREN案·离场庄#1·核心链）,serial-actor,identity,serial-offenders,2026-07-26,SIREN分析2026-07-19 appendix whale_group「离场庄#1·核心链」,serial-offender,,,2026-07-19,2026-07-26,,
0xa0e1d28b8363f68cede12a6372da70934078b78e,bsc,惯犯庄家（SIREN案·离场庄#1·核心链）,serial-actor,identity,serial-offenders,2026-07-26,SIREN分析2026-07-19 appendix whale_group「离场庄#1·核心链」,serial-offender,,,2026-07-19,2026-07-26,,
0xa1267cb6b44d213e396a9d5127cd202dc81a6928,bsc,惯犯庄家（SIREN案·离场庄#1·核心链）,serial-actor,identity,serial-offenders,2026-07-26,SIREN分析2026-07-19 appendix whale_group「离场庄#1·核心链」,serial-offender,,,2026-07-19,2026-07-26,,
0xa12f0eaed12c13f515bf199a9b04bc961297069f,bsc,惯犯庄家（B案·小庄#1）,serial-actor,identity,serial-offenders,2026-07-26,BUILD分析 appendix whale_group「小庄#1」,serial-offender,,,2026-07-25,2026-07-26,,
0xa15bfdba6683e31ee15fe422fd4a6246a907a123,bsc,惯犯庄家（SIREN案·离场庄#1·核心链）,serial-actor,identity,serial-offenders,2026-07-26,SIREN分析2026-07-19 appendix whale_group「离场庄#1·核心链」,serial-offender,,,2026-07-19,2026-07-26,,
0xa17f00912771cc391a06994cd67431686f4ec01a,bsc,惯犯庄家（SIREN案·离场庄#1·核心链）,serial-actor,identity,serial-offenders,2026-07-26,SIREN分析2026-07-19 appendix whale_group「离场庄#1·核心链」,serial-offender,,,2026-07-19,2026-07-26,,
0xa1830811b59ddea898a8fa606b1e3161cc658c09,bsc,惯犯庄家（B案·小庄#1）,serial-actor,identity,serial-offenders,2026-07-26,BUILD分析 appendix whale_group「小庄#1」,serial-offender,,,2026-07-25,2026-07-26,,
0xa19fcee44934be431242ee3009a89b520d1a8629,bsc,惯犯庄家（B案·小庄#1）,serial-actor,identity,serial-offenders,2026-07-26,BUILD分析 appendix whale_group「小庄#1」,serial-offender,,,2026-07-25,2026-07-26,,
0xa1e8a6cb6ccf3a23d809f4676941574f1ef11449,bsc,惯犯庄家（SIREN案·离场庄#1·核心链）,serial-actor,identity,serial-offenders,2026-07-26,SIREN分析2026-07-19 appendix whale_group「离场庄#1·核心链」,serial-offender,,,2026-07-19,2026-07-26,,
0xa1ff11525ba14029947cea1f66c87db6b298a5fd,bsc,惯犯庄家（B案·小庄#1）,serial-actor,identity,serial-offenders,2026-07-26,BUILD分析 appendix whale_group「小庄#1」,serial-offender,,,2026-07-25,2026-07-26,,
0xa20695938aa6166979e0399c887d3d3d3cf3630a,bsc,惯犯庄家（SIREN案·离场庄#1·扩展与静置仓网）,serial-actor,identity,serial-offenders,2026-07-26,SIREN分析2026-07-19 appendix whale_group「离场庄#1·扩展与静置仓网」,serial-offender,,,2026-07-19,2026-07-26,,
0xa207ca33918f146ca85bb78e58cd688c1fa21457,bsc,惯犯庄家（B案·小庄#1）,serial-actor,identity,serial-offenders,2026-07-26,BUILD分析 appendix whale_group「小庄#1」,serial-offender,,,2026-07-25,2026-07-26,,
0xa212bc038476a07e2444f9c85b6a1a1b6672e5df,bsc,惯犯庄家（SIREN案·离场庄#1·核心链）,serial-actor,identity,serial-offenders,2026-07-26,SIREN分析2026-07-19 appendix whale_group「离场庄#1·核心链」,serial-offender,,,2026-07-19,2026-07-26,,
0xa21883eb0df77384404a64d8f386b811dd9dafe1,bsc,惯犯庄家（SIREN案·离场庄#1·核心链）,serial-actor,identity,serial-offenders,2026-07-26,SIREN分析2026-07-19 appendix whale_group「离场庄#1·核心链」,serial-offender,,,2026-07-19,2026-07-26,,
0xa2f420f2deba7eafe2a87ab220732746aa2bc83b,bsc,惯犯庄家（SIREN案·离场庄#1·核心链）,serial-actor,identity,serial-offenders,2026-07-26,SIREN分析2026-07-19 appendix whale_group「离场庄#1·核心链」,serial-offender,,,2026-07-19,2026-07-26,,
0xa2f5a64c37974ad88db75c5c0760c147f183a990,bsc,惯犯庄家（SIREN案·离场庄#1·核心链）,serial-actor,identity,serial-offenders,2026-07-26,SIREN分析2026-07-19 appendix whale_group「离场庄#1·核心链」,serial-offender,,,2026-07-19,2026-07-26,,
0xa2f7ef0c8f3657a0dae969ee5afc9a8dbf965df2,bsc,惯犯庄家（BANANAS31案·小庄S·Bitget库存循环体系）,serial-actor,identity,serial-offenders,2026-07-26,BANANAS31分析 appendix whale_group「小庄S·Bitget库存循环体系」,serial-offender,,,2026-07-22,2026-07-26,,
0xa315a991bbfe3993cd520bfa4669569a3c0f34be,bsc,惯犯庄家（SIREN案·离场庄#1·核心链）,serial-actor,identity,serial-offenders,2026-07-26,SIREN分析2026-07-19 appendix whale_group「离场庄#1·核心链」,serial-offender,,,2026-07-19,2026-07-26,,
0xa31fdd9eb231f114d8165c28b95a29e513ffe670,bsc,惯犯庄家（SIREN案·离场庄#1·核心链）,serial-actor,identity,serial-offenders,2026-07-26,SIREN分析2026-07-19 appendix whale_group「离场庄#1·核心链」,serial-offender,,,2026-07-19,2026-07-26,,
0xa34b3bcc864cbc73ac0f291573b488a232b84387,bsc,惯犯庄家（SIREN案·离场庄#1·核心链）,serial-actor,identity,serial-offenders,2026-07-26,SIREN分析2026-07-19 appendix whale_group「离场庄#1·核心链」,serial-offender,,,2026-07-19,2026-07-26,,
0xa36cc9fad57f0a2c9f599a7223f6b7257dff2740,bsc,惯犯庄家（SIREN案·离场庄#1·扩展与静置仓网）,serial-actor,identity,serial-offenders,2026-07-26,SIREN分析2026-07-19 appendix whale_group「离场庄#1·扩展与静置仓网」,serial-offender,,,2026-07-19,2026-07-26,,
0xa3adaeb122ae318d4afb77d3bdd4fe66d76bb640,bsc,惯犯庄家（BANANAS31案·小庄S·Bitget库存循环体系）,serial-actor,identity,serial-offenders,2026-07-26,BANANAS31分析 appendix whale_group「小庄S·Bitget库存循环体系」,serial-offender,,,2026-07-22,2026-07-26,,
0xa3b1848d5f48716d8780072cfa5a0491c07397e9,bsc,惯犯庄家（B案·小庄#1）,serial-actor,identity,serial-offenders,2026-07-26,BUILD分析 appendix whale_group「小庄#1」,serial-offender,,,2026-07-25,2026-07-26,,
0xa3b8fb6f8c93268ef220dd4e8ef6b3a66d8fd8a6,bsc,惯犯庄家（B案·小庄#1）,serial-actor,identity,serial-offenders,2026-07-26,BUILD分析 appendix whale_group「小庄#1」,serial-offender,,,2026-07-25,2026-07-26,,
0xa3e6631a2247df94d207b0f345a97b67d5d0d08d,bsc,惯犯庄家（SIREN案·离场庄#1·核心链）,serial-actor,identity,serial-offenders,2026-07-26,SIREN分析2026-07-19 appendix whale_group「离场庄#1·核心链」,serial-offender,,,2026-07-19,2026-07-26,,
0xa4275d42d38170b85abdeb0b1a06f4196fadcebc,bsc,惯犯庄家（SIREN案·离场庄#1·核心链）,serial-actor,identity,serial-offenders,2026-07-26,SIREN分析2026-07-19 appendix whale_group「离场庄#1·核心链」,serial-offender,,,2026-07-19,2026-07-26,,
0xa430e11378974bd0c74d739b8a1d6e3af9078dc5,bsc,惯犯庄家（SIREN案·离场庄#1·核心链）,serial-actor,identity,serial-offenders,2026-07-26,SIREN分析2026-07-19 appendix whale_group「离场庄#1·核心链」,serial-offender,,,2026-07-19,2026-07-26,,
0xa44073e0cba3c1bfcdee7b766488b57bf5cbc5df,bsc,惯犯庄家（SIREN案·离场庄#1·核心链）,serial-actor,identity,serial-offenders,2026-07-26,SIREN分析2026-07-19 appendix whale_group「离场庄#1·核心链」,serial-offender,,,2026-07-19,2026-07-26,,
0xa457bbc56d7671468651cc5e470021dbaa6034bd,bsc,惯犯庄家（SIREN案·离场庄#1·核心链）,serial-actor,identity,serial-offenders,2026-07-26,SIREN分析2026-07-19 appendix whale_group「离场庄#1·核心链」,serial-offender,,,2026-07-19,2026-07-26,,
0xa47674e8a85f7b40526ce7c2706cca0edc814409,bsc,惯犯庄家（SIREN案·离场庄#1·核心链）,serial-actor,identity,serial-offenders,2026-07-26,SIREN分析2026-07-19 appendix whale_group「离场庄#1·核心链」,serial-offender,,,2026-07-19,2026-07-26,,
0xa47e70add79dbe4a03b54f3d7617bd8e22454fc7,bsc,惯犯庄家（SIREN案·离场庄#1·核心链）,serial-actor,identity,serial-offenders,2026-07-26,SIREN分析2026-07-19 appendix whale_group「离场庄#1·核心链」,serial-offender,,,2026-07-19,2026-07-26,,
0xa48789c060bc82a44c73a4ecbf18adf0fcfc1ea1,bsc,惯犯庄家（SIREN案·离场庄#1·核心链）,serial-actor,identity,serial-offenders,2026-07-26,SIREN分析2026-07-19 appendix whale_group「离场庄#1·核心链」,serial-offender,,,2026-07-19,2026-07-26,,
0xa48a4171fa35d0ba1f9a9718f93ade3bf77101b2,bsc,惯犯庄家（BANANAS31案·小庄S·Bitget库存循环体系）,serial-actor,identity,serial-offenders,2026-07-26,BANANAS31分析 appendix whale_group「小庄S·Bitget库存循环体系」,serial-offender,,,2026-07-22,2026-07-26,,
0xa49ab8d9df4d165722d583d58fe5eb4ad421c20f,bsc,惯犯庄家（SIREN案·离场庄#1·核心链）,serial-actor,identity,serial-offenders,2026-07-26,SIREN分析2026-07-19 appendix whale_group「离场庄#1·核心链」,serial-offender,,,2026-07-19,2026-07-26,,
0xa4d4b37536eda65b7e7667858db24701537cd985,bsc,惯犯庄家（B案·小庄#1）,serial-actor,identity,serial-offenders,2026-07-26,BUILD分析 appendix whale_group「小庄#1」,serial-offender,,,2026-07-25,2026-07-26,,
0xa4e7efa95b9cb25a3bee2601fe4f72010f968484,bsc,惯犯庄家（B案·小庄#1）,serial-actor,identity,serial-offenders,2026-07-26,BUILD分析 appendix whale_group「小庄#1」,serial-offender,,,2026-07-25,2026-07-26,,
0xa50c77dce685b8d68131b2c65411a48c534f764d,bsc,惯犯庄家（SIREN案·离场庄#1·扩展与静置仓网）,serial-actor,identity,serial-offenders,2026-07-26,SIREN分析2026-07-19 appendix whale_group「离场庄#1·扩展与静置仓网」,serial-offender,,,2026-07-19,2026-07-26,,
0xa57d42258718a32289bed480127ee29ce6ffe6b1,bsc,惯犯庄家（SIREN案·离场庄#1·核心链）,serial-actor,identity,serial-offenders,2026-07-26,SIREN分析2026-07-19 appendix whale_group「离场庄#1·核心链」,serial-offender,,,2026-07-19,2026-07-26,,
0xa5907b3c3143bddf642ee5379fc6c8c5dc13eca7,bsc,惯犯庄家（B案·小庄#1）,serial-actor,identity,serial-offenders,2026-07-26,BUILD分析 appendix whale_group「小庄#1」,serial-offender,,,2026-07-25,2026-07-26,,
0xa595b2cf54364157518b48a8ca6c9f901ff7a5b1,bsc,惯犯庄家（SIREN案·离场庄#1·核心链）,serial-actor,identity,serial-offenders,2026-07-26,SIREN分析2026-07-19 appendix whale_group「离场庄#1·核心链」,serial-offender,,,2026-07-19,2026-07-26,,
0xa59688623092a80df6b5a6f9e0db79e9af1a65e4,bsc,惯犯庄家（SIREN案·离场庄#1·核心链）,serial-actor,identity,serial-offenders,2026-07-26,SIREN分析2026-07-19 appendix whale_group「离场庄#1·核心链」,serial-offender,,,2026-07-19,2026-07-26,,
0xa5a3bb045361c3f316fde590c3d21ea39d4784e7,bsc,惯犯庄家（SIREN案·离场庄#1·扩展与静置仓网）,serial-actor,identity,serial-offenders,2026-07-26,SIREN分析2026-07-19 appendix whale_group「离场庄#1·扩展与静置仓网」,serial-offender,,,2026-07-19,2026-07-26,,
0xa5a4d3187f46af0c486e18e7a08db0b1985edd4f,bsc,惯犯庄家（SIREN案·离场庄#1·核心链）,serial-actor,identity,serial-offenders,2026-07-26,SIREN分析2026-07-19 appendix whale_group「离场庄#1·核心链」,serial-offender,,,2026-07-19,2026-07-26,,
0xa5c23ad93f79fc3c151b8372b9aed7ff1d9ae2a7,bsc,惯犯庄家（SIREN案·离场庄#1·核心链）,serial-actor,identity,serial-offenders,2026-07-26,SIREN分析2026-07-19 appendix whale_group「离场庄#1·核心链」,serial-offender,,,2026-07-19,2026-07-26,,
0xa5e3d74c1cf6651406feba84bf127c3fb8f398f3,bsc,惯犯庄家（BANANAS31案·小庄S·Bitget库存循环体系）,serial-actor,identity,serial-offenders,2026-07-26,BANANAS31分析 appendix whale_group「小庄S·Bitget库存循环体系」,serial-offender,,,2026-07-22,2026-07-26,,
0xa643cc4cbf72cf94000adc335e35623112e670b6,bsc,惯犯庄家（SIREN案·离场庄#1·核心链）,serial-actor,identity,serial-offenders,2026-07-26,SIREN分析2026-07-19 appendix whale_group「离场庄#1·核心链」,serial-offender,,,2026-07-19,2026-07-26,,
0xa64efdfba9917e4ae29cbff28eaccde1ecc8831e,bsc,惯犯庄家（SIREN案·离场庄#1·核心链）,serial-actor,identity,serial-offenders,2026-07-26,SIREN分析2026-07-19 appendix whale_group「离场庄#1·核心链」,serial-offender,,,2026-07-19,2026-07-26,,
0xa6694695a33df27f6a87c0bf85dde8d90f6b4cba,bsc,惯犯庄家（SIREN案·离场庄#1·核心链）,serial-actor,identity,serial-offenders,2026-07-26,SIREN分析2026-07-19 appendix whale_group「离场庄#1·核心链」,serial-offender,,,2026-07-19,2026-07-26,,
0xa681856e0086c09ccc7d328e09e15331e7df78e3,bsc,惯犯庄家（SIREN案·离场庄#1·核心链）,serial-actor,identity,serial-offenders,2026-07-26,SIREN分析2026-07-19 appendix whale_group「离场庄#1·核心链」,serial-offender,,,2026-07-19,2026-07-26,,
0xa6aeb894065ad623c48fac1fc1ee131b0c66750a,bsc,惯犯庄家（SIREN案·离场庄#1·核心链）,serial-actor,identity,serial-offenders,2026-07-26,SIREN分析2026-07-19 appendix whale_group「离场庄#1·核心链」,serial-offender,,,2026-07-19,2026-07-26,,
0xa6cc32e134980dc07847bc95d5f316895d14dfb8,bsc,惯犯庄家（SIREN案·离场庄#1·扩展与静置仓网）,serial-actor,identity,serial-offenders,2026-07-26,SIREN分析2026-07-19 appendix whale_group「离场庄#1·扩展与静置仓网」,serial-offender,,,2026-07-19,2026-07-26,,
0xa6cf48e5b94a95788c0c3dc98a25c40a2a463522,bsc,惯犯庄家（BANANAS31案·小庄S·Bitget库存循环体系）,serial-actor,identity,serial-offenders,2026-07-26,BANANAS31分析 appendix whale_group「小庄S·Bitget库存循环体系」,serial-offender,,,2026-07-22,2026-07-26,,
0xa6e64d5e6f43b493a95e85e641b79d469056e7c4,bsc,惯犯庄家（SIREN案·离场庄#1·核心链）,serial-actor,identity,serial-offenders,2026-07-26,SIREN分析2026-07-19 appendix whale_group「离场庄#1·核心链」,serial-offender,,,2026-07-19,2026-07-26,,
0xa6f307090f35df022bc1540d1185db2067f6e299,bsc,惯犯庄家（SIREN案·离场庄#1·核心链）,serial-actor,identity,serial-offenders,2026-07-26,SIREN分析2026-07-19 appendix whale_group「离场庄#1·核心链」,serial-offender,,,2026-07-19,2026-07-26,,
0xa70bd0b37fa650ed2d7aceeac59cea65cd057ed0,bsc,惯犯庄家（SIREN案·离场庄#1·核心链）,serial-actor,identity,serial-offenders,2026-07-26,SIREN分析2026-07-19 appendix whale_group「离场庄#1·核心链」,serial-offender,,,2026-07-19,2026-07-26,,
0xa750037d47bc61cf2515d2adff5015a047623b26,bsc,惯犯庄家（SIREN案·离场庄#1·核心链）,serial-actor,identity,serial-offenders,2026-07-26,SIREN分析2026-07-19 appendix whale_group「离场庄#1·核心链」,serial-offender,,,2026-07-19,2026-07-26,,
0xa7539b4d392f93fc44c0667bea7a3a6c702b9646,bsc,"惯犯庄家（BANANAS31案·狙击集团(已离场,残尾仓)）",serial-actor,identity,serial-offenders,2026-07-26,"BANANAS31分析 appendix whale_group「狙击集团(已离场,残尾仓)」",serial-offender,,,2026-07-22,2026-07-26,,
0xa7aa852c15bfea4a2ee96aadf2d20c0550c2d76c,bsc,惯犯庄家（B案·小庄#1）,serial-actor,identity,serial-offenders,2026-07-26,BUILD分析 appendix whale_group「小庄#1」,serial-offender,,,2026-07-25,2026-07-26,,
0xa7b2d6a4ad04db30eff2c696eb25760868019b94,bsc,惯犯庄家（B案·小庄#1）,serial-actor,identity,serial-offenders,2026-07-26,BUILD分析 appendix whale_group「小庄#1」,serial-offender,,,2026-07-25,2026-07-26,,
0xa7de1daf0e122e1d792fba04a4d64cc2fe9d6272,bsc,惯犯庄家（SIREN案·离场庄#1·核心链）,serial-actor,identity,serial-offenders,2026-07-26,SIREN分析2026-07-19 appendix whale_group「离场庄#1·核心链」,serial-offender,,,2026-07-19,2026-07-26,,
0xa81517ca7003b5906e6dc042d41b3d13904d1156,bsc,惯犯庄家（SIREN案·离场庄#1·核心链）,serial-actor,identity,serial-offenders,2026-07-26,SIREN分析2026-07-19 appendix whale_group「离场庄#1·核心链」,serial-offender,,,2026-07-19,2026-07-26,,
0xa836d9d02a098dc733e577577443cc3cb736b6d6,bsc,惯犯庄家（SIREN案·离场庄#1·核心链）,serial-actor,identity,serial-offenders,2026-07-26,SIREN分析2026-07-19 appendix whale_group「离场庄#1·核心链」,serial-offender,,,2026-07-19,2026-07-26,,
0xa8617aa62ae9641970b7637b87b9b6211ed349dc,bsc,惯犯庄家（B案·小庄#1）,serial-actor,identity,serial-offenders,2026-07-26,BUILD分析 appendix whale_group「小庄#1」,serial-offender,,,2026-07-25,2026-07-26,,
0xa86a35ab8bad321eb075cc3c9aaf240c8f0eb3ff,bsc,惯犯庄家（B案·小庄#1）,serial-actor,identity,serial-offenders,2026-07-26,BUILD分析 appendix whale_group「小庄#1」,serial-offender,,,2026-07-25,2026-07-26,,
0xa8af59d8d8a391ce7ac391266fc153fb67e29add,bsc,惯犯庄家（B案·小庄#1）,serial-actor,identity,serial-offenders,2026-07-26,BUILD分析 appendix whale_group「小庄#1」,serial-offender,,,2026-07-25,2026-07-26,,
0xa8b3326772a698f3cc5691fb8f9d8b12cbe87270,bsc,惯犯庄家（BANANAS31案·小庄S·Bitget库存循环体系）,serial-actor,identity,serial-offenders,2026-07-26,BANANAS31分析 appendix whale_group「小庄S·Bitget库存循环体系」,serial-offender,,,2026-07-22,2026-07-26,,
0xa8d63c5681c8e45bfc9837903f601a687e7a2608,bsc,惯犯庄家（SIREN案·离场庄#1·核心链）,serial-actor,identity,serial-offenders,2026-07-26,SIREN分析2026-07-19 appendix whale_group「离场庄#1·核心链」,serial-offender,,,2026-07-19,2026-07-26,,
0xa8dc920672a097946217d603a3a2507f2637eb8e,bsc,惯犯庄家（SIREN案·离场庄#1·核心链）,serial-actor,identity,serial-offenders,2026-07-26,SIREN分析2026-07-19 appendix whale_group「离场庄#1·核心链」,serial-offender,,,2026-07-19,2026-07-26,,
0xa8f47611d1970a7a50126734799da91a61043182,bsc,惯犯庄家（SIREN案·离场庄#1·核心链）,serial-actor,identity,serial-offenders,2026-07-26,SIREN分析2026-07-19 appendix whale_group「离场庄#1·核心链」,serial-offender,,,2026-07-19,2026-07-26,,
0xa9016410576ef91e0d8b78353576642c7586fa0f,bsc,惯犯庄家（SIREN案·离场庄#1·扩展与静置仓网）,serial-actor,identity,serial-offenders,2026-07-26,SIREN分析2026-07-19 appendix whale_group「离场庄#1·扩展与静置仓网」,serial-offender,,,2026-07-19,2026-07-26,,
0xa9632a3b4a990b2ccf9c32425710589b9b3c2d1d,bsc,惯犯庄家（SIREN案·离场庄#1·核心链）,serial-actor,identity,serial-offenders,2026-07-26,SIREN分析2026-07-19 appendix whale_group「离场庄#1·核心链」,serial-offender,,,2026-07-19,2026-07-26,,
0xa963606d7a3c76d7fdb0c1b50ea954a8dbb60019,bsc,惯犯庄家（B案·小庄#1）,serial-actor,identity,serial-offenders,2026-07-26,BUILD分析 appendix whale_group「小庄#1」,serial-offender,,,2026-07-25,2026-07-26,,
0xa96f32d81b82816955bdcf5237263ef88601efb1,bsc,惯犯庄家（SIREN案·离场庄#1·扩展与静置仓网）,serial-actor,identity,serial-offenders,2026-07-26,SIREN分析2026-07-19 appendix whale_group「离场庄#1·扩展与静置仓网」,serial-offender,,,2026-07-19,2026-07-26,,
0xa99bf221523e2da247bfc44db5c9aaed48b54097,bsc,惯犯庄家（BANANAS31案·小庄S·Bitget库存循环体系）,serial-actor,identity,serial-offenders,2026-07-26,BANANAS31分析 appendix whale_group「小庄S·Bitget库存循环体系」,serial-offender,,,2026-07-22,2026-07-26,,
0xa9ac45eaa53fc04bfd560f03f214b2366d37edef,bsc,惯犯庄家（SIREN案·离场庄#1·核心链）,serial-actor,identity,serial-offenders,2026-07-26,SIREN分析2026-07-19 appendix whale_group「离场庄#1·核心链」,serial-offender,,,2026-07-19,2026-07-26,,
0xa9af73117e940fe29547b9c61f54afd1cf912baf,bsc,惯犯庄家（BANANAS31案·小庄S·Bitget库存循环体系）,serial-actor,identity,serial-offenders,2026-07-26,BANANAS31分析 appendix whale_group「小庄S·Bitget库存循环体系」,serial-offender,,,2026-07-22,2026-07-26,,
0xa9b047b5771d1992adfdc4da6d8b12b43be9dbe4,bsc,惯犯庄家（B案·小庄#1）,serial-actor,identity,serial-offenders,2026-07-26,BUILD分析 appendix whale_group「小庄#1」,serial-offender,,,2026-07-25,2026-07-26,,
0xa9d5f2c688c45a7ada103bc5375dd6e22b8d8664,bsc,惯犯庄家（B案·小庄#1）,serial-actor,identity,serial-offenders,2026-07-26,BUILD分析 appendix whale_group「小庄#1」,serial-offender,,,2026-07-25,2026-07-26,,
0xaa52dd46d77536ff296658dae185966f7ab74db2,bsc,惯犯庄家（SIREN案·离场庄#1·核心链）,serial-actor,identity,serial-offenders,2026-07-26,SIREN分析2026-07-19 appendix whale_group「离场庄#1·核心链」,serial-offender,,,2026-07-19,2026-07-26,,
0xaa86268030aae432ac471f220080ba3e46b52b43,bsc,惯犯庄家（SIREN案·离场庄#1·扩展与静置仓网）,serial-actor,identity,serial-offenders,2026-07-26,SIREN分析2026-07-19 appendix whale_group「离场庄#1·扩展与静置仓网」,serial-offender,,,2026-07-19,2026-07-26,,
0xaa885701a39b5737e099ec1535a55439556fca15,bsc,"惯犯庄家（BANANAS31案·狙击集团(已离场,残尾仓)）",serial-actor,identity,serial-offenders,2026-07-26,"BANANAS31分析 appendix whale_group「狙击集团(已离场,残尾仓)」",serial-offender,,,2026-07-22,2026-07-26,,
0xaa91f5a29db5b091a3d5f098f59b2aa52598da5a,bsc,惯犯庄家（B案·小庄#1）,serial-actor,identity,serial-offenders,2026-07-26,BUILD分析 appendix whale_group「小庄#1」,serial-offender,,,2026-07-25,2026-07-26,,
0xaa9c06e618c023dcdb5cd25dff2858a81dbc91fc,bsc,惯犯庄家（SIREN案·离场庄#1·扩展与静置仓网）,serial-actor,identity,serial-offenders,2026-07-26,SIREN分析2026-07-19 appendix whale_group「离场庄#1·扩展与静置仓网」,serial-offender,,,2026-07-19,2026-07-26,,
0xaaa048abc75df98b398398be77a35b3cc2b057c4,bsc,惯犯庄家（B案·小庄#1）,serial-actor,identity,serial-offenders,2026-07-26,BUILD分析 appendix whale_group「小庄#1」,serial-offender,,,2026-07-25,2026-07-26,,
0xaabc9e866ec3204da3db3ac8cc9aa89cdf62eb68,bsc,惯犯庄家（SIREN案·离场庄#1·核心链）,serial-actor,identity,serial-offenders,2026-07-26,SIREN分析2026-07-19 appendix whale_group「离场庄#1·核心链」,serial-offender,,,2026-07-19,2026-07-26,,
0xaae2b9145c09dd353e8729325aca4bacc96a00c0,bsc,惯犯庄家（B案·小庄#1）,serial-actor,identity,serial-offenders,2026-07-26,BUILD分析 appendix whale_group「小庄#1」,serial-offender,,,2026-07-25,2026-07-26,,
0xaaf20ad063eda7ad9646cb3070f00e42a9c7b21b,bsc,惯犯庄家（B案·小庄#1）,serial-actor,identity,serial-offenders,2026-07-26,BUILD分析 appendix whale_group「小庄#1」,serial-offender,,,2026-07-25,2026-07-26,,
0xaaf784d7b31595aac8850740fa9ddb87774517b8,bsc,惯犯庄家（SIREN案·离场庄#1·核心链）,serial-actor,identity,serial-offenders,2026-07-26,SIREN分析2026-07-19 appendix whale_group「离场庄#1·核心链」,serial-offender,,,2026-07-19,2026-07-26,,
0xab3aefc5d329ca686f245bcf412b9f34e9d20969,bsc,惯犯庄家（B案·小庄#1）,serial-actor,identity,serial-offenders,2026-07-26,BUILD分析 appendix whale_group「小庄#1」,serial-offender,,,2026-07-25,2026-07-26,,
0xab5fe1983bccecd16857772fd979408caf60b6ca,bsc,惯犯庄家（B案·小庄#1）,serial-actor,identity,serial-offenders,2026-07-26,BUILD分析 appendix whale_group「小庄#1」,serial-offender,,,2026-07-25,2026-07-26,,
0xabb56019254be32dbd03d28cbc2d7ce751916794,bsc,惯犯庄家（B案·小庄#1）,serial-actor,identity,serial-offenders,2026-07-26,BUILD分析 appendix whale_group「小庄#1」,serial-offender,,,2026-07-25,2026-07-26,,
0xabec5ab563dce2ee51cdd12627698efbf6541d3f,bsc,惯犯庄家（SIREN案·离场庄#1·核心链）,serial-actor,identity,serial-offenders,2026-07-26,SIREN分析2026-07-19 appendix whale_group「离场庄#1·核心链」,serial-offender,,,2026-07-19,2026-07-26,,
0xac01ee0bd97e750792731490ece2e6e57471463c,bsc,惯犯庄家（SIREN案·离场庄#1·核心链）,serial-actor,identity,serial-offenders,2026-07-26,SIREN分析2026-07-19 appendix whale_group「离场庄#1·核心链」,serial-offender,,,2026-07-19,2026-07-26,,
0xac33574c95f8a9ccd80d829a89feaac4b370f85c,bsc,惯犯庄家（SIREN案·离场庄#1·核心链）,serial-actor,identity,serial-offenders,2026-07-26,SIREN分析2026-07-19 appendix whale_group「离场庄#1·核心链」,serial-offender,,,2026-07-19,2026-07-26,,
0xac383e3769221cc38ff69e044e343053ae363a76,bsc,惯犯庄家（SIREN案·离场庄#1·核心链）,serial-actor,identity,serial-offenders,2026-07-26,SIREN分析2026-07-19 appendix whale_group「离场庄#1·核心链」,serial-offender,,,2026-07-19,2026-07-26,,
0xac44b50a059c16b83143b455ccb67dae91d93345,bsc,惯犯庄家（SIREN案·离场庄#1·核心链）,serial-actor,identity,serial-offenders,2026-07-26,SIREN分析2026-07-19 appendix whale_group「离场庄#1·核心链」,serial-offender,,,2026-07-19,2026-07-26,,
0xac5f4576106f6367621017fbb3ea2feec12c3d5b,bsc,惯犯庄家（SIREN案·离场庄#1·核心链）,serial-actor,identity,serial-offenders,2026-07-26,SIREN分析2026-07-19 appendix whale_group「离场庄#1·核心链」,serial-offender,,,2026-07-19,2026-07-26,,
0xac98db68951a67500dc56bc3709dcdb7a335f7df,bsc,惯犯庄家（SIREN案·离场庄#1·扩展与静置仓网）,serial-actor,identity,serial-offenders,2026-07-26,SIREN分析2026-07-19 appendix whale_group「离场庄#1·扩展与静置仓网」,serial-offender,,,2026-07-19,2026-07-26,,
0xaca5677f6d01df31bba274b4ddd42e493e669c0f,bsc,惯犯庄家（B案·小庄#1）,serial-actor,identity,serial-offenders,2026-07-26,BUILD分析 appendix whale_group「小庄#1」,serial-offender,,,2026-07-25,2026-07-26,,
0xace78baf1774dbcea2a66aa146c67f9c10f58adc,bsc,惯犯庄家（SIREN案·离场庄#1·核心链）,serial-actor,identity,serial-offenders,2026-07-26,SIREN分析2026-07-19 appendix whale_group「离场庄#1·核心链」,serial-offender,,,2026-07-19,2026-07-26,,
0xacf594da59780fbe3a47fb3267e1d4892f5ffd46,bsc,惯犯庄家（SIREN案·离场庄#1·核心链）,serial-actor,identity,serial-offenders,2026-07-26,SIREN分析2026-07-19 appendix whale_group「离场庄#1·核心链」,serial-offender,,,2026-07-19,2026-07-26,,
0xad5b1cf64b3115543e386f23929e352f98f7ef28,bsc,惯犯庄家（B案·小庄#1）,serial-actor,identity,serial-offenders,2026-07-26,BUILD分析 appendix whale_group「小庄#1」,serial-offender,,,2026-07-25,2026-07-26,,
0xad618589bbe901094f99abc3f3e668f02389aa13,bsc,惯犯庄家（B案·小庄#1）,serial-actor,identity,serial-offenders,2026-07-26,BUILD分析 appendix whale_group「小庄#1」,serial-offender,,,2026-07-25,2026-07-26,,
0xad7c9e70287e05b4247762edf5814af6f0a4039e,bsc,惯犯庄家（SIREN案·离场庄#1·核心链）,serial-actor,identity,serial-offenders,2026-07-26,SIREN分析2026-07-19 appendix whale_group「离场庄#1·核心链」,serial-offender,,,2026-07-19,2026-07-26,,
0xadb1f5fb7461da68118704c201520806c5091a2f,bsc,惯犯庄家（BANANAS31案·小庄S·Bitget库存循环体系）,serial-actor,identity,serial-offenders,2026-07-26,BANANAS31分析 appendix whale_group「小庄S·Bitget库存循环体系」,serial-offender,,,2026-07-22,2026-07-26,,
0xadce6b81515dfb28f094b8bf0df58606c1975996,bsc,惯犯庄家（BANANAS31案·小庄S·Bitget库存循环体系）,serial-actor,identity,serial-offenders,2026-07-26,BANANAS31分析 appendix whale_group「小庄S·Bitget库存循环体系」,serial-offender,,,2026-07-22,2026-07-26,,
0xadd0ca1ad8c3fa768e37b2fa072c7528674da971,bsc,惯犯庄家（SIREN案·离场庄#1·核心链）,serial-actor,identity,serial-offenders,2026-07-26,SIREN分析2026-07-19 appendix whale_group「离场庄#1·核心链」,serial-offender,,,2026-07-19,2026-07-26,,
0xae240635dd8436505c64ca1681d4be85188222d2,bsc,惯犯庄家（SIREN案·离场庄#1·核心链）,serial-actor,identity,serial-offenders,2026-07-26,SIREN分析2026-07-19 appendix whale_group「离场庄#1·核心链」,serial-offender,,,2026-07-19,2026-07-26,,
0xae3de0a37f24246b34e4724035183e6ac7d4e5a4,bsc,惯犯庄家（SIREN案·离场庄#1·核心链）,serial-actor,identity,serial-offenders,2026-07-26,SIREN分析2026-07-19 appendix whale_group「离场庄#1·核心链」,serial-offender,,,2026-07-19,2026-07-26,,
0xae4bc1cad840cc44ada2b099279f237c77e75534,bsc,惯犯庄家（SIREN案·离场庄#1·核心链）,serial-actor,identity,serial-offenders,2026-07-26,SIREN分析2026-07-19 appendix whale_group「离场庄#1·核心链」,serial-offender,,,2026-07-19,2026-07-26,,
0xae62f097539c6425d7ad22dc60ad1b452cd28caf,bsc,惯犯庄家（B案·小庄#1）,serial-actor,identity,serial-offenders,2026-07-26,BUILD分析 appendix whale_group「小庄#1」,serial-offender,,,2026-07-25,2026-07-26,,
0xae800b007ec1c4661fcf39bb0992e7bc5632feed,bsc,惯犯庄家（SIREN案·离场庄#1·核心链）,serial-actor,identity,serial-offenders,2026-07-26,SIREN分析2026-07-19 appendix whale_group「离场庄#1·核心链」,serial-offender,,,2026-07-19,2026-07-26,,
0xae9724354efb5cd8ce77140d262c93d63c6ab4a7,bsc,惯犯庄家（B案·小庄#1）,serial-actor,identity,serial-offenders,2026-07-26,BUILD分析 appendix whale_group「小庄#1」,serial-offender,,,2026-07-25,2026-07-26,,
0xaee9e71edcd8622d3e8f21a82a75c581a73fce15,bsc,惯犯庄家（SIREN案·离场庄#1·核心链）,serial-actor,identity,serial-offenders,2026-07-26,SIREN分析2026-07-19 appendix whale_group「离场庄#1·核心链」,serial-offender,,,2026-07-19,2026-07-26,,
0xaf274f2487f35dd880ff0eb0a19d1140388d05b4,bsc,惯犯庄家（B案·小庄#1）,serial-actor,identity,serial-offenders,2026-07-26,BUILD分析 appendix whale_group「小庄#1」,serial-offender,,,2026-07-25,2026-07-26,,
0xaf3b03fa4f7873b84cfe275e5bc47bc55746d2ec,bsc,惯犯庄家（SIREN案·离场庄#1·核心链）,serial-actor,identity,serial-offenders,2026-07-26,SIREN分析2026-07-19 appendix whale_group「离场庄#1·核心链」,serial-offender,,,2026-07-19,2026-07-26,,
0xaf3b0daac0c0445ae5ea4e89502c18c0a50397dc,bsc,惯犯庄家（SIREN案·离场庄#1·核心链）,serial-actor,identity,serial-offenders,2026-07-26,SIREN分析2026-07-19 appendix whale_group「离场庄#1·核心链」,serial-offender,,,2026-07-19,2026-07-26,,
0xaf658319a7b2d4259775256ca1dd8ed4dfc7033a,bsc,惯犯庄家（B案·小庄#1）,serial-actor,identity,serial-offenders,2026-07-26,BUILD分析 appendix whale_group「小庄#1」,serial-offender,,,2026-07-25,2026-07-26,,
0xaf72f96e4913766821551dc74dabad1e435b088e,bsc,惯犯庄家（BANANAS31案·小庄S·Bitget库存循环体系）,serial-actor,identity,serial-offenders,2026-07-26,BANANAS31分析 appendix whale_group「小庄S·Bitget库存循环体系」,serial-offender,,,2026-07-22,2026-07-26,,
0xaf7d4d9055d20335a407b5501097041b9e165f04,bsc,惯犯庄家（B案·小庄#1）,serial-actor,identity,serial-offenders,2026-07-26,BUILD分析 appendix whale_group「小庄#1」,serial-offender,,,2026-07-25,2026-07-26,,
0xafa4c92035d44f730768492052d8a5d063d9a887,bsc,惯犯庄家（B案·小庄#1）,serial-actor,identity,serial-offenders,2026-07-26,BUILD分析 appendix whale_group「小庄#1」,serial-offender,,,2026-07-25,2026-07-26,,
0xafc1191aa73113286b1d4f898fed85b238779eab,bsc,惯犯庄家（SIREN案·离场庄#1·核心链）,serial-actor,identity,serial-offenders,2026-07-26,SIREN分析2026-07-19 appendix whale_group「离场庄#1·核心链」,serial-offender,,,2026-07-19,2026-07-26,,
0xafdbe69817c21e1e130e0c2cf9d5ca834362494e,bsc,惯犯庄家（B案·小庄#1）,serial-actor,identity,serial-offenders,2026-07-26,BUILD分析 appendix whale_group「小庄#1」,serial-offender,,,2026-07-25,2026-07-26,,
0xb00ec49681fbce96dd49cf5f4af019f5321b3a45,bsc,惯犯庄家（SIREN案·离场庄#1·核心链）,serial-actor,identity,serial-offenders,2026-07-26,SIREN分析2026-07-19 appendix whale_group「离场庄#1·核心链」,serial-offender,,,2026-07-19,2026-07-26,,
0xb030461e2c636b93a49aa94eea8259d3da1768e5,bsc,惯犯庄家（SIREN案·离场庄#1·核心链）,serial-actor,identity,serial-offenders,2026-07-26,SIREN分析2026-07-19 appendix whale_group「离场庄#1·核心链」,serial-offender,,,2026-07-19,2026-07-26,,
0xb0415763d724ccc3ae9ba58b4cb8e97f46a0f33d,bsc,惯犯庄家（SIREN案·离场庄#1·核心链）,serial-actor,identity,serial-offenders,2026-07-26,SIREN分析2026-07-19 appendix whale_group「离场庄#1·核心链」,serial-offender,,,2026-07-19,2026-07-26,,
0xb05c27e745646598222538775d577fe10b05e1e9,bsc,惯犯庄家（SIREN案·离场庄#1·核心链）,serial-actor,identity,serial-offenders,2026-07-26,SIREN分析2026-07-19 appendix whale_group「离场庄#1·核心链」,serial-offender,,,2026-07-19,2026-07-26,,
0xb06d98dcbcdaae176d82e894428f79c449cb79c6,bsc,惯犯庄家（SIREN案·离场庄#1·核心链）,serial-actor,identity,serial-offenders,2026-07-26,SIREN分析2026-07-19 appendix whale_group「离场庄#1·核心链」,serial-offender,,,2026-07-19,2026-07-26,,
0xb0a6fe01059b228ef5b3a3f93b84e7e1c4636c0e,bsc,惯犯庄家（SIREN案·离场庄#1·核心链）,serial-actor,identity,serial-offenders,2026-07-26,SIREN分析2026-07-19 appendix whale_group「离场庄#1·核心链」,serial-offender,,,2026-07-19,2026-07-26,,
0xb0c5bd6b64ad553439d3954a347bda98cefa1095,bsc,惯犯庄家（SIREN案·离场庄#1·核心链）,serial-actor,identity,serial-offenders,2026-07-26,SIREN分析2026-07-19 appendix whale_group「离场庄#1·核心链」,serial-offender,,,2026-07-19,2026-07-26,,
0xb0fb9e095a7433b87ad29e77b0768edea0964e67,bsc,惯犯庄家（B案·小庄#1）,serial-actor,identity,serial-offenders,2026-07-26,BUILD分析 appendix whale_group「小庄#1」,serial-offender,,,2026-07-25,2026-07-26,,
0xb1273fabd7bac67cba8784250beae85b7312b427,bsc,惯犯庄家（SIREN案·离场庄#1·核心链）,serial-actor,identity,serial-offenders,2026-07-26,SIREN分析2026-07-19 appendix whale_group「离场庄#1·核心链」,serial-offender,,,2026-07-19,2026-07-26,,
0xb15077b93137f9fdab02ea65782d870a8d6f1584,bsc,惯犯庄家（SIREN案·离场庄#1·核心链）,serial-actor,identity,serial-offenders,2026-07-26,SIREN分析2026-07-19 appendix whale_group「离场庄#1·核心链」,serial-offender,,,2026-07-19,2026-07-26,,
0xb159392ed122ffec066efb6ba4377d7651d79092,bsc,惯犯庄家（SIREN案·离场庄#1·核心链）,serial-actor,identity,serial-offenders,2026-07-26,SIREN分析2026-07-19 appendix whale_group「离场庄#1·核心链」,serial-offender,,,2026-07-19,2026-07-26,,
0xb1d15534d339338c709446d06879f94ba34f6765,bsc,惯犯庄家（B案·小庄#1）,serial-actor,identity,serial-offenders,2026-07-26,BUILD分析 appendix whale_group「小庄#1」,serial-offender,,,2026-07-25,2026-07-26,,
0xb1f02858f6b287d44ceab5cef090c82b6d7be277,bsc,惯犯庄家（B案·小庄#1）,serial-actor,identity,serial-offenders,2026-07-26,BUILD分析 appendix whale_group「小庄#1」,serial-offender,,,2026-07-25,2026-07-26,,
0xb1f7c4c5224afb81dfc28c001f4210bac3ab7904,bsc,惯犯庄家（SIREN案·离场庄#1·核心链）,serial-actor,identity,serial-offenders,2026-07-26,SIREN分析2026-07-19 appendix whale_group「离场庄#1·核心链」,serial-offender,,,2026-07-19,2026-07-26,,
0xb20a689c9daf43f32cac1c6d83dfc69bd80bdc0a,bsc,惯犯庄家（SIREN案·离场庄#1·核心链）,serial-actor,identity,serial-offenders,2026-07-26,SIREN分析2026-07-19 appendix whale_group「离场庄#1·核心链」,serial-offender,,,2026-07-19,2026-07-26,,
0xb21814869a53fd7859ea72c38a4abfe8230974a1,bsc,惯犯庄家（B案·小庄#1）,serial-actor,identity,serial-offenders,2026-07-26,BUILD分析 appendix whale_group「小庄#1」,serial-offender,,,2026-07-25,2026-07-26,,
0xb2394343f9f4bfa95596e1d457e8b365e46d1ccc,bsc,惯犯庄家（SIREN案·离场庄#1·核心链）,serial-actor,identity,serial-offenders,2026-07-26,SIREN分析2026-07-19 appendix whale_group「离场庄#1·核心链」,serial-offender,,,2026-07-19,2026-07-26,,
0xb265ef7f7cb2df59014ed483a1bfc0029c0eee6e,bsc,惯犯庄家（SIREN案·离场庄#1·核心链）,serial-actor,identity,serial-offenders,2026-07-26,SIREN分析2026-07-19 appendix whale_group「离场庄#1·核心链」,serial-offender,,,2026-07-19,2026-07-26,,
0xb29d2ec44f9d2e04ce6d7d5adf8ee4a151d8d23d,bsc,惯犯庄家（BANANAS31案·小庄S·Bitget库存循环体系）,serial-actor,identity,serial-offenders,2026-07-26,BANANAS31分析 appendix whale_group「小庄S·Bitget库存循环体系」,serial-offender,,,2026-07-22,2026-07-26,,
0xb2bc635cfa1ac0e63414a3fadc2458b4c8e7f51c,bsc,惯犯庄家（SIREN案·离场庄#1·扩展与静置仓网）,serial-actor,identity,serial-offenders,2026-07-26,SIREN分析2026-07-19 appendix whale_group「离场庄#1·扩展与静置仓网」,serial-offender,,,2026-07-19,2026-07-26,,
0xb2dc0125c605020b674648960c536f29e5dc5379,bsc,惯犯庄家（SIREN案·离场庄#1·核心链）,serial-actor,identity,serial-offenders,2026-07-26,SIREN分析2026-07-19 appendix whale_group「离场庄#1·核心链」,serial-offender,,,2026-07-19,2026-07-26,,
0xb2e30391d9c6b8f1dd0ae36c0152b0defbccf7e7,bsc,惯犯庄家（SIREN案·离场庄#1·核心链）,serial-actor,identity,serial-offenders,2026-07-26,SIREN分析2026-07-19 appendix whale_group「离场庄#1·核心链」,serial-offender,,,2026-07-19,2026-07-26,,
0xb2e93b142da2fbdeebf5df299a36e32c11195c84,bsc,惯犯庄家（SIREN案·离场庄#1·核心链）,serial-actor,identity,serial-offenders,2026-07-26,SIREN分析2026-07-19 appendix whale_group「离场庄#1·核心链」,serial-offender,,,2026-07-19,2026-07-26,,
0xb33700875ae148495bd38b451808b91631ccbf68,bsc,"惯犯庄家（BANANAS31案·狙击集团(已离场,残尾仓)）",serial-actor,identity,serial-offenders,2026-07-26,"BANANAS31分析 appendix whale_group「狙击集团(已离场,残尾仓)」",serial-offender,,,2026-07-22,2026-07-26,,
0xb33ff7fa378faf966ef3aec8d4e5a548d7871f24,bsc,惯犯庄家（SIREN案·离场庄#1·核心链）,serial-actor,identity,serial-offenders,2026-07-26,SIREN分析2026-07-19 appendix whale_group「离场庄#1·核心链」,serial-offender,,,2026-07-19,2026-07-26,,
0xb35bd397dc370a3caf5a2eeded2fdc5569b6e55f,bsc,惯犯庄家（B案·小庄#1）,serial-actor,identity,serial-offenders,2026-07-26,BUILD分析 appendix whale_group「小庄#1」,serial-offender,,,2026-07-25,2026-07-26,,
0xb35e1079f78f9226a74295ce83f79ccb8514112d,bsc,惯犯庄家（SIREN案·离场庄#1·扩展与静置仓网）,serial-actor,identity,serial-offenders,2026-07-26,SIREN分析2026-07-19 appendix whale_group「离场庄#1·扩展与静置仓网」,serial-offender,,,2026-07-19,2026-07-26,,
0xb3c47da87518b32852729bd780ac8ccbb8d0b648,bsc,惯犯庄家（SIREN案·离场庄#1·核心链）,serial-actor,identity,serial-offenders,2026-07-26,SIREN分析2026-07-19 appendix whale_group「离场庄#1·核心链」,serial-offender,,,2026-07-19,2026-07-26,,
0xb3f96db790496d2ec66d99a22fb4d0c73009197d,bsc,惯犯庄家（B案·小庄#1）,serial-actor,identity,serial-offenders,2026-07-26,BUILD分析 appendix whale_group「小庄#1」,serial-offender,,,2026-07-25,2026-07-26,,
0xb40b43cd057671741e851b8fabc808f7843f3e97,bsc,惯犯庄家（BANANAS31案·小庄S·Bitget库存循环体系）,serial-actor,identity,serial-offenders,2026-07-26,BANANAS31分析 appendix whale_group「小庄S·Bitget库存循环体系」,serial-offender,,,2026-07-22,2026-07-26,,
0xb4293a0be7effb059a644abd72b244c355188f8e,bsc,惯犯庄家（SIREN案·离场庄#1·扩展与静置仓网）,serial-actor,identity,serial-offenders,2026-07-26,SIREN分析2026-07-19 appendix whale_group「离场庄#1·扩展与静置仓网」,serial-offender,,,2026-07-19,2026-07-26,,
0xb484d331e377e139a40c084cb4841307cdc49604,bsc,惯犯庄家（SIREN案·离场庄#1·核心链）,serial-actor,identity,serial-offenders,2026-07-26,SIREN分析2026-07-19 appendix whale_group「离场庄#1·核心链」,serial-offender,,,2026-07-19,2026-07-26,,
0xb48ff931a15a06d77ef72eaf092e189418e786a4,bsc,惯犯庄家（SIREN案·离场庄#1·核心链）,serial-actor,identity,serial-offenders,2026-07-26,SIREN分析2026-07-19 appendix whale_group「离场庄#1·核心链」,serial-offender,,,2026-07-19,2026-07-26,,
0xb49c8f54a6d0a84b7d78e668f1a9707546adbffe,bsc,惯犯庄家（SIREN案·离场庄#1·核心链）,serial-actor,identity,serial-offenders,2026-07-26,SIREN分析2026-07-19 appendix whale_group「离场庄#1·核心链」,serial-offender,,,2026-07-19,2026-07-26,,
0xb4c5376319d259489a966effe1df2b7d88664f26,bsc,惯犯庄家（SIREN案·离场庄#1·核心链）,serial-actor,identity,serial-offenders,2026-07-26,SIREN分析2026-07-19 appendix whale_group「离场庄#1·核心链」,serial-offender,,,2026-07-19,2026-07-26,,
0xb4cb40e3442c8b4a3462ae3ec9b4e430606cf0ba,bsc,惯犯庄家（SIREN案·离场庄#1·核心链）,serial-actor,identity,serial-offenders,2026-07-26,SIREN分析2026-07-19 appendix whale_group「离场庄#1·核心链」,serial-offender,,,2026-07-19,2026-07-26,,
0xb57a00f0c46585db22926c365b849ec7699f6a45,bsc,惯犯庄家（SIREN案·离场庄#1·核心链）,serial-actor,identity,serial-offenders,2026-07-26,SIREN分析2026-07-19 appendix whale_group「离场庄#1·核心链」,serial-offender,,,2026-07-19,2026-07-26,,
0xb586d04fca1e5b6e40520dcfec68a205fa75f9f1,bsc,惯犯庄家（B案·小庄#1）,serial-actor,identity,serial-offenders,2026-07-26,BUILD分析 appendix whale_group「小庄#1」,serial-offender,,,2026-07-25,2026-07-26,,
0xb5c333993fcfa23e3cd3c69dea2b11ca05197664,bsc,惯犯庄家（SIREN案·离场庄#1·核心链）,serial-actor,identity,serial-offenders,2026-07-26,SIREN分析2026-07-19 appendix whale_group「离场庄#1·核心链」,serial-offender,,,2026-07-19,2026-07-26,,
0xb640b9c06c74bdec568403d8957c53982b06ea5c,bsc,惯犯庄家（B案·小庄#1）,serial-actor,identity,serial-offenders,2026-07-26,BUILD分析 appendix whale_group「小庄#1」,serial-offender,,,2026-07-25,2026-07-26,,
0xb67880225231ddcf5bcaa5495ac1534135018c98,bsc,惯犯庄家（BANANAS31案·小庄S·Bitget库存循环体系）,serial-actor,identity,serial-offenders,2026-07-26,BANANAS31分析 appendix whale_group「小庄S·Bitget库存循环体系」,serial-offender,,,2026-07-22,2026-07-26,,
0xb69973128cc7d6a77a8a7de2742d72788bf895c8,bsc,惯犯庄家（SIREN案·离场庄#1·核心链）,serial-actor,identity,serial-offenders,2026-07-26,SIREN分析2026-07-19 appendix whale_group「离场庄#1·核心链」,serial-offender,,,2026-07-19,2026-07-26,,
0xb6bf0e726809897f9de29254b2a0d4dde0a515c9,bsc,惯犯庄家（B案·小庄#1）,serial-actor,identity,serial-offenders,2026-07-26,BUILD分析 appendix whale_group「小庄#1」,serial-offender,,,2026-07-25,2026-07-26,,
0xb6ebf77096cd23becc35342fb5ac98b7c11d4fab,bsc,惯犯庄家（BANANAS31案·小庄S·Bitget库存循环体系）,serial-actor,identity,serial-offenders,2026-07-26,BANANAS31分析 appendix whale_group「小庄S·Bitget库存循环体系」,serial-offender,,,2026-07-22,2026-07-26,,
0xb6ee150c5d9d85af866757e7f2dcfd26e586e6db,bsc,惯犯庄家（SIREN案·离场庄#1·核心链）,serial-actor,identity,serial-offenders,2026-07-26,SIREN分析2026-07-19 appendix whale_group「离场庄#1·核心链」,serial-offender,,,2026-07-19,2026-07-26,,
0xb72297fbebec53c709fdab13eb08c9f416697a39,bsc,惯犯庄家（B案·小庄#1）,serial-actor,identity,serial-offenders,2026-07-26,BUILD分析 appendix whale_group「小庄#1」,serial-offender,,,2026-07-25,2026-07-26,,
0xb7365273bbf818f1d2188310b6038512ed7310ce,bsc,惯犯庄家（SIREN案·离场庄#1·扩展与静置仓网）,serial-actor,identity,serial-offenders,2026-07-26,SIREN分析2026-07-19 appendix whale_group「离场庄#1·扩展与静置仓网」,serial-offender,,,2026-07-19,2026-07-26,,
0xb74e0949caea9ad79bba2b7459ea5350abd82aff,bsc,惯犯庄家（SIREN案·离场庄#1·核心链）,serial-actor,identity,serial-offenders,2026-07-26,SIREN分析2026-07-19 appendix whale_group「离场庄#1·核心链」,serial-offender,,,2026-07-19,2026-07-26,,
0xb7546896f5471103a0ae99c99b2b4d775b2cb2d5,bsc,惯犯庄家（B案·小庄#1）,serial-actor,identity,serial-offenders,2026-07-26,BUILD分析 appendix whale_group「小庄#1」,serial-offender,,,2026-07-25,2026-07-26,,
0xb760cedc52198013392f45fc977e39a33d6ac99d,bsc,惯犯庄家（SIREN案·离场庄#1·核心链）,serial-actor,identity,serial-offenders,2026-07-26,SIREN分析2026-07-19 appendix whale_group「离场庄#1·核心链」,serial-offender,,,2026-07-19,2026-07-26,,
0xb77d67fb13a6e8e82d5432bfe3f0efff75517712,bsc,"惯犯庄家（BANANAS31案·狙击集团(已离场,残尾仓)）",serial-actor,identity,serial-offenders,2026-07-26,"BANANAS31分析 appendix whale_group「狙击集团(已离场,残尾仓)」",serial-offender,,,2026-07-22,2026-07-26,,
0xb782d29c3f2656c69b31be379b0c1dab91a5bf07,bsc,惯犯庄家（SIREN案·离场庄#1·核心链）,serial-actor,identity,serial-offenders,2026-07-26,SIREN分析2026-07-19 appendix whale_group「离场庄#1·核心链」,serial-offender,,,2026-07-19,2026-07-26,,
0xb7a9a7e2f9c45d0625eede09fd71d842071f168a,bsc,惯犯庄家（B案·小庄#1）,serial-actor,identity,serial-offenders,2026-07-26,BUILD分析 appendix whale_group「小庄#1」,serial-offender,,,2026-07-25,2026-07-26,,
0xb7daf5a014b40e38123441f8cc387d1360fa54fa,bsc,惯犯庄家（B案·小庄#1）,serial-actor,identity,serial-offenders,2026-07-26,BUILD分析 appendix whale_group「小庄#1」,serial-offender,,,2026-07-25,2026-07-26,,
0xb87ac0862a3263ed9d31211f3d9b553474fba02b,bsc,惯犯庄家（SIREN案·离场庄#1·核心链）,serial-actor,identity,serial-offenders,2026-07-26,SIREN分析2026-07-19 appendix whale_group「离场庄#1·核心链」,serial-offender,,,2026-07-19,2026-07-26,,
0xb8a997812511bc7e71ff698a3f3b532a7092ea39,bsc,惯犯庄家（B案·小庄#1）,serial-actor,identity,serial-offenders,2026-07-26,BUILD分析 appendix whale_group「小庄#1」,serial-offender,,,2026-07-25,2026-07-26,,
0xb8fe9c646ca794f507a5cc75fb90b3b0a87d391d,bsc,惯犯庄家（B案·小庄#1）,serial-actor,identity,serial-offenders,2026-07-26,BUILD分析 appendix whale_group「小庄#1」,serial-offender,,,2026-07-25,2026-07-26,,
0xb985a0718bfe407e8c82a2ccec02bdc5a084f9ea,bsc,惯犯庄家（B案·小庄#1）,serial-actor,identity,serial-offenders,2026-07-26,BUILD分析 appendix whale_group「小庄#1」,serial-offender,,,2026-07-25,2026-07-26,,
0xb9b305455a992b6e623dd5078c94f36f94a27ad8,bsc,惯犯庄家（B案·小庄#1）,serial-actor,identity,serial-offenders,2026-07-26,BUILD分析 appendix whale_group「小庄#1」,serial-offender,,,2026-07-25,2026-07-26,,
0xb9e670dd4a44185756b75a9daec868ebd8ac11b9,bsc,惯犯庄家（B案·小庄#1）,serial-actor,identity,serial-offenders,2026-07-26,BUILD分析 appendix whale_group「小庄#1」,serial-offender,,,2026-07-25,2026-07-26,,
0xba11d0b193719d9cca671b9167ed13b518b7de4b,bsc,惯犯庄家（B案·小庄#1）,serial-actor,identity,serial-offenders,2026-07-26,BUILD分析 appendix whale_group「小庄#1」,serial-offender,,,2026-07-25,2026-07-26,,
0xba493d723584cf74938c030578b5dff68b0e6152,bsc,惯犯庄家（SIREN案·离场庄#1·核心链）,serial-actor,identity,serial-offenders,2026-07-26,SIREN分析2026-07-19 appendix whale_group「离场庄#1·核心链」,serial-offender,,,2026-07-19,2026-07-26,,
0xba5985dd65e4a02d4499417df9b91fd58d85e6b2,bsc,惯犯庄家（SIREN案·离场庄#1·核心链）,serial-actor,identity,serial-offenders,2026-07-26,SIREN分析2026-07-19 appendix whale_group「离场庄#1·核心链」,serial-offender,,,2026-07-19,2026-07-26,,
0xba79e255b87f298b9439c82e85b7b591060a3f82,bsc,惯犯庄家（SIREN案·离场庄#1·核心链）,serial-actor,identity,serial-offenders,2026-07-26,SIREN分析2026-07-19 appendix whale_group「离场庄#1·核心链」,serial-offender,,,2026-07-19,2026-07-26,,
0xbaa914354a0f8befdf5675f1c4ba42048c5077b5,bsc,惯犯庄家（SIREN案·离场庄#1·核心链）,serial-actor,identity,serial-offenders,2026-07-26,SIREN分析2026-07-19 appendix whale_group「离场庄#1·核心链」,serial-offender,,,2026-07-19,2026-07-26,,
0xbaa97f54f2a600ea0a21e0bb195ba5add038059d,bsc,惯犯庄家（B案·小庄#1）,serial-actor,identity,serial-offenders,2026-07-26,BUILD分析 appendix whale_group「小庄#1」,serial-offender,,,2026-07-25,2026-07-26,,
0xbaf2cfe7d6e6778c3f97eca1366a7f934d76de5a,bsc,惯犯庄家（SIREN案·离场庄#1·核心链）,serial-actor,identity,serial-offenders,2026-07-26,SIREN分析2026-07-19 appendix whale_group「离场庄#1·核心链」,serial-offender,,,2026-07-19,2026-07-26,,
0xbafd282cdcb1aa767451e8a4a7639700e7a54b27,bsc,惯犯庄家（B案·小庄#1）,serial-actor,identity,serial-offenders,2026-07-26,BUILD分析 appendix whale_group「小庄#1」,serial-offender,,,2026-07-25,2026-07-26,,
0xbb010a9e54e7d31a006b2db9a682d061d0c804d3,bsc,惯犯庄家（SIREN案·离场庄#1·核心链）,serial-actor,identity,serial-offenders,2026-07-26,SIREN分析2026-07-19 appendix whale_group「离场庄#1·核心链」,serial-offender,,,2026-07-19,2026-07-26,,
0xbb1c838d42100964b0ff7f1f4b4e97dca5d319ff,bsc,惯犯庄家（SIREN案·离场庄#1·核心链）,serial-actor,identity,serial-offenders,2026-07-26,SIREN分析2026-07-19 appendix whale_group「离场庄#1·核心链」,serial-offender,,,2026-07-19,2026-07-26,,
0xbb205634d23540bff342e2f940c89d099396116a,bsc,惯犯庄家（SIREN案·离场庄#1·扩展与静置仓网）,serial-actor,identity,serial-offenders,2026-07-26,SIREN分析2026-07-19 appendix whale_group「离场庄#1·扩展与静置仓网」,serial-offender,,,2026-07-19,2026-07-26,,
0xbb8c81edbe7da2b160ed70a05f09b212ea762272,bsc,惯犯庄家（SIREN案·离场庄#1·核心链）,serial-actor,identity,serial-offenders,2026-07-26,SIREN分析2026-07-19 appendix whale_group「离场庄#1·核心链」,serial-offender,,,2026-07-19,2026-07-26,,
0xbc024d98629fcdbbad292ee3a39021e99a9a9aa8,bsc,惯犯庄家（B案·小庄#1）,serial-actor,identity,serial-offenders,2026-07-26,BUILD分析 appendix whale_group「小庄#1」,serial-offender,,,2026-07-25,2026-07-26,,
0xbc0db72805d0bea2a9ab014f809e8059f936b782,bsc,惯犯庄家（SIREN案·离场庄#1·核心链）,serial-actor,identity,serial-offenders,2026-07-26,SIREN分析2026-07-19 appendix whale_group「离场庄#1·核心链」,serial-offender,,,2026-07-19,2026-07-26,,
0xbc57a359491f077aa178b8dc168fef236f8b0622,bsc,惯犯庄家（SIREN案·离场庄#1·核心链）,serial-actor,identity,serial-offenders,2026-07-26,SIREN分析2026-07-19 appendix whale_group「离场庄#1·核心链」,serial-offender,,,2026-07-19,2026-07-26,,
0xbca99084a3207c09a0e24423b95a83ef9ccc156d,bsc,惯犯庄家（SIREN案·离场庄#1·核心链）,serial-actor,identity,serial-offenders,2026-07-26,SIREN分析2026-07-19 appendix whale_group「离场庄#1·核心链」,serial-offender,,,2026-07-19,2026-07-26,,
0xbcd0325075f6808957b8ecda3ca4d671a44d5291,bsc,惯犯庄家（B案·小庄#1）,serial-actor,identity,serial-offenders,2026-07-26,BUILD分析 appendix whale_group「小庄#1」,serial-offender,,,2026-07-25,2026-07-26,,
0xbcece75854e41006fa4b827f7eefdc16b0ba1da1,bsc,惯犯庄家（SIREN案·离场庄#1·核心链）,serial-actor,identity,serial-offenders,2026-07-26,SIREN分析2026-07-19 appendix whale_group「离场庄#1·核心链」,serial-offender,,,2026-07-19,2026-07-26,,
0xbced14177a41eda64718cfa75c9f0e1d76acfab3,bsc,惯犯庄家（SIREN案·离场庄#1·核心链）,serial-actor,identity,serial-offenders,2026-07-26,SIREN分析2026-07-19 appendix whale_group「离场庄#1·核心链」,serial-offender,,,2026-07-19,2026-07-26,,
0xbcf2e8ff3a44bf674434a3546247b728eb5979fb,bsc,惯犯庄家（SIREN案·离场庄#1·核心链）,serial-actor,identity,serial-offenders,2026-07-26,SIREN分析2026-07-19 appendix whale_group「离场庄#1·核心链」,serial-offender,,,2026-07-19,2026-07-26,,
0xbcf72aa50557a9e962f68377e275091cb964a474,bsc,惯犯庄家（SIREN案·离场庄#1·核心链）,serial-actor,identity,serial-offenders,2026-07-26,SIREN分析2026-07-19 appendix whale_group「离场庄#1·核心链」,serial-offender,,,2026-07-19,2026-07-26,,
0xbcf7e43529037c08bf40e1b19ca8af2141b9eb10,bsc,惯犯庄家（SIREN案·离场庄#1·核心链）,serial-actor,identity,serial-offenders,2026-07-26,SIREN分析2026-07-19 appendix whale_group「离场庄#1·核心链」,serial-offender,,,2026-07-19,2026-07-26,,
0xbd20036d6a2c0564eb37816009ee14f22d975635,bsc,惯犯庄家（SIREN案·离场庄#1·核心链）,serial-actor,identity,serial-offenders,2026-07-26,SIREN分析2026-07-19 appendix whale_group「离场庄#1·核心链」,serial-offender,,,2026-07-19,2026-07-26,,
0xbd7576656071d653c4c2b89b30480a735ca7de5b,bsc,惯犯庄家（B案·小庄#1）,serial-actor,identity,serial-offenders,2026-07-26,BUILD分析 appendix whale_group「小庄#1」,serial-offender,,,2026-07-25,2026-07-26,,
0xbd78eecacb7aa02971358d4e4626bbf21d3eca02,bsc,惯犯庄家（SIREN案·离场庄#1·核心链）,serial-actor,identity,serial-offenders,2026-07-26,SIREN分析2026-07-19 appendix whale_group「离场庄#1·核心链」,serial-offender,,,2026-07-19,2026-07-26,,
0xbd7ccdc2dc2e42cf87eac66c51b81b6867c7b072,bsc,惯犯庄家（哈基米案·项目方(dev工作室)）,serial-actor,identity,serial-offenders,2026-07-26,哈基米分析 appendix whale_group「项目方(dev工作室)」,serial-offender,,,2026-07-18,2026-07-26,,
0xbd8a87a2fb63de76dee9ca1df83303acc5ea980f,bsc,惯犯庄家（SIREN案·离场庄#1·核心链）,serial-actor,identity,serial-offenders,2026-07-26,SIREN分析2026-07-19 appendix whale_group「离场庄#1·核心链」,serial-offender,,,2026-07-19,2026-07-26,,
0xbd9ed67481648ab18d89931f8fc5919a2d9af63e,bsc,惯犯庄家（B案·小庄#1）,serial-actor,identity,serial-offenders,2026-07-26,BUILD分析 appendix whale_group「小庄#1」,serial-offender,,,2026-07-25,2026-07-26,,
0xbdb223161eb3d1c6e2dbde429f85d7461f0b8d1d,bsc,惯犯庄家（SIREN案·离场庄#1·核心链）,serial-actor,identity,serial-offenders,2026-07-26,SIREN分析2026-07-19 appendix whale_group「离场庄#1·核心链」,serial-offender,,,2026-07-19,2026-07-26,,
0xbe2613eb0df7318bfa4a5f005b2530cf70f211af,bsc,惯犯庄家（B案·小庄#1）,serial-actor,identity,serial-offenders,2026-07-26,BUILD分析 appendix whale_group「小庄#1」,serial-offender,,,2026-07-25,2026-07-26,,
0xbe2954eb86a241dde16192d72fd1296651bc7188,bsc,惯犯庄家（SIREN案·离场庄#1·核心链）,serial-actor,identity,serial-offenders,2026-07-26,SIREN分析2026-07-19 appendix whale_group「离场庄#1·核心链」,serial-offender,,,2026-07-19,2026-07-26,,
0xbe3f1f809997f164abca7c16559c14779b57acfb,bsc,惯犯庄家（SIREN案·离场庄#1·扩展与静置仓网）,serial-actor,identity,serial-offenders,2026-07-26,SIREN分析2026-07-19 appendix whale_group「离场庄#1·扩展与静置仓网」,serial-offender,,,2026-07-19,2026-07-26,,
0xbe5a22eb362a1f0fed4fb46883ada3332c02d195,bsc,惯犯庄家（SIREN案·离场庄#1·核心链）,serial-actor,identity,serial-offenders,2026-07-26,SIREN分析2026-07-19 appendix whale_group「离场庄#1·核心链」,serial-offender,,,2026-07-19,2026-07-26,,
0xbe95c1610b908996b2ca18e4da111052c04415a5,bsc,惯犯庄家（B案·小庄#1）,serial-actor,identity,serial-offenders,2026-07-26,BUILD分析 appendix whale_group「小庄#1」,serial-offender,,,2026-07-25,2026-07-26,,
0xbeab0c10773c2e3f52ffdafc57403db70dee289e,bsc,惯犯庄家（SIREN案·离场庄#1·核心链）,serial-actor,identity,serial-offenders,2026-07-26,SIREN分析2026-07-19 appendix whale_group「离场庄#1·核心链」,serial-offender,,,2026-07-19,2026-07-26,,
0xbee9be77dcee03cde17669dd72293bbe5472c379,bsc,惯犯庄家（SIREN案·离场庄#1·核心链）,serial-actor,identity,serial-offenders,2026-07-26,SIREN分析2026-07-19 appendix whale_group「离场庄#1·核心链」,serial-offender,,,2026-07-19,2026-07-26,,
0xbef0ae16e1ccf80149b7995bbc942827cf1f2e59,bsc,惯犯庄家（SIREN案·离场庄#1·核心链）,serial-actor,identity,serial-offenders,2026-07-26,SIREN分析2026-07-19 appendix whale_group「离场庄#1·核心链」,serial-offender,,,2026-07-19,2026-07-26,,
0xbf2e25a64d9011ce6e659c1f9739ee231b0c19af,bsc,惯犯庄家（SIREN案·离场庄#1·核心链）,serial-actor,identity,serial-offenders,2026-07-26,SIREN分析2026-07-19 appendix whale_group「离场庄#1·核心链」,serial-offender,,,2026-07-19,2026-07-26,,
0xbf3a64112a0d65bb4bb00ba66b99cedaae3b48ad,bsc,惯犯庄家（SIREN案·离场庄#1·核心链）,serial-actor,identity,serial-offenders,2026-07-26,SIREN分析2026-07-19 appendix whale_group「离场庄#1·核心链」,serial-offender,,,2026-07-19,2026-07-26,,
0xbf459c4dd83d40c227c184ba9448784907134729,bsc,惯犯庄家（B案·小庄#1）,serial-actor,identity,serial-offenders,2026-07-26,BUILD分析 appendix whale_group「小庄#1」,serial-offender,,,2026-07-25,2026-07-26,,
0xbf670cf6212ea407eb566c56cdd313c2a331acba,bsc,惯犯庄家（B案·小庄#1）,serial-actor,identity,serial-offenders,2026-07-26,BUILD分析 appendix whale_group「小庄#1」,serial-offender,,,2026-07-25,2026-07-26,,
0xbf7b03796a743635692b7e41b69a86b92867ebce,bsc,惯犯庄家（SIREN案·离场庄#1·核心链）,serial-actor,identity,serial-offenders,2026-07-26,SIREN分析2026-07-19 appendix whale_group「离场庄#1·核心链」,serial-offender,,,2026-07-19,2026-07-26,,
0xbf9552dc0a979fbe21ced574530f25d2285411d6,bsc,惯犯庄家（SIREN案·离场庄#1·核心链）,serial-actor,identity,serial-offenders,2026-07-26,SIREN分析2026-07-19 appendix whale_group「离场庄#1·核心链」,serial-offender,,,2026-07-19,2026-07-26,,
0xbfad96fd0dc543d661a26e60e9540c20b1ac2507,bsc,惯犯庄家（SIREN案·离场庄#1·核心链）,serial-actor,identity,serial-offenders,2026-07-26,SIREN分析2026-07-19 appendix whale_group「离场庄#1·核心链」,serial-offender,,,2026-07-19,2026-07-26,,
0xbffffef9e6a451a4e616dd6022af3a34b1eddbbe,bsc,惯犯庄家（B案·小庄#1）,serial-actor,identity,serial-offenders,2026-07-26,BUILD分析 appendix whale_group「小庄#1」,serial-offender,,,2026-07-25,2026-07-26,,
0xc00690c6c40c9bcd6a1a2e913428358a209d8b30,bsc,惯犯庄家（B案·小庄#1）,serial-actor,identity,serial-offenders,2026-07-26,BUILD分析 appendix whale_group「小庄#1」,serial-offender,,,2026-07-25,2026-07-26,,
0xc017401fbed1e059094cf7236622cc1d4149b798,bsc,惯犯庄家（SIREN案·离场庄#1·核心链）,serial-actor,identity,serial-offenders,2026-07-26,SIREN分析2026-07-19 appendix whale_group「离场庄#1·核心链」,serial-offender,,,2026-07-19,2026-07-26,,
0xc01cb6dcb4a93e8f5cb95ab244754e0afcf378fa,bsc,惯犯庄家（SIREN案·离场庄#1·核心链）,serial-actor,identity,serial-offenders,2026-07-26,SIREN分析2026-07-19 appendix whale_group「离场庄#1·核心链」,serial-offender,,,2026-07-19,2026-07-26,,
0xc026ee38f35f8f7730d610e53442196a7f0f89b5,bsc,惯犯庄家（SIREN案·离场庄#1·核心链）,serial-actor,identity,serial-offenders,2026-07-26,SIREN分析2026-07-19 appendix whale_group「离场庄#1·核心链」,serial-offender,,,2026-07-19,2026-07-26,,
0xc063cc3ec262df758cb92016bde7db3bd30d7ce0,bsc,惯犯庄家（SIREN案·离场庄#1·核心链）,serial-actor,identity,serial-offenders,2026-07-26,SIREN分析2026-07-19 appendix whale_group「离场庄#1·核心链」,serial-offender,,,2026-07-19,2026-07-26,,
0xc06e0e83b6937b9a2e02f1bb98031a75d37db12f,bsc,"惯犯庄家（BANANAS31案·狙击集团(已离场,残尾仓)）",serial-actor,identity,serial-offenders,2026-07-26,"BANANAS31分析 appendix whale_group「狙击集团(已离场,残尾仓)」",serial-offender,,,2026-07-22,2026-07-26,,
0xc08679146113b05806959225bc1cd0dcc6b8f2f6,bsc,惯犯庄家（SIREN案·离场庄#1·核心链）,serial-actor,identity,serial-offenders,2026-07-26,SIREN分析2026-07-19 appendix whale_group「离场庄#1·核心链」,serial-offender,,,2026-07-19,2026-07-26,,
0xc0b6d80e0a99bb36e7e2f6ebfd864891f6721d0d,bsc,惯犯庄家（B案·小庄#1）,serial-actor,identity,serial-offenders,2026-07-26,BUILD分析 appendix whale_group「小庄#1」,serial-offender,,,2026-07-25,2026-07-26,,
0xc0e78e834dc34199ec049822edd754cee5d65ba1,bsc,惯犯庄家（SIREN案·离场庄#1·核心链）,serial-actor,identity,serial-offenders,2026-07-26,SIREN分析2026-07-19 appendix whale_group「离场庄#1·核心链」,serial-offender,,,2026-07-19,2026-07-26,,
0xc13f0c4bce01fa521825e21f0e951cf8eac01d18,bsc,惯犯庄家（B案·小庄#1）,serial-actor,identity,serial-offenders,2026-07-26,BUILD分析 appendix whale_group「小庄#1」,serial-offender,,,2026-07-25,2026-07-26,,
0xc16afee59afd19f23c712bc03db68c272434029d,bsc,惯犯庄家（BANANAS31案·小庄S·Bitget库存循环体系）,serial-actor,identity,serial-offenders,2026-07-26,BANANAS31分析 appendix whale_group「小庄S·Bitget库存循环体系」,serial-offender,,,2026-07-22,2026-07-26,,
0xc17061053780eab41585b99c973e67bb5804ed67,bsc,惯犯庄家（SIREN案·离场庄#1·核心链）,serial-actor,identity,serial-offenders,2026-07-26,SIREN分析2026-07-19 appendix whale_group「离场庄#1·核心链」,serial-offender,,,2026-07-19,2026-07-26,,
0xc19637e293b3e93e85c1ad234380edd7f37441d9,bsc,惯犯庄家（B案·小庄#1）,serial-actor,identity,serial-offenders,2026-07-26,BUILD分析 appendix whale_group「小庄#1」,serial-offender,,,2026-07-25,2026-07-26,,
0xc1de97d1ed9751ab8d77b8e4f369cd432b6d382d,bsc,惯犯庄家（BANANAS31案·小庄S·Bitget库存循环体系）,serial-actor,identity,serial-offenders,2026-07-26,BANANAS31分析 appendix whale_group「小庄S·Bitget库存循环体系」,serial-offender,,,2026-07-22,2026-07-26,,
0xc2af0e29e4682fbbf8623c3215c40fba8a05b96d,bsc,惯犯庄家（B案·小庄#1）,serial-actor,identity,serial-offenders,2026-07-26,BUILD分析 appendix whale_group「小庄#1」,serial-offender,,,2026-07-25,2026-07-26,,
0xc2b08f904ad9853e333bcc35c3a6ffd4ff0f985b,bsc,惯犯庄家（SIREN案·离场庄#1·核心链）,serial-actor,identity,serial-offenders,2026-07-26,SIREN分析2026-07-19 appendix whale_group「离场庄#1·核心链」,serial-offender,,,2026-07-19,2026-07-26,,
0xc2c1522b04a52172524fb360c10887981872065a,bsc,惯犯庄家（SIREN案·离场庄#1·核心链）,serial-actor,identity,serial-offenders,2026-07-26,SIREN分析2026-07-19 appendix whale_group「离场庄#1·核心链」,serial-offender,,,2026-07-19,2026-07-26,,
0xc2e98d2f2b5dfda314cddad7a0d92bd1d7d07975,bsc,惯犯庄家（SIREN案·离场庄#1·核心链）,serial-actor,identity,serial-offenders,2026-07-26,SIREN分析2026-07-19 appendix whale_group「离场庄#1·核心链」,serial-offender,,,2026-07-19,2026-07-26,,
0xc2f0ba3333ab2dd819eed12bf7d43672328f292b,bsc,惯犯庄家（B案·小庄#1）,serial-actor,identity,serial-offenders,2026-07-26,BUILD分析 appendix whale_group「小庄#1」,serial-offender,,,2026-07-25,2026-07-26,,
0xc31b95ff420841ba653b35326941497d1461cb5e,bsc,惯犯庄家（SIREN案·离场庄#1·核心链）,serial-actor,identity,serial-offenders,2026-07-26,SIREN分析2026-07-19 appendix whale_group「离场庄#1·核心链」,serial-offender,,,2026-07-19,2026-07-26,,
0xc35ed174f4f101e421010561385de5c0e83c12f5,bsc,惯犯庄家（B案·小庄#1）,serial-actor,identity,serial-offenders,2026-07-26,BUILD分析 appendix whale_group「小庄#1」,serial-offender,,,2026-07-25,2026-07-26,,
0xc3b4b7f3d85a810ca10ae6e3e79ed20516857ab5,bsc,惯犯庄家（SIREN案·离场庄#1·核心链）,serial-actor,identity,serial-offenders,2026-07-26,SIREN分析2026-07-19 appendix whale_group「离场庄#1·核心链」,serial-offender,,,2026-07-19,2026-07-26,,
0xc3c0550bb46b3d2d27014a3d1be34ce1ccdf565a,bsc,惯犯庄家（B案·小庄#1）,serial-actor,identity,serial-offenders,2026-07-26,BUILD分析 appendix whale_group「小庄#1」,serial-offender,,,2026-07-25,2026-07-26,,
0xc3cb44738b48a2eabf4824abfe8b113188810e57,bsc,惯犯庄家（SIREN案·离场庄#1·核心链）,serial-actor,identity,serial-offenders,2026-07-26,SIREN分析2026-07-19 appendix whale_group「离场庄#1·核心链」,serial-offender,,,2026-07-19,2026-07-26,,
0xc4160b6e6ca0bd5c90f113516aca906936d29de2,bsc,惯犯庄家（BANANAS31案·小庄S·Bitget库存循环体系）,serial-actor,identity,serial-offenders,2026-07-26,BANANAS31分析 appendix whale_group「小庄S·Bitget库存循环体系」,serial-offender,,,2026-07-22,2026-07-26,,
0xc42b51a6eb5c365b4ec2b0288db1677bc0758805,bsc,惯犯庄家（SIREN案·离场庄#1·核心链）,serial-actor,identity,serial-offenders,2026-07-26,SIREN分析2026-07-19 appendix whale_group「离场庄#1·核心链」,serial-offender,,,2026-07-19,2026-07-26,,
0xc47367c3f5f0f1a5f72c8e92a526a43ea1458e91,bsc,惯犯庄家（SIREN案·离场庄#1·核心链）,serial-actor,identity,serial-offenders,2026-07-26,SIREN分析2026-07-19 appendix whale_group「离场庄#1·核心链」,serial-offender,,,2026-07-19,2026-07-26,,
0xc4abfb521009962ebcf186edc11748308a963fc7,bsc,惯犯庄家（B案·小庄#1）,serial-actor,identity,serial-offenders,2026-07-26,BUILD分析 appendix whale_group「小庄#1」,serial-offender,,,2026-07-25,2026-07-26,,
0xc4d9817d72468178998e0d90f0ec4859a97ddab9,bsc,惯犯庄家（SIREN案·离场庄#1·核心链）,serial-actor,identity,serial-offenders,2026-07-26,SIREN分析2026-07-19 appendix whale_group「离场庄#1·核心链」,serial-offender,,,2026-07-19,2026-07-26,,
0xc4fdf8e39571805b784e9a09db4e5e4c2b6e7c52,bsc,惯犯庄家（B案·小庄#1）,serial-actor,identity,serial-offenders,2026-07-26,BUILD分析 appendix whale_group「小庄#1」,serial-offender,,,2026-07-25,2026-07-26,,
0xc50e9a9c3029bd8d6d7394e92f7881f3ff40c784,bsc,惯犯庄家（SIREN案·离场庄#1·核心链）,serial-actor,identity,serial-offenders,2026-07-26,SIREN分析2026-07-19 appendix whale_group「离场庄#1·核心链」,serial-offender,,,2026-07-19,2026-07-26,,
0xc50fe0dcca7b98abddee1b97ce396634e45a1d0b,bsc,惯犯庄家（B案·小庄#1）,serial-actor,identity,serial-offenders,2026-07-26,BUILD分析 appendix whale_group「小庄#1」,serial-offender,,,2026-07-25,2026-07-26,,
0xc5749863d04ae3790b63b85c5b96bb3e86c2dde9,bsc,惯犯庄家（SIREN案·离场庄#1·核心链）,serial-actor,identity,serial-offenders,2026-07-26,SIREN分析2026-07-19 appendix whale_group「离场庄#1·核心链」,serial-offender,,,2026-07-19,2026-07-26,,
0xc5ba97ffa8a5a8607ea49e80a86b8d7e119802a4,bsc,惯犯庄家（B案·小庄#1）,serial-actor,identity,serial-offenders,2026-07-26,BUILD分析 appendix whale_group「小庄#1」,serial-offender,,,2026-07-25,2026-07-26,,
0xc5bbdddbe4e8ed16cc2a1f396be5551d806fc0b8,bsc,惯犯庄家（B案·小庄#1）,serial-actor,identity,serial-offenders,2026-07-26,BUILD分析 appendix whale_group「小庄#1」,serial-offender,,,2026-07-25,2026-07-26,,
0xc61c082e90c717e32b3fa0c74479e294a2006563,bsc,惯犯庄家（SIREN案·离场庄#1·核心链）,serial-actor,identity,serial-offenders,2026-07-26,SIREN分析2026-07-19 appendix whale_group「离场庄#1·核心链」,serial-offender,,,2026-07-19,2026-07-26,,
0xc63f4e6caab6bd5e48f62288c86f14c8cc111df3,bsc,惯犯庄家（B案·小庄#1）,serial-actor,identity,serial-offenders,2026-07-26,BUILD分析 appendix whale_group「小庄#1」,serial-offender,,,2026-07-25,2026-07-26,,
0xc6593a5865aab0e858be4aed72c69c2e2214c8c4,bsc,惯犯庄家（SIREN案·离场庄#1·核心链）,serial-actor,identity,serial-offenders,2026-07-26,SIREN分析2026-07-19 appendix whale_group「离场庄#1·核心链」,serial-offender,,,2026-07-19,2026-07-26,,
0xc6731b0e7cb62ccb0beb8d5cad10ab6c4adda0be,bsc,惯犯庄家（B案·小庄#1）,serial-actor,identity,serial-offenders,2026-07-26,BUILD分析 appendix whale_group「小庄#1」,serial-offender,,,2026-07-25,2026-07-26,,
0xc67eab6138222c87d620bd7cbc5658ea2a321cb2,bsc,惯犯庄家（B案·小庄#1）,serial-actor,identity,serial-offenders,2026-07-26,BUILD分析 appendix whale_group「小庄#1」,serial-offender,,,2026-07-25,2026-07-26,,
0xc69408ca636c46bc665d9d4f971df63fa5cc8d33,bsc,惯犯庄家（SIREN案·离场庄#1·核心链）,serial-actor,identity,serial-offenders,2026-07-26,SIREN分析2026-07-19 appendix whale_group「离场庄#1·核心链」,serial-offender,,,2026-07-19,2026-07-26,,
0xc6a2c6f2829fda7f789f4c9edb664a445d990cbe,bsc,惯犯庄家（SIREN案·离场庄#1·核心链）,serial-actor,identity,serial-offenders,2026-07-26,SIREN分析2026-07-19 appendix whale_group「离场庄#1·核心链」,serial-offender,,,2026-07-19,2026-07-26,,
0xc6cc51c6408217a42863dcc812e3878318a380a8,bsc,惯犯庄家（SIREN案·离场庄#1·核心链）,serial-actor,identity,serial-offenders,2026-07-26,SIREN分析2026-07-19 appendix whale_group「离场庄#1·核心链」,serial-offender,,,2026-07-19,2026-07-26,,
0xc73cd4b4f00a7b5073d44d321bc46bc031c3275c,bsc,惯犯庄家（SIREN案·离场庄#1·核心链）,serial-actor,identity,serial-offenders,2026-07-26,SIREN分析2026-07-19 appendix whale_group「离场庄#1·核心链」,serial-offender,,,2026-07-19,2026-07-26,,
0xc77634f0e3b9cb90fd95300c003370077ec3dd0e,bsc,惯犯庄家（SIREN案·离场庄#1·核心链）,serial-actor,identity,serial-offenders,2026-07-26,SIREN分析2026-07-19 appendix whale_group「离场庄#1·核心链」,serial-offender,,,2026-07-19,2026-07-26,,
0xc7868844a21217358297f7d2e8feffbc9c816ae3,bsc,惯犯庄家（SIREN案·离场庄#1·核心链）,serial-actor,identity,serial-offenders,2026-07-26,SIREN分析2026-07-19 appendix whale_group「离场庄#1·核心链」,serial-offender,,,2026-07-19,2026-07-26,,
0xc78e7281de03d0b8984554167583fca7b007ab43,bsc,惯犯庄家（SIREN案·离场庄#1·核心链）,serial-actor,identity,serial-offenders,2026-07-26,SIREN分析2026-07-19 appendix whale_group「离场庄#1·核心链」,serial-offender,,,2026-07-19,2026-07-26,,
0xc7c57beadaa339cb083d8cc545a4121f8616c76e,bsc,"惯犯庄家（BANANAS31案·狙击集团(已离场,残尾仓)）",serial-actor,identity,serial-offenders,2026-07-26,"BANANAS31分析 appendix whale_group「狙击集团(已离场,残尾仓)」",serial-offender,,,2026-07-22,2026-07-26,,
0xc7f112907974f3d1f5636bfc2e4a1ceb04c6aa49,bsc,惯犯庄家（B案·小庄#1）,serial-actor,identity,serial-offenders,2026-07-26,BUILD分析 appendix whale_group「小庄#1」,serial-offender,,,2026-07-25,2026-07-26,,
0xc7fdd944b749554644ce771edaf8c97834dc1b2c,bsc,惯犯庄家（SIREN案·离场庄#1·核心链）,serial-actor,identity,serial-offenders,2026-07-26,SIREN分析2026-07-19 appendix whale_group「离场庄#1·核心链」,serial-offender,,,2026-07-19,2026-07-26,,
0xc823c2ba12a997b8bfbd02c271a1fbae4e70e172,bsc,惯犯庄家（SIREN案·离场庄#1·核心链）,serial-actor,identity,serial-offenders,2026-07-26,SIREN分析2026-07-19 appendix whale_group「离场庄#1·核心链」,serial-offender,,,2026-07-19,2026-07-26,,
0xc82e1c21680130dce26b8a82c97e962a112aa078,bsc,惯犯庄家（SIREN案·离场庄#1·核心链）,serial-actor,identity,serial-offenders,2026-07-26,SIREN分析2026-07-19 appendix whale_group「离场庄#1·核心链」,serial-offender,,,2026-07-19,2026-07-26,,
0xc84832c1d195b1de3d48319b256aed0eb17c41b1,bsc,惯犯庄家（SIREN案·离场庄#1·核心链）,serial-actor,identity,serial-offenders,2026-07-26,SIREN分析2026-07-19 appendix whale_group「离场庄#1·核心链」,serial-offender,,,2026-07-19,2026-07-26,,
0xc84e2908d16452cc80e2596263f1e66fbb4ac3b0,bsc,惯犯庄家（B案·小庄#1）,serial-actor,identity,serial-offenders,2026-07-26,BUILD分析 appendix whale_group「小庄#1」,serial-offender,,,2026-07-25,2026-07-26,,
0xc85553e0e7e4b216ad50c5abe59e8f607a20d951,bsc,惯犯庄家（SIREN案·离场庄#1·核心链）,serial-actor,identity,serial-offenders,2026-07-26,SIREN分析2026-07-19 appendix whale_group「离场庄#1·核心链」,serial-offender,,,2026-07-19,2026-07-26,,
0xc85ae8b98a2325e3a7a209a577c15eb9cd583701,bsc,惯犯庄家（BANANAS31案·小庄S·Bitget库存循环体系）,serial-actor,identity,serial-offenders,2026-07-26,BANANAS31分析 appendix whale_group「小庄S·Bitget库存循环体系」,serial-offender,,,2026-07-22,2026-07-26,,
0xc884cc63971eb4df245b810afa47f0100094a2b2,bsc,惯犯庄家（B案·小庄#1）,serial-actor,identity,serial-offenders,2026-07-26,BUILD分析 appendix whale_group「小庄#1」,serial-offender,,,2026-07-25,2026-07-26,,
0xc888497961e0e043f343265ebf0d4184e38bcdd8,bsc,惯犯庄家（SIREN案·离场庄#1·核心链）,serial-actor,identity,serial-offenders,2026-07-26,SIREN分析2026-07-19 appendix whale_group「离场庄#1·核心链」,serial-offender,,,2026-07-19,2026-07-26,,
0xc89bf9471fea271b720a0f063b97bac2ad5aaf2d,bsc,惯犯庄家（SIREN案·离场庄#1·核心链）,serial-actor,identity,serial-offenders,2026-07-26,SIREN分析2026-07-19 appendix whale_group「离场庄#1·核心链」,serial-offender,,,2026-07-19,2026-07-26,,
0xc8da1184d498142a5630f1c64e45ca2bb6ee4b7a,bsc,惯犯庄家（SIREN案·离场庄#1·核心链）,serial-actor,identity,serial-offenders,2026-07-26,SIREN分析2026-07-19 appendix whale_group「离场庄#1·核心链」,serial-offender,,,2026-07-19,2026-07-26,,
0xc8e151798566eedc436b58e801f9125be87ff71c,bsc,惯犯庄家（SIREN案·离场庄#1·扩展与静置仓网）,serial-actor,identity,serial-offenders,2026-07-26,SIREN分析2026-07-19 appendix whale_group「离场庄#1·扩展与静置仓网」,serial-offender,,,2026-07-19,2026-07-26,,
0xc8fe075328e1b333988f5f5f8037ec863c1dfa06,bsc,惯犯庄家（BANANAS31案·小庄S·Bitget库存循环体系）,serial-actor,identity,serial-offenders,2026-07-26,BANANAS31分析 appendix whale_group「小庄S·Bitget库存循环体系」,serial-offender,,,2026-07-22,2026-07-26,,
0xc923160f478d83679e93d560cce14b1b1ed8f75b,bsc,惯犯庄家（B案·小庄#1）,serial-actor,identity,serial-offenders,2026-07-26,BUILD分析 appendix whale_group「小庄#1」,serial-offender,,,2026-07-25,2026-07-26,,
0xc926f77c117a59b23f944b745ac794b31c7b7b55,bsc,惯犯庄家（SIREN案·离场庄#1·核心链）,serial-actor,identity,serial-offenders,2026-07-26,SIREN分析2026-07-19 appendix whale_group「离场庄#1·核心链」,serial-offender,,,2026-07-19,2026-07-26,,
0xc92daa7f0eb1b1b4c99fbbf4c4eaf49d8fe03891,bsc,惯犯庄家（SIREN案·离场庄#1·核心链）,serial-actor,identity,serial-offenders,2026-07-26,SIREN分析2026-07-19 appendix whale_group「离场庄#1·核心链」,serial-offender,,,2026-07-19,2026-07-26,,
0xc9300020953c98b1d7360769cf84078b8c8a2c85,bsc,惯犯庄家（B案·小庄#1）,serial-actor,identity,serial-offenders,2026-07-26,BUILD分析 appendix whale_group「小庄#1」,serial-offender,,,2026-07-25,2026-07-26,,
0xc93c9b656526e26e142ec84c7e2343aa6f4c4000,bsc,惯犯庄家（SIREN案·离场庄#1·核心链）,serial-actor,identity,serial-offenders,2026-07-26,SIREN分析2026-07-19 appendix whale_group「离场庄#1·核心链」,serial-offender,,,2026-07-19,2026-07-26,,
0xc95513b8a4eb64bf8c42c525f1c6bc9b8d91ea87,bsc,惯犯庄家（SIREN案·离场庄#1·核心链）,serial-actor,identity,serial-offenders,2026-07-26,SIREN分析2026-07-19 appendix whale_group「离场庄#1·核心链」,serial-offender,,,2026-07-19,2026-07-26,,
0xc9617aa5251ad9a50de8254e14ce24ad6f4a7691,bsc,惯犯庄家（SIREN案·离场庄#1·核心链）,serial-actor,identity,serial-offenders,2026-07-26,SIREN分析2026-07-19 appendix whale_group「离场庄#1·核心链」,serial-offender,,,2026-07-19,2026-07-26,,
0xc9625d39d648bebf7f270e150d143ee1005388a0,bsc,惯犯庄家（SIREN案·离场庄#1·核心链）,serial-actor,identity,serial-offenders,2026-07-26,SIREN分析2026-07-19 appendix whale_group「离场庄#1·核心链」,serial-offender,,,2026-07-19,2026-07-26,,
0xc99851c7d0d7d596e69f75f6bf46f27710f4cc91,bsc,惯犯庄家（B案·小庄#1）,serial-actor,identity,serial-offenders,2026-07-26,BUILD分析 appendix whale_group「小庄#1」,serial-offender,,,2026-07-25,2026-07-26,,
0xc9e3dc07364936877f803d649513dc18aff90feb,bsc,惯犯庄家（SIREN案·离场庄#1·核心链）,serial-actor,identity,serial-offenders,2026-07-26,SIREN分析2026-07-19 appendix whale_group「离场庄#1·核心链」,serial-offender,,,2026-07-19,2026-07-26,,
0xca0b3cf5c517973580d0cf77457a8c09b73ac978,bsc,惯犯庄家（SIREN案·离场庄#1·核心链）,serial-actor,identity,serial-offenders,2026-07-26,SIREN分析2026-07-19 appendix whale_group「离场庄#1·核心链」,serial-offender,,,2026-07-19,2026-07-26,,
0xca254e56ec96812df3deacfafd84c49a33e14eb5,bsc,惯犯庄家（SIREN案·离场庄#1·核心链）,serial-actor,identity,serial-offenders,2026-07-26,SIREN分析2026-07-19 appendix whale_group「离场庄#1·核心链」,serial-offender,,,2026-07-19,2026-07-26,,
0xca7fd9c89622fdf4e9b796d7b313bba65eb59356,bsc,惯犯庄家（SIREN案·离场庄#1·核心链）,serial-actor,identity,serial-offenders,2026-07-26,SIREN分析2026-07-19 appendix whale_group「离场庄#1·核心链」,serial-offender,,,2026-07-19,2026-07-26,,
0xcaa95e22b29ad87777f21e75bc3cd231358f0d33,bsc,惯犯庄家（SIREN案·离场庄#1·核心链）,serial-actor,identity,serial-offenders,2026-07-26,SIREN分析2026-07-19 appendix whale_group「离场庄#1·核心链」,serial-offender,,,2026-07-19,2026-07-26,,
0xcaad5ce4bf4e5d1e107b35623a53ba623c6fda0a,bsc,惯犯庄家（SIREN案·离场庄#1·核心链）,serial-actor,identity,serial-offenders,2026-07-26,SIREN分析2026-07-19 appendix whale_group「离场庄#1·核心链」,serial-offender,,,2026-07-19,2026-07-26,,
0xcae214dcc97572152a667d7c9c06b39d7790efea,bsc,惯犯庄家（SIREN案·离场庄#1·扩展与静置仓网）,serial-actor,identity,serial-offenders,2026-07-26,SIREN分析2026-07-19 appendix whale_group「离场庄#1·扩展与静置仓网」,serial-offender,,,2026-07-19,2026-07-26,,
0xcaebc30bddb9a33f13527d55aa98fd6dd43f793e,bsc,惯犯庄家（SIREN案·离场庄#1·核心链）,serial-actor,identity,serial-offenders,2026-07-26,SIREN分析2026-07-19 appendix whale_group「离场庄#1·核心链」,serial-offender,,,2026-07-19,2026-07-26,,
0xcafe11ffb430d07ed30b25812da446e6edc8cd1b,bsc,惯犯庄家（SIREN案·离场庄#1·核心链）,serial-actor,identity,serial-offenders,2026-07-26,SIREN分析2026-07-19 appendix whale_group「离场庄#1·核心链」,serial-offender,,,2026-07-19,2026-07-26,,
0xcb17dcb294de27bdb45134482d47b4488a8dd49e,bsc,惯犯庄家（SIREN案·离场庄#1·核心链）,serial-actor,identity,serial-offenders,2026-07-26,SIREN分析2026-07-19 appendix whale_group「离场庄#1·核心链」,serial-offender,,,2026-07-19,2026-07-26,,
0xcb4babdffe06e599bc59c3f63e9f9dd4261b7142,bsc,惯犯庄家（SIREN案·离场庄#1·核心链）,serial-actor,identity,serial-offenders,2026-07-26,SIREN分析2026-07-19 appendix whale_group「离场庄#1·核心链」,serial-offender,,,2026-07-19,2026-07-26,,
0xcb56a0217b29b7bb7e9c9a08c8d30878d1279f18,bsc,惯犯庄家（B案·小庄#1）,serial-actor,identity,serial-offenders,2026-07-26,BUILD分析 appendix whale_group「小庄#1」,serial-offender,,,2026-07-25,2026-07-26,,
0xcb5c6d019a66ccce33be63f262337878662c2fba,bsc,惯犯庄家（B案·小庄#1）,serial-actor,identity,serial-offenders,2026-07-26,BUILD分析 appendix whale_group「小庄#1」,serial-offender,,,2026-07-25,2026-07-26,,
0xcb674d14d48c4d21947bae5f6a14b1c989be1c63,bsc,惯犯庄家（SIREN案·离场庄#1·核心链）,serial-actor,identity,serial-offenders,2026-07-26,SIREN分析2026-07-19 appendix whale_group「离场庄#1·核心链」,serial-offender,,,2026-07-19,2026-07-26,,
0xcb70420cab90584367dd6b0d20e28ddc156fb59e,bsc,惯犯庄家（SIREN案·离场庄#1·核心链）,serial-actor,identity,serial-offenders,2026-07-26,SIREN分析2026-07-19 appendix whale_group「离场庄#1·核心链」,serial-offender,,,2026-07-19,2026-07-26,,
0xcb8998bbfca114efe1ada107156d027f25c769b5,bsc,惯犯庄家（SIREN案·离场庄#1·核心链）,serial-actor,identity,serial-offenders,2026-07-26,SIREN分析2026-07-19 appendix whale_group「离场庄#1·核心链」,serial-offender,,,2026-07-19,2026-07-26,,
0xcb89a23a0e562dc536b5525dc230d9b68e5c695b,bsc,惯犯庄家（SIREN案·离场庄#1·核心链）,serial-actor,identity,serial-offenders,2026-07-26,SIREN分析2026-07-19 appendix whale_group「离场庄#1·核心链」,serial-offender,,,2026-07-19,2026-07-26,,
0xcbd79bf33e3a206e7246b1e8eed8eb65103cb23a,bsc,惯犯庄家（SIREN案·离场庄#1·核心链）,serial-actor,identity,serial-offenders,2026-07-26,SIREN分析2026-07-19 appendix whale_group「离场庄#1·核心链」,serial-offender,,,2026-07-19,2026-07-26,,
0xcc7aebf6ffff600a5e44263412ebb2c5266bc15f,bsc,惯犯庄家（SIREN案·离场庄#1·核心链）,serial-actor,identity,serial-offenders,2026-07-26,SIREN分析2026-07-19 appendix whale_group「离场庄#1·核心链」,serial-offender,,,2026-07-19,2026-07-26,,
0xccf4b3debb720d069bc9de4b55906e988e18696b,bsc,惯犯庄家（SIREN案·离场庄#1·核心链）,serial-actor,identity,serial-offenders,2026-07-26,SIREN分析2026-07-19 appendix whale_group「离场庄#1·核心链」,serial-offender,,,2026-07-19,2026-07-26,,
0xcd160cd8bf5a7a51df94d878ac56b2c64cd3db68,bsc,惯犯庄家（SIREN案·离场庄#1·核心链）,serial-actor,identity,serial-offenders,2026-07-26,SIREN分析2026-07-19 appendix whale_group「离场庄#1·核心链」,serial-offender,,,2026-07-19,2026-07-26,,
0xcd839d6ad2c8df78281bd576c0f47d49142dda34,bsc,惯犯庄家（SIREN案·离场庄#1·核心链）,serial-actor,identity,serial-offenders,2026-07-26,SIREN分析2026-07-19 appendix whale_group「离场庄#1·核心链」,serial-offender,,,2026-07-19,2026-07-26,,
0xcd989a7a37020366bf9052a85ad6325c178971d4,bsc,惯犯庄家（SIREN案·离场庄#1·扩展与静置仓网）,serial-actor,identity,serial-offenders,2026-07-26,SIREN分析2026-07-19 appendix whale_group「离场庄#1·扩展与静置仓网」,serial-offender,,,2026-07-19,2026-07-26,,
0xcdbfedb7a67eb733fc7dde8faa51be0adfea7b8f,bsc,惯犯庄家（B案·小庄#1）,serial-actor,identity,serial-offenders,2026-07-26,BUILD分析 appendix whale_group「小庄#1」,serial-offender,,,2026-07-25,2026-07-26,,
0xcdc439fe09c7b225e23e0a8bc7d5ff08e73d6574,bsc,惯犯庄家（SIREN案·离场庄#1·核心链）,serial-actor,identity,serial-offenders,2026-07-26,SIREN分析2026-07-19 appendix whale_group「离场庄#1·核心链」,serial-offender,,,2026-07-19,2026-07-26,,
0xcddb91d95cccac4155eeb50e842e9640a41c33e7,bsc,惯犯庄家（SIREN案·离场庄#1·核心链）,serial-actor,identity,serial-offenders,2026-07-26,SIREN分析2026-07-19 appendix whale_group「离场庄#1·核心链」,serial-offender,,,2026-07-19,2026-07-26,,
0xcde2903fca32c70903f461013bf405dbd5c62cfc,bsc,惯犯庄家（B案·小庄#1）,serial-actor,identity,serial-offenders,2026-07-26,BUILD分析 appendix whale_group「小庄#1」,serial-offender,,,2026-07-25,2026-07-26,,
0xce0e775e66997c31c822fcd4cc62e25245097b9e,bsc,惯犯庄家（SIREN案·离场庄#1·核心链）,serial-actor,identity,serial-offenders,2026-07-26,SIREN分析2026-07-19 appendix whale_group「离场庄#1·核心链」,serial-offender,,,2026-07-19,2026-07-26,,
0xce155981e7586fa3ef089f1f03cc0d0d2a44d7da,bsc,惯犯庄家（SIREN案·离场庄#1·核心链）,serial-actor,identity,serial-offenders,2026-07-26,SIREN分析2026-07-19 appendix whale_group「离场庄#1·核心链」,serial-offender,,,2026-07-19,2026-07-26,,
0xce51c6d2c284a196f53585965e4f3c2146030e37,bsc,惯犯庄家（SIREN案·离场庄#1·核心链）,serial-actor,identity,serial-offenders,2026-07-26,SIREN分析2026-07-19 appendix whale_group「离场庄#1·核心链」,serial-offender,,,2026-07-19,2026-07-26,,
0xce6c274a5fa2c74dfbfd2db6741aa538f6bc5bbf,bsc,惯犯庄家（SIREN案·离场庄#1·核心链）,serial-actor,identity,serial-offenders,2026-07-26,SIREN分析2026-07-19 appendix whale_group「离场庄#1·核心链」,serial-offender,,,2026-07-19,2026-07-26,,
0xce71c59b06f06bff65c1a181f703df30da716887,bsc,惯犯庄家（SIREN案·离场庄#1·核心链）,serial-actor,identity,serial-offenders,2026-07-26,SIREN分析2026-07-19 appendix whale_group「离场庄#1·核心链」,serial-offender,,,2026-07-19,2026-07-26,,
0xcea7f06522fcd06aec2f0057b0565b488e1725a3,bsc,惯犯庄家（BANANAS31案·小庄S·Bitget库存循环体系）,serial-actor,identity,serial-offenders,2026-07-26,BANANAS31分析 appendix whale_group「小庄S·Bitget库存循环体系」,serial-offender,,,2026-07-22,2026-07-26,,
0xceb887179abdbaabc2ae8537218fa3b363b1db80,bsc,惯犯庄家（SIREN案·离场庄#1·核心链）,serial-actor,identity,serial-offenders,2026-07-26,SIREN分析2026-07-19 appendix whale_group「离场庄#1·核心链」,serial-offender,,,2026-07-19,2026-07-26,,
0xceff9f9e6464d29459d496db56f10e5d6ac445e0,bsc,惯犯庄家（SIREN案·离场庄#1·核心链）,serial-actor,identity,serial-offenders,2026-07-26,SIREN分析2026-07-19 appendix whale_group「离场庄#1·核心链」,serial-offender,,,2026-07-19,2026-07-26,,
0xcf154067fb2433d77c8357d7884b51751aae2381,bsc,惯犯庄家（SIREN案·离场庄#1·核心链）,serial-actor,identity,serial-offenders,2026-07-26,SIREN分析2026-07-19 appendix whale_group「离场庄#1·核心链」,serial-offender,,,2026-07-19,2026-07-26,,
0xcf27ed17364d094f7540e034b3c3d953321d17fa,bsc,惯犯庄家（SIREN案·离场庄#1·核心链）,serial-actor,identity,serial-offenders,2026-07-26,SIREN分析2026-07-19 appendix whale_group「离场庄#1·核心链」,serial-offender,,,2026-07-19,2026-07-26,,
0xcfa5f5c23a4284889e3db4afda4ecdab994b2375,bsc,惯犯庄家（SIREN案·离场庄#1·核心链）,serial-actor,identity,serial-offenders,2026-07-26,SIREN分析2026-07-19 appendix whale_group「离场庄#1·核心链」,serial-offender,,,2026-07-19,2026-07-26,,
0xcfaae50a48b61e0b4d91e3064b2c742753d7be47,bsc,惯犯庄家（SIREN案·离场庄#1·核心链）,serial-actor,identity,serial-offenders,2026-07-26,SIREN分析2026-07-19 appendix whale_group「离场庄#1·核心链」,serial-offender,,,2026-07-19,2026-07-26,,
0xcfd69b9ff643269b19091b388d41ebbfc87da61b,bsc,惯犯庄家（B案·小庄#1）,serial-actor,identity,serial-offenders,2026-07-26,BUILD分析 appendix whale_group「小庄#1」,serial-offender,,,2026-07-25,2026-07-26,,
0xcffdaca3a69dfeb449271a9c65ca3857ff5b2b51,bsc,惯犯庄家（SIREN案·离场庄#1·核心链）,serial-actor,identity,serial-offenders,2026-07-26,SIREN分析2026-07-19 appendix whale_group「离场庄#1·核心链」,serial-offender,,,2026-07-19,2026-07-26,,
0xd010acb61683f039a1e7722c37810830a5277ff6,bsc,惯犯庄家（SIREN案·离场庄#1·核心链）,serial-actor,identity,serial-offenders,2026-07-26,SIREN分析2026-07-19 appendix whale_group「离场庄#1·核心链」,serial-offender,,,2026-07-19,2026-07-26,,
0xd02d4cce799b0e29e63d4b86f5b35b5fedeb0b82,bsc,惯犯庄家（SIREN案·离场庄#1·核心链）,serial-actor,identity,serial-offenders,2026-07-26,SIREN分析2026-07-19 appendix whale_group「离场庄#1·核心链」,serial-offender,,,2026-07-19,2026-07-26,,
0xd02d8bd605f21f2d6e9ab97f5fce49d07e73d586,bsc,惯犯庄家（SIREN案·离场庄#1·核心链）,serial-actor,identity,serial-offenders,2026-07-26,SIREN分析2026-07-19 appendix whale_group「离场庄#1·核心链」,serial-offender,,,2026-07-19,2026-07-26,,
0xd04073a76297683905ec346f849cee2d1bf0d181,bsc,惯犯庄家（SIREN案·离场庄#1·核心链）,serial-actor,identity,serial-offenders,2026-07-26,SIREN分析2026-07-19 appendix whale_group「离场庄#1·核心链」,serial-offender,,,2026-07-19,2026-07-26,,
0xd0528c69ee3ae09d3e66c5e6e2375fe73b5c637a,bsc,惯犯庄家（B案·小庄#1）,serial-actor,identity,serial-offenders,2026-07-26,BUILD分析 appendix whale_group「小庄#1」,serial-offender,,,2026-07-25,2026-07-26,,
0xd06acf3a70e0fdd97d6e56344d0ecfc39d927184,bsc,惯犯庄家（B案·小庄#1）,serial-actor,identity,serial-offenders,2026-07-26,BUILD分析 appendix whale_group「小庄#1」,serial-offender,,,2026-07-25,2026-07-26,,
0xd06d74c7004288edefc23c2e93b9b625a00d8b93,bsc,惯犯庄家（B案·小庄#1）,serial-actor,identity,serial-offenders,2026-07-26,BUILD分析 appendix whale_group「小庄#1」,serial-offender,,,2026-07-25,2026-07-26,,
0xd07f52f8da879e8ec42ba320e9f213a8f2b0fbc8,bsc,惯犯庄家（B案·小庄#1）,serial-actor,identity,serial-offenders,2026-07-26,BUILD分析 appendix whale_group「小庄#1」,serial-offender,,,2026-07-25,2026-07-26,,
0xd0843639f9dbf5b386923fe010efa5aabb83e232,bsc,惯犯庄家（B案·小庄#1）,serial-actor,identity,serial-offenders,2026-07-26,BUILD分析 appendix whale_group「小庄#1」,serial-offender,,,2026-07-25,2026-07-26,,
0xd0a29974e673bcc2b1246d0f04356ed138b498f1,bsc,惯犯庄家（SIREN案·离场庄#1·核心链）,serial-actor,identity,serial-offenders,2026-07-26,SIREN分析2026-07-19 appendix whale_group「离场庄#1·核心链」,serial-offender,,,2026-07-19,2026-07-26,,
0xd0a56cf3288a19a2e7f163c71918fb0d026d56ba,bsc,惯犯庄家（SIREN案·离场庄#1·核心链）,serial-actor,identity,serial-offenders,2026-07-26,SIREN分析2026-07-19 appendix whale_group「离场庄#1·核心链」,serial-offender,,,2026-07-19,2026-07-26,,
0xd1057d9c590808cfaffc3fadad87773ecae0c046,bsc,惯犯庄家（SIREN案·离场庄#1·核心链）,serial-actor,identity,serial-offenders,2026-07-26,SIREN分析2026-07-19 appendix whale_group「离场庄#1·核心链」,serial-offender,,,2026-07-19,2026-07-26,,
0xd118166239537db9f3484d355505246636025d0b,bsc,惯犯庄家（SIREN案·离场庄#1·核心链）,serial-actor,identity,serial-offenders,2026-07-26,SIREN分析2026-07-19 appendix whale_group「离场庄#1·核心链」,serial-offender,,,2026-07-19,2026-07-26,,
0xd145ca892da309287c9e980740ca9f08a5517942,bsc,惯犯庄家（SIREN案·离场庄#1·核心链）,serial-actor,identity,serial-offenders,2026-07-26,SIREN分析2026-07-19 appendix whale_group「离场庄#1·核心链」,serial-offender,,,2026-07-19,2026-07-26,,
0xd14ffbff26321f902c14afc95521780ccfb4fb55,bsc,惯犯庄家（SIREN案·离场庄#1·核心链）,serial-actor,identity,serial-offenders,2026-07-26,SIREN分析2026-07-19 appendix whale_group「离场庄#1·核心链」,serial-offender,,,2026-07-19,2026-07-26,,
0xd1571090484583113466f5ce84d0f6fe87cb8583,bsc,惯犯庄家（SIREN案·离场庄#1·核心链）,serial-actor,identity,serial-offenders,2026-07-26,SIREN分析2026-07-19 appendix whale_group「离场庄#1·核心链」,serial-offender,,,2026-07-19,2026-07-26,,
0xd166dcf6df01e53f9e2c427e259b633a825ff00c,bsc,惯犯庄家（SIREN案·离场庄#1·核心链）,serial-actor,identity,serial-offenders,2026-07-26,SIREN分析2026-07-19 appendix whale_group「离场庄#1·核心链」,serial-offender,,,2026-07-19,2026-07-26,,
0xd19b7e41f1af2ed3ae2e10f02c0229291dc723fd,bsc,惯犯庄家（B案·小庄#1）,serial-actor,identity,serial-offenders,2026-07-26,BUILD分析 appendix whale_group「小庄#1」,serial-offender,,,2026-07-25,2026-07-26,,
0xd1aa291f82414efe4296ec2b56f1f8c9bf2b33df,bsc,惯犯庄家（B案·小庄#1）,serial-actor,identity,serial-offenders,2026-07-26,BUILD分析 appendix whale_group「小庄#1」,serial-offender,,,2026-07-25,2026-07-26,,
0xd1b2a1c7546380484415b04e5882a7c2e8106a7b,bsc,惯犯庄家（SIREN案·离场庄#1·核心链）,serial-actor,identity,serial-offenders,2026-07-26,SIREN分析2026-07-19 appendix whale_group「离场庄#1·核心链」,serial-offender,,,2026-07-19,2026-07-26,,
0xd1cf2a4f9bd7fcf349affd971f3429683e046234,bsc,惯犯庄家（BANANAS31案·小庄S·Bitget库存循环体系）,serial-actor,identity,serial-offenders,2026-07-26,BANANAS31分析 appendix whale_group「小庄S·Bitget库存循环体系」,serial-offender,,,2026-07-22,2026-07-26,,
0xd1e0ae6382af8a36897baa407718c7dcc2fa0c5c,bsc,惯犯庄家（SIREN案·离场庄#1·核心链）,serial-actor,identity,serial-offenders,2026-07-26,SIREN分析2026-07-19 appendix whale_group「离场庄#1·核心链」,serial-offender,,,2026-07-19,2026-07-26,,
0xd1f174c48365aed60c4421ecf84f3eb18ffc991a,bsc,惯犯庄家（SIREN案·离场庄#1·核心链）,serial-actor,identity,serial-offenders,2026-07-26,SIREN分析2026-07-19 appendix whale_group「离场庄#1·核心链」,serial-offender,,,2026-07-19,2026-07-26,,
0xd20848330339e1295b8c8bfa78d42c2b2df11cb7,bsc,惯犯庄家（SIREN案·离场庄#1·核心链）,serial-actor,identity,serial-offenders,2026-07-26,SIREN分析2026-07-19 appendix whale_group「离场庄#1·核心链」,serial-offender,,,2026-07-19,2026-07-26,,
0xd2397d2e7ab7e4ae53d6e6808558d93a23c64535,bsc,惯犯庄家（SIREN案·离场庄#1·核心链）,serial-actor,identity,serial-offenders,2026-07-26,SIREN分析2026-07-19 appendix whale_group「离场庄#1·核心链」,serial-offender,,,2026-07-19,2026-07-26,,
0xd2450e1c7b7e13320c6b66a25858d3960490e34f,bsc,惯犯庄家（SIREN案·离场庄#1·核心链）,serial-actor,identity,serial-offenders,2026-07-26,SIREN分析2026-07-19 appendix whale_group「离场庄#1·核心链」,serial-offender,,,2026-07-19,2026-07-26,,
0xd26155f222339fb504e1372140e1b70c18e28fbc,bsc,惯犯庄家（SIREN案·离场庄#1·核心链）,serial-actor,identity,serial-offenders,2026-07-26,SIREN分析2026-07-19 appendix whale_group「离场庄#1·核心链」,serial-offender,,,2026-07-19,2026-07-26,,
0xd2711ed4fe6f9f3dce5069707b0edecfb4e4ae38,bsc,惯犯庄家（BANANAS31案·小庄S·Bitget库存循环体系）,serial-actor,identity,serial-offenders,2026-07-26,BANANAS31分析 appendix whale_group「小庄S·Bitget库存循环体系」,serial-offender,,,2026-07-22,2026-07-26,,
0xd287e58cb0ce628af5700d7396fb5da871916045,bsc,惯犯庄家（SIREN案·离场庄#1·核心链）,serial-actor,identity,serial-offenders,2026-07-26,SIREN分析2026-07-19 appendix whale_group「离场庄#1·核心链」,serial-offender,,,2026-07-19,2026-07-26,,
0xd28d24e35248753986291e8ba214e5f419a0e2ae,bsc,惯犯庄家（SIREN案·离场庄#1·核心链）,serial-actor,identity,serial-offenders,2026-07-26,SIREN分析2026-07-19 appendix whale_group「离场庄#1·核心链」,serial-offender,,,2026-07-19,2026-07-26,,
0xd2beb971b76f33228dacbbde352b63514875ff56,bsc,惯犯庄家（SIREN案·离场庄#1·核心链）,serial-actor,identity,serial-offenders,2026-07-26,SIREN分析2026-07-19 appendix whale_group「离场庄#1·核心链」,serial-offender,,,2026-07-19,2026-07-26,,
0xd2c8b1e1070fb7b01fec138ecca744043c3e5df9,bsc,惯犯庄家（SIREN案·离场庄#1·扩展与静置仓网）,serial-actor,identity,serial-offenders,2026-07-26,SIREN分析2026-07-19 appendix whale_group「离场庄#1·扩展与静置仓网」,serial-offender,,,2026-07-19,2026-07-26,,
0xd2d2d4db5d89b95e567c54625c9d719284708270,bsc,惯犯庄家（B案·小庄#1）,serial-actor,identity,serial-offenders,2026-07-26,BUILD分析 appendix whale_group「小庄#1」,serial-offender,,,2026-07-25,2026-07-26,,
0xd302ebd26676a08e78ca51b8db8337a3e5f28085,bsc,惯犯庄家（SIREN案·离场庄#1·核心链）,serial-actor,identity,serial-offenders,2026-07-26,SIREN分析2026-07-19 appendix whale_group「离场庄#1·核心链」,serial-offender,,,2026-07-19,2026-07-26,,
0xd33a47f83c10ee5713b0cf2a4a1f3a3ffe92ee5a,bsc,惯犯庄家（SIREN案·离场庄#1·核心链）,serial-actor,identity,serial-offenders,2026-07-26,SIREN分析2026-07-19 appendix whale_group「离场庄#1·核心链」,serial-offender,,,2026-07-19,2026-07-26,,
0xd34082d1ffb52a3218a3e06faf1a82c8711c2f9a,bsc,惯犯庄家（SIREN案·离场庄#1·核心链）,serial-actor,identity,serial-offenders,2026-07-26,SIREN分析2026-07-19 appendix whale_group「离场庄#1·核心链」,serial-offender,,,2026-07-19,2026-07-26,,
0xd344e44b8c06202c5cec64746c61019122aa1108,bsc,惯犯庄家（SIREN案·离场庄#1·核心链）,serial-actor,identity,serial-offenders,2026-07-26,SIREN分析2026-07-19 appendix whale_group「离场庄#1·核心链」,serial-offender,,,2026-07-19,2026-07-26,,
0xd35082d1be21093f98f7401d5288ce0af8be4df6,bsc,惯犯庄家（SIREN案·离场庄#1·核心链）,serial-actor,identity,serial-offenders,2026-07-26,SIREN分析2026-07-19 appendix whale_group「离场庄#1·核心链」,serial-offender,,,2026-07-19,2026-07-26,,
0xd3cb5bcf294c60aed6bb7f51fb0efa912a374902,bsc,惯犯庄家（SIREN案·离场庄#1·核心链）,serial-actor,identity,serial-offenders,2026-07-26,SIREN分析2026-07-19 appendix whale_group「离场庄#1·核心链」,serial-offender,,,2026-07-19,2026-07-26,,
0xd3d831faa117356847947bc4d3bcc2bd8cb6bc07,bsc,惯犯庄家（B案·小庄#1）,serial-actor,identity,serial-offenders,2026-07-26,BUILD分析 appendix whale_group「小庄#1」,serial-offender,,,2026-07-25,2026-07-26,,
0xd3eb1dc3c43b2a49296a622c68b3f5ac6a7325e8,bsc,惯犯庄家（B案·小庄#1）,serial-actor,identity,serial-offenders,2026-07-26,BUILD分析 appendix whale_group「小庄#1」,serial-offender,,,2026-07-25,2026-07-26,,
0xd430fd0a2c3dc332b5a15154f2c5693afcb4f2ad,bsc,惯犯庄家（SIREN案·离场庄#1·核心链）,serial-actor,identity,serial-offenders,2026-07-26,SIREN分析2026-07-19 appendix whale_group「离场庄#1·核心链」,serial-offender,,,2026-07-19,2026-07-26,,
0xd442f3e1c6baee8828cc2329420904f35b67ad90,bsc,惯犯庄家（SIREN案·离场庄#1·核心链）,serial-actor,identity,serial-offenders,2026-07-26,SIREN分析2026-07-19 appendix whale_group「离场庄#1·核心链」,serial-offender,,,2026-07-19,2026-07-26,,
0xd45d35adb439d20841192965367ec1918cb55dd9,bsc,惯犯庄家（SIREN案·离场庄#1·核心链）,serial-actor,identity,serial-offenders,2026-07-26,SIREN分析2026-07-19 appendix whale_group「离场庄#1·核心链」,serial-offender,,,2026-07-19,2026-07-26,,
0xd48ea01c6fea57a274bba712e16f3c24eb628985,bsc,"惯犯庄家（BANANAS31案·狙击集团(已离场,残尾仓)）",serial-actor,identity,serial-offenders,2026-07-26,"BANANAS31分析 appendix whale_group「狙击集团(已离场,残尾仓)」",serial-offender,,,2026-07-22,2026-07-26,,
0xd491891754ce2f9ba19adbff51c827c79f477cfb,bsc,惯犯庄家（B案·小庄#1）,serial-actor,identity,serial-offenders,2026-07-26,BUILD分析 appendix whale_group「小庄#1」,serial-offender,,,2026-07-25,2026-07-26,,
0xd49a35782a32624e4e661993aed96f44427c9074,bsc,惯犯庄家（B案·小庄#1）,serial-actor,identity,serial-offenders,2026-07-26,BUILD分析 appendix whale_group「小庄#1」,serial-offender,,,2026-07-25,2026-07-26,,
0xd49d9525efaa1472355919682db2ab1ee175fec1,bsc,惯犯庄家（SIREN案·离场庄#1·核心链）,serial-actor,identity,serial-offenders,2026-07-26,SIREN分析2026-07-19 appendix whale_group「离场庄#1·核心链」,serial-offender,,,2026-07-19,2026-07-26,,
0xd4a03f42df14c85a0c65d0dfd4a984311dab0b03,bsc,惯犯庄家（B案·小庄#1）,serial-actor,identity,serial-offenders,2026-07-26,BUILD分析 appendix whale_group「小庄#1」,serial-offender,,,2026-07-25,2026-07-26,,
0xd4cfbfef84299e6cdd83a3b51c5052776798f42e,bsc,惯犯庄家（SIREN案·离场庄#1·核心链）,serial-actor,identity,serial-offenders,2026-07-26,SIREN分析2026-07-19 appendix whale_group「离场庄#1·核心链」,serial-offender,,,2026-07-19,2026-07-26,,
0xd4d1d806cb99cc8738f6acdc06f24b00ef4c9513,bsc,惯犯庄家（B案·小庄#1）,serial-actor,identity,serial-offenders,2026-07-26,BUILD分析 appendix whale_group「小庄#1」,serial-offender,,,2026-07-25,2026-07-26,,
0xd5a62040deb31d185422336e0ef44e7ebe3a4559,bsc,惯犯庄家（B案·小庄#1）,serial-actor,identity,serial-offenders,2026-07-26,BUILD分析 appendix whale_group「小庄#1」,serial-offender,,,2026-07-25,2026-07-26,,
0xd5de93b497679ac87cd8a12bf263cb521dc7971f,bsc,"惯犯庄家（BANANAS31案·狙击集团(已离场,残尾仓)）",serial-actor,identity,serial-offenders,2026-07-26,"BANANAS31分析 appendix whale_group「狙击集团(已离场,残尾仓)」",serial-offender,,,2026-07-22,2026-07-26,,
0xd5e7c1a11a692356555d265e59ef8a543be75e6b,bsc,惯犯庄家（B案·小庄#1）,serial-actor,identity,serial-offenders,2026-07-26,BUILD分析 appendix whale_group「小庄#1」,serial-offender,,,2026-07-25,2026-07-26,,
0xd6196d89216aed8aec7f54b8ff3517850ed9d1f0,bsc,惯犯庄家（SIREN案·离场庄#1·核心链）,serial-actor,identity,serial-offenders,2026-07-26,SIREN分析2026-07-19 appendix whale_group「离场庄#1·核心链」,serial-offender,,,2026-07-19,2026-07-26,,
0xd64fee1ba8ffc5340dd0d36d2409fee60cd231ee,bsc,惯犯庄家（SIREN案·离场庄#1·核心链）,serial-actor,identity,serial-offenders,2026-07-26,SIREN分析2026-07-19 appendix whale_group「离场庄#1·核心链」,serial-offender,,,2026-07-19,2026-07-26,,
0xd65e4f6a0d3d11d9e0ea201cc781374cbf204233,bsc,惯犯庄家（B案·小庄#1）,serial-actor,identity,serial-offenders,2026-07-26,BUILD分析 appendix whale_group「小庄#1」,serial-offender,,,2026-07-25,2026-07-26,,
0xd67bf4a1eac9c38559c5e1c8dcd0602725247dd7,bsc,惯犯庄家（SIREN案·离场庄#1·扩展与静置仓网）,serial-actor,identity,serial-offenders,2026-07-26,SIREN分析2026-07-19 appendix whale_group「离场庄#1·扩展与静置仓网」,serial-offender,,,2026-07-19,2026-07-26,,
0xd68b30f70f92e87f199df89e1ae407cd161c1db1,bsc,惯犯庄家（B案·小庄#1）,serial-actor,identity,serial-offenders,2026-07-26,BUILD分析 appendix whale_group「小庄#1」,serial-offender,,,2026-07-25,2026-07-26,,
0xd6a66984ddafebc8e114b2eabd3c751ef5601158,bsc,惯犯庄家（B案·小庄#1）,serial-actor,identity,serial-offenders,2026-07-26,BUILD分析 appendix whale_group「小庄#1」,serial-offender,,,2026-07-25,2026-07-26,,
0xd6cf94137a8503b9ab5d1391647e8c180e003fae,bsc,惯犯庄家（SIREN案·离场庄#1·核心链）,serial-actor,identity,serial-offenders,2026-07-26,SIREN分析2026-07-19 appendix whale_group「离场庄#1·核心链」,serial-offender,,,2026-07-19,2026-07-26,,
0xd717b7c28774d51da7d10306d10ea1e48bfc16ba,bsc,惯犯庄家（SIREN案·离场庄#1·核心链）,serial-actor,identity,serial-offenders,2026-07-26,SIREN分析2026-07-19 appendix whale_group「离场庄#1·核心链」,serial-offender,,,2026-07-19,2026-07-26,,
0xd73530fedf65392b8927be6ee1dc0ba91d9c4ec8,bsc,惯犯庄家（SIREN案·离场庄#1·核心链）,serial-actor,identity,serial-offenders,2026-07-26,SIREN分析2026-07-19 appendix whale_group「离场庄#1·核心链」,serial-offender,,,2026-07-19,2026-07-26,,
0xd75c193ff5a1a39b2814364289a706e86f5b2435,bsc,惯犯庄家（SIREN案·离场庄#1·核心链）,serial-actor,identity,serial-offenders,2026-07-26,SIREN分析2026-07-19 appendix whale_group「离场庄#1·核心链」,serial-offender,,,2026-07-19,2026-07-26,,
0xd774fd7c09be266e075884780d7a04f7f4c63f58,bsc,惯犯庄家（SIREN案·离场庄#1·核心链）,serial-actor,identity,serial-offenders,2026-07-26,SIREN分析2026-07-19 appendix whale_group「离场庄#1·核心链」,serial-offender,,,2026-07-19,2026-07-26,,
0xd7a900aedc9759ae2031f7815ad0b74d4664b6a4,bsc,惯犯庄家（SIREN案·离场庄#1·核心链）,serial-actor,identity,serial-offenders,2026-07-26,SIREN分析2026-07-19 appendix whale_group「离场庄#1·核心链」,serial-offender,,,2026-07-19,2026-07-26,,
0xd7bb1948e7f6a7fe274526be57815e3d590335a4,bsc,惯犯庄家（SIREN案·离场庄#1·核心链）,serial-actor,identity,serial-offenders,2026-07-26,SIREN分析2026-07-19 appendix whale_group「离场庄#1·核心链」,serial-offender,,,2026-07-19,2026-07-26,,
0xd7fac3a918bd11116440948d68abf12239efebac,bsc,惯犯庄家（SIREN案·离场庄#1·核心链）,serial-actor,identity,serial-offenders,2026-07-26,SIREN分析2026-07-19 appendix whale_group「离场庄#1·核心链」,serial-offender,,,2026-07-19,2026-07-26,,
0xd81990ecaa0cc10f187c596a09386eaccdf15659,bsc,惯犯庄家（B案·小庄#1）,serial-actor,identity,serial-offenders,2026-07-26,BUILD分析 appendix whale_group「小庄#1」,serial-offender,,,2026-07-25,2026-07-26,,
0xd842dab3470fbb9a0ccefe396e3b6d6a5d485ec7,bsc,惯犯庄家（B案·小庄#1）,serial-actor,identity,serial-offenders,2026-07-26,BUILD分析 appendix whale_group「小庄#1」,serial-offender,,,2026-07-25,2026-07-26,,
0xd874192085936da75843ca1b2f5f26b2d88cf224,bsc,惯犯庄家（SIREN案·离场庄#1·核心链）,serial-actor,identity,serial-offenders,2026-07-26,SIREN分析2026-07-19 appendix whale_group「离场庄#1·核心链」,serial-offender,,,2026-07-19,2026-07-26,,
0xd87ac8845f2e9ec2abfde9216f17e3c97c4a2a78,bsc,惯犯庄家（SIREN案·离场庄#1·扩展与静置仓网）,serial-actor,identity,serial-offenders,2026-07-26,SIREN分析2026-07-19 appendix whale_group「离场庄#1·扩展与静置仓网」,serial-offender,,,2026-07-19,2026-07-26,,
0xd884342bfed461ca810d3815e64a6c76c08b439d,bsc,惯犯庄家（B案·小庄#1）,serial-actor,identity,serial-offenders,2026-07-26,BUILD分析 appendix whale_group「小庄#1」,serial-offender,,,2026-07-25,2026-07-26,,
0xd88e4aceb09e32e57f64935343f52eb89723dac2,bsc,惯犯庄家（B案·小庄#1）,serial-actor,identity,serial-offenders,2026-07-26,BUILD分析 appendix whale_group「小庄#1」,serial-offender,,,2026-07-25,2026-07-26,,
0xd8adb1a35a199afbddecec938694b2534e7fb84b,bsc,惯犯庄家（SIREN案·离场庄#1·核心链）,serial-actor,identity,serial-offenders,2026-07-26,SIREN分析2026-07-19 appendix whale_group「离场庄#1·核心链」,serial-offender,,,2026-07-19,2026-07-26,,
0xd8e1617a5d14fae27c61635fdaf8cd46189fd7ce,bsc,惯犯庄家（SIREN案·离场庄#1·核心链）,serial-actor,identity,serial-offenders,2026-07-26,SIREN分析2026-07-19 appendix whale_group「离场庄#1·核心链」,serial-offender,,,2026-07-19,2026-07-26,,
0xd910bc0bc0f97aaaaf0c3ba0bea88690cab52a36,bsc,惯犯庄家（B案·小庄#1）,serial-actor,identity,serial-offenders,2026-07-26,BUILD分析 appendix whale_group「小庄#1」,serial-offender,,,2026-07-25,2026-07-26,,
0xd913d65535b1f3c8738e4baf1bb82bebfba6028c,bsc,惯犯庄家（B案·小庄#1）,serial-actor,identity,serial-offenders,2026-07-26,BUILD分析 appendix whale_group「小庄#1」,serial-offender,,,2026-07-25,2026-07-26,,
0xd95e9b3f2afd52f720ce886cc3dc503c0c204848,bsc,惯犯庄家（B案·小庄#1）,serial-actor,identity,serial-offenders,2026-07-26,BUILD分析 appendix whale_group「小庄#1」,serial-offender,,,2026-07-25,2026-07-26,,
0xd97f799ebbefda33e133b4cbac339d8ddfb6432c,bsc,惯犯庄家（BANANAS31案·小庄S·Bitget库存循环体系）,serial-actor,identity,serial-offenders,2026-07-26,BANANAS31分析 appendix whale_group「小庄S·Bitget库存循环体系」,serial-offender,,,2026-07-22,2026-07-26,,
0xd9d87b95ca1c7c4fb36edc294e6c1f6403707c6c,bsc,惯犯庄家（SIREN案·离场庄#1·核心链）,serial-actor,identity,serial-offenders,2026-07-26,SIREN分析2026-07-19 appendix whale_group「离场庄#1·核心链」,serial-offender,,,2026-07-19,2026-07-26,,
0xd9db539a96efad1b5d6e899406471749ca4a08ee,bsc,惯犯庄家（SIREN案·离场庄#1·核心链）,serial-actor,identity,serial-offenders,2026-07-26,SIREN分析2026-07-19 appendix whale_group「离场庄#1·核心链」,serial-offender,,,2026-07-19,2026-07-26,,
0xd9f48e067daf7fe3a0a0caacaed112337c925a38,bsc,惯犯庄家（B案·小庄#1）,serial-actor,identity,serial-offenders,2026-07-26,BUILD分析 appendix whale_group「小庄#1」,serial-offender,,,2026-07-25,2026-07-26,,
0xda38d1863e65b3e95640a00efedce55604b2fd0f,bsc,惯犯庄家（B案·小庄#1）,serial-actor,identity,serial-offenders,2026-07-26,BUILD分析 appendix whale_group「小庄#1」,serial-offender,,,2026-07-25,2026-07-26,,
0xda930f1d8194975ad587d710d72b339bbc60bb55,bsc,惯犯庄家（B案·小庄#1）,serial-actor,identity,serial-offenders,2026-07-26,BUILD分析 appendix whale_group「小庄#1」,serial-offender,,,2026-07-25,2026-07-26,,
0xdaae9f236b0586b3f42d10f211cfd2f837043135,bsc,惯犯庄家（SIREN案·离场庄#1·核心链）,serial-actor,identity,serial-offenders,2026-07-26,SIREN分析2026-07-19 appendix whale_group「离场庄#1·核心链」,serial-offender,,,2026-07-19,2026-07-26,,
0xdab5edfc6c7c01a96e12a0ac4ca98761c39fceca,bsc,惯犯庄家（SIREN案·离场庄#1·核心链）,serial-actor,identity,serial-offenders,2026-07-26,SIREN分析2026-07-19 appendix whale_group「离场庄#1·核心链」,serial-offender,,,2026-07-19,2026-07-26,,
0xdabe481410468b1540c0b5400718f23a8c80b400,bsc,惯犯庄家（SIREN案·离场庄#1·核心链）,serial-actor,identity,serial-offenders,2026-07-26,SIREN分析2026-07-19 appendix whale_group「离场庄#1·核心链」,serial-offender,,,2026-07-19,2026-07-26,,
0xdad591c0fa15d5b0c272d326bb8c47f14a29863a,bsc,惯犯庄家（B案·小庄#1）,serial-actor,identity,serial-offenders,2026-07-26,BUILD分析 appendix whale_group「小庄#1」,serial-offender,,,2026-07-25,2026-07-26,,
0xdb448c8d37cf0b3875793ec1e49b15ed24b511e8,bsc,惯犯庄家（SIREN案·离场庄#1·扩展与静置仓网）,serial-actor,identity,serial-offenders,2026-07-26,SIREN分析2026-07-19 appendix whale_group「离场庄#1·扩展与静置仓网」,serial-offender,,,2026-07-19,2026-07-26,,
0xdb5f290f9afd939f0251472c41a229b9a6ec8be0,bsc,惯犯庄家（B案·小庄#1）,serial-actor,identity,serial-offenders,2026-07-26,BUILD分析 appendix whale_group「小庄#1」,serial-offender,,,2026-07-25,2026-07-26,,
0xdb615ed17165aeedcda2022817d97ebe517e4df1,bsc,惯犯庄家（SIREN案·离场庄#1·核心链）,serial-actor,identity,serial-offenders,2026-07-26,SIREN分析2026-07-19 appendix whale_group「离场庄#1·核心链」,serial-offender,,,2026-07-19,2026-07-26,,
0xdb69e0884c80778547a698af747efc199fdb7a61,bsc,惯犯庄家（SIREN案·离场庄#1·核心链）,serial-actor,identity,serial-offenders,2026-07-26,SIREN分析2026-07-19 appendix whale_group「离场庄#1·核心链」,serial-offender,,,2026-07-19,2026-07-26,,
0xdb96247af9c543ce83b688173e0cd6d19c8b441b,bsc,惯犯庄家（B案·小庄#1）,serial-actor,identity,serial-offenders,2026-07-26,BUILD分析 appendix whale_group「小庄#1」,serial-offender,,,2026-07-25,2026-07-26,,
0xdba53c5190b8478e37ee61f23b8604c730bf1c33,bsc,惯犯庄家（BANANAS31案·小庄S·Bitget库存循环体系）,serial-actor,identity,serial-offenders,2026-07-26,BANANAS31分析 appendix whale_group「小庄S·Bitget库存循环体系」,serial-offender,,,2026-07-22,2026-07-26,,
0xdbef02d7c62540a9ed7409e92b02c5bf79bde7e9,bsc,惯犯庄家（B案·小庄#1）,serial-actor,identity,serial-offenders,2026-07-26,BUILD分析 appendix whale_group「小庄#1」,serial-offender,,,2026-07-25,2026-07-26,,
0xdc08529a33a7121b89865b3130c83b23d33edcbb,bsc,惯犯庄家（SIREN案·离场庄#1·核心链）,serial-actor,identity,serial-offenders,2026-07-26,SIREN分析2026-07-19 appendix whale_group「离场庄#1·核心链」,serial-offender,,,2026-07-19,2026-07-26,,
0xdc8854605051e8d276fc620c38727284d9ddf5f1,bsc,惯犯庄家（SIREN案·离场庄#1·核心链）,serial-actor,identity,serial-offenders,2026-07-26,SIREN分析2026-07-19 appendix whale_group「离场庄#1·核心链」,serial-offender,,,2026-07-19,2026-07-26,,
0xdcb935e8a26a8bb31f4973ddf74abe195d2cb62e,bsc,惯犯庄家（SIREN案·离场庄#1·扩展与静置仓网）,serial-actor,identity,serial-offenders,2026-07-26,SIREN分析2026-07-19 appendix whale_group「离场庄#1·扩展与静置仓网」,serial-offender,,,2026-07-19,2026-07-26,,
0xdd345719d7622a50b1b9416cbc949a9d92e85a2d,bsc,惯犯庄家（B案·小庄#1）,serial-actor,identity,serial-offenders,2026-07-26,BUILD分析 appendix whale_group「小庄#1」,serial-offender,,,2026-07-25,2026-07-26,,
0xdd674a374cfcbf049be85f849a44a2fb80081473,bsc,惯犯庄家（SIREN案·离场庄#1·核心链）,serial-actor,identity,serial-offenders,2026-07-26,SIREN分析2026-07-19 appendix whale_group「离场庄#1·核心链」,serial-offender,,,2026-07-19,2026-07-26,,
0xdd8d8a885d6d0007d0eb78b8c2645ec5f7cfcdaf,bsc,惯犯庄家（B案·小庄#1）,serial-actor,identity,serial-offenders,2026-07-26,BUILD分析 appendix whale_group「小庄#1」,serial-offender,,,2026-07-25,2026-07-26,,
0xdd9f0cf63712b99b8e71f68bf57def0759911bcb,bsc,惯犯庄家（SIREN案·离场庄#1·核心链）,serial-actor,identity,serial-offenders,2026-07-26,SIREN分析2026-07-19 appendix whale_group「离场庄#1·核心链」,serial-offender,,,2026-07-19,2026-07-26,,
0xddf8d0da7f96c59e0ee3bf8d5828aef4f9265663,bsc,惯犯庄家（B案·小庄#1）,serial-actor,identity,serial-offenders,2026-07-26,BUILD分析 appendix whale_group「小庄#1」,serial-offender,,,2026-07-25,2026-07-26,,
0xde27dfe9d843c88915761622f7e2e2e31512bac6,bsc,惯犯庄家（SIREN案·离场庄#1·核心链）,serial-actor,identity,serial-offenders,2026-07-26,SIREN分析2026-07-19 appendix whale_group「离场庄#1·核心链」,serial-offender,,,2026-07-19,2026-07-26,,
0xde2b36ab9708a04e689969297308015167a69d29,bsc,惯犯庄家（B案·小庄#1）,serial-actor,identity,serial-offenders,2026-07-26,BUILD分析 appendix whale_group「小庄#1」,serial-offender,,,2026-07-25,2026-07-26,,
0xde61b414f7bb917ef02a2ed6f0180d6ef592e661,bsc,惯犯庄家（SIREN案·离场庄#1·核心链）,serial-actor,identity,serial-offenders,2026-07-26,SIREN分析2026-07-19 appendix whale_group「离场庄#1·核心链」,serial-offender,,,2026-07-19,2026-07-26,,
0xde7a536c10aee31823a744b6ededeb7f9e9ad59c,bsc,惯犯庄家（SIREN案·离场庄#1·核心链）,serial-actor,identity,serial-offenders,2026-07-26,SIREN分析2026-07-19 appendix whale_group「离场庄#1·核心链」,serial-offender,,,2026-07-19,2026-07-26,,
0xdea146a3914da9dbb454c7edf0528a6005143efb,bsc,惯犯庄家（SIREN案·离场庄#1·核心链）,serial-actor,identity,serial-offenders,2026-07-26,SIREN分析2026-07-19 appendix whale_group「离场庄#1·核心链」,serial-offender,,,2026-07-19,2026-07-26,,
0xdf0fe06b0f070ac9577194b29b42b0f04a191091,bsc,惯犯庄家（B案·小庄#1）,serial-actor,identity,serial-offenders,2026-07-26,BUILD分析 appendix whale_group「小庄#1」,serial-offender,,,2026-07-25,2026-07-26,,
0xdf1ae6ae663f58b63231312691cb5ebfa9b74ced,bsc,惯犯庄家（B案·小庄#1）,serial-actor,identity,serial-offenders,2026-07-26,BUILD分析 appendix whale_group「小庄#1」,serial-offender,,,2026-07-25,2026-07-26,,
0xdf386526424f7d44656a10fc507be4e77de40a5c,bsc,惯犯庄家（SIREN案·离场庄#1·核心链）,serial-actor,identity,serial-offenders,2026-07-26,SIREN分析2026-07-19 appendix whale_group「离场庄#1·核心链」,serial-offender,,,2026-07-19,2026-07-26,,
0xdf45a1bcae59dc956965a7937532edbcaad5317c,bsc,惯犯庄家（bibi案·庄#1·三地址·bundle发射（已清仓））,serial-actor,identity,serial-offenders,2026-07-26,bibi分析 appendix whale_group「庄#1·三地址·bundle发射（已清仓）」,serial-offender,,,2026-07-12,2026-07-26,,
0xe00bf02057a039c9e3d89af8a6508d026e288ee5,bsc,惯犯庄家（B案·小庄#1）,serial-actor,identity,serial-offenders,2026-07-26,BUILD分析 appendix whale_group「小庄#1」,serial-offender,,,2026-07-25,2026-07-26,,
0xe0232f227a1dcb9a3ee2960f460eb488c3fbab2c,bsc,惯犯庄家（SIREN案·离场庄#1·核心链）,serial-actor,identity,serial-offenders,2026-07-26,SIREN分析2026-07-19 appendix whale_group「离场庄#1·核心链」,serial-offender,,,2026-07-19,2026-07-26,,
0xe043ae76f3af8be33291f2975bd08ad9e4c0e0ae,bsc,惯犯庄家（SIREN案·离场庄#1·核心链）,serial-actor,identity,serial-offenders,2026-07-26,SIREN分析2026-07-19 appendix whale_group「离场庄#1·核心链」,serial-offender,,,2026-07-19,2026-07-26,,
0xe054fd86c2191ea6f5720f48830c04ddfde0e2d3,bsc,惯犯庄家（SIREN案·离场庄#1·核心链）,serial-actor,identity,serial-offenders,2026-07-26,SIREN分析2026-07-19 appendix whale_group「离场庄#1·核心链」,serial-offender,,,2026-07-19,2026-07-26,,
0xe0881cc50de6a472cd340111e80d70b79d807ac1,bsc,惯犯庄家（SIREN案·离场庄#1·扩展与静置仓网）,serial-actor,identity,serial-offenders,2026-07-26,SIREN分析2026-07-19 appendix whale_group「离场庄#1·扩展与静置仓网」,serial-offender,,,2026-07-19,2026-07-26,,
0xe097dad8b5dbd9e71e4d3501c09fc9536271ebcc,bsc,惯犯庄家（B案·小庄#1）,serial-actor,identity,serial-offenders,2026-07-26,BUILD分析 appendix whale_group「小庄#1」,serial-offender,,,2026-07-25,2026-07-26,,
0xe0af27f5b246c775150136ae81b508b68abc8dee,bsc,惯犯庄家（B案·小庄#1）,serial-actor,identity,serial-offenders,2026-07-26,BUILD分析 appendix whale_group「小庄#1」,serial-offender,,,2026-07-25,2026-07-26,,
0xe0b1d36195f9a989250153a1a2d91378a688dff6,bsc,惯犯庄家（SIREN案·离场庄#1·核心链）,serial-actor,identity,serial-offenders,2026-07-26,SIREN分析2026-07-19 appendix whale_group「离场庄#1·核心链」,serial-offender,,,2026-07-19,2026-07-26,,
0xe0cc7984ddea96502f9c28e697e67fcaef8a2c9f,bsc,惯犯庄家（SIREN案·离场庄#1·核心链）,serial-actor,identity,serial-offenders,2026-07-26,SIREN分析2026-07-19 appendix whale_group「离场庄#1·核心链」,serial-offender,,,2026-07-19,2026-07-26,,
0xe0e5121b34ed25b4fdbae1c3db66f55801243b3a,bsc,惯犯庄家（SIREN案·离场庄#1·核心链）,serial-actor,identity,serial-offenders,2026-07-26,SIREN分析2026-07-19 appendix whale_group「离场庄#1·核心链」,serial-offender,,,2026-07-19,2026-07-26,,
0xe0fd714267cd2fee57823ebf26785cddb7b76d58,bsc,惯犯庄家（SIREN案·离场庄#1·核心链）,serial-actor,identity,serial-offenders,2026-07-26,SIREN分析2026-07-19 appendix whale_group「离场庄#1·核心链」,serial-offender,,,2026-07-19,2026-07-26,,
0xe123873338fd7b519cf9ec62897e82229e1a22a3,bsc,惯犯庄家（SIREN案·离场庄#1·核心链）,serial-actor,identity,serial-offenders,2026-07-26,SIREN分析2026-07-19 appendix whale_group「离场庄#1·核心链」,serial-offender,,,2026-07-19,2026-07-26,,
0xe129d2fa9eddddd4b4aea978de29294344fedb22,bsc,惯犯庄家（B案·小庄#1）,serial-actor,identity,serial-offenders,2026-07-26,BUILD分析 appendix whale_group「小庄#1」,serial-offender,,,2026-07-25,2026-07-26,,
0xe163dcd3b38d890c6f4354f0297fb0966d9111ab,bsc,惯犯庄家（SIREN案·离场庄#1·核心链）,serial-actor,identity,serial-offenders,2026-07-26,SIREN分析2026-07-19 appendix whale_group「离场庄#1·核心链」,serial-offender,,,2026-07-19,2026-07-26,,
0xe19777578daa8f187be718c6d023eb6413504d68,bsc,惯犯庄家（SIREN案·离场庄#1·核心链）,serial-actor,identity,serial-offenders,2026-07-26,SIREN分析2026-07-19 appendix whale_group「离场庄#1·核心链」,serial-offender,,,2026-07-19,2026-07-26,,
0xe19939819386457d36b269825ec4820164519b6f,bsc,惯犯庄家（SIREN案·离场庄#1·核心链）,serial-actor,identity,serial-offenders,2026-07-26,SIREN分析2026-07-19 appendix whale_group「离场庄#1·核心链」,serial-offender,,,2026-07-19,2026-07-26,,
0xe1c796e9511c24eb9ebcc5e70fb476159f165ec8,bsc,惯犯庄家（SIREN案·离场庄#1·核心链）,serial-actor,identity,serial-offenders,2026-07-26,SIREN分析2026-07-19 appendix whale_group「离场庄#1·核心链」,serial-offender,,,2026-07-19,2026-07-26,,
0xe1eddeb63938f4577cc0fc61fd305a25a949be61,bsc,惯犯庄家（B案·小庄#1）,serial-actor,identity,serial-offenders,2026-07-26,BUILD分析 appendix whale_group「小庄#1」,serial-offender,,,2026-07-25,2026-07-26,,
0xe1fd79f911089324f5a1f7e5ebd3a60295bbe0fc,bsc,惯犯庄家（B案·小庄#1）,serial-actor,identity,serial-offenders,2026-07-26,BUILD分析 appendix whale_group「小庄#1」,serial-offender,,,2026-07-25,2026-07-26,,
0xe215fa00b1be74cbaf8e96fc25e3c92298564ae1,bsc,惯犯庄家（B案·小庄#1）,serial-actor,identity,serial-offenders,2026-07-26,BUILD分析 appendix whale_group「小庄#1」,serial-offender,,,2026-07-25,2026-07-26,,
0xe225213f8651e377e9fcc9e23d091f9fc24631a3,bsc,惯犯庄家（SIREN案·离场庄#1·核心链）,serial-actor,identity,serial-offenders,2026-07-26,SIREN分析2026-07-19 appendix whale_group「离场庄#1·核心链」,serial-offender,,,2026-07-19,2026-07-26,,
0xe2306035729ca287d403c95d40431959690177af,bsc,惯犯庄家（SIREN案·离场庄#1·核心链）,serial-actor,identity,serial-offenders,2026-07-26,SIREN分析2026-07-19 appendix whale_group「离场庄#1·核心链」,serial-offender,,,2026-07-19,2026-07-26,,
0xe2545d22d33b7e2d4008eac6795aebd7472e496d,bsc,惯犯庄家（SIREN案·离场庄#1·核心链）,serial-actor,identity,serial-offenders,2026-07-26,SIREN分析2026-07-19 appendix whale_group「离场庄#1·核心链」,serial-offender,,,2026-07-19,2026-07-26,,
0xe263d8702220ef358b3b6cd3af3960e296b8a25b,bsc,惯犯庄家（SIREN案·离场庄#1·扩展与静置仓网）,serial-actor,identity,serial-offenders,2026-07-26,SIREN分析2026-07-19 appendix whale_group「离场庄#1·扩展与静置仓网」,serial-offender,,,2026-07-19,2026-07-26,,
0xe27a8844009bc335569ac5729c3edad5eaff1a0d,bsc,惯犯庄家（SIREN案·离场庄#1·核心链）,serial-actor,identity,serial-offenders,2026-07-26,SIREN分析2026-07-19 appendix whale_group「离场庄#1·核心链」,serial-offender,,,2026-07-19,2026-07-26,,
0xe282b0874b7a11f5c904c37eb16d32eac3890330,bsc,惯犯庄家（SIREN案·离场庄#1·核心链）,serial-actor,identity,serial-offenders,2026-07-26,SIREN分析2026-07-19 appendix whale_group「离场庄#1·核心链」,serial-offender,,,2026-07-19,2026-07-26,,
0xe28926cc4b0d365dfbfa84470da38b59f7f57d4a,bsc,惯犯庄家（SIREN案·离场庄#1·核心链）,serial-actor,identity,serial-offenders,2026-07-26,SIREN分析2026-07-19 appendix whale_group「离场庄#1·核心链」,serial-offender,,,2026-07-19,2026-07-26,,
0xe2d3cdcc27c637a39e818bf6ceccf559efbad35e,bsc,惯犯庄家（SIREN案·离场庄#1·核心链）,serial-actor,identity,serial-offenders,2026-07-26,SIREN分析2026-07-19 appendix whale_group「离场庄#1·核心链」,serial-offender,,,2026-07-19,2026-07-26,,
0xe2d507cf791d032c0897efe8e891e995b0d3f689,bsc,惯犯庄家（SIREN案·离场庄#1·核心链）,serial-actor,identity,serial-offenders,2026-07-26,SIREN分析2026-07-19 appendix whale_group「离场庄#1·核心链」,serial-offender,,,2026-07-19,2026-07-26,,
0xe2e70925279a7f7d29af665d26b8e2aab58bddc7,bsc,惯犯庄家（SIREN案·离场庄#1·核心链）,serial-actor,identity,serial-offenders,2026-07-26,SIREN分析2026-07-19 appendix whale_group「离场庄#1·核心链」,serial-offender,,,2026-07-19,2026-07-26,,
0xe3081a2f25a9e7a5dc8e6ad9de95b4a60c9edb03,bsc,惯犯庄家（SIREN案·离场庄#1·核心链）,serial-actor,identity,serial-offenders,2026-07-26,SIREN分析2026-07-19 appendix whale_group「离场庄#1·核心链」,serial-offender,,,2026-07-19,2026-07-26,,
0xe32baf689a66b0191bd6f41707b1c55e6a6d5854,bsc,惯犯庄家（SIREN案·离场庄#1·核心链）,serial-actor,identity,serial-offenders,2026-07-26,SIREN分析2026-07-19 appendix whale_group「离场庄#1·核心链」,serial-offender,,,2026-07-19,2026-07-26,,
0xe3389feb90088aba7f1631b097d642e50d684188,bsc,惯犯庄家（SIREN案·离场庄#1·核心链）,serial-actor,identity,serial-offenders,2026-07-26,SIREN分析2026-07-19 appendix whale_group「离场庄#1·核心链」,serial-offender,,,2026-07-19,2026-07-26,,
0xe33c7cf9502c92637dceb995d6ab406eeba175e0,bsc,惯犯庄家（SIREN案·离场庄#1·核心链）,serial-actor,identity,serial-offenders,2026-07-26,SIREN分析2026-07-19 appendix whale_group「离场庄#1·核心链」,serial-offender,,,2026-07-19,2026-07-26,,
0xe360dba704b32f2257a498f87c2e34dc0af67d91,bsc,惯犯庄家（B案·小庄#1）,serial-actor,identity,serial-offenders,2026-07-26,BUILD分析 appendix whale_group「小庄#1」,serial-offender,,,2026-07-25,2026-07-26,,
0xe376e305a0f674bf6787e9e1ae1b7ca40b148bcb,bsc,惯犯庄家（BANANAS31案·小庄S·Bitget库存循环体系）,serial-actor,identity,serial-offenders,2026-07-26,BANANAS31分析 appendix whale_group「小庄S·Bitget库存循环体系」,serial-offender,,,2026-07-22,2026-07-26,,
0xe3d0025f84030c1263bb9c6ff3ff778dd13d4e62,bsc,惯犯庄家（SIREN案·离场庄#1·核心链）,serial-actor,identity,serial-offenders,2026-07-26,SIREN分析2026-07-19 appendix whale_group「离场庄#1·核心链」,serial-offender,,,2026-07-19,2026-07-26,,
0xe430d7daca8256471987485da9ae7b97c08b7d7c,bsc,"惯犯庄家（BANANAS31案·狙击集团(已离场,残尾仓)）",serial-actor,identity,serial-offenders,2026-07-26,"BANANAS31分析 appendix whale_group「狙击集团(已离场,残尾仓)」",serial-offender,,,2026-07-22,2026-07-26,,
0xe458b12905034696fc5e99ebf435f86ae6cb3e6e,bsc,惯犯庄家（SIREN案·离场庄#1·核心链）,serial-actor,identity,serial-offenders,2026-07-26,SIREN分析2026-07-19 appendix whale_group「离场庄#1·核心链」,serial-offender,,,2026-07-19,2026-07-26,,
0xe46003327a12b754a8394c0d4e45743515e0f07b,bsc,惯犯庄家（B案·小庄#1）,serial-actor,identity,serial-offenders,2026-07-26,BUILD分析 appendix whale_group「小庄#1」,serial-offender,,,2026-07-25,2026-07-26,,
0xe47624fbe67432faa04b3669e05d80cf5757becb,bsc,惯犯庄家（B案·小庄#1）,serial-actor,identity,serial-offenders,2026-07-26,BUILD分析 appendix whale_group「小庄#1」,serial-offender,,,2026-07-25,2026-07-26,,
0xe484b800906a9a12aefd4a3e5bbb4fac53ef3914,bsc,"惯犯庄家（BANANAS31案·狙击集团(已离场,残尾仓)）",serial-actor,identity,serial-offenders,2026-07-26,"BANANAS31分析 appendix whale_group「狙击集团(已离场,残尾仓)」",serial-offender,,,2026-07-22,2026-07-26,,
0xe4917d4f44941b810c473bcbfbd05b27d9795890,bsc,惯犯庄家（SIREN案·离场庄#1·核心链）,serial-actor,identity,serial-offenders,2026-07-26,SIREN分析2026-07-19 appendix whale_group「离场庄#1·核心链」,serial-offender,,,2026-07-19,2026-07-26,,
0xe497cd6444b8b5ba29814bd3f3afabe75eb297ae,bsc,惯犯庄家（B案·小庄#1）,serial-actor,identity,serial-offenders,2026-07-26,BUILD分析 appendix whale_group「小庄#1」,serial-offender,,,2026-07-25,2026-07-26,,
0xe4b122f5ecce9e6b4fd36f89fb79c4df26342ddf,bsc,惯犯庄家（SIREN案·离场庄#1·核心链）,serial-actor,identity,serial-offenders,2026-07-26,SIREN分析2026-07-19 appendix whale_group「离场庄#1·核心链」,serial-offender,,,2026-07-19,2026-07-26,,
0xe4ee73af708ae70e22d2669af15ea0686d425a37,bsc,惯犯庄家（SIREN案·离场庄#1·核心链）,serial-actor,identity,serial-offenders,2026-07-26,SIREN分析2026-07-19 appendix whale_group「离场庄#1·核心链」,serial-offender,,,2026-07-19,2026-07-26,,
0xe4f1a14e5b1014a448688aef0a9da7a782c79b42,bsc,惯犯庄家（SIREN案·离场庄#1·核心链）,serial-actor,identity,serial-offenders,2026-07-26,SIREN分析2026-07-19 appendix whale_group「离场庄#1·核心链」,serial-offender,,,2026-07-19,2026-07-26,,
0xe4faab79f9dac7950668b27cad9567122879882d,bsc,惯犯庄家（B案·小庄#1）,serial-actor,identity,serial-offenders,2026-07-26,BUILD分析 appendix whale_group「小庄#1」,serial-offender,,,2026-07-25,2026-07-26,,
0xe4ff4960a1629814b13812e3c7db69e159cfb5fd,bsc,惯犯庄家（B案·小庄#1）,serial-actor,identity,serial-offenders,2026-07-26,BUILD分析 appendix whale_group「小庄#1」,serial-offender,,,2026-07-25,2026-07-26,,
0xe53903ac9d63dc7dde19f110973ee41325f22404,bsc,惯犯庄家（SIREN案·离场庄#1·核心链）,serial-actor,identity,serial-offenders,2026-07-26,SIREN分析2026-07-19 appendix whale_group「离场庄#1·核心链」,serial-offender,,,2026-07-19,2026-07-26,,
0xe53d5fa0e341a6cf05892024a1ac3520b6f94e62,bsc,惯犯庄家（SIREN案·离场庄#1·核心链）,serial-actor,identity,serial-offenders,2026-07-26,SIREN分析2026-07-19 appendix whale_group「离场庄#1·核心链」,serial-offender,,,2026-07-19,2026-07-26,,
0xe56042dd71cc81f22e7fe5671ba438cef13dd8af,bsc,惯犯庄家（B案·小庄#1）,serial-actor,identity,serial-offenders,2026-07-26,BUILD分析 appendix whale_group「小庄#1」,serial-offender,,,2026-07-25,2026-07-26,,
0xe575569b70d840930bab133f423f4b27dac4b585,bsc,惯犯庄家（SIREN案·离场庄#1·核心链）,serial-actor,identity,serial-offenders,2026-07-26,SIREN分析2026-07-19 appendix whale_group「离场庄#1·核心链」,serial-offender,,,2026-07-19,2026-07-26,,
0xe5bc4eaef6e7a2ec338f3ad3c2a893d2557a1ec5,bsc,惯犯庄家（B案·小庄#1）,serial-actor,identity,serial-offenders,2026-07-26,BUILD分析 appendix whale_group「小庄#1」,serial-offender,,,2026-07-25,2026-07-26,,
0xe5cb69add7ac9fc03f156ee61ae939dcefa5a766,bsc,惯犯庄家（B案·小庄#1）,serial-actor,identity,serial-offenders,2026-07-26,BUILD分析 appendix whale_group「小庄#1」,serial-offender,,,2026-07-25,2026-07-26,,
0xe5f6e1168e550f6b2f5ac0bfd0171f0d15866b72,bsc,惯犯庄家（SIREN案·离场庄#1·核心链）,serial-actor,identity,serial-offenders,2026-07-26,SIREN分析2026-07-19 appendix whale_group「离场庄#1·核心链」,serial-offender,,,2026-07-19,2026-07-26,,
0xe6005366d4fa570161a37456d90b692ec1615423,bsc,惯犯庄家（SIREN案·离场庄#1·核心链）,serial-actor,identity,serial-offenders,2026-07-26,SIREN分析2026-07-19 appendix whale_group「离场庄#1·核心链」,serial-offender,,,2026-07-19,2026-07-26,,
0xe624bbdf3316a7d1ffc1e9ebe7d27b0778ef04e7,bsc,惯犯庄家（SIREN案·离场庄#1·核心链）,serial-actor,identity,serial-offenders,2026-07-26,SIREN分析2026-07-19 appendix whale_group「离场庄#1·核心链」,serial-offender,,,2026-07-19,2026-07-26,,
0xe63dbcaca45ec4080764da2a68c95f9ac55251b0,bsc,惯犯庄家（SIREN案·离场庄#1·扩展与静置仓网）,serial-actor,identity,serial-offenders,2026-07-26,SIREN分析2026-07-19 appendix whale_group「离场庄#1·扩展与静置仓网」,serial-offender,,,2026-07-19,2026-07-26,,
0xe65c99e7f10b79df65ac0147580d903840ece6e0,bsc,惯犯庄家（SIREN案·离场庄#1·核心链）,serial-actor,identity,serial-offenders,2026-07-26,SIREN分析2026-07-19 appendix whale_group「离场庄#1·核心链」,serial-offender,,,2026-07-19,2026-07-26,,
0xe66e267f76be7bcd6c1baff489b56e4b8b152b53,bsc,惯犯庄家（SIREN案·离场庄#1·核心链）,serial-actor,identity,serial-offenders,2026-07-26,SIREN分析2026-07-19 appendix whale_group「离场庄#1·核心链」,serial-offender,,,2026-07-19,2026-07-26,,
0xe677d81115d8f50a3a6c7e8d541fa56a9ca88ed2,bsc,惯犯庄家（SIREN案·离场庄#1·核心链）,serial-actor,identity,serial-offenders,2026-07-26,SIREN分析2026-07-19 appendix whale_group「离场庄#1·核心链」,serial-offender,,,2026-07-19,2026-07-26,,
0xe67ec15fbc1ee02e415a4e436cb723d019e3ad1f,bsc,惯犯庄家（SIREN案·离场庄#1·核心链）,serial-actor,identity,serial-offenders,2026-07-26,SIREN分析2026-07-19 appendix whale_group「离场庄#1·核心链」,serial-offender,,,2026-07-19,2026-07-26,,
0xe69a5cdcc580032b4f7f3e5496512d37f94596b4,bsc,惯犯庄家（SIREN案·离场庄#1·核心链）,serial-actor,identity,serial-offenders,2026-07-26,SIREN分析2026-07-19 appendix whale_group「离场庄#1·核心链」,serial-offender,,,2026-07-19,2026-07-26,,
0xe6ac72b6231db3cda3bb9f0b5f58dadfd747330e,bsc,惯犯庄家（SIREN案·离场庄#1·核心链）,serial-actor,identity,serial-offenders,2026-07-26,SIREN分析2026-07-19 appendix whale_group「离场庄#1·核心链」,serial-offender,,,2026-07-19,2026-07-26,,
0xe6beeabe87c313283c6057eed3a62dac899b3772,bsc,惯犯庄家（SIREN案·离场庄#1·核心链）,serial-actor,identity,serial-offenders,2026-07-26,SIREN分析2026-07-19 appendix whale_group「离场庄#1·核心链」,serial-offender,,,2026-07-19,2026-07-26,,
0xe6bf9760cb30ffd7438f74b0defa342c3137204b,bsc,惯犯庄家（B案·小庄#1）,serial-actor,identity,serial-offenders,2026-07-26,BUILD分析 appendix whale_group「小庄#1」,serial-offender,,,2026-07-25,2026-07-26,,
0xe6dc69e04e6075b7b23b41943adce246b86416b4,bsc,惯犯庄家（SIREN案·离场庄#1·扩展与静置仓网）,serial-actor,identity,serial-offenders,2026-07-26,SIREN分析2026-07-19 appendix whale_group「离场庄#1·扩展与静置仓网」,serial-offender,,,2026-07-19,2026-07-26,,
0xe6dd1e8340ad3a7f897a6f2a6b024af45d45cf1e,bsc,惯犯庄家（SIREN案·离场庄#1·核心链）,serial-actor,identity,serial-offenders,2026-07-26,SIREN分析2026-07-19 appendix whale_group「离场庄#1·核心链」,serial-offender,,,2026-07-19,2026-07-26,,
0xe6e4d5d70ea617a16680a16077363e6e9325e01c,bsc,惯犯庄家（SIREN案·离场庄#1·核心链）,serial-actor,identity,serial-offenders,2026-07-26,SIREN分析2026-07-19 appendix whale_group「离场庄#1·核心链」,serial-offender,,,2026-07-19,2026-07-26,,
0xe735a6949ed64015f7488786e94e3df83a416c04,bsc,惯犯庄家（B案·小庄#1）,serial-actor,identity,serial-offenders,2026-07-26,BUILD分析 appendix whale_group「小庄#1」,serial-offender,,,2026-07-25,2026-07-26,,
0xe77f709a79b0fe7620d2d7f4f5ff9c55478198e0,bsc,惯犯庄家（SIREN案·离场庄#1·核心链）,serial-actor,identity,serial-offenders,2026-07-26,SIREN分析2026-07-19 appendix whale_group「离场庄#1·核心链」,serial-offender,,,2026-07-19,2026-07-26,,
0xe79ecd9790ba7caf0fa6ef439f74570540dec643,bsc,惯犯庄家（SIREN案·离场庄#1·核心链）,serial-actor,identity,serial-offenders,2026-07-26,SIREN分析2026-07-19 appendix whale_group「离场庄#1·核心链」,serial-offender,,,2026-07-19,2026-07-26,,
0xe7af178bd4ada0c17225337b46a32d73d6d64039,bsc,惯犯庄家（B案·小庄#1）,serial-actor,identity,serial-offenders,2026-07-26,BUILD分析 appendix whale_group「小庄#1」,serial-offender,,,2026-07-25,2026-07-26,,
0xe7d6793323475265815df9b0352a6ca838d7c378,bsc,惯犯庄家（B案·小庄#1）,serial-actor,identity,serial-offenders,2026-07-26,BUILD分析 appendix whale_group「小庄#1」,serial-offender,,,2026-07-25,2026-07-26,,
0xe7f20a1d7f3e4013bcf2c0f9d3a113c99404778f,bsc,惯犯庄家（B案·小庄#1）,serial-actor,identity,serial-offenders,2026-07-26,BUILD分析 appendix whale_group「小庄#1」,serial-offender,,,2026-07-25,2026-07-26,,
0xe8082fbab2db0fb3be56246fdffecc91f7f662f5,bsc,惯犯庄家（SIREN案·离场庄#1·核心链）,serial-actor,identity,serial-offenders,2026-07-26,SIREN分析2026-07-19 appendix whale_group「离场庄#1·核心链」,serial-offender,,,2026-07-19,2026-07-26,,
0xe81d753d5c6b749e94480b3fa18edd66c0dc3fb6,bsc,惯犯庄家（B案·小庄#1）,serial-actor,identity,serial-offenders,2026-07-26,BUILD分析 appendix whale_group「小庄#1」,serial-offender,,,2026-07-25,2026-07-26,,
0xe83f8e226f0b32c43fffd38d56d8343d674cb78a,bsc,惯犯庄家（SIREN案·离场庄#1·核心链）,serial-actor,identity,serial-offenders,2026-07-26,SIREN分析2026-07-19 appendix whale_group「离场庄#1·核心链」,serial-offender,,,2026-07-19,2026-07-26,,
0xe8474dc6e7eb66a59e0fb9bcfd79b02e1937af1d,bsc,惯犯庄家（SIREN案·离场庄#1·核心链）,serial-actor,identity,serial-offenders,2026-07-26,SIREN分析2026-07-19 appendix whale_group「离场庄#1·核心链」,serial-offender,,,2026-07-19,2026-07-26,,
0xe877fcbfb96120cc024bbe5281bba54e3386128f,bsc,惯犯庄家（B案·小庄#1）,serial-actor,identity,serial-offenders,2026-07-26,BUILD分析 appendix whale_group「小庄#1」,serial-offender,,,2026-07-25,2026-07-26,,
0xe8e4356839e8ff1eddec7ad78667ecd4802bf38e,bsc,惯犯庄家（SIREN案·离场庄#1·核心链）,serial-actor,identity,serial-offenders,2026-07-26,SIREN分析2026-07-19 appendix whale_group「离场庄#1·核心链」,serial-offender,,,2026-07-19,2026-07-26,,
0xe910c75803296bbf1d2a7006b0ecbab905be575d,bsc,惯犯庄家（SIREN案·离场庄#1·核心链）,serial-actor,identity,serial-offenders,2026-07-26,SIREN分析2026-07-19 appendix whale_group「离场庄#1·核心链」,serial-offender,,,2026-07-19,2026-07-26,,
0xe94b4db1126c561bc63724f15d2e802cf918568e,bsc,惯犯庄家（B案·小庄#1）,serial-actor,identity,serial-offenders,2026-07-26,BUILD分析 appendix whale_group「小庄#1」,serial-offender,,,2026-07-25,2026-07-26,,
0xe9512156ccc602e754adb1d0c0eba79bc8d43529,bsc,惯犯庄家（SIREN案·离场庄#1·核心链）,serial-actor,identity,serial-offenders,2026-07-26,SIREN分析2026-07-19 appendix whale_group「离场庄#1·核心链」,serial-offender,,,2026-07-19,2026-07-26,,
0xe96aa10df07459efc3d19f985257fc54714d09df,bsc,惯犯庄家（B案·小庄#1）,serial-actor,identity,serial-offenders,2026-07-26,BUILD分析 appendix whale_group「小庄#1」,serial-offender,,,2026-07-25,2026-07-26,,
0xe985a8c4810a8235a7c063f998d077ec0e460b86,bsc,惯犯庄家（SIREN案·离场庄#1·核心链）,serial-actor,identity,serial-offenders,2026-07-26,SIREN分析2026-07-19 appendix whale_group「离场庄#1·核心链」,serial-offender,,,2026-07-19,2026-07-26,,
0xe990e38e33aafe6069f7612b61fd009aa66fa74f,bsc,惯犯庄家（SIREN案·离场庄#1·核心链）,serial-actor,identity,serial-offenders,2026-07-26,SIREN分析2026-07-19 appendix whale_group「离场庄#1·核心链」,serial-offender,,,2026-07-19,2026-07-26,,
0xe9984f1f094921f86b11cca3bae1fe2f94bc86b2,bsc,惯犯庄家（B案·小庄#1）,serial-actor,identity,serial-offenders,2026-07-26,BUILD分析 appendix whale_group「小庄#1」,serial-offender,,,2026-07-25,2026-07-26,,
0xe9bee729253e5f2dbc5643b5cfe0811cdd7288c8,bsc,惯犯庄家（SIREN案·离场庄#1·核心链）,serial-actor,identity,serial-offenders,2026-07-26,SIREN分析2026-07-19 appendix whale_group「离场庄#1·核心链」,serial-offender,,,2026-07-19,2026-07-26,,
0xe9c1302baf208abc5ec1cc8ba8e40646e1a1d409,bsc,惯犯庄家（SIREN案·离场庄#1·核心链）,serial-actor,identity,serial-offenders,2026-07-26,SIREN分析2026-07-19 appendix whale_group「离场庄#1·核心链」,serial-offender,,,2026-07-19,2026-07-26,,
0xe9ca41d807827537aee00ea871df133eb8810ad6,bsc,惯犯庄家（SIREN案·离场庄#1·核心链）,serial-actor,identity,serial-offenders,2026-07-26,SIREN分析2026-07-19 appendix whale_group「离场庄#1·核心链」,serial-offender,,,2026-07-19,2026-07-26,,
0xe9cdd76d43bfc1b9246cad40c9ed21d20d067424,bsc,惯犯庄家（SIREN案·离场庄#1·核心链）,serial-actor,identity,serial-offenders,2026-07-26,SIREN分析2026-07-19 appendix whale_group「离场庄#1·核心链」,serial-offender,,,2026-07-19,2026-07-26,,
0xea0ad2508d82bd05db97e8297a465be799343992,bsc,惯犯庄家（SIREN案·离场庄#1·核心链）,serial-actor,identity,serial-offenders,2026-07-26,SIREN分析2026-07-19 appendix whale_group「离场庄#1·核心链」,serial-offender,,,2026-07-19,2026-07-26,,
0xea3ec57468000f4652822693a35b3222eb5eb193,bsc,惯犯庄家（SIREN案·离场庄#1·核心链）,serial-actor,identity,serial-offenders,2026-07-26,SIREN分析2026-07-19 appendix whale_group「离场庄#1·核心链」,serial-offender,,,2026-07-19,2026-07-26,,
0xeae14943802e8aed533ec0b5ee7ef56c4a89243c,bsc,惯犯庄家（SIREN案·离场庄#1·扩展与静置仓网）,serial-actor,identity,serial-offenders,2026-07-26,SIREN分析2026-07-19 appendix whale_group「离场庄#1·扩展与静置仓网」,serial-offender,,,2026-07-19,2026-07-26,,
0xeb062be34b4799372899fdc9392992b2d78f1488,bsc,惯犯庄家（BANANAS31案·小庄S·Bitget库存循环体系）,serial-actor,identity,serial-offenders,2026-07-26,BANANAS31分析 appendix whale_group「小庄S·Bitget库存循环体系」,serial-offender,,,2026-07-22,2026-07-26,,
0xeb31003af9108f77ef604a16c7b84a742a3f5941,bsc,惯犯庄家（SIREN案·离场庄#1·核心链）,serial-actor,identity,serial-offenders,2026-07-26,SIREN分析2026-07-19 appendix whale_group「离场庄#1·核心链」,serial-offender,,,2026-07-19,2026-07-26,,
0xeb5e6fe9ba3d22d91bc3018013701053c73e273d,bsc,惯犯庄家（SIREN案·离场庄#1·核心链）,serial-actor,identity,serial-offenders,2026-07-26,SIREN分析2026-07-19 appendix whale_group「离场庄#1·核心链」,serial-offender,,,2026-07-19,2026-07-26,,
0xeb68cd9137d01af61c06ec28391ce7a3c5ec5336,bsc,惯犯庄家（B案·小庄#1）,serial-actor,identity,serial-offenders,2026-07-26,BUILD分析 appendix whale_group「小庄#1」,serial-offender,,,2026-07-25,2026-07-26,,
0xeba5ec0bd913b95cee9446a2339bca2563cf9440,bsc,惯犯庄家（B案·小庄#1）,serial-actor,identity,serial-offenders,2026-07-26,BUILD分析 appendix whale_group「小庄#1」,serial-offender,,,2026-07-25,2026-07-26,,
0xebd362e0ea7da368f34184ae8a1f439178aeee02,bsc,惯犯庄家（B案·小庄#1）,serial-actor,identity,serial-offenders,2026-07-26,BUILD分析 appendix whale_group「小庄#1」,serial-offender,,,2026-07-25,2026-07-26,,
0xebdef7482c09c3f2beb9307b688f52cbdcc359db,bsc,惯犯庄家（SIREN案·离场庄#1·核心链）,serial-actor,identity,serial-offenders,2026-07-26,SIREN分析2026-07-19 appendix whale_group「离场庄#1·核心链」,serial-offender,,,2026-07-19,2026-07-26,,
0xebe1dcebba82dc56ce4db1351d4acbd5e0aa42b9,bsc,惯犯庄家（SIREN案·离场庄#1·核心链）,serial-actor,identity,serial-offenders,2026-07-26,SIREN分析2026-07-19 appendix whale_group「离场庄#1·核心链」,serial-offender,,,2026-07-19,2026-07-26,,
0xebefdc77b73fa7aea02b674a7fa5b5027a170aa6,bsc,惯犯庄家（SIREN案·离场庄#1·核心链）,serial-actor,identity,serial-offenders,2026-07-26,SIREN分析2026-07-19 appendix whale_group「离场庄#1·核心链」,serial-offender,,,2026-07-19,2026-07-26,,
0xec2a10624d74a2a339fdabcd41c3b173640256cd,bsc,惯犯庄家（SIREN案·离场庄#1·核心链）,serial-actor,identity,serial-offenders,2026-07-26,SIREN分析2026-07-19 appendix whale_group「离场庄#1·核心链」,serial-offender,,,2026-07-19,2026-07-26,,
0xec30726759ad73f9b2abbdebafe6aaa1cae51d7c,bsc,惯犯庄家（SIREN案·离场庄#1·核心链）,serial-actor,identity,serial-offenders,2026-07-26,SIREN分析2026-07-19 appendix whale_group「离场庄#1·核心链」,serial-offender,,,2026-07-19,2026-07-26,,
0xec44e7a68da1eed2e2d57e11665faff66cb5a7a2,bsc,惯犯庄家（SIREN案·离场庄#1·核心链）,serial-actor,identity,serial-offenders,2026-07-26,SIREN分析2026-07-19 appendix whale_group「离场庄#1·核心链」,serial-offender,,,2026-07-19,2026-07-26,,
0xec59d700784c9cce6d995d3e164f0005726ea88b,bsc,惯犯庄家（SIREN案·离场庄#1·核心链）,serial-actor,identity,serial-offenders,2026-07-26,SIREN分析2026-07-19 appendix whale_group「离场庄#1·核心链」,serial-offender,,,2026-07-19,2026-07-26,,
0xec5a2d9ff6b2ff097c8e03b7accf2f366c83b30d,bsc,惯犯庄家（SIREN案·离场庄#1·核心链）,serial-actor,identity,serial-offenders,2026-07-26,SIREN分析2026-07-19 appendix whale_group「离场庄#1·核心链」,serial-offender,,,2026-07-19,2026-07-26,,
0xec5cb5e90ba0a5fa1137ec5090330cbcd200617d,bsc,惯犯庄家（B案·小庄#1）,serial-actor,identity,serial-offenders,2026-07-26,BUILD分析 appendix whale_group「小庄#1」,serial-offender,,,2026-07-25,2026-07-26,,
0xec6a1c23bbdc74e5220b25e736b0daa02ef1c41c,bsc,惯犯庄家（SIREN案·离场庄#1·核心链）,serial-actor,identity,serial-offenders,2026-07-26,SIREN分析2026-07-19 appendix whale_group「离场庄#1·核心链」,serial-offender,,,2026-07-19,2026-07-26,,
0xeca6225a34d93b62fc107ac760630e4aa07e991c,bsc,惯犯庄家（SIREN案·离场庄#1·核心链）,serial-actor,identity,serial-offenders,2026-07-26,SIREN分析2026-07-19 appendix whale_group「离场庄#1·核心链」,serial-offender,,,2026-07-19,2026-07-26,,
0xecb30496b31758a14e1e948030e734d9e05f5a82,bsc,惯犯庄家（SIREN案·离场庄#1·核心链）,serial-actor,identity,serial-offenders,2026-07-26,SIREN分析2026-07-19 appendix whale_group「离场庄#1·核心链」,serial-offender,,,2026-07-19,2026-07-26,,
0xecd1956b9f72d3217f15aafe0dc1eb45909ee348,bsc,惯犯庄家（B案·小庄#1）,serial-actor,identity,serial-offenders,2026-07-26,BUILD分析 appendix whale_group「小庄#1」,serial-offender,,,2026-07-25,2026-07-26,,
0xed38361437b4a59cb9062a26f4f8697b7eecc985,bsc,惯犯庄家（SIREN案·离场庄#1·核心链）,serial-actor,identity,serial-offenders,2026-07-26,SIREN分析2026-07-19 appendix whale_group「离场庄#1·核心链」,serial-offender,,,2026-07-19,2026-07-26,,
0xed55f558c9c514c1e6fe8686166aba23c9cd0685,bsc,惯犯庄家（SIREN案·离场庄#1·扩展与静置仓网）,serial-actor,identity,serial-offenders,2026-07-26,SIREN分析2026-07-19 appendix whale_group「离场庄#1·扩展与静置仓网」,serial-offender,,,2026-07-19,2026-07-26,,
0xed711ddd02ce5785f6306cad9b2eabf3a245ebb5,bsc,惯犯庄家（BANANAS31案·小庄S·Bitget库存循环体系）,serial-actor,identity,serial-offenders,2026-07-26,BANANAS31分析 appendix whale_group「小庄S·Bitget库存循环体系」,serial-offender,,,2026-07-22,2026-07-26,,
0xed790c1faa0d6e7babad963c60910316f7515673,bsc,惯犯庄家（BANANAS31案·小庄S·Bitget库存循环体系）,serial-actor,identity,serial-offenders,2026-07-26,BANANAS31分析 appendix whale_group「小庄S·Bitget库存循环体系」,serial-offender,,,2026-07-22,2026-07-26,,
0xed94a8d9e7317849f072dbe3822440059f479d3c,bsc,惯犯庄家（SIREN案·离场庄#1·核心链）,serial-actor,identity,serial-offenders,2026-07-26,SIREN分析2026-07-19 appendix whale_group「离场庄#1·核心链」,serial-offender,,,2026-07-19,2026-07-26,,
0xede7e50e68ac454415f0f7308c0452caa345c0ff,bsc,惯犯庄家（B案·小庄#1）,serial-actor,identity,serial-offenders,2026-07-26,BUILD分析 appendix whale_group「小庄#1」,serial-offender,,,2026-07-25,2026-07-26,,
0xee27b0209b30d7c713d869f62855bef9ed19e061,bsc,惯犯庄家（BANANAS31案·小庄S·Bitget库存循环体系）,serial-actor,identity,serial-offenders,2026-07-26,BANANAS31分析 appendix whale_group「小庄S·Bitget库存循环体系」,serial-offender,,,2026-07-22,2026-07-26,,
0xeea4fcfe3f1615761e86c832813117083bc41701,bsc,惯犯庄家（B案·小庄#1）,serial-actor,identity,serial-offenders,2026-07-26,BUILD分析 appendix whale_group「小庄#1」,serial-offender,,,2026-07-25,2026-07-26,,
0xeeda32c1938690327f3e07ed443ea78e49755f0c,bsc,惯犯庄家（SIREN案·离场庄#1·核心链）,serial-actor,identity,serial-offenders,2026-07-26,SIREN分析2026-07-19 appendix whale_group「离场庄#1·核心链」,serial-offender,,,2026-07-19,2026-07-26,,
0xeeff57c6a975dfb5d63347f27488e26192cd1e81,bsc,惯犯庄家（SIREN案·离场庄#1·核心链）,serial-actor,identity,serial-offenders,2026-07-26,SIREN分析2026-07-19 appendix whale_group「离场庄#1·核心链」,serial-offender,,,2026-07-19,2026-07-26,,
0xef3306aa916c99847abe9bed0b40ccd869be7926,bsc,惯犯庄家（SIREN案·离场庄#1·核心链）,serial-actor,identity,serial-offenders,2026-07-26,SIREN分析2026-07-19 appendix whale_group「离场庄#1·核心链」,serial-offender,,,2026-07-19,2026-07-26,,
0xef53e6b0e3ed0446bda6774b347f17846a2d3ada,bsc,惯犯庄家（B案·小庄#1）,serial-actor,identity,serial-offenders,2026-07-26,BUILD分析 appendix whale_group「小庄#1」,serial-offender,,,2026-07-25,2026-07-26,,
0xef651f1a94299134b90efde41a8a098b64ef7920,bsc,惯犯庄家（SIREN案·离场庄#1·核心链）,serial-actor,identity,serial-offenders,2026-07-26,SIREN分析2026-07-19 appendix whale_group「离场庄#1·核心链」,serial-offender,,,2026-07-19,2026-07-26,,
0xef6b91d0ad07723863bb06026bc433efe697e685,bsc,惯犯庄家（SIREN案·离场庄#1·核心链）,serial-actor,identity,serial-offenders,2026-07-26,SIREN分析2026-07-19 appendix whale_group「离场庄#1·核心链」,serial-offender,,,2026-07-19,2026-07-26,,
0xefa69bf0b4990e64ddf11c1d63a03337526cc095,bsc,惯犯庄家（SIREN案·离场庄#1·核心链）,serial-actor,identity,serial-offenders,2026-07-26,SIREN分析2026-07-19 appendix whale_group「离场庄#1·核心链」,serial-offender,,,2026-07-19,2026-07-26,,
0xefb416664788c7c2b2482eaf6c135f8801b2a2fb,bsc,惯犯庄家（SIREN案·离场庄#1·扩展与静置仓网）,serial-actor,identity,serial-offenders,2026-07-26,SIREN分析2026-07-19 appendix whale_group「离场庄#1·扩展与静置仓网」,serial-offender,,,2026-07-19,2026-07-26,,
0xf01d2a83a89bee031667eda60428f2fe5760c4c9,bsc,惯犯庄家（SIREN案·离场庄#1·扩展与静置仓网）,serial-actor,identity,serial-offenders,2026-07-26,SIREN分析2026-07-19 appendix whale_group「离场庄#1·扩展与静置仓网」,serial-offender,,,2026-07-19,2026-07-26,,
0xf05ec472d3bc00ccdad65c5674007fa9d8fd743b,bsc,惯犯庄家（SIREN案·离场庄#1·核心链）,serial-actor,identity,serial-offenders,2026-07-26,SIREN分析2026-07-19 appendix whale_group「离场庄#1·核心链」,serial-offender,,,2026-07-19,2026-07-26,,
0xf0a4bf04d2cb6688f60c715b69b79c1c3987ae6d,bsc,惯犯庄家（SIREN案·离场庄#1·核心链）,serial-actor,identity,serial-offenders,2026-07-26,SIREN分析2026-07-19 appendix whale_group「离场庄#1·核心链」,serial-offender,,,2026-07-19,2026-07-26,,
0xf0d0f9f47b4accd146c537993bbed9ec50486095,bsc,惯犯庄家（SIREN案·离场庄#1·核心链）,serial-actor,identity,serial-offenders,2026-07-26,SIREN分析2026-07-19 appendix whale_group「离场庄#1·核心链」,serial-offender,,,2026-07-19,2026-07-26,,
0xf0e6204af26ff62d29c06771b3246c7d59911fa6,bsc,惯犯庄家（SIREN案·离场庄#1·核心链）,serial-actor,identity,serial-offenders,2026-07-26,SIREN分析2026-07-19 appendix whale_group「离场庄#1·核心链」,serial-offender,,,2026-07-19,2026-07-26,,
0xf1811a233b3fb627c335f8d0196d7af153cc45e6,bsc,惯犯庄家（SIREN案·离场庄#1·核心链）,serial-actor,identity,serial-offenders,2026-07-26,SIREN分析2026-07-19 appendix whale_group「离场庄#1·核心链」,serial-offender,,,2026-07-19,2026-07-26,,
0xf1a3f07c35e78cf3a277182e94cf4eac31012ce9,bsc,惯犯庄家（B案·小庄#1）,serial-actor,identity,serial-offenders,2026-07-26,BUILD分析 appendix whale_group「小庄#1」,serial-offender,,,2026-07-25,2026-07-26,,
0xf1e6f954253d2131956f8c3907a261e1e4167778,bsc,惯犯庄家（B案·小庄#1）,serial-actor,identity,serial-offenders,2026-07-26,BUILD分析 appendix whale_group「小庄#1」,serial-offender,,,2026-07-25,2026-07-26,,
0xf1ed0c687637f197cf80ddd34435970d3fa864fd,bsc,惯犯庄家（SIREN案·离场庄#1·核心链）,serial-actor,identity,serial-offenders,2026-07-26,SIREN分析2026-07-19 appendix whale_group「离场庄#1·核心链」,serial-offender,,,2026-07-19,2026-07-26,,
0xf1fc14066a43d9148b1a2b672ee6113b8c06cc3c,bsc,惯犯庄家（B案·小庄#1）,serial-actor,identity,serial-offenders,2026-07-26,BUILD分析 appendix whale_group「小庄#1」,serial-offender,,,2026-07-25,2026-07-26,,
0xf22300f793394f0f7b2efdb3cfa1c018df6884c8,bsc,惯犯庄家（B案·小庄#1）,serial-actor,identity,serial-offenders,2026-07-26,BUILD分析 appendix whale_group「小庄#1」,serial-offender,,,2026-07-25,2026-07-26,,
0xf246be68de54229dcb9e3f1eb7cc9a1a416e2155,bsc,惯犯庄家（SIREN案·离场庄#1·核心链）,serial-actor,identity,serial-offenders,2026-07-26,SIREN分析2026-07-19 appendix whale_group「离场庄#1·核心链」,serial-offender,,,2026-07-19,2026-07-26,,
0xf24b1c89874f99554620ddf0f40c0ddbc7361a79,bsc,惯犯庄家（B案·小庄#1）,serial-actor,identity,serial-offenders,2026-07-26,BUILD分析 appendix whale_group「小庄#1」,serial-offender,,,2026-07-25,2026-07-26,,
0xf26d9d6e36ff73a7a73e7c36781377c0b92b54d8,bsc,惯犯庄家（SIREN案·离场庄#1·核心链）,serial-actor,identity,serial-offenders,2026-07-26,SIREN分析2026-07-19 appendix whale_group「离场庄#1·核心链」,serial-offender,,,2026-07-19,2026-07-26,,
0xf27c50b1f35b8a8b37dd43a1e731a2cdd7327657,bsc,惯犯庄家（BANANAS31案·小庄S·Bitget库存循环体系）,serial-actor,identity,serial-offenders,2026-07-26,BANANAS31分析 appendix whale_group「小庄S·Bitget库存循环体系」,serial-offender,,,2026-07-22,2026-07-26,,
0xf289ad46da3a09ea75d0e2c13412a5f7c9d2dc93,bsc,惯犯庄家（SIREN案·离场庄#1·核心链）,serial-actor,identity,serial-offenders,2026-07-26,SIREN分析2026-07-19 appendix whale_group「离场庄#1·核心链」,serial-offender,,,2026-07-19,2026-07-26,,
0xf2b887eb430d74f73120e5601c5e9a1dcb1e1a18,bsc,惯犯庄家（SIREN案·离场庄#1·核心链）,serial-actor,identity,serial-offenders,2026-07-26,SIREN分析2026-07-19 appendix whale_group「离场庄#1·核心链」,serial-offender,,,2026-07-19,2026-07-26,,
0xf2cf4e140a4b72132ea733330785fd188b909c7c,bsc,惯犯庄家（SIREN案·离场庄#1·核心链）,serial-actor,identity,serial-offenders,2026-07-26,SIREN分析2026-07-19 appendix whale_group「离场庄#1·核心链」,serial-offender,,,2026-07-19,2026-07-26,,
0xf2d426fdef715f43d9ef91b4f3ead9ed495ad842,bsc,惯犯庄家（B案·小庄#1）,serial-actor,identity,serial-offenders,2026-07-26,BUILD分析 appendix whale_group「小庄#1」,serial-offender,,,2026-07-25,2026-07-26,,
0xf2ff5191afce34f59048d6519722aebe5fd65a92,bsc,惯犯庄家（B案·小庄#1）,serial-actor,identity,serial-offenders,2026-07-26,BUILD分析 appendix whale_group「小庄#1」,serial-offender,,,2026-07-25,2026-07-26,,
0xf301cb8c8a549cf00ccaf8e5b5a46bc1d5d0d9fd,bsc,惯犯庄家（B案·小庄#1）,serial-actor,identity,serial-offenders,2026-07-26,BUILD分析 appendix whale_group「小庄#1」,serial-offender,,,2026-07-25,2026-07-26,,
0xf3121912da46da0a2f59274c98995c94988edb7f,bsc,惯犯庄家（B案·小庄#1）,serial-actor,identity,serial-offenders,2026-07-26,BUILD分析 appendix whale_group「小庄#1」,serial-offender,,,2026-07-25,2026-07-26,,
0xf3689a9546c7e6fd466c8cd4a36f71891d72b2a8,bsc,惯犯庄家（SIREN案·离场庄#1·核心链）,serial-actor,identity,serial-offenders,2026-07-26,SIREN分析2026-07-19 appendix whale_group「离场庄#1·核心链」,serial-offender,,,2026-07-19,2026-07-26,,
0xf37aa5b4927e14d6c805a19c7567b75e22690264,bsc,惯犯庄家（B案·小庄#1）,serial-actor,identity,serial-offenders,2026-07-26,BUILD分析 appendix whale_group「小庄#1」,serial-offender,,,2026-07-25,2026-07-26,,
0xf398df934d3106b33f39514fb34ba89a5a380db1,bsc,惯犯庄家（SIREN案·离场庄#1·核心链）,serial-actor,identity,serial-offenders,2026-07-26,SIREN分析2026-07-19 appendix whale_group「离场庄#1·核心链」,serial-offender,,,2026-07-19,2026-07-26,,
0xf39ac85bfec1f28ca4134f357437b6b6cd44e27a,bsc,惯犯庄家（SIREN案·离场庄#1·扩展与静置仓网）,serial-actor,identity,serial-offenders,2026-07-26,SIREN分析2026-07-19 appendix whale_group「离场庄#1·扩展与静置仓网」,serial-offender,,,2026-07-19,2026-07-26,,
0xf39e65e63224fd8c2ecac3e1f454b2fe1b3d6371,bsc,惯犯庄家（SIREN案·离场庄#1·核心链）,serial-actor,identity,serial-offenders,2026-07-26,SIREN分析2026-07-19 appendix whale_group「离场庄#1·核心链」,serial-offender,,,2026-07-19,2026-07-26,,
0xf3eebb63a4f042cd1ba4ecf446997b7f9b04e918,bsc,惯犯庄家（SIREN案·离场庄#1·核心链）,serial-actor,identity,serial-offenders,2026-07-26,SIREN分析2026-07-19 appendix whale_group「离场庄#1·核心链」,serial-offender,,,2026-07-19,2026-07-26,,
0xf416e099199939c8a5718f1a33d10b33ce17ca9c,bsc,惯犯庄家（SIREN案·离场庄#1·扩展与静置仓网）,serial-actor,identity,serial-offenders,2026-07-26,SIREN分析2026-07-19 appendix whale_group「离场庄#1·扩展与静置仓网」,serial-offender,,,2026-07-19,2026-07-26,,
0xf438f410db11242b69640b0f2275081c73b1f4e0,bsc,惯犯庄家（B案·小庄#1）,serial-actor,identity,serial-offenders,2026-07-26,BUILD分析 appendix whale_group「小庄#1」,serial-offender,,,2026-07-25,2026-07-26,,
0xf4403ee799ac3ba48a026b6f0831c03bc6b1fd4c,bsc,惯犯庄家（SIREN案·离场庄#1·核心链）,serial-actor,identity,serial-offenders,2026-07-26,SIREN分析2026-07-19 appendix whale_group「离场庄#1·核心链」,serial-offender,,,2026-07-19,2026-07-26,,
0xf4a7930ed1c9320aa8ed43c9f63f7d57dfd37dd1,bsc,惯犯庄家（SIREN案·离场庄#1·核心链）,serial-actor,identity,serial-offenders,2026-07-26,SIREN分析2026-07-19 appendix whale_group「离场庄#1·核心链」,serial-offender,,,2026-07-19,2026-07-26,,
0xf4b6a94fa2d73a51f9aaefe2a0df09d642925722,bsc,惯犯庄家（SIREN案·离场庄#1·核心链）,serial-actor,identity,serial-offenders,2026-07-26,SIREN分析2026-07-19 appendix whale_group「离场庄#1·核心链」,serial-offender,,,2026-07-19,2026-07-26,,
0xf524091251a52ede038f0327a5cab078979ab326,bsc,惯犯庄家（SIREN案·离场庄#1·核心链）,serial-actor,identity,serial-offenders,2026-07-26,SIREN分析2026-07-19 appendix whale_group「离场庄#1·核心链」,serial-offender,,,2026-07-19,2026-07-26,,
0xf53d6f1b6faf49eeee74ade7d464a8e3a9d2d58a,bsc,惯犯庄家（B案·小庄#1）,serial-actor,identity,serial-offenders,2026-07-26,BUILD分析 appendix whale_group「小庄#1」,serial-offender,,,2026-07-25,2026-07-26,,
0xf581ad933e27551561a90179b2ca42dfa3bf5268,bsc,"惯犯庄家（BANANAS31案·狙击集团(已离场,残尾仓)）",serial-actor,identity,serial-offenders,2026-07-26,"BANANAS31分析 appendix whale_group「狙击集团(已离场,残尾仓)」",serial-offender,,,2026-07-22,2026-07-26,,
0xf595abbc2aec69713621c2f633a11334e69f6841,bsc,惯犯庄家（B案·小庄#1）,serial-actor,identity,serial-offenders,2026-07-26,BUILD分析 appendix whale_group「小庄#1」,serial-offender,,,2026-07-25,2026-07-26,,
0xf59debe940392bbd2ea5c22a44ee5a4458584037,bsc,惯犯庄家（B案·小庄#1）,serial-actor,identity,serial-offenders,2026-07-26,BUILD分析 appendix whale_group「小庄#1」,serial-offender,,,2026-07-25,2026-07-26,,
0xf5a3908e95af6a08ab13f50824d38fc15d8f5ae9,bsc,"惯犯庄家（BANANAS31案·狙击集团(已离场,残尾仓)）",serial-actor,identity,serial-offenders,2026-07-26,"BANANAS31分析 appendix whale_group「狙击集团(已离场,残尾仓)」",serial-offender,,,2026-07-22,2026-07-26,,
0xf5d4488d97bcf47b66a87680acc8db21ca01bc1f,bsc,惯犯庄家（SIREN案·离场庄#1·核心链）,serial-actor,identity,serial-offenders,2026-07-26,SIREN分析2026-07-19 appendix whale_group「离场庄#1·核心链」,serial-offender,,,2026-07-19,2026-07-26,,
0xf5edfd3a89c169b0dcfdde2d6e15a81e537d068a,bsc,惯犯庄家（BANANAS31案·小庄S·Bitget库存循环体系）,serial-actor,identity,serial-offenders,2026-07-26,BANANAS31分析 appendix whale_group「小庄S·Bitget库存循环体系」,serial-offender,,,2026-07-22,2026-07-26,,
0xf650bfbae4303bc24cfd575884899836177f4a71,bsc,"惯犯庄家（BANANAS31案·狙击集团(已离场,残尾仓)）",serial-actor,identity,serial-offenders,2026-07-26,"BANANAS31分析 appendix whale_group「狙击集团(已离场,残尾仓)」",serial-offender,,,2026-07-22,2026-07-26,,
0xf657c6a8f0968f94f00bfb460af706c952679b32,bsc,惯犯庄家（SIREN案·离场庄#1·核心链）,serial-actor,identity,serial-offenders,2026-07-26,SIREN分析2026-07-19 appendix whale_group「离场庄#1·核心链」,serial-offender,,,2026-07-19,2026-07-26,,
0xf65eef1749c77373ce73af62e2bb5aa98c35d4cf,bsc,惯犯庄家（B案·小庄#1）,serial-actor,identity,serial-offenders,2026-07-26,BUILD分析 appendix whale_group「小庄#1」,serial-offender,,,2026-07-25,2026-07-26,,
0xf66169a52519403e448f6da616d47a6bd7c8286f,bsc,惯犯庄家（SIREN案·离场庄#1·核心链）,serial-actor,identity,serial-offenders,2026-07-26,SIREN分析2026-07-19 appendix whale_group「离场庄#1·核心链」,serial-offender,,,2026-07-19,2026-07-26,,
0xf6630ee2eb268fad41c7beacd79a78120fe48fce,bsc,惯犯庄家（B案·小庄#1）,serial-actor,identity,serial-offenders,2026-07-26,BUILD分析 appendix whale_group「小庄#1」,serial-offender,,,2026-07-25,2026-07-26,,
0xf6ceed3615b3a3553834d0d3123c8deb0a360bf8,bsc,"惯犯庄家（BANANAS31案·狙击集团(已离场,残尾仓)）",serial-actor,identity,serial-offenders,2026-07-26,"BANANAS31分析 appendix whale_group「狙击集团(已离场,残尾仓)」",serial-offender,,,2026-07-22,2026-07-26,,
0xf6dca4defc7a685a944851e3dba8fe2120e360e9,bsc,惯犯庄家（SIREN案·离场庄#1·核心链）,serial-actor,identity,serial-offenders,2026-07-26,SIREN分析2026-07-19 appendix whale_group「离场庄#1·核心链」,serial-offender,,,2026-07-19,2026-07-26,,
0xf6e69db7264a29221edcb8d2dc1b58fc8fa661a0,bsc,"惯犯庄家（BANANAS31案·狙击集团(已离场,残尾仓)）",serial-actor,identity,serial-offenders,2026-07-26,"BANANAS31分析 appendix whale_group「狙击集团(已离场,残尾仓)」",serial-offender,,,2026-07-22,2026-07-26,,
0xf73fb8ae0ecd7f3a21be7ba9958f6487ab64b721,bsc,"惯犯庄家（BANANAS31案·狙击集团(已离场,残尾仓)）",serial-actor,identity,serial-offenders,2026-07-26,"BANANAS31分析 appendix whale_group「狙击集团(已离场,残尾仓)」",serial-offender,,,2026-07-22,2026-07-26,,
0xf75370e1c2862b7baa54b06c5c99832cfe6908f6,bsc,惯犯庄家（SIREN案·离场庄#1·核心链）,serial-actor,identity,serial-offenders,2026-07-26,SIREN分析2026-07-19 appendix whale_group「离场庄#1·核心链」,serial-offender,,,2026-07-19,2026-07-26,,
0xf7639b347ce56b4c4087bcb4e6108b5fd3b70634,bsc,惯犯庄家（B案·小庄#1）,serial-actor,identity,serial-offenders,2026-07-26,BUILD分析 appendix whale_group「小庄#1」,serial-offender,,,2026-07-25,2026-07-26,,
0xf789bf396d8999894046a2040d957ca5d20eeef8,bsc,惯犯庄家（B案·小庄#1）,serial-actor,identity,serial-offenders,2026-07-26,BUILD分析 appendix whale_group「小庄#1」,serial-offender,,,2026-07-25,2026-07-26,,
0xf79a17dc2c96ed1c1e031144e5cb27b64bf82df7,bsc,惯犯庄家（SIREN案·离场庄#1·核心链）,serial-actor,identity,serial-offenders,2026-07-26,SIREN分析2026-07-19 appendix whale_group「离场庄#1·核心链」,serial-offender,,,2026-07-19,2026-07-26,,
0xf7ad47321ddead1caf242c8099a46cb65db991df,bsc,惯犯庄家（SIREN案·离场庄#1·核心链）,serial-actor,identity,serial-offenders,2026-07-26,SIREN分析2026-07-19 appendix whale_group「离场庄#1·核心链」,serial-offender,,,2026-07-19,2026-07-26,,
0xf81a29332dc69d9183fa8e7002ada60e55680f5f,bsc,惯犯庄家（B案·小庄#1）,serial-actor,identity,serial-offenders,2026-07-26,BUILD分析 appendix whale_group「小庄#1」,serial-offender,,,2026-07-25,2026-07-26,,
0xf81e65b7ea491ea09febc49304c5bbea93b54f7f,bsc,惯犯庄家（SIREN案·离场庄#1·核心链）,serial-actor,identity,serial-offenders,2026-07-26,SIREN分析2026-07-19 appendix whale_group「离场庄#1·核心链」,serial-offender,,,2026-07-19,2026-07-26,,
0xf827a80184e16f734936a2815bdf014285ce2360,bsc,惯犯庄家（SIREN案·离场庄#1·核心链）,serial-actor,identity,serial-offenders,2026-07-26,SIREN分析2026-07-19 appendix whale_group「离场庄#1·核心链」,serial-offender,,,2026-07-19,2026-07-26,,
0xf82ad4feb68ed860b2609db4c07a957ced4ae168,bsc,惯犯庄家（SIREN案·离场庄#1·扩展与静置仓网）,serial-actor,identity,serial-offenders,2026-07-26,SIREN分析2026-07-19 appendix whale_group「离场庄#1·扩展与静置仓网」,serial-offender,,,2026-07-19,2026-07-26,,
0xf833277477af0da1e84df53f9cd681f25dfc2926,bsc,惯犯庄家（SIREN案·离场庄#1·核心链）,serial-actor,identity,serial-offenders,2026-07-26,SIREN分析2026-07-19 appendix whale_group「离场庄#1·核心链」,serial-offender,,,2026-07-19,2026-07-26,,
0xf8416ba98c7808865a3f230d9da4d85b4dc845ab,bsc,惯犯庄家（B案·小庄#1）,serial-actor,identity,serial-offenders,2026-07-26,BUILD分析 appendix whale_group「小庄#1」,serial-offender,,,2026-07-25,2026-07-26,,
0xf84b711e017b20580b0c30645d336fdfbcf44ed8,bsc,惯犯庄家（SIREN案·离场庄#1·核心链）,serial-actor,identity,serial-offenders,2026-07-26,SIREN分析2026-07-19 appendix whale_group「离场庄#1·核心链」,serial-offender,,,2026-07-19,2026-07-26,,
0xf8649a8e161c8e098babc3a3beaf3e1f18849d52,bsc,惯犯庄家（B案·小庄#1）,serial-actor,identity,serial-offenders,2026-07-26,BUILD分析 appendix whale_group「小庄#1」,serial-offender,,,2026-07-25,2026-07-26,,
0xf88785b5ec79922baf364013fea86addd2c7300c,bsc,惯犯庄家（B案·小庄#1）,serial-actor,identity,serial-offenders,2026-07-26,BUILD分析 appendix whale_group「小庄#1」,serial-offender,,,2026-07-25,2026-07-26,,
0xf898a587acc28ed0eff413e7dec36d33c318bea0,bsc,惯犯庄家（SIREN案·离场庄#1·核心链）,serial-actor,identity,serial-offenders,2026-07-26,SIREN分析2026-07-19 appendix whale_group「离场庄#1·核心链」,serial-offender,,,2026-07-19,2026-07-26,,
0xf8c57a8f4709130bec3c9c6790a2f8e7b099f5e3,bsc,惯犯庄家（B案·小庄#1）,serial-actor,identity,serial-offenders,2026-07-26,BUILD分析 appendix whale_group「小庄#1」,serial-offender,,,2026-07-25,2026-07-26,,
0xf8cedbea225def72ba050e1d33eaa356977b95f9,bsc,惯犯庄家（SIREN案·离场庄#1·核心链）,serial-actor,identity,serial-offenders,2026-07-26,SIREN分析2026-07-19 appendix whale_group「离场庄#1·核心链」,serial-offender,,,2026-07-19,2026-07-26,,
0xf8e344623bc23d7ff84d2b62c8d1b895776d6d7c,bsc,惯犯庄家（B案·小庄#1）,serial-actor,identity,serial-offenders,2026-07-26,BUILD分析 appendix whale_group「小庄#1」,serial-offender,,,2026-07-25,2026-07-26,,
0xf8eb1dbab94aa705e2aaf734d7140ee3bb49cf0d,bsc,惯犯庄家（SIREN案·离场庄#1·核心链）,serial-actor,identity,serial-offenders,2026-07-26,SIREN分析2026-07-19 appendix whale_group「离场庄#1·核心链」,serial-offender,,,2026-07-19,2026-07-26,,
0xf965b34f7e6b66950ce0b9d69a73d195b98a95aa,bsc,惯犯庄家（SIREN案·离场庄#1·核心链）,serial-actor,identity,serial-offenders,2026-07-26,SIREN分析2026-07-19 appendix whale_group「离场庄#1·核心链」,serial-offender,,,2026-07-19,2026-07-26,,
0xf9dc4f7238587f7c023e3ff31130d09886c808d2,bsc,"惯犯庄家（BANANAS31案·狙击集团(已离场,残尾仓)）",serial-actor,identity,serial-offenders,2026-07-26,"BANANAS31分析 appendix whale_group「狙击集团(已离场,残尾仓)」",serial-offender,,,2026-07-22,2026-07-26,,
0xf9fc8a542c6f10e35062d27eb08c8024bf496812,bsc,惯犯庄家（SIREN案·离场庄#1·扩展与静置仓网）,serial-actor,identity,serial-offenders,2026-07-26,SIREN分析2026-07-19 appendix whale_group「离场庄#1·扩展与静置仓网」,serial-offender,,,2026-07-19,2026-07-26,,
0xfa09a310c34e391dac3c20455b956d43740bf44d,bsc,惯犯庄家（SIREN案·离场庄#1·核心链）,serial-actor,identity,serial-offenders,2026-07-26,SIREN分析2026-07-19 appendix whale_group「离场庄#1·核心链」,serial-offender,,,2026-07-19,2026-07-26,,
0xfa2ce041bbb6c66e5996883b9eceaa3c51855f2d,bsc,惯犯庄家（SIREN案·离场庄#1·核心链）,serial-actor,identity,serial-offenders,2026-07-26,SIREN分析2026-07-19 appendix whale_group「离场庄#1·核心链」,serial-offender,,,2026-07-19,2026-07-26,,
0xfaa21e6f1570bbbe91b0204d28945ae4f09fc224,bsc,惯犯庄家（SIREN案·离场庄#1·核心链）,serial-actor,identity,serial-offenders,2026-07-26,SIREN分析2026-07-19 appendix whale_group「离场庄#1·核心链」,serial-offender,,,2026-07-19,2026-07-26,,
0xfab91acaa24ff39b77c8bc3c9b5512efb2dbd518,bsc,惯犯庄家（SIREN案·离场庄#1·核心链）,serial-actor,identity,serial-offenders,2026-07-26,SIREN分析2026-07-19 appendix whale_group「离场庄#1·核心链」,serial-offender,,,2026-07-19,2026-07-26,,
0xfae2cf2d578c39ae7b2a615aa688f995e2b98b43,bsc,惯犯庄家（B案·小庄#1）,serial-actor,identity,serial-offenders,2026-07-26,BUILD分析 appendix whale_group「小庄#1」,serial-offender,,,2026-07-25,2026-07-26,,
0xfb65d8c983a6917cb3f2008831a7520f5ade9ad9,bsc,惯犯庄家（B案·小庄#1）,serial-actor,identity,serial-offenders,2026-07-26,BUILD分析 appendix whale_group「小庄#1」,serial-offender,,,2026-07-25,2026-07-26,,
0xfb66aaaef43b2f8840949abf477b3d5395386970,bsc,惯犯庄家（SIREN案·离场庄#1·核心链）,serial-actor,identity,serial-offenders,2026-07-26,SIREN分析2026-07-19 appendix whale_group「离场庄#1·核心链」,serial-offender,,,2026-07-19,2026-07-26,,
0xfb6def00618b17cadd437862acbd7dded9a2f8d9,bsc,惯犯庄家（SIREN案·离场庄#1·核心链）,serial-actor,identity,serial-offenders,2026-07-26,SIREN分析2026-07-19 appendix whale_group「离场庄#1·核心链」,serial-offender,,,2026-07-19,2026-07-26,,
0xfbc36d00854a7fda4672dcddfc23b44aa7e15065,bsc,惯犯庄家（B案·小庄#1）,serial-actor,identity,serial-offenders,2026-07-26,BUILD分析 appendix whale_group「小庄#1」,serial-offender,,,2026-07-25,2026-07-26,,
0xfbcb6ddbba58953b50c66e62fa65aa23024d37de,bsc,惯犯庄家（SIREN案·离场庄#1·核心链）,serial-actor,identity,serial-offenders,2026-07-26,SIREN分析2026-07-19 appendix whale_group「离场庄#1·核心链」,serial-offender,,,2026-07-19,2026-07-26,,
0xfbf72733f9d882e53fe25ece0a852e20889404ba,bsc,惯犯庄家（SIREN案·离场庄#1·核心链）,serial-actor,identity,serial-offenders,2026-07-26,SIREN分析2026-07-19 appendix whale_group「离场庄#1·核心链」,serial-offender,,,2026-07-19,2026-07-26,,
0xfbfea97de75be3b15ae1df53d4b5f14cb03b75c7,bsc,惯犯庄家（SIREN案·离场庄#1·核心链）,serial-actor,identity,serial-offenders,2026-07-26,SIREN分析2026-07-19 appendix whale_group「离场庄#1·核心链」,serial-offender,,,2026-07-19,2026-07-26,,
0xfc3511b2caf231b850eb46e0d98fa7b4955587e6,bsc,惯犯庄家（B案·小庄#1）,serial-actor,identity,serial-offenders,2026-07-26,BUILD分析 appendix whale_group「小庄#1」,serial-offender,,,2026-07-25,2026-07-26,,
0xfc51fbe3c2bb5ec83b25108770a13b7a97c9d523,bsc,惯犯庄家（SIREN案·离场庄#1·核心链）,serial-actor,identity,serial-offenders,2026-07-26,SIREN分析2026-07-19 appendix whale_group「离场庄#1·核心链」,serial-offender,,,2026-07-19,2026-07-26,,
0xfc84e5312b0b5be06049dfca1d24c029786921b9,bsc,惯犯庄家（SIREN案·离场庄#1·核心链）,serial-actor,identity,serial-offenders,2026-07-26,SIREN分析2026-07-19 appendix whale_group「离场庄#1·核心链」,serial-offender,,,2026-07-19,2026-07-26,,
0xfc86f22cfbc8bf1e290b84741ec4bd5186498831,bsc,惯犯庄家（SIREN案·离场庄#1·核心链）,serial-actor,identity,serial-offenders,2026-07-26,SIREN分析2026-07-19 appendix whale_group「离场庄#1·核心链」,serial-offender,,,2026-07-19,2026-07-26,,
0xfca61fb43bfb32e6a554f7ce66b35807bf3fa4db,bsc,惯犯庄家（SIREN案·离场庄#1·核心链）,serial-actor,identity,serial-offenders,2026-07-26,SIREN分析2026-07-19 appendix whale_group「离场庄#1·核心链」,serial-offender,,,2026-07-19,2026-07-26,,
0xfcdde0dda21a7405b17ed67c83829333ad7a6faa,bsc,惯犯庄家（B案·小庄#1）,serial-actor,identity,serial-offenders,2026-07-26,BUILD分析 appendix whale_group「小庄#1」,serial-offender,,,2026-07-25,2026-07-26,,
0xfd0c9878f898818b746cfaa0baf1ef71106d907f,bsc,惯犯庄家（SIREN案·离场庄#1·核心链）,serial-actor,identity,serial-offenders,2026-07-26,SIREN分析2026-07-19 appendix whale_group「离场庄#1·核心链」,serial-offender,,,2026-07-19,2026-07-26,,
0xfd3799668be988b2d63a3fa84c1942c238e7c80c,bsc,惯犯庄家（SIREN案·离场庄#1·核心链）,serial-actor,identity,serial-offenders,2026-07-26,SIREN分析2026-07-19 appendix whale_group「离场庄#1·核心链」,serial-offender,,,2026-07-19,2026-07-26,,
0xfd39086b6c6f7f5eab7d21f7e034cb34ca6a93cf,bsc,惯犯庄家（SIREN案·离场庄#1·核心链）,serial-actor,identity,serial-offenders,2026-07-26,SIREN分析2026-07-19 appendix whale_group「离场庄#1·核心链」,serial-offender,,,2026-07-19,2026-07-26,,
0xfd4a2c90f1c0c530d1b9b8009538bf0a58b08935,bsc,惯犯庄家（SIREN案·离场庄#1·核心链）,serial-actor,identity,serial-offenders,2026-07-26,SIREN分析2026-07-19 appendix whale_group「离场庄#1·核心链」,serial-offender,,,2026-07-19,2026-07-26,,
0xfd4ea0eb884f07cfec3aaab371e1f677d89232b0,bsc,惯犯庄家（SIREN案·离场庄#1·核心链）,serial-actor,identity,serial-offenders,2026-07-26,SIREN分析2026-07-19 appendix whale_group「离场庄#1·核心链」,serial-offender,,,2026-07-19,2026-07-26,,
0xfd78da45a6c843a01ccf3770bc5537f37769d3d6,bsc,惯犯庄家（B案·小庄#1）,serial-actor,identity,serial-offenders,2026-07-26,BUILD分析 appendix whale_group「小庄#1」,serial-offender,,,2026-07-25,2026-07-26,,
0xfd9ddb61efccf73f76aac4f3c527319f64e290a4,bsc,惯犯庄家（B案·小庄#1）,serial-actor,identity,serial-offenders,2026-07-26,BUILD分析 appendix whale_group「小庄#1」,serial-offender,,,2026-07-25,2026-07-26,,
0xfda98f8d750a9aa4f634c1caced412f55a9593c8,bsc,惯犯庄家（SIREN案·离场庄#1·核心链）,serial-actor,identity,serial-offenders,2026-07-26,SIREN分析2026-07-19 appendix whale_group「离场庄#1·核心链」,serial-offender,,,2026-07-19,2026-07-26,,
0xfdb096e26cd62ab95581e87996728323e4187c99,bsc,惯犯庄家（B案·小庄#1）,serial-actor,identity,serial-offenders,2026-07-26,BUILD分析 appendix whale_group「小庄#1」,serial-offender,,,2026-07-25,2026-07-26,,
0xfdb1bb09442501289c5cc03781fa0db9f8e97102,bsc,惯犯庄家（SIREN案·离场庄#1·核心链）,serial-actor,identity,serial-offenders,2026-07-26,SIREN分析2026-07-19 appendix whale_group「离场庄#1·核心链」,serial-offender,,,2026-07-19,2026-07-26,,
0xfdc5f4eb8cf68b6e82245736736ac972246fe38f,bsc,惯犯庄家（SIREN案·离场庄#1·核心链）,serial-actor,identity,serial-offenders,2026-07-26,SIREN分析2026-07-19 appendix whale_group「离场庄#1·核心链」,serial-offender,,,2026-07-19,2026-07-26,,
0xfddb9780b9b9dec856b3055a1df4de72a0721338,bsc,惯犯庄家（BANANAS31案·小庄S·Bitget库存循环体系）,serial-actor,identity,serial-offenders,2026-07-26,BANANAS31分析 appendix whale_group「小庄S·Bitget库存循环体系」,serial-offender,,,2026-07-22,2026-07-26,,
0xfe238dc765767626b0ecf7f6d185f8b002e10fbe,bsc,惯犯庄家（SIREN案·离场庄#1·核心链）,serial-actor,identity,serial-offenders,2026-07-26,SIREN分析2026-07-19 appendix whale_group「离场庄#1·核心链」,serial-offender,,,2026-07-19,2026-07-26,,
0xfe390d62b4ef4227e7e0e37f1f9e23bc7e0a7eab,bsc,惯犯庄家（SIREN案·离场庄#1·核心链）,serial-actor,identity,serial-offenders,2026-07-26,SIREN分析2026-07-19 appendix whale_group「离场庄#1·核心链」,serial-offender,,,2026-07-19,2026-07-26,,
0xfe4c5187d724206ac5cdd3722a4b65efc8fed674,bsc,惯犯庄家（SIREN案·离场庄#1·核心链）,serial-actor,identity,serial-offenders,2026-07-26,SIREN分析2026-07-19 appendix whale_group「离场庄#1·核心链」,serial-offender,,,2026-07-19,2026-07-26,,
0xfe5bcc32063ced8384507d41c334ead5c70fbb56,bsc,惯犯庄家（SIREN案·离场庄#1·扩展与静置仓网）,serial-actor,identity,serial-offenders,2026-07-26,SIREN分析2026-07-19 appendix whale_group「离场庄#1·扩展与静置仓网」,serial-offender,,,2026-07-19,2026-07-26,,
0xfe633e2ee3b17cfd9e617ceae8c7847cfebdff8b,bsc,惯犯庄家（SIREN案·离场庄#1·核心链）,serial-actor,identity,serial-offenders,2026-07-26,SIREN分析2026-07-19 appendix whale_group「离场庄#1·核心链」,serial-offender,,,2026-07-19,2026-07-26,,
0xfe797129b16e2840d0cd6fcd68a208bb10382937,bsc,惯犯庄家（SIREN案·离场庄#1·核心链）,serial-actor,identity,serial-offenders,2026-07-26,SIREN分析2026-07-19 appendix whale_group「离场庄#1·核心链」,serial-offender,,,2026-07-19,2026-07-26,,
0xfedbe06edddc387963ef6f669ac8a35c48ad2a90,bsc,惯犯庄家（B案·小庄#1）,serial-actor,identity,serial-offenders,2026-07-26,BUILD分析 appendix whale_group「小庄#1」,serial-offender,,,2026-07-25,2026-07-26,,
0xfef881560ab3de134570c1dd061fb3898e1bec80,bsc,惯犯庄家（SIREN案·离场庄#1·核心链）,serial-actor,identity,serial-offenders,2026-07-26,SIREN分析2026-07-19 appendix whale_group「离场庄#1·核心链」,serial-offender,,,2026-07-19,2026-07-26,,
0xfefc9ce6b1d531437d12b19ce44d6814635d574b,bsc,惯犯庄家（SIREN案·离场庄#1·核心链）,serial-actor,identity,serial-offenders,2026-07-26,SIREN分析2026-07-19 appendix whale_group「离场庄#1·核心链」,serial-offender,,,2026-07-19,2026-07-26,,
0xff312502f4e787944a7529e0548ec90b1272e649,bsc,惯犯庄家（SIREN案·离场庄#1·核心链）,serial-actor,identity,serial-offenders,2026-07-26,SIREN分析2026-07-19 appendix whale_group「离场庄#1·核心链」,serial-offender,,,2026-07-19,2026-07-26,,
0xff3c10f218e43fe5bfbce273b819934e9df6a8ae,bsc,惯犯庄家（SIREN案·离场庄#1·核心链）,serial-actor,identity,serial-offenders,2026-07-26,SIREN分析2026-07-19 appendix whale_group「离场庄#1·核心链」,serial-offender,,,2026-07-19,2026-07-26,,
0xff3d8824872e08c96f43089feca2fa8232a2505d,bsc,惯犯庄家（SIREN案·离场庄#1·核心链）,serial-actor,identity,serial-offenders,2026-07-26,SIREN分析2026-07-19 appendix whale_group「离场庄#1·核心链」,serial-offender,,,2026-07-19,2026-07-26,,
0xff93c87d0a532be4828cdcc5a021d3c28f22f51b,bsc,惯犯庄家（SIREN案·离场庄#1·核心链）,serial-actor,identity,serial-offenders,2026-07-26,SIREN分析2026-07-19 appendix whale_group「离场庄#1·核心链」,serial-offender,,,2026-07-19,2026-07-26,,
0xffcd5a1fa11a789c748d6e3a723a7383aa4e0278,bsc,"惯犯庄家（BANANAS31案·狙击集团(已离场,残尾仓)）",serial-actor,identity,serial-offenders,2026-07-26,"BANANAS31分析 appendix whale_group「狙击集团(已离场,残尾仓)」",serial-offender,,,2026-07-22,2026-07-26,,
0xfff8523ef0ec1cbc6eae6c2eff1d96a714421f90,bsc,惯犯庄家（B案·小庄#1）,serial-actor,identity,serial-offenders,2026-07-26,BUILD分析 appendix whale_group「小庄#1」,serial-offender,,,2026-07-25,2026-07-26,,
0xfffa1e474a514f864587e6c49690f34c4b9d9eb4,bsc,惯犯庄家（SIREN案·离场庄#1·核心链）,serial-actor,identity,serial-offenders,2026-07-26,SIREN分析2026-07-19 appendix whale_group「离场庄#1·核心链」,serial-offender,,,2026-07-19,2026-07-26,,
0x400fed8e4c898a87c90ee0a09457527728a49d68,eth,惯犯庄家（IQ案·大庄#1）,serial-actor,identity,serial-offenders,2026-07-26,IQ分析 appendix whale_group「大庄#1」,serial-offender,,,2026-07-26,2026-07-26,,
0x466900948f430ea79dffa18f96e6fd6512f8ca00,eth,惯犯庄家（IQ案·大庄#1）,serial-actor,identity,serial-offenders,2026-07-26,IQ分析 appendix whale_group「大庄#1」,serial-offender,,,2026-07-26,2026-07-26,,
0x46e21fa3a6b5d2ec25dd756d445891e3ef9fbb51,eth,惯犯庄家（IQ案·大庄#1）,serial-actor,identity,serial-offenders,2026-07-26,IQ分析 appendix whale_group「大庄#1」,serial-offender,,,2026-07-26,2026-07-26,,
0x54b338e6cfd605dad2264b96b0a730fb2bdca9e4,eth,惯犯庄家（GMX案·小庄#1）,serial-actor,identity,serial-offenders,2026-07-26,GMX分析 appendix whale_group「小庄#1」,serial-offender,,,2026-07-26,2026-07-26,,
0x5511235770401b07943013c5a8025e98161fb217,eth,惯犯庄家（IQ案·大庄#1）,serial-actor,identity,serial-offenders,2026-07-26,IQ分析 appendix whale_group「大庄#1」,serial-offender,,,2026-07-26,2026-07-26,,
0x58225b0ec96f29423c57cdfd6e35edb709f81a5b,eth,惯犯庄家（GMX案·小庄#1）,serial-actor,identity,serial-offenders,2026-07-26,GMX分析 appendix whale_group「小庄#1」,serial-offender,,,2026-07-26,2026-07-26,,
0x5c2da75eaf18cdbe6b7151dd4e2c3bfe0b3fbd1b,eth,惯犯庄家（GMX案·小庄#1）,serial-actor,identity,serial-offenders,2026-07-26,GMX分析 appendix whale_group「小庄#1」,serial-offender,,,2026-07-26,2026-07-26,,
0x6f635b87bd3c46a7d0d76c3f8979e9f370db9804,eth,惯犯庄家（IQ案·大庄#1）,serial-actor,identity,serial-offenders,2026-07-26,IQ分析 appendix whale_group「大庄#1」,serial-offender,,,2026-07-26,2026-07-26,,
0x75f561f56900f1e9a1978dff65e6bdc01202ee4a,eth,惯犯庄家（IQ案·大庄#1）,serial-actor,identity,serial-offenders,2026-07-26,IQ分析 appendix whale_group「大庄#1」,serial-offender,,,2026-07-26,2026-07-26,,
0xcd0116345f92299217daf7bead17b8032ded4905,eth,惯犯庄家（GMX案·小庄#1）,serial-actor,identity,serial-offenders,2026-07-26,GMX分析 appendix whale_group「小庄#1」,serial-offender,,,2026-07-26,2026-07-26,,
0xce008bf14fe2c62f2e4676b8f675b5a16118f090,eth,惯犯庄家（IQ案·大庄#1）,serial-actor,identity,serial-offenders,2026-07-26,IQ分析 appendix whale_group「大庄#1」,serial-offender,,,2026-07-26,2026-07-26,,
0xcf5d78348662598d6a7c865a736cd0ccc57aef50,eth,惯犯庄家（IQ案·大庄#1）,serial-actor,identity,serial-offenders,2026-07-26,IQ分析 appendix whale_group「大庄#1」,serial-offender,,,2026-07-26,2026-07-26,,
0xd5bb24152217bea7a617525ddfa64ea3b41b9c0a,eth,惯犯庄家（GMX案·小庄#1）,serial-actor,identity,serial-offenders,2026-07-26,GMX分析 appendix whale_group「小庄#1」,serial-offender,,,2026-07-26,2026-07-26,,
0xd715fcab7391de172b60860f8c685b4242e17298,eth,惯犯庄家（GMX案·小庄#1）,serial-actor,identity,serial-offenders,2026-07-26,GMX分析 appendix whale_group「小庄#1」,serial-offender,,,2026-07-26,2026-07-26,,
0xf25d178c37c005b0410c7055167151618a22d732,eth,惯犯庄家（IQ案·大庄#1）,serial-actor,identity,serial-offenders,2026-07-26,IQ分析 appendix whale_group「大庄#1」,serial-offender,,,2026-07-26,2026-07-26,,
0xf608b0718023c0d8d2971ab388582d9755db58c3,eth,惯犯庄家（IQ案·大庄#1）,serial-actor,identity,serial-offenders,2026-07-26,IQ分析 appendix whale_group「大庄#1」,serial-offender,,,2026-07-26,2026-07-26,,
0x0000000b96f62d772a0494100ef4494d834de457,robinhood,惯犯庄家（MEOW案·项目方）,serial-actor,identity,serial-offenders,2026-07-26,meow分析 appendix whale_group「项目方」（人工白名单：记忆存档实锤工作室）,serial-offender,,,2026-07-15,2026-07-26,,
0x0050991ec1a3714b1357dee80976bfb1da46d47c,robinhood,惯犯庄家（Index案·狙击集团）,serial-actor,identity,serial-offenders,2026-07-26,Index分析 appendix whale_group「狙击集团」,serial-offender,,,2026-07-17,2026-07-26,,
0x020017c8b121bfcc9a25ef80fd74c23742dbf336,robinhood,惯犯庄家（Index案·狙击集团）,serial-actor,identity,serial-offenders,2026-07-26,Index分析 appendix whale_group「狙击集团」,serial-offender,,,2026-07-17,2026-07-26,,
0x02be1f715ca3f66f0afe9897b7e4de44cd926256,robinhood,惯犯庄家（Index案·狙击集团）,serial-actor,identity,serial-offenders,2026-07-26,Index分析 appendix whale_group「狙击集团」,serial-offender,,,2026-07-17,2026-07-26,,
0x02d83c46b61c0c3da6bbdee02212fa820fb158eb,robinhood,惯犯庄家（CASHCAT案·狙击集团#1（旧庄#2·0x9f49出纳星座，标）,serial-actor,identity,serial-offenders,2026-07-26,CASHCAT分析 appendix whale_group「狙击集团#1（旧庄#2·0x9f49出纳星座，标准迁移）」,serial-offender,,,2026-07-15,2026-07-26,,
0x04ddd73040ba3ef121260b47fef0063a5c659330,robinhood,惯犯庄家（Index案·狙击集团）,serial-actor,identity,serial-offenders,2026-07-26,Index分析 appendix whale_group「狙击集团」,serial-offender,,,2026-07-17,2026-07-26,,
0x055569e1d61fce5046a5811d40b768d9af254563,robinhood,惯犯庄家（MEOW案·项目方）,serial-actor,identity,serial-offenders,2026-07-26,meow分析 appendix whale_group「项目方」（人工白名单：记忆存档实锤工作室）,serial-offender,,,2026-07-15,2026-07-26,,
0x0616bc8db84e1223fcc043839da1b4b4eda261ed,robinhood,惯犯庄家（NOXA案·狙击集团）,serial-actor,identity,serial-offenders,2026-07-26,NOXA分析 appendix whale_group「狙击集团」,serial-offender,,,2026-07-15,2026-07-26,,
0x06ed108e7a5cd7212600ac2de3f00185a7c82e8b,robinhood,惯犯庄家（CASHCAT案·项目方（旧庄#1·工作室核心，标准迁移））,serial-actor,identity,serial-offenders,2026-07-26,CASHCAT分析 appendix whale_group「项目方（旧庄#1·工作室核心，标准迁移）」（人工白名单：记忆存档实锤工作室）,serial-offender,,,2026-07-15,2026-07-26,,
0x0718f8232448815339e38012c87d96e96a7d1d88,robinhood,惯犯庄家（Index案·狙击集团）,serial-actor,identity,serial-offenders,2026-07-26,Index分析 appendix whale_group「狙击集团」,serial-offender,,,2026-07-17,2026-07-26,,
0x07cc42a7ee622fb5a8a71ba373cdc289802c2e83,robinhood,惯犯庄家（Index案·狙击集团）,serial-actor,identity,serial-offenders,2026-07-26,Index分析 appendix whale_group「狙击集团」,serial-offender,,,2026-07-17,2026-07-26,,
0x07cdaf0140c60a0c34681065abf49bb8d85b8cbe,robinhood,惯犯庄家（MEOW案·狙击集团#1）,serial-actor,identity,serial-offenders,2026-07-26,meow分析 appendix whale_group「狙击集团#1」,serial-offender,,,2026-07-15,2026-07-26,,
0x08451801c0304da497f1c8c615f4ae87d0beee99,robinhood,惯犯庄家（Index案·狙击集团）,serial-actor,identity,serial-offenders,2026-07-26,Index分析 appendix whale_group「狙击集团」,serial-offender,,,2026-07-17,2026-07-26,,
0x0862f2f645c64ad42b118798878c403d234841bb,robinhood,惯犯庄家（NOXA案·狙击集团）,serial-actor,identity,serial-offenders,2026-07-26,NOXA分析 appendix whale_group「狙击集团」,serial-offender,,,2026-07-15,2026-07-26,,
0x0872adda905d8b3325266cd32f1a5285b20034c1,robinhood,惯犯庄家（Index案·狙击集团）,serial-actor,identity,serial-offenders,2026-07-26,Index分析 appendix whale_group「狙击集团」,serial-offender,,,2026-07-17,2026-07-26,,
0x094ab30b7269e9deee21ad4e4898f60a433fbf56,robinhood,惯犯庄家（TRASH案·庄#4·e0e889母钱包簇(9址)·gas同源）,serial-actor,identity,serial-offenders,2026-07-26,TRASH分析 appendix whale_group「庄#4·e0e889母钱包簇(9址)·gas同源·基本离场」,serial-offender,,,2026-07-17,2026-07-26,,
0x09dc3c7418901089d3b9c67825d82424dee25f7d,robinhood,惯犯庄家（Index案·狙击集团）,serial-actor,identity,serial-offenders,2026-07-26,Index分析 appendix whale_group「狙击集团」,serial-offender,,,2026-07-17,2026-07-26,,
0x0bc6c2f7cc7e682a0c0a011ee27ffdb4e973e2f6,robinhood,惯犯庄家（Pointless案·狙击集团#1·ea57系）,serial-actor,identity,serial-offenders,2026-07-26,Pointless分析 appendix whale_group「狙击集团#1·ea57系」,serial-offender,,,block 1173,2026-07-26,,
0x0f0a21bffcc5227a218a15aa0c29817442393eee,robinhood,惯犯庄家（TRASH案·庄#1·多地址协同·拍卖集团(19址)·离场庄(）,serial-actor,identity,serial-offenders,2026-07-26,TRASH分析 appendix whale_group「庄#1·多地址协同·拍卖集团(19址)·离场庄(窗口回场吸筹)」,serial-offender,,,2026-07-17,2026-07-26,,
0x106022b035132e731ffb19651471e399b71b093d,robinhood,惯犯庄家（BEGGAR案·狙击集团）,serial-actor,identity,serial-offenders,2026-07-26,BEGGAR分析 appendix whale_group「狙击集团」,serial-offender,,,2026-07-17,2026-07-26,,
0x1188ececb8d9d406a6552c65e42e87f35b2cb72b,robinhood,惯犯庄家（CASHCAT案·项目方（旧庄#1·工作室核心，标准迁移））,serial-actor,identity,serial-offenders,2026-07-26,CASHCAT分析 appendix whale_group「项目方（旧庄#1·工作室核心，标准迁移）」（人工白名单：记忆存档实锤工作室）,serial-offender,,,2026-07-15,2026-07-26,,
0x11db1321c3f926334eb155d5fe704f6b2ff6a2f9,robinhood,惯犯庄家（Pointless案·狙击集团#4·3807系）,serial-actor,identity,serial-offenders,2026-07-26,Pointless分析 appendix whale_group「狙击集团#4·3807系」,serial-offender,,,block 1173,2026-07-26,,
0x123791770351ccfcc96a3dba2658fe4200a66584,robinhood,惯犯庄家（CASHCAT案·狙击集团#1（旧庄#2·0x9f49出纳星座，标）,serial-actor,identity,serial-offenders,2026-07-26,CASHCAT分析 appendix whale_group「狙击集团#1（旧庄#2·0x9f49出纳星座，标准迁移）」,serial-offender,,,2026-07-15,2026-07-26,,
0x124c4b71bcc1f9bb0c8b8c1413cb335a9cc7df04,robinhood,惯犯庄家（TRASH案·庄#1·多地址协同·拍卖集团(19址)·离场庄(）,serial-actor,identity,serial-offenders,2026-07-26,TRASH分析 appendix whale_group「庄#1·多地址协同·拍卖集团(19址)·离场庄(窗口回场吸筹)」,serial-offender,,,2026-07-17,2026-07-26,,
0x1379cd72f35c82719abd38c3ce759c44f8ffdd1c,robinhood,惯犯庄家（BEGGAR案·离场庄#1）+CASHCAT案,serial-actor,identity,serial-offenders,2026-07-26,BEGGAR分析 appendix whale_group「离场庄#1」；CASHCAT分析 appendix whale_group「项目方（旧庄#1·工作室核心，标准迁移）」（人工白名单：记忆存档实锤工作室）,serial-offender,,,2026-07-17,2026-07-26,,
0x14e468e79d14606035a86a6b068a93beada853f8,robinhood,惯犯庄家（Index案·狙击集团）,serial-actor,identity,serial-offenders,2026-07-26,Index分析 appendix whale_group「狙击集团」,serial-offender,,,2026-07-17,2026-07-26,,
0x16105576955f5c6beec4a2efc876234eb8a0a2de,robinhood,惯犯庄家（CASHCAT案·项目方（旧庄#1·工作室核心，标准迁移））,serial-actor,identity,serial-offenders,2026-07-26,CASHCAT分析 appendix whale_group「项目方（旧庄#1·工作室核心，标准迁移）」（人工白名单：记忆存档实锤工作室）,serial-offender,,,2026-07-15,2026-07-26,,
0x16657de1a0faac319359d6dc15d31b355cb535c0,robinhood,惯犯庄家（CASHCAT案·项目方（旧庄#1·工作室核心，标准迁移））+NOXA案,serial-actor,identity,serial-offenders,2026-07-26,CASHCAT分析 appendix whale_group「项目方（旧庄#1·工作室核心，标准迁移）」（人工白名单：记忆存档实锤工作室）；NOXA分析 appendix whale_group「狙击集团」,serial-offender,,,2026-07-15,2026-07-26,,
0x17a22320470b5b0e6e5633a01a9979497dbe53ad,robinhood,惯犯庄家（Index案·狙击集团）,serial-actor,identity,serial-offenders,2026-07-26,Index分析 appendix whale_group「狙击集团」,serial-offender,,,2026-07-17,2026-07-26,,
0x18a217a35aafc789d4c908f34c63552dcee7b5b2,robinhood,惯犯庄家（Index案·狙击集团）,serial-actor,identity,serial-offenders,2026-07-26,Index分析 appendix whale_group「狙击集团」,serial-offender,,,2026-07-17,2026-07-26,,
0x190b5b581e80db6a0213e6c993e9d082a54721a3,robinhood,惯犯庄家（Index案·狙击集团）,serial-actor,identity,serial-offenders,2026-07-26,Index分析 appendix whale_group「狙击集团」,serial-offender,,,2026-07-17,2026-07-26,,
0x1984305458e75621ddf0d0b5247aa753091f359c,robinhood,惯犯庄家（CASHCAT案·项目方（旧庄#1·工作室核心，标准迁移））,serial-actor,identity,serial-offenders,2026-07-26,CASHCAT分析 appendix whale_group「项目方（旧庄#1·工作室核心，标准迁移）」（人工白名单：记忆存档实锤工作室）,serial-offender,,,2026-07-15,2026-07-26,,
0x19bb987c2357ced333beb27845af559b9999208a,robinhood,惯犯庄家（Index案·狙击集团）,serial-actor,identity,serial-offenders,2026-07-26,Index分析 appendix whale_group「狙击集团」,serial-offender,,,2026-07-17,2026-07-26,,
0x1a7c2839b016bee78c0a5fe84d9751ad45331113,robinhood,惯犯庄家（TRASH案·庄#1·多地址协同·拍卖集团(19址)·离场庄(）,serial-actor,identity,serial-offenders,2026-07-26,TRASH分析 appendix whale_group「庄#1·多地址协同·拍卖集团(19址)·离场庄(窗口回场吸筹)」,serial-offender,,,2026-07-17,2026-07-26,,
0x1b4f03245543d6e2be4e2779d8c6be993df512e5,robinhood,惯犯庄家（BEGGAR案·狙击集团）,serial-actor,identity,serial-offenders,2026-07-26,BEGGAR分析 appendix whale_group「狙击集团」,serial-offender,,,2026-07-17,2026-07-26,,
0x1b975315b4b254c9ce39a1b19e554bcde9b0d3a3,robinhood,惯犯庄家（Index案·狙击集团）,serial-actor,identity,serial-offenders,2026-07-26,Index分析 appendix whale_group「狙击集团」,serial-offender,,,2026-07-17,2026-07-26,,
0x1bda647c4432842fd0425ed00428b1ddde7e21a2,robinhood,惯犯庄家（TRASH案·庄#1·多地址协同·拍卖集团(19址)·离场庄(）,serial-actor,identity,serial-offenders,2026-07-26,TRASH分析 appendix whale_group「庄#1·多地址协同·拍卖集团(19址)·离场庄(窗口回场吸筹)」,serial-offender,,,2026-07-17,2026-07-26,,
0x1cd026a1d83f8077100c9e98ccd29507a7b8844e,robinhood,惯犯庄家（CASHCAT案·狙击集团#1（旧庄#2·0x9f49出纳星座，标）,serial-actor,identity,serial-offenders,2026-07-26,CASHCAT分析 appendix whale_group「狙击集团#1（旧庄#2·0x9f49出纳星座，标准迁移）」,serial-offender,,,2026-07-15,2026-07-26,,
0x1cd29401d9154c743d546250f77c0de301e1371f,robinhood,惯犯庄家（Index案·狙击集团）,serial-actor,identity,serial-offenders,2026-07-26,Index分析 appendix whale_group「狙击集团」,serial-offender,,,2026-07-17,2026-07-26,,
0x1ee4aec751ab97a6f1f60b87c48e52387eee91de,robinhood,惯犯庄家（GME案·小庄#1）,serial-actor,identity,serial-offenders,2026-07-26,GME分析 appendix whale_group「小庄#1」,serial-offender,,,2026-07-15,2026-07-26,,
0x1f135172c595e4500663bd07b6e4c131187d50ef,robinhood,惯犯庄家（Index案·狙击集团）,serial-actor,identity,serial-offenders,2026-07-26,Index分析 appendix whale_group「狙击集团」,serial-offender,,,2026-07-17,2026-07-26,,
0x1f9a213e18b14b5b79915731bbaf9f3fc8f5d605,robinhood,惯犯庄家（Index案·狙击集团）,serial-actor,identity,serial-offenders,2026-07-26,Index分析 appendix whale_group「狙击集团」,serial-offender,,,2026-07-17,2026-07-26,,
0x2254b804c64091457f48567e76fee730a05a4c2a,robinhood,惯犯庄家（TRASH案·庄#1·多地址协同·拍卖集团(19址)·离场庄(）,serial-actor,identity,serial-offenders,2026-07-26,TRASH分析 appendix whale_group「庄#1·多地址协同·拍卖集团(19址)·离场庄(窗口回场吸筹)」,serial-offender,,,2026-07-17,2026-07-26,,
0x22d5237ecd767efbcd84377e9d1f1548752c1360,robinhood,惯犯庄家（Index案·狙击集团）,serial-actor,identity,serial-offenders,2026-07-26,Index分析 appendix whale_group「狙击集团」,serial-offender,,,2026-07-17,2026-07-26,,
0x249b697e462829acda803446ee2cd5a965977453,robinhood,惯犯庄家（CASHCAT案·项目方（旧庄#1·工作室核心，标准迁移））,serial-actor,identity,serial-offenders,2026-07-26,CASHCAT分析 appendix whale_group「项目方（旧庄#1·工作室核心，标准迁移）」（人工白名单：记忆存档实锤工作室）,serial-offender,,,2026-07-15,2026-07-26,,
0x255a80c3307011abc09669114627edece667a743,robinhood,惯犯庄家（CASHCAT案·狙击集团#2（旧庄#3·0x79e3供养星座，标）,serial-actor,identity,serial-offenders,2026-07-26,CASHCAT分析 appendix whale_group「狙击集团#2（旧庄#3·0x79e3供养星座，标准迁移）」,serial-offender,,,2026-07-15,2026-07-26,,
0x25af97786b4edb953874bf2deb1c96b089991534,robinhood,惯犯庄家（BEGGAR案·离场庄#1）,serial-actor,identity,serial-offenders,2026-07-26,BEGGAR分析 appendix whale_group「离场庄#1」,serial-offender,,,2026-07-17,2026-07-26,,
0x263f8b8f9f68e8bf74e2523a38ce9ab8fa2d0f79,robinhood,惯犯庄家（Index案·狙击集团）,serial-actor,identity,serial-offenders,2026-07-26,Index分析 appendix whale_group「狙击集团」,serial-offender,,,2026-07-17,2026-07-26,,
0x26ade8473b2c9f6a64d109b7259bc599da81b91b,robinhood,惯犯庄家（BEGGAR案·狙击集团）,serial-actor,identity,serial-offenders,2026-07-26,BEGGAR分析 appendix whale_group「狙击集团」,serial-offender,,,2026-07-17,2026-07-26,,
0x2891884c0820ddf29d0c917c03c7f16b69c0057d,robinhood,惯犯庄家（BEGGAR案·离场庄#1）,serial-actor,identity,serial-offenders,2026-07-26,BEGGAR分析 appendix whale_group「离场庄#1」,serial-offender,,,2026-07-17,2026-07-26,,
0x292dec9dbe85f574854b04eb24973d2dc3eee72f,robinhood,惯犯庄家（DUMBMONEY案·小庄#1）,serial-actor,identity,serial-offenders,2026-07-26,DUMBMONEY分析 appendix whale_group「小庄#1」,serial-offender,,,2026-07-17,2026-07-26,,
0x29e1dfe55ae0ab953d424f62a0625149bc39b068,robinhood,惯犯庄家（TRASH案·庄#4·e0e889母钱包簇(9址)·gas同源）,serial-actor,identity,serial-offenders,2026-07-26,TRASH分析 appendix whale_group「庄#4·e0e889母钱包簇(9址)·gas同源·基本离场」,serial-offender,,,2026-07-17,2026-07-26,,
0x2af5726142562c79d739535903f7d34c6e02a8ca,robinhood,惯犯庄家（Index案·狙击集团）,serial-actor,identity,serial-offenders,2026-07-26,Index分析 appendix whale_group「狙击集团」,serial-offender,,,2026-07-17,2026-07-26,,
0x2d89671b6a79b9b542cfeb289bf0ad52f7be3676,robinhood,惯犯庄家（GME案·小庄#1）,serial-actor,identity,serial-offenders,2026-07-26,GME分析 appendix whale_group「小庄#1」,serial-offender,,,2026-07-15,2026-07-26,,
0x2d8b38ebaac9ed8d7feb5ad7c4468a490fbb81e3,robinhood,惯犯庄家（GME案·小庄#1）,serial-actor,identity,serial-offenders,2026-07-26,GME分析 appendix whale_group「小庄#1」,serial-offender,,,2026-07-15,2026-07-26,,
0x2ea507dd0befbdb2b1649168aec36599739252da,robinhood,惯犯庄家（MEOW案·项目方）,serial-actor,identity,serial-offenders,2026-07-26,meow分析 appendix whale_group「项目方」（人工白名单：记忆存档实锤工作室）,serial-offender,,,2026-07-15,2026-07-26,,
0x2ecdae85733d7a76a4388617f15326946de92df1,robinhood,惯犯庄家（Index案·狙击集团）,serial-actor,identity,serial-offenders,2026-07-26,Index分析 appendix whale_group「狙击集团」,serial-offender,,,2026-07-17,2026-07-26,,
0x2f6113d7a5dd0da94b4a099dbd797993582b1937,robinhood,惯犯庄家（Index案·狙击集团）,serial-actor,identity,serial-offenders,2026-07-26,Index分析 appendix whale_group「狙击集团」,serial-offender,,,2026-07-17,2026-07-26,,
0x31903817736130538a8805ff9dcdea22a6c7ef79,robinhood,惯犯庄家（Pointless案·狙击集团#4·3807系）,serial-actor,identity,serial-offenders,2026-07-26,Pointless分析 appendix whale_group「狙击集团#4·3807系」,serial-offender,,,block 1173,2026-07-26,,
0x31a4f8801db59bfd6715186421c65a14bdfc1763,robinhood,惯犯庄家（BEGGAR案·离场庄#1）,serial-actor,identity,serial-offenders,2026-07-26,BEGGAR分析 appendix whale_group「离场庄#1」,serial-offender,,,2026-07-17,2026-07-26,,
0x31ac6ee3d0bbf6f2de75b9a1309369eed73408af,robinhood,惯犯庄家（CASHCAT案·狙击集团#1（旧庄#2·0x9f49出纳星座，标）,serial-actor,identity,serial-offenders,2026-07-26,CASHCAT分析 appendix whale_group「狙击集团#1（旧庄#2·0x9f49出纳星座，标准迁移）」,serial-offender,,,2026-07-15,2026-07-26,,
0x32c34a18cc5fd58c0ece1e472e9bf95de8906a8a,robinhood,惯犯庄家（CASHCAT案·项目方（旧庄#1·工作室核心，标准迁移））,serial-actor,identity,serial-offenders,2026-07-26,CASHCAT分析 appendix whale_group「项目方（旧庄#1·工作室核心，标准迁移）」（人工白名单：记忆存档实锤工作室）,serial-offender,,,2026-07-15,2026-07-26,,
0x331cc2e56c657126f7a986419040838cf446eb93,robinhood,惯犯庄家（MEOW案·狙击集团#1）,serial-actor,identity,serial-offenders,2026-07-26,meow分析 appendix whale_group「狙击集团#1」,serial-offender,,,2026-07-15,2026-07-26,,
0x36d915bdde36de9e062526ba46a171afa8768f90,robinhood,惯犯庄家（CASHCAT案·项目方（旧庄#1·工作室核心，标准迁移））+DUMBMONEY案,serial-actor,identity,serial-offenders,2026-07-26,CASHCAT分析 appendix whale_group「项目方（旧庄#1·工作室核心，标准迁移）」（人工白名单：记忆存档实锤工作室）；DUMBMONEY分析 appendix whale_group「离场庄#1」,serial-offender,,,2026-07-15,2026-07-26,,
0x36f987da605928f41b799231b22e53a0eda30f79,robinhood,惯犯庄家（TRASH案·庄#4·e0e889母钱包簇(9址)·gas同源）,serial-actor,identity,serial-offenders,2026-07-26,TRASH分析 appendix whale_group「庄#4·e0e889母钱包簇(9址)·gas同源·基本离场」,serial-offender,,,2026-07-17,2026-07-26,,
0x3807771db053dae9ead980692b6ef85c9c10f0bd,robinhood,惯犯庄家（Pointless案·狙击集团#4·3807系）,serial-actor,identity,serial-offenders,2026-07-26,Pointless分析 appendix whale_group「狙击集团#4·3807系」,serial-offender,,,block 1173,2026-07-26,,
0x383d393dd793ab5a08b0925ef8e1d9c837b70ced,robinhood,惯犯庄家（Index案·狙击集团）,serial-actor,identity,serial-offenders,2026-07-26,Index分析 appendix whale_group「狙击集团」,serial-offender,,,2026-07-17,2026-07-26,,
0x38461ef923d9a7b24e7c092909f2eb23ba8ee3a0,robinhood,惯犯庄家（Index案·狙击集团）,serial-actor,identity,serial-offenders,2026-07-26,Index分析 appendix whale_group「狙击集团」,serial-offender,,,2026-07-17,2026-07-26,,
0x38cc230d2e553b4c73bc5ba63dc022ffbd9a28e4,robinhood,惯犯庄家（CASHCAT案·项目方（旧庄#1·工作室核心，标准迁移））,serial-actor,identity,serial-offenders,2026-07-26,CASHCAT分析 appendix whale_group「项目方（旧庄#1·工作室核心，标准迁移）」（人工白名单：记忆存档实锤工作室）,serial-offender,,,2026-07-15,2026-07-26,,
0x3937b5f8ac3d50b5f3cd3f0921c3e9b5bfd6d27f,robinhood,惯犯庄家（CASHCAT案·狙击集团#1（旧庄#2·0x9f49出纳星座，标）,serial-actor,identity,serial-offenders,2026-07-26,CASHCAT分析 appendix whale_group「狙击集团#1（旧庄#2·0x9f49出纳星座，标准迁移）」,serial-offender,,,2026-07-15,2026-07-26,,
0x3b1dc8b04159a457f4f5e0ab86b01fa5a0b2f55c,robinhood,惯犯庄家（CASHCAT案·项目方（旧庄#1·工作室核心，标准迁移））,serial-actor,identity,serial-offenders,2026-07-26,CASHCAT分析 appendix whale_group「项目方（旧庄#1·工作室核心，标准迁移）」（人工白名单：记忆存档实锤工作室）,serial-offender,,,2026-07-15,2026-07-26,,
0x3c3dcc802640540dccde7a4fe0f28f9bf8a6a71f,robinhood,惯犯庄家（Index案·狙击集团）,serial-actor,identity,serial-offenders,2026-07-26,Index分析 appendix whale_group「狙击集团」,serial-offender,,,2026-07-17,2026-07-26,,
0x3c7705389bb2a3a5393695042f277ba1db4cc4e9,robinhood,惯犯庄家（Index案·狙击集团）,serial-actor,identity,serial-offenders,2026-07-26,Index分析 appendix whale_group「狙击集团」,serial-offender,,,2026-07-17,2026-07-26,,
0x3d4c53359692d2464252583bc98aed98ba04293a,robinhood,惯犯庄家（COMPUTE案·庄#1·0xDD49·双地址·静止重仓）,serial-actor,identity,serial-offenders,2026-07-26,COMPUTE分析 appendix whale_group「庄#1·0xDD49·双地址·静止重仓」,serial-offender,,,2026-07-12,2026-07-26,,
0x3ea8491a8f4bcd59e4b138fd27eac24622836363,robinhood,惯犯庄家（TRASH案·庄#1·多地址协同·拍卖集团(19址)·离场庄(）,serial-actor,identity,serial-offenders,2026-07-26,TRASH分析 appendix whale_group「庄#1·多地址协同·拍卖集团(19址)·离场庄(窗口回场吸筹)」,serial-offender,,,2026-07-17,2026-07-26,,
0x3eb08738deda6705f71777ca9e9575360801442e,robinhood,惯犯庄家（Pointless案·狙击集团#4·3807系）,serial-actor,identity,serial-offenders,2026-07-26,Pointless分析 appendix whale_group「狙击集团#4·3807系」,serial-offender,,,block 1173,2026-07-26,,
0x3ef2bb3cc81a78ff84ffa6494a539a28e355758b,robinhood,惯犯庄家（Index案·狙击集团）,serial-actor,identity,serial-offenders,2026-07-26,Index分析 appendix whale_group「狙击集团」,serial-offender,,,2026-07-17,2026-07-26,,
0x41879300d96950bdb3f03992bdbb6d733649fb64,robinhood,惯犯庄家（BEGGAR案·离场庄#1）,serial-actor,identity,serial-offenders,2026-07-26,BEGGAR分析 appendix whale_group「离场庄#1」,serial-offender,,,2026-07-17,2026-07-26,,
0x452dc198eb970456ff28ee91a3409c393577b6dd,robinhood,惯犯庄家（CASHCAT案·项目方（旧庄#1·工作室核心，标准迁移））+DUMBMONEY案,serial-actor,identity,serial-offenders,2026-07-26,CASHCAT分析 appendix whale_group「项目方（旧庄#1·工作室核心，标准迁移）」（人工白名单：记忆存档实锤工作室）；DUMBMONEY分析 appendix whale_group「离场庄#1」,serial-offender,,,2026-07-15,2026-07-26,,
0x46193bd68ea3f05ca2dfe16c88b564e74acbcee0,robinhood,惯犯庄家（CASHCAT案·项目方（旧庄#1·工作室核心，标准迁移））,serial-actor,identity,serial-offenders,2026-07-26,CASHCAT分析 appendix whale_group「项目方（旧庄#1·工作室核心，标准迁移）」（人工白名单：记忆存档实锤工作室）,serial-offender,,,2026-07-15,2026-07-26,,
0x46b8a7fd36509b9877fd40c4fa96608166e39d82,robinhood,惯犯庄家（TRASH案·庄#1·多地址协同·拍卖集团(19址)·离场庄(）,serial-actor,identity,serial-offenders,2026-07-26,TRASH分析 appendix whale_group「庄#1·多地址协同·拍卖集团(19址)·离场庄(窗口回场吸筹)」,serial-offender,,,2026-07-17,2026-07-26,,
0x490a46dcccec18f4181516451c0eaacdff4f3498,robinhood,惯犯庄家（CASHCAT案·项目方（旧庄#1·工作室核心，标准迁移））,serial-actor,identity,serial-offenders,2026-07-26,CASHCAT分析 appendix whale_group「项目方（旧庄#1·工作室核心，标准迁移）」（人工白名单：记忆存档实锤工作室）,serial-offender,,,2026-07-15,2026-07-26,,
0x4a5b304ded44a521ffece44a6386fa2014d96f7d,robinhood,惯犯庄家（CASHCAT案·狙击集团#2（旧庄#3·0x79e3供养星座，标）,serial-actor,identity,serial-offenders,2026-07-26,CASHCAT分析 appendix whale_group「狙击集团#2（旧庄#3·0x79e3供养星座，标准迁移）」,serial-offender,,,2026-07-15,2026-07-26,,
0x4bb692c242b6f9830ca53c1c61ff303d98b8ba38,robinhood,惯犯庄家（NOXA案·离场庄）,serial-actor,identity,serial-offenders,2026-07-26,NOXA分析 appendix whale_group「离场庄」,serial-offender,,,2026-07-15,2026-07-26,,
0x4c9064c39d549dd09fc9b49af27ecb02942525a2,robinhood,惯犯庄家（CASHCAT案·项目方（旧庄#1·工作室核心，标准迁移））,serial-actor,identity,serial-offenders,2026-07-26,CASHCAT分析 appendix whale_group「项目方（旧庄#1·工作室核心，标准迁移）」（人工白名单：记忆存档实锤工作室）,serial-offender,,,2026-07-15,2026-07-26,,
0x4e088eae43263f46b78925327416e7925e65b44b,robinhood,惯犯庄家（Pointless案·狙击集团#1·ea57系）,serial-actor,identity,serial-offenders,2026-07-26,Pointless分析 appendix whale_group「狙击集团#1·ea57系」,serial-offender,,,block 1173,2026-07-26,,
0x4e27aa4220c2d2cbc9ba93200a90cd59d5f4f68d,robinhood,惯犯庄家（Index案·狙击集团）,serial-actor,identity,serial-offenders,2026-07-26,Index分析 appendix whale_group「狙击集团」,serial-offender,,,2026-07-17,2026-07-26,,
0x4ef8f9034d649ce1ce4aac329d43e86997ffe08d,robinhood,惯犯庄家（Pointless案·狙击集团#3·4ef8系）,serial-actor,identity,serial-offenders,2026-07-26,Pointless分析 appendix whale_group「狙击集团#3·4ef8系」,serial-offender,,,block 1173,2026-07-26,,
0x4f1cb5264206e180aa6d288578acd6b5cd2ed641,robinhood,惯犯庄家（TRASH案·庄#3·五胞胎狙击簇(5址)·gas同源·已离场）,serial-actor,identity,serial-offenders,2026-07-26,TRASH分析 appendix whale_group「庄#3·五胞胎狙击簇(5址)·gas同源·已离场」,serial-offender,,,2026-07-17,2026-07-26,,
0x4f31f6403e313cf14c39c4614d2c0b24580c635a,robinhood,惯犯庄家（Index案·狙击集团）,serial-actor,identity,serial-offenders,2026-07-26,Index分析 appendix whale_group「狙击集团」,serial-offender,,,2026-07-17,2026-07-26,,
0x4f550d4ba6b6e94f7643f8f64430b6d02866d572,robinhood,惯犯庄家（Index案·狙击集团）,serial-actor,identity,serial-offenders,2026-07-26,Index分析 appendix whale_group「狙击集团」,serial-offender,,,2026-07-17,2026-07-26,,
0x4f89427e74056a25ed5485f50a18b1ef2b90944e,robinhood,惯犯庄家（Index案·狙击集团）,serial-actor,identity,serial-offenders,2026-07-26,Index分析 appendix whale_group「狙击集团」,serial-offender,,,2026-07-17,2026-07-26,,
0x509359d47a23e19978668c74c0dbc699de5e8bff,robinhood,惯犯庄家（NOXA案·离场庄）,serial-actor,identity,serial-offenders,2026-07-26,NOXA分析 appendix whale_group「离场庄」,serial-offender,,,2026-07-15,2026-07-26,,
0x510dcb4deedf12e89b156d11b990752eb7653e66,robinhood,惯犯庄家（CASHCAT案·狙击集团#2（旧庄#3·0x79e3供养星座，标）,serial-actor,identity,serial-offenders,2026-07-26,CASHCAT分析 appendix whale_group「狙击集团#2（旧庄#3·0x79e3供养星座，标准迁移）」,serial-offender,,,2026-07-15,2026-07-26,,
0x5214eed778fd780b270c47dd99600433cfdf7841,robinhood,惯犯庄家（CASHCAT案·项目方（旧庄#1·工作室核心，标准迁移））,serial-actor,identity,serial-offenders,2026-07-26,CASHCAT分析 appendix whale_group「项目方（旧庄#1·工作室核心，标准迁移）」（人工白名单：记忆存档实锤工作室）,serial-offender,,,2026-07-15,2026-07-26,,
0x5388668c4fa8da7f756ef8498ff24d7999999999,robinhood,惯犯庄家（Pointless案·狙击集团#4·3807系）,serial-actor,identity,serial-offenders,2026-07-26,Pointless分析 appendix whale_group「狙击集团#4·3807系」,serial-offender,,,block 1173,2026-07-26,,
0x55faf12468d118545882afd819cabe5b6f7a9840,robinhood,惯犯庄家（CASHCAT案·项目方（旧庄#1·工作室核心，标准迁移））,serial-actor,identity,serial-offenders,2026-07-26,CASHCAT分析 appendix whale_group「项目方（旧庄#1·工作室核心，标准迁移）」（人工白名单：记忆存档实锤工作室）,serial-offender,,,2026-07-15,2026-07-26,,
0x5638484ba2d2f1d1d35020572b0aa439a9869192,robinhood,惯犯庄家（CASHCAT案·项目方（旧庄#1·工作室核心，标准迁移））,serial-actor,identity,serial-offenders,2026-07-26,CASHCAT分析 appendix whale_group「项目方（旧庄#1·工作室核心，标准迁移）」（人工白名单：记忆存档实锤工作室）,serial-offender,,,2026-07-15,2026-07-26,,
0x5788858ed0ad70dea5056738b7ffd1810eacb84f,robinhood,惯犯庄家（CASHCAT案·项目方（旧庄#1·工作室核心，标准迁移））,serial-actor,identity,serial-offenders,2026-07-26,CASHCAT分析 appendix whale_group「项目方（旧庄#1·工作室核心，标准迁移）」（人工白名单：记忆存档实锤工作室）,serial-offender,,,2026-07-15,2026-07-26,,
0x58fd32286990382037c7cda9d3c473d5a8e1e8cc,robinhood,惯犯庄家（Pointless案·狙击集团#2·635e系）,serial-actor,identity,serial-offenders,2026-07-26,Pointless分析 appendix whale_group「狙击集团#2·635e系」,serial-offender,,,block 1173,2026-07-26,,
0x5c03036a998c38a54f854b01552149f86fe6025d,robinhood,惯犯庄家（CASHCAT案·狙击集团#1（旧庄#2·0x9f49出纳星座，标）,serial-actor,identity,serial-offenders,2026-07-26,CASHCAT分析 appendix whale_group「狙击集团#1（旧庄#2·0x9f49出纳星座，标准迁移）」,serial-offender,,,2026-07-15,2026-07-26,,
0x5c7c18ef518821957b3e7d07056e6346a4590119,robinhood,惯犯庄家（CASHCAT案·项目方（旧庄#1·工作室核心，标准迁移））,serial-actor,identity,serial-offenders,2026-07-26,CASHCAT分析 appendix whale_group「项目方（旧庄#1·工作室核心，标准迁移）」（人工白名单：记忆存档实锤工作室）,serial-offender,,,2026-07-15,2026-07-26,,
0x5d6c57466756e5963b402b7f9b9c29ccd202f4fb,robinhood,惯犯庄家（MEOW案·项目方）,serial-actor,identity,serial-offenders,2026-07-26,meow分析 appendix whale_group「项目方」（人工白名单：记忆存档实锤工作室）,serial-offender,,,2026-07-15,2026-07-26,,
0x5ea7820dcd97ed43e9075aa6982472c454554402,robinhood,惯犯庄家（Index案·狙击集团）,serial-actor,identity,serial-offenders,2026-07-26,Index分析 appendix whale_group「狙击集团」,serial-offender,,,2026-07-17,2026-07-26,,
0x60289ad360193c9aa557a7f66409ff4cc4126692,robinhood,惯犯庄家（Index案·狙击集团）+TRASH案,serial-actor,identity,serial-offenders,2026-07-26,Index分析 appendix whale_group「狙击集团」；TRASH分析 appendix whale_group「庄#1·多地址协同·拍卖集团(19址)·离场庄(窗口回场吸筹)」,serial-offender,,,2026-07-17,2026-07-26,,
0x61bf48e724718802193080ca73948680bd3c9bb0,robinhood,惯犯庄家（Index案·狙击集团）,serial-actor,identity,serial-offenders,2026-07-26,Index分析 appendix whale_group「狙击集团」,serial-offender,,,2026-07-17,2026-07-26,,
0x61e1de40854cae288a11feb9b28a064df14d29ef,robinhood,惯犯庄家（Pointless案·狙击集团#4·3807系）,serial-actor,identity,serial-offenders,2026-07-26,Pointless分析 appendix whale_group「狙击集团#4·3807系」,serial-offender,,,block 1173,2026-07-26,,
0x620de364f8856ee370fd3e4cab6809cc9f540263,robinhood,惯犯庄家（TRASH案·庄#3·五胞胎狙击簇(5址)·gas同源·已离场）,serial-actor,identity,serial-offenders,2026-07-26,TRASH分析 appendix whale_group「庄#3·五胞胎狙击簇(5址)·gas同源·已离场」,serial-offender,,,2026-07-17,2026-07-26,,
0x635e93574f9359006c709e935afa450ba50fd61d,robinhood,惯犯庄家（Pointless案·狙击集团#2·635e系）,serial-actor,identity,serial-offenders,2026-07-26,Pointless分析 appendix whale_group「狙击集团#2·635e系」,serial-offender,,,block 1173,2026-07-26,,
0x642e338c5abfa481c272c1a638d3f4fce61bb796,robinhood,惯犯庄家（Index案·狙击集团）,serial-actor,identity,serial-offenders,2026-07-26,Index分析 appendix whale_group「狙击集团」,serial-offender,,,2026-07-17,2026-07-26,,
0x6572bc35c620943da39822a0326fcc9793652e30,robinhood,惯犯庄家（Index案·狙击集团）,serial-actor,identity,serial-offenders,2026-07-26,Index分析 appendix whale_group「狙击集团」,serial-offender,,,2026-07-17,2026-07-26,,
0x65cafcd52055f287ffbda9f8c67dba6f93200ba8,robinhood,惯犯庄家（Index案·狙击集团）,serial-actor,identity,serial-offenders,2026-07-26,Index分析 appendix whale_group「狙击集团」,serial-offender,,,2026-07-17,2026-07-26,,
0x68634e035322376a824b69af143fb087ea214d55,robinhood,惯犯庄家（TRASH案·庄#4·e0e889母钱包簇(9址)·gas同源）,serial-actor,identity,serial-offenders,2026-07-26,TRASH分析 appendix whale_group「庄#4·e0e889母钱包簇(9址)·gas同源·基本离场」,serial-offender,,,2026-07-17,2026-07-26,,
0x68783ce26215837359fc3e8c7cb59e93f2fb7236,robinhood,惯犯庄家（Index案·狙击集团）,serial-actor,identity,serial-offenders,2026-07-26,Index分析 appendix whale_group「狙击集团」,serial-offender,,,2026-07-17,2026-07-26,,
0x6a2b632b8c8676fa1aa269aee66176adbf016ee1,robinhood,惯犯庄家（GME案·小庄#1）,serial-actor,identity,serial-offenders,2026-07-26,GME分析 appendix whale_group「小庄#1」,serial-offender,,,2026-07-15,2026-07-26,,
0x6d8ac75d911bf7339fcf414ea79ae1edde18dabc,robinhood,惯犯庄家（BEGGAR案·离场庄#1）+CASHCAT案,serial-actor,identity,serial-offenders,2026-07-26,BEGGAR分析 appendix whale_group「离场庄#1」；CASHCAT分析 appendix whale_group「项目方（旧庄#1·工作室核心，标准迁移）」（人工白名单：记忆存档实锤工作室）,serial-offender,,,2026-07-17,2026-07-26,,
0x6e95d13d190a814aeaa864d5a19fce405654e4b8,robinhood,惯犯庄家（Index案·狙击集团）,serial-actor,identity,serial-offenders,2026-07-26,Index分析 appendix whale_group「狙击集团」,serial-offender,,,2026-07-17,2026-07-26,,
0x6ed177d63d32f379184481319c168672b35ea7ce,robinhood,惯犯庄家（Index案·狙击集团）,serial-actor,identity,serial-offenders,2026-07-26,Index分析 appendix whale_group「狙击集团」,serial-offender,,,2026-07-17,2026-07-26,,
0x6ee9d2bfc6a0e95b2f7d089d2535c26283354e43,robinhood,惯犯庄家（BEGGAR案·离场庄#1）,serial-actor,identity,serial-offenders,2026-07-26,BEGGAR分析 appendix whale_group「离场庄#1」,serial-offender,,,2026-07-17,2026-07-26,,
0x6fd2e7fa124b7d9d021935d1f99ded0d92dffaa8,robinhood,惯犯庄家（Index案·狙击集团）,serial-actor,identity,serial-offenders,2026-07-26,Index分析 appendix whale_group「狙击集团」,serial-offender,,,2026-07-17,2026-07-26,,
0x7123a1dea605ff14ddf768c66e47f7d17b85fdef,robinhood,惯犯庄家（Index案·狙击集团）,serial-actor,identity,serial-offenders,2026-07-26,Index分析 appendix whale_group「狙击集团」,serial-offender,,,2026-07-17,2026-07-26,,
0x71d1f92ba5b4e2754612bc253f0840f55e6d06be,robinhood,惯犯庄家（DUMBMONEY案·小庄#1）,serial-actor,identity,serial-offenders,2026-07-26,DUMBMONEY分析 appendix whale_group「小庄#1」,serial-offender,,,2026-07-17,2026-07-26,,
0x71f180e30425e09dafc4a90974266b57b3943b88,robinhood,惯犯庄家（DUMBMONEY案·小庄#1）,serial-actor,identity,serial-offenders,2026-07-26,DUMBMONEY分析 appendix whale_group「小庄#1」,serial-offender,,,2026-07-17,2026-07-26,,
0x72a7d7d063bd058de889ce47488c980e36d8ffd9,robinhood,惯犯庄家（DUMBMONEY案·小庄#1）,serial-actor,identity,serial-offenders,2026-07-26,DUMBMONEY分析 appendix whale_group「小庄#1」,serial-offender,,,2026-07-17,2026-07-26,,
0x73433a9a344823a4823320b3423bc92b5a695bd8,robinhood,惯犯庄家（Index案·狙击集团）,serial-actor,identity,serial-offenders,2026-07-26,Index分析 appendix whale_group「狙击集团」,serial-offender,,,2026-07-17,2026-07-26,,
0x73976a95bc1746cd5b3c1fadd0ea35860693bedd,robinhood,惯犯庄家（TRASH案·庄#4·e0e889母钱包簇(9址)·gas同源）,serial-actor,identity,serial-offenders,2026-07-26,TRASH分析 appendix whale_group「庄#4·e0e889母钱包簇(9址)·gas同源·基本离场」,serial-offender,,,2026-07-17,2026-07-26,,
0x74b0dfb656934abc3f13cd192efda9c8a301767a,robinhood,惯犯庄家（MEOW案·项目方）,serial-actor,identity,serial-offenders,2026-07-26,meow分析 appendix whale_group「项目方」（人工白名单：记忆存档实锤工作室）,serial-offender,,,2026-07-15,2026-07-26,,
0x7980549ee1ffee7d545ee990c3b6847e1d61c0ce,robinhood,惯犯庄家（Pointless案·狙击集团#3·4ef8系）,serial-actor,identity,serial-offenders,2026-07-26,Pointless分析 appendix whale_group「狙击集团#3·4ef8系」,serial-offender,,,block 1173,2026-07-26,,
0x79ae7f0eccf445692855b56aa672e3087dcd16e7,robinhood,惯犯庄家（TRASH案·庄#1·多地址协同·拍卖集团(19址)·离场庄(）,serial-actor,identity,serial-offenders,2026-07-26,TRASH分析 appendix whale_group「庄#1·多地址协同·拍卖集团(19址)·离场庄(窗口回场吸筹)」,serial-offender,,,2026-07-17,2026-07-26,,
0x79e3a5bb91ec7d8dcb3b8b96625a549eff5738f4,robinhood,惯犯庄家（CASHCAT案·狙击集团#2（旧庄#3·0x79e3供养星座，标）,serial-actor,identity,serial-offenders,2026-07-26,CASHCAT分析 appendix whale_group「狙击集团#2（旧庄#3·0x79e3供养星座，标准迁移）」,serial-offender,,,2026-07-15,2026-07-26,,
0x7a3f86fdc5b356c4c2357650d31c0b84826c638a,robinhood,惯犯庄家（MEOW案·项目方）,serial-actor,identity,serial-offenders,2026-07-26,meow分析 appendix whale_group「项目方」（人工白名单：记忆存档实锤工作室）,serial-offender,,,2026-07-15,2026-07-26,,
0x7da8b5a80539a0f960c91ae0830a22a807edd739,robinhood,惯犯庄家（Index案·狙击集团）,serial-actor,identity,serial-offenders,2026-07-26,Index分析 appendix whale_group「狙击集团」,serial-offender,,,2026-07-17,2026-07-26,,
0x7e3ba68c49561aae7c23c1d20fef0f1d7615a3ad,robinhood,惯犯庄家（GME案·小庄#1）,serial-actor,identity,serial-offenders,2026-07-26,GME分析 appendix whale_group「小庄#1」,serial-offender,,,2026-07-15,2026-07-26,,
0x7f7724af5e5c896c7ac8cc2c7fa35f2fe8f3056a,robinhood,惯犯庄家（Index案·狙击集团）,serial-actor,identity,serial-offenders,2026-07-26,Index分析 appendix whale_group「狙击集团」,serial-offender,,,2026-07-17,2026-07-26,,
0x8130a7926fdec31453aa478c1db8f00ebcc35f41,robinhood,惯犯庄家（Index案·狙击集团）,serial-actor,identity,serial-offenders,2026-07-26,Index分析 appendix whale_group「狙击集团」,serial-offender,,,2026-07-17,2026-07-26,,
0x82c79e75ce3ae6d7b0784df2069dcd3fe64464cc,robinhood,惯犯庄家（Index案·狙击集团）,serial-actor,identity,serial-offenders,2026-07-26,Index分析 appendix whale_group「狙击集团」,serial-offender,,,2026-07-17,2026-07-26,,
0x82e2ab3e2844d315609181b0154a3d30c69b2138,robinhood,惯犯庄家（TRASH案·庄#4·e0e889母钱包簇(9址)·gas同源）,serial-actor,identity,serial-offenders,2026-07-26,TRASH分析 appendix whale_group「庄#4·e0e889母钱包簇(9址)·gas同源·基本离场」,serial-offender,,,2026-07-17,2026-07-26,,
0x82fc58011d50bfda0dd10bbecab41803a7758939,robinhood,惯犯庄家（CASHCAT案·狙击集团#1（旧庄#2·0x9f49出纳星座，标）,serial-actor,identity,serial-offenders,2026-07-26,CASHCAT分析 appendix whale_group「狙击集团#1（旧庄#2·0x9f49出纳星座，标准迁移）」,serial-offender,,,2026-07-15,2026-07-26,,
0x83ba0aed984949cafb31bcb24addf76cd84bf1e3,robinhood,惯犯庄家（DUMBMONEY案·小庄#1）,serial-actor,identity,serial-offenders,2026-07-26,DUMBMONEY分析 appendix whale_group「小庄#1」,serial-offender,,,2026-07-17,2026-07-26,,
0x83c31923311e5eeba4e25ff4722cbad41f8d5e68,robinhood,惯犯庄家（GME案·小庄#1）,serial-actor,identity,serial-offenders,2026-07-26,GME分析 appendix whale_group「小庄#1」,serial-offender,,,2026-07-15,2026-07-26,,
0x83e21b85a0678b62cd70498ef8b472aa80fdda3d,robinhood,惯犯庄家（Index案·狙击集团）,serial-actor,identity,serial-offenders,2026-07-26,Index分析 appendix whale_group「狙击集团」,serial-offender,,,2026-07-17,2026-07-26,,
0x8556649fff1147f06f01a1e563334028c45a15fa,robinhood,惯犯庄家（TRASH案·庄#1·多地址协同·拍卖集团(19址)·离场庄(）,serial-actor,identity,serial-offenders,2026-07-26,TRASH分析 appendix whale_group「庄#1·多地址协同·拍卖集团(19址)·离场庄(窗口回场吸筹)」,serial-offender,,,2026-07-17,2026-07-26,,
0x86b9ad8fc7bec77c85913b0f80f69c2cfa129c3e,robinhood,惯犯庄家（MEOW案·狙击集团#2）,serial-actor,identity,serial-offenders,2026-07-26,meow分析 appendix whale_group「狙击集团#2」,serial-offender,,,2026-07-15,2026-07-26,,
0x8859f95d95cbd6e0f9c6e1e6b570b1aa4e5ccdf4,robinhood,惯犯庄家（BEGGAR案·离场庄#1）+CASHCAT案,serial-actor,identity,serial-offenders,2026-07-26,BEGGAR分析 appendix whale_group「离场庄#1」；CASHCAT分析 appendix whale_group「项目方（旧庄#1·工作室核心，标准迁移）」（人工白名单：记忆存档实锤工作室）,serial-offender,,,2026-07-17,2026-07-26,,
0x8a4eb4da7f948a43a50e5bc34ae8096895beb70b,robinhood,惯犯庄家（NOXA案·离场庄）,serial-actor,identity,serial-offenders,2026-07-26,NOXA分析 appendix whale_group「离场庄」,serial-offender,,,2026-07-15,2026-07-26,,
0x8d948db4528b9b8c85db0a2e743401ef4a3f3e46,robinhood,惯犯庄家（Index案·狙击集团）,serial-actor,identity,serial-offenders,2026-07-26,Index分析 appendix whale_group「狙击集团」,serial-offender,,,2026-07-17,2026-07-26,,
0x8e65cbcdc822968131b1e37e5cee02c9ce82ab21,robinhood,惯犯庄家（BEGGAR案·离场庄#1）+CASHCAT案,serial-actor,identity,serial-offenders,2026-07-26,BEGGAR分析 appendix whale_group「离场庄#1」；CASHCAT分析 appendix whale_group「项目方（旧庄#1·工作室核心，标准迁移）」（人工白名单：记忆存档实锤工作室）,serial-offender,,,2026-07-17,2026-07-26,,
0x90d55022a2833572e2a5842e34cef71b9299611b,robinhood,惯犯庄家（Index案·狙击集团）,serial-actor,identity,serial-offenders,2026-07-26,Index分析 appendix whale_group「狙击集团」,serial-offender,,,2026-07-17,2026-07-26,,
0x911a141d1670f3f053ef82e8ce25bd428a3d9e97,robinhood,惯犯庄家（TRASH案·庄#1·多地址协同·拍卖集团(19址)·离场庄(）,serial-actor,identity,serial-offenders,2026-07-26,TRASH分析 appendix whale_group「庄#1·多地址协同·拍卖集团(19址)·离场庄(窗口回场吸筹)」,serial-offender,,,2026-07-17,2026-07-26,,
0x91801cca41bd2123cc566f724d0b9c87a66d661b,robinhood,惯犯庄家（DUMBMONEY案·小庄#1）,serial-actor,identity,serial-offenders,2026-07-26,DUMBMONEY分析 appendix whale_group「小庄#1」,serial-offender,,,2026-07-17,2026-07-26,,
0x9204455ee674f1c30da7e2c5aeca9d940fe52b59,robinhood,惯犯庄家（Index案·狙击集团）,serial-actor,identity,serial-offenders,2026-07-26,Index分析 appendix whale_group「狙击集团」,serial-offender,,,2026-07-17,2026-07-26,,
0x928ed45e143393d16c9ed18a0b6139a4162472c8,robinhood,惯犯庄家（Index案·狙击集团）,serial-actor,identity,serial-offenders,2026-07-26,Index分析 appendix whale_group「狙击集团」,serial-offender,,,2026-07-17,2026-07-26,,
0x930af2576a5f5859e32ea67a77aae55c61befd39,robinhood,惯犯庄家（CASHCAT案·项目方（旧庄#1·工作室核心，标准迁移））,serial-actor,identity,serial-offenders,2026-07-26,CASHCAT分析 appendix whale_group「项目方（旧庄#1·工作室核心，标准迁移）」（人工白名单：记忆存档实锤工作室）,serial-offender,,,2026-07-15,2026-07-26,,
0x93f086e1ede295fb83b9ef9b30f3d2edda961f9a,robinhood,惯犯庄家（TRASH案·庄#1·多地址协同·拍卖集团(19址)·离场庄(）,serial-actor,identity,serial-offenders,2026-07-26,TRASH分析 appendix whale_group「庄#1·多地址协同·拍卖集团(19址)·离场庄(窗口回场吸筹)」,serial-offender,,,2026-07-17,2026-07-26,,
0x95cb7cfd911d2307849e6b9ee565747fe6846682,robinhood,惯犯庄家（DUMBMONEY案·小庄#1）,serial-actor,identity,serial-offenders,2026-07-26,DUMBMONEY分析 appendix whale_group「小庄#1」,serial-offender,,,2026-07-17,2026-07-26,,
0x978b59bc39f7e71d2baa20f912df87226c704e59,robinhood,惯犯庄家（Index案·狙击集团）,serial-actor,identity,serial-offenders,2026-07-26,Index分析 appendix whale_group「狙击集团」,serial-offender,,,2026-07-17,2026-07-26,,
0x9891e2cc8eb7c188d8ce4969ce9de6da14a01f34,robinhood,惯犯庄家（Index案·狙击集团）,serial-actor,identity,serial-offenders,2026-07-26,Index分析 appendix whale_group「狙击集团」,serial-offender,,,2026-07-17,2026-07-26,,
0x996febe7407f1a706f62a898311123ecf9fc76a0,robinhood,惯犯庄家（BEGGAR案·离场庄#1）,serial-actor,identity,serial-offenders,2026-07-26,BEGGAR分析 appendix whale_group「离场庄#1」,serial-offender,,,2026-07-17,2026-07-26,,
0x9aac434f8cd42d008311c6ffdf6cf94c168c8bb1,robinhood,惯犯庄家（Pointless案·狙击集团#4·3807系）,serial-actor,identity,serial-offenders,2026-07-26,Pointless分析 appendix whale_group「狙击集团#4·3807系」,serial-offender,,,block 1173,2026-07-26,,
0x9d3ca3a3da4d033acee296d4c1829cc5143e0fae,robinhood,惯犯庄家（NOXA案·狙击集团）,serial-actor,identity,serial-offenders,2026-07-26,NOXA分析 appendix whale_group「狙击集团」,serial-offender,,,2026-07-15,2026-07-26,,
0x9dbfded199ee3a6b291c223e65f97d387156aada,robinhood,惯犯庄家（Index案·狙击集团）,serial-actor,identity,serial-offenders,2026-07-26,Index分析 appendix whale_group「狙击集团」,serial-offender,,,2026-07-17,2026-07-26,,
0x9e7f48edd653c49de7ffd800aee15ecaa5a2e163,robinhood,惯犯庄家（Pointless案·狙击集团#3·4ef8系）,serial-actor,identity,serial-offenders,2026-07-26,Pointless分析 appendix whale_group「狙击集团#3·4ef8系」,serial-offender,,,block 1173,2026-07-26,,
0x9ec2f5e65548f87e107aa61bec0a4c13ce6ba663,robinhood,惯犯庄家（TRASH案·庄#1·多地址协同·拍卖集团(19址)·离场庄(）,serial-actor,identity,serial-offenders,2026-07-26,TRASH分析 appendix whale_group「庄#1·多地址协同·拍卖集团(19址)·离场庄(窗口回场吸筹)」,serial-offender,,,2026-07-17,2026-07-26,,
0xa07c0ba78be732348a64fa264cf8026e79bab3d5,robinhood,惯犯庄家（Index案·狙击集团）,serial-actor,identity,serial-offenders,2026-07-26,Index分析 appendix whale_group「狙击集团」,serial-offender,,,2026-07-17,2026-07-26,,
0xa0d4048243d66b5b87ef8ff5ce22efb7eeb26a7a,robinhood,惯犯庄家（Index案·狙击集团）,serial-actor,identity,serial-offenders,2026-07-26,Index分析 appendix whale_group「狙击集团」,serial-offender,,,2026-07-17,2026-07-26,,
0xa201522b88bb24fe0c0f1adcef411b28a9e680b4,robinhood,惯犯庄家（Index案·狙击集团）,serial-actor,identity,serial-offenders,2026-07-26,Index分析 appendix whale_group「狙击集团」,serial-offender,,,2026-07-17,2026-07-26,,
0xa2d9051c139ec1ba9c4eb3cab1bbf5d313ea408d,robinhood,惯犯庄家（GME案·小庄#1）,serial-actor,identity,serial-offenders,2026-07-26,GME分析 appendix whale_group「小庄#1」,serial-offender,,,2026-07-15,2026-07-26,,
0xa3b2d9dedb0141ae065d436e9f3d593d20933a74,robinhood,惯犯庄家（CASHCAT案·项目方（旧庄#1·工作室核心，标准迁移））,serial-actor,identity,serial-offenders,2026-07-26,CASHCAT分析 appendix whale_group「项目方（旧庄#1·工作室核心，标准迁移）」（人工白名单：记忆存档实锤工作室）,serial-offender,,,2026-07-15,2026-07-26,,
0xa52dfc2f716c72a5e37757804a38a12ad0b9c7c6,robinhood,惯犯庄家（Pointless案·狙击集团#4·3807系）,serial-actor,identity,serial-offenders,2026-07-26,Pointless分析 appendix whale_group「狙击集团#4·3807系」,serial-offender,,,block 1173,2026-07-26,,
0xa667a51bdcb32dabc8a9396a4523b5fef314ebe7,robinhood,惯犯庄家（Index案·狙击集团）,serial-actor,identity,serial-offenders,2026-07-26,Index分析 appendix whale_group「狙击集团」,serial-offender,,,2026-07-17,2026-07-26,,
0xa6fd5976d726ddd758c98c56463fcfed5a152ffd,robinhood,惯犯庄家（Pointless案·狙击集团#3·4ef8系）,serial-actor,identity,serial-offenders,2026-07-26,Pointless分析 appendix whale_group「狙击集团#3·4ef8系」,serial-offender,,,block 1173,2026-07-26,,
0xa791004994963e2ef71c170371a1531893681d14,robinhood,惯犯庄家（TRASH案·庄#3·五胞胎狙击簇(5址)·gas同源·已离场）,serial-actor,identity,serial-offenders,2026-07-26,TRASH分析 appendix whale_group「庄#3·五胞胎狙击簇(5址)·gas同源·已离场」,serial-offender,,,2026-07-17,2026-07-26,,
0xa877266ac5f6dc5c84159ffc9fabd3eada472b90,robinhood,惯犯庄家（CASHCAT案·狙击集团#1（旧庄#2·0x9f49出纳星座，标）,serial-actor,identity,serial-offenders,2026-07-26,CASHCAT分析 appendix whale_group「狙击集团#1（旧庄#2·0x9f49出纳星座，标准迁移）」,serial-offender,,,2026-07-15,2026-07-26,,
0xa8e5ec980778357992b66be7a5f8d804e86ddd70,robinhood,惯犯庄家（CASHCAT案·项目方（旧庄#1·工作室核心，标准迁移））,serial-actor,identity,serial-offenders,2026-07-26,CASHCAT分析 appendix whale_group「项目方（旧庄#1·工作室核心，标准迁移）」（人工白名单：记忆存档实锤工作室）,serial-offender,,,2026-07-15,2026-07-26,,
0xa999171a1432c18ce403365acc2adfa5c2ec6091,robinhood,惯犯庄家（CASHCAT案·狙击集团#1（旧庄#2·0x9f49出纳星座，标）,serial-actor,identity,serial-offenders,2026-07-26,CASHCAT分析 appendix whale_group「狙击集团#1（旧庄#2·0x9f49出纳星座，标准迁移）」,serial-offender,,,2026-07-15,2026-07-26,,
0xaa744d48ccfb421b60cb6aa3b83b713e753efb70,robinhood,惯犯庄家（Index案·狙击集团）,serial-actor,identity,serial-offenders,2026-07-26,Index分析 appendix whale_group「狙击集团」,serial-offender,,,2026-07-17,2026-07-26,,
0xab59b3f411de6ec506f5721bb34e8c573f679395,robinhood,惯犯庄家（TRASH案·庄#1·多地址协同·拍卖集团(19址)·离场庄(）,serial-actor,identity,serial-offenders,2026-07-26,TRASH分析 appendix whale_group「庄#1·多地址协同·拍卖集团(19址)·离场庄(窗口回场吸筹)」,serial-offender,,,2026-07-17,2026-07-26,,
0xabffc84ea2dc24d50dbdfcec6d57130bd7e8b281,robinhood,惯犯庄家（CASHCAT案·项目方（旧庄#1·工作室核心，标准迁移））,serial-actor,identity,serial-offenders,2026-07-26,CASHCAT分析 appendix whale_group「项目方（旧庄#1·工作室核心，标准迁移）」（人工白名单：记忆存档实锤工作室）,serial-offender,,,2026-07-15,2026-07-26,,
0xae9b2082c9ef1edc7dba94e7297a1ec00da6cbd1,robinhood,惯犯庄家（TRASH案·庄#3·五胞胎狙击簇(5址)·gas同源·已离场）,serial-actor,identity,serial-offenders,2026-07-26,TRASH分析 appendix whale_group「庄#3·五胞胎狙击簇(5址)·gas同源·已离场」,serial-offender,,,2026-07-17,2026-07-26,,
0xaf687d81db9e3ee4d2bb2132ada37e6138060f23,robinhood,惯犯庄家（CASHCAT案·项目方（旧庄#1·工作室核心，标准迁移））,serial-actor,identity,serial-offenders,2026-07-26,CASHCAT分析 appendix whale_group「项目方（旧庄#1·工作室核心，标准迁移）」（人工白名单：记忆存档实锤工作室）,serial-offender,,,2026-07-15,2026-07-26,,
0xb28e2a18f20e706b7005d772838a28b27bbfbe9b,robinhood,惯犯庄家（CASHCAT案·项目方（旧庄#1·工作室核心，标准迁移））,serial-actor,identity,serial-offenders,2026-07-26,CASHCAT分析 appendix whale_group「项目方（旧庄#1·工作室核心，标准迁移）」（人工白名单：记忆存档实锤工作室）,serial-offender,,,2026-07-15,2026-07-26,,
0xb446f8df431b0740457f1c50aed0e993cf8dca3a,robinhood,惯犯庄家（GME案·小庄#1）,serial-actor,identity,serial-offenders,2026-07-26,GME分析 appendix whale_group「小庄#1」,serial-offender,,,2026-07-15,2026-07-26,,
0xb4be35f23d08e2a96721705dbfe098a71fdd6f23,robinhood,惯犯庄家（Pointless案·狙击集团#2·635e系）,serial-actor,identity,serial-offenders,2026-07-26,Pointless分析 appendix whale_group「狙击集团#2·635e系」,serial-offender,,,block 1173,2026-07-26,,
0xb4f1c7309f2139ce6da61455d20525a47310dd6f,robinhood,惯犯庄家（Index案·狙击集团）,serial-actor,identity,serial-offenders,2026-07-26,Index分析 appendix whale_group「狙击集团」,serial-offender,,,2026-07-17,2026-07-26,,
0xb5776f907a23e1883f6bb363f713b8602cb8d9cb,robinhood,惯犯庄家（Index案·狙击集团）,serial-actor,identity,serial-offenders,2026-07-26,Index分析 appendix whale_group「狙击集团」,serial-offender,,,2026-07-17,2026-07-26,,
0xb80dc4ed493a2ba4692b5d6303a19a64df3f5acc,robinhood,惯犯庄家（Index案·狙击集团）,serial-actor,identity,serial-offenders,2026-07-26,Index分析 appendix whale_group「狙击集团」,serial-offender,,,2026-07-17,2026-07-26,,
0xb85fb695acf67fc15c928399a50622d48b68c5e6,robinhood,惯犯庄家（CASHCAT案·狙击集团#1（旧庄#2·0x9f49出纳星座，标）,serial-actor,identity,serial-offenders,2026-07-26,CASHCAT分析 appendix whale_group「狙击集团#1（旧庄#2·0x9f49出纳星座，标准迁移）」,serial-offender,,,2026-07-15,2026-07-26,,
0xba15c9a89d0744ebeaacd7edaf164f831a2916d8,robinhood,惯犯庄家（Pointless案·狙击集团#3·4ef8系）,serial-actor,identity,serial-offenders,2026-07-26,Pointless分析 appendix whale_group「狙击集团#3·4ef8系」,serial-offender,,,block 1173,2026-07-26,,
0xbb3b32e63f6b2d2605a5114416398fa3839328b8,robinhood,惯犯庄家（Index案·狙击集团）,serial-actor,identity,serial-offenders,2026-07-26,Index分析 appendix whale_group「狙击集团」,serial-offender,,,2026-07-17,2026-07-26,,
0xbd093d10c164a3c840a332debcd65defc7c4eba6,robinhood,惯犯庄家（Index案·狙击集团）,serial-actor,identity,serial-offenders,2026-07-26,Index分析 appendix whale_group「狙击集团」,serial-offender,,,2026-07-17,2026-07-26,,
0xbd2d7f896cbf32de56165f605e461ae3b251496b,robinhood,惯犯庄家（Pointless案·狙击集团#3·4ef8系）,serial-actor,identity,serial-offenders,2026-07-26,Pointless分析 appendix whale_group「狙击集团#3·4ef8系」,serial-offender,,,block 1173,2026-07-26,,
0xbdea55e2c62bef1e0921287aa57ca3fc8f32cd64,robinhood,惯犯庄家（CASHCAT案·项目方（旧庄#1·工作室核心，标准迁移））,serial-actor,identity,serial-offenders,2026-07-26,CASHCAT分析 appendix whale_group「项目方（旧庄#1·工作室核心，标准迁移）」（人工白名单：记忆存档实锤工作室）,serial-offender,,,2026-07-15,2026-07-26,,
0xbe8af7e12b536ab55fbaf92edbb512972e0504da,robinhood,惯犯庄家（MEOW案·项目方）,serial-actor,identity,serial-offenders,2026-07-26,meow分析 appendix whale_group「项目方」（人工白名单：记忆存档实锤工作室）,serial-offender,,,2026-07-15,2026-07-26,,
0xbee5baccc945678e67949e0e45536b490febd63b,robinhood,惯犯庄家（Index案·狙击集团）,serial-actor,identity,serial-offenders,2026-07-26,Index分析 appendix whale_group「狙击集团」,serial-offender,,,2026-07-17,2026-07-26,,
0xc14387dbbe766c12a867b16c4bb7696cd0bf90d2,robinhood,惯犯庄家（Index案·狙击集团）,serial-actor,identity,serial-offenders,2026-07-26,Index分析 appendix whale_group「狙击集团」,serial-offender,,,2026-07-17,2026-07-26,,
0xc2ca1b0aa74e63f8e66ecb6ff609dd37888b1814,robinhood,惯犯庄家（CASHCAT案·项目方（旧庄#1·工作室核心，标准迁移））,serial-actor,identity,serial-offenders,2026-07-26,CASHCAT分析 appendix whale_group「项目方（旧庄#1·工作室核心，标准迁移）」（人工白名单：记忆存档实锤工作室）,serial-offender,,,2026-07-15,2026-07-26,,
0xc2f4f5bca58bf00c16048216f0385bfc103eb9da,robinhood,惯犯庄家（CASHCAT案·项目方（旧庄#1·工作室核心，标准迁移））,serial-actor,identity,serial-offenders,2026-07-26,CASHCAT分析 appendix whale_group「项目方（旧庄#1·工作室核心，标准迁移）」（人工白名单：记忆存档实锤工作室）,serial-offender,,,2026-07-15,2026-07-26,,
0xc36d22d76c2d4108144171c4deacbcc7a46118be,robinhood,惯犯庄家（MEOW案·狙击集团#1）,serial-actor,identity,serial-offenders,2026-07-26,meow分析 appendix whale_group「狙击集团#1」,serial-offender,,,2026-07-15,2026-07-26,,
0xc52fbb9c4a7373b85de6415f888e5e2e3f195176,robinhood,惯犯庄家（GME案·小庄#1）,serial-actor,identity,serial-offenders,2026-07-26,GME分析 appendix whale_group「小庄#1」,serial-offender,,,2026-07-15,2026-07-26,,
0xc60ff2907544c2009cfd3e37c13ab8238cad314b,robinhood,惯犯庄家（MEOW案·狙击集团#2）,serial-actor,identity,serial-offenders,2026-07-26,meow分析 appendix whale_group「狙击集团#2」,serial-offender,,,2026-07-15,2026-07-26,,
0xc87ce42fc7871591970b230978401bb52079015a,robinhood,惯犯庄家（Index案·狙击集团）,serial-actor,identity,serial-offenders,2026-07-26,Index分析 appendix whale_group「狙击集团」,serial-offender,,,2026-07-17,2026-07-26,,
0xc89cafea2ff22e4ca6a32df91760371adce5468f,robinhood,惯犯庄家（Index案·狙击集团）,serial-actor,identity,serial-offenders,2026-07-26,Index分析 appendix whale_group「狙击集团」,serial-offender,,,2026-07-17,2026-07-26,,
0xc9f00d80f2b9761540ffa03ee1f8d7694421c85f,robinhood,惯犯庄家（Pointless案·狙击集团#3·4ef8系）,serial-actor,identity,serial-offenders,2026-07-26,Pointless分析 appendix whale_group「狙击集团#3·4ef8系」,serial-offender,,,block 1173,2026-07-26,,
0xcad24661663d7f6c025e9f69c78c2eebd499288d,robinhood,惯犯庄家（Pointless案·狙击集团#1·ea57系）,serial-actor,identity,serial-offenders,2026-07-26,Pointless分析 appendix whale_group「狙击集团#1·ea57系」,serial-offender,,,block 1173,2026-07-26,,
0xcc0c581613dfd4ace7c8686668427236f8bd5cc5,robinhood,惯犯庄家（CASHCAT案·项目方（旧庄#1·工作室核心，标准迁移））,serial-actor,identity,serial-offenders,2026-07-26,CASHCAT分析 appendix whale_group「项目方（旧庄#1·工作室核心，标准迁移）」（人工白名单：记忆存档实锤工作室）,serial-offender,,,2026-07-15,2026-07-26,,
0xcc43a95208bb2cb7caa6ed09e9bfa7cbf7ab5e8d,robinhood,惯犯庄家（Index案·狙击集团）,serial-actor,identity,serial-offenders,2026-07-26,Index分析 appendix whale_group「狙击集团」,serial-offender,,,2026-07-17,2026-07-26,,
0xccb09e51823ae0c3655fbc4d5afc123980f8d913,robinhood,惯犯庄家（TRASH案·庄#1·多地址协同·拍卖集团(19址)·离场庄(）,serial-actor,identity,serial-offenders,2026-07-26,TRASH分析 appendix whale_group「庄#1·多地址协同·拍卖集团(19址)·离场庄(窗口回场吸筹)」,serial-offender,,,2026-07-17,2026-07-26,,
0xcdfc08a1c1fbafb355645e5ddc32122e5716ca90,robinhood,惯犯庄家（BEGGAR案·离场庄#1）+CASHCAT案+NOXA案,serial-actor,identity,serial-offenders,2026-07-26,BEGGAR分析 appendix whale_group「离场庄#1」；CASHCAT分析 appendix whale_group「项目方（旧庄#1·工作室核心，标准迁移）」（人工白名单：记忆存档实锤工作室）；NOXA分析 appendix whale_group「狙击集团」,serial-offender,,,2026-07-17,2026-07-26,,
0xced59329209a585d18375dbcb6a2093cf0f3d66e,robinhood,惯犯庄家（Index案·狙击集团）,serial-actor,identity,serial-offenders,2026-07-26,Index分析 appendix whale_group「狙击集团」,serial-offender,,,2026-07-17,2026-07-26,,
0xcfadbdddd572678f69732e40c4f44056f8ae7e13,robinhood,惯犯庄家（Pointless案·狙击集团#3·4ef8系）,serial-actor,identity,serial-offenders,2026-07-26,Pointless分析 appendix whale_group「狙击集团#3·4ef8系」,serial-offender,,,block 1173,2026-07-26,,
0xd0f437a14e9875d137404efe57f67d7417c2060c,robinhood,惯犯庄家（GME案·小庄#1）,serial-actor,identity,serial-offenders,2026-07-26,GME分析 appendix whale_group「小庄#1」,serial-offender,,,2026-07-15,2026-07-26,,
0xd2c6f05ae451160643027d28433e05758e31d83b,robinhood,惯犯庄家（TRASH案·庄#1·多地址协同·拍卖集团(19址)·离场庄(）,serial-actor,identity,serial-offenders,2026-07-26,TRASH分析 appendix whale_group「庄#1·多地址协同·拍卖集团(19址)·离场庄(窗口回场吸筹)」,serial-offender,,,2026-07-17,2026-07-26,,
0xd3995903169b36a1b359c7e04f258841645ce854,robinhood,惯犯庄家（TRASH案·庄#4·e0e889母钱包簇(9址)·gas同源）,serial-actor,identity,serial-offenders,2026-07-26,TRASH分析 appendix whale_group「庄#4·e0e889母钱包簇(9址)·gas同源·基本离场」,serial-offender,,,2026-07-17,2026-07-26,,
0xd3a2860f8a21c9648d1e4879b297d4fbcf257b5d,robinhood,惯犯庄家（Index案·狙击集团）,serial-actor,identity,serial-offenders,2026-07-26,Index分析 appendix whale_group「狙击集团」,serial-offender,,,2026-07-17,2026-07-26,,
0xd4c0b1d1c2bdf8117f4edda46d8c748b966b2d6c,robinhood,惯犯庄家（Index案·狙击集团）,serial-actor,identity,serial-offenders,2026-07-26,Index分析 appendix whale_group「狙击集团」,serial-offender,,,2026-07-17,2026-07-26,,
0xd6667cae26f5ddb30b2dc6435f273d58ea0391cc,robinhood,惯犯庄家（Index案·狙击集团）,serial-actor,identity,serial-offenders,2026-07-26,Index分析 appendix whale_group「狙击集团」,serial-offender,,,2026-07-17,2026-07-26,,
0xd7a40663b0f8e70a7335714c88b1ac10edc276ff,robinhood,惯犯庄家（Index案·狙击集团）,serial-actor,identity,serial-offenders,2026-07-26,Index分析 appendix whale_group「狙击集团」,serial-offender,,,2026-07-17,2026-07-26,,
0xd818a1dd9d924e8adcbdb48fa537da72e0946c2a,robinhood,惯犯庄家（TRASH案·庄#3·五胞胎狙击簇(5址)·gas同源·已离场）,serial-actor,identity,serial-offenders,2026-07-26,TRASH分析 appendix whale_group「庄#3·五胞胎狙击簇(5址)·gas同源·已离场」,serial-offender,,,2026-07-17,2026-07-26,,
0xd874259110c6e086f1d2fee474b73e69b8f5dab0,robinhood,惯犯庄家（GME案·小庄#1）,serial-actor,identity,serial-offenders,2026-07-26,GME分析 appendix whale_group「小庄#1」,serial-offender,,,2026-07-15,2026-07-26,,
0xd8ba9e5886b7000bace2c9dbdd0be98ac77d4a28,robinhood,惯犯庄家（Index案·狙击集团）+TRASH案,serial-actor,identity,serial-offenders,2026-07-26,Index分析 appendix whale_group「狙击集团」；TRASH分析 appendix whale_group「庄#1·多地址协同·拍卖集团(19址)·离场庄(窗口回场吸筹)」,serial-offender,,,2026-07-17,2026-07-26,,
0xd8e562b0dba24ad46e36db4e36dfad808165a631,robinhood,惯犯庄家（Index案·狙击集团）,serial-actor,identity,serial-offenders,2026-07-26,Index分析 appendix whale_group「狙击集团」,serial-offender,,,2026-07-17,2026-07-26,,
0xdd491fc2f498a8557539e0012b4f805b934f4316,robinhood,惯犯庄家（COMPUTE案·庄#1·0xDD49·双地址·静止重仓）,serial-actor,identity,serial-offenders,2026-07-26,COMPUTE分析 appendix whale_group「庄#1·0xDD49·双地址·静止重仓」,serial-offender,,,2026-07-12,2026-07-26,,
0xdda895eeecaef2893c0c761e08a4f289174422f5,robinhood,惯犯庄家（Index案·狙击集团）,serial-actor,identity,serial-offenders,2026-07-26,Index分析 appendix whale_group「狙击集团」,serial-offender,,,2026-07-17,2026-07-26,,
0xdde00b1559868463ae6a82778778f0463ff41432,robinhood,惯犯庄家（TRASH案·庄#4·e0e889母钱包簇(9址)·gas同源）,serial-actor,identity,serial-offenders,2026-07-26,TRASH分析 appendix whale_group「庄#4·e0e889母钱包簇(9址)·gas同源·基本离场」,serial-offender,,,2026-07-17,2026-07-26,,
0xde35c04f206f79a467e09836da9269810e59f6b6,robinhood,惯犯庄家（CASHCAT案·项目方（旧庄#1·工作室核心，标准迁移））,serial-actor,identity,serial-offenders,2026-07-26,CASHCAT分析 appendix whale_group「项目方（旧庄#1·工作室核心，标准迁移）」（人工白名单：记忆存档实锤工作室）,serial-offender,,,2026-07-15,2026-07-26,,
0xde4c44e841972c2c4db1b1e27a353340fe9899de,robinhood,惯犯庄家（CASHCAT案·狙击集团#1（旧庄#2·0x9f49出纳星座，标）,serial-actor,identity,serial-offenders,2026-07-26,CASHCAT分析 appendix whale_group「狙击集团#1（旧庄#2·0x9f49出纳星座，标准迁移）」,serial-offender,,,2026-07-15,2026-07-26,,
0xe06ac41b66bb1d9bfcfd270c10e437800ec36b10,robinhood,惯犯庄家（Pointless案·狙击集团#3·4ef8系）,serial-actor,identity,serial-offenders,2026-07-26,Pointless分析 appendix whale_group「狙击集团#3·4ef8系」,serial-offender,,,block 1173,2026-07-26,,
0xe26a708d230669077272a2c9c433f7df360140a1,robinhood,惯犯庄家（NOXA案·狙击集团）,serial-actor,identity,serial-offenders,2026-07-26,NOXA分析 appendix whale_group「狙击集团」,serial-offender,,,2026-07-15,2026-07-26,,
0xe45ee5afa2468d51089eed19d4f790264a2f5044,robinhood,惯犯庄家（Pointless案·狙击集团#2·635e系）,serial-actor,identity,serial-offenders,2026-07-26,Pointless分析 appendix whale_group「狙击集团#2·635e系」,serial-offender,,,block 1173,2026-07-26,,
0xe4976dfd198c56823bb938642158225b3dfe66e4,robinhood,惯犯庄家（COMPUTE案·离场庄·0xe497·单址狙击bot）,serial-actor,identity,serial-offenders,2026-07-26,COMPUTE分析 appendix whale_group「离场庄·0xe497·单址狙击bot」,serial-offender,,,2026-07-12,2026-07-26,,
0xe580efb00792234034962e5f167749b4491539e9,robinhood,惯犯庄家（Index案·狙击集团）,serial-actor,identity,serial-offenders,2026-07-26,Index分析 appendix whale_group「狙击集团」,serial-offender,,,2026-07-17,2026-07-26,,
0xe60dac30d44eaf19542ac0d4f260b1afd0b844aa,robinhood,惯犯庄家（Index案·狙击集团）,serial-actor,identity,serial-offenders,2026-07-26,Index分析 appendix whale_group「狙击集团」,serial-offender,,,2026-07-17,2026-07-26,,
0xe6accfe9eb7c187b1961137577cba6d5914d2eed,robinhood,惯犯庄家（Index案·狙击集团）,serial-actor,identity,serial-offenders,2026-07-26,Index分析 appendix whale_group「狙击集团」,serial-offender,,,2026-07-17,2026-07-26,,
0xe781b28e02ed5fc4b989905cb6848d318f4735fd,robinhood,惯犯庄家（CASHCAT案·狙击集团#1（旧庄#2·0x9f49出纳星座，标）,serial-actor,identity,serial-offenders,2026-07-26,CASHCAT分析 appendix whale_group「狙击集团#1（旧庄#2·0x9f49出纳星座，标准迁移）」,serial-offender,,,2026-07-15,2026-07-26,,
0xea572a21fc12da7929120ecbd964deef5e5a4f8f,robinhood,惯犯庄家（Pointless案·狙击集团#1·ea57系）,serial-actor,identity,serial-offenders,2026-07-26,Pointless分析 appendix whale_group「狙击集团#1·ea57系」,serial-offender,,,block 1173,2026-07-26,,
0xeb82f9cff07cefd9dc3de2c07be634cf502f8ffa,robinhood,惯犯庄家（NOXA案·离场庄）,serial-actor,identity,serial-offenders,2026-07-26,NOXA分析 appendix whale_group「离场庄」,serial-offender,,,2026-07-15,2026-07-26,,
0xeb877e7b5614b1ca58c6b00ec4ffcd248ed414ee,robinhood,惯犯庄家（CASHCAT案·狙击集团#1（旧庄#2·0x9f49出纳星座，标）,serial-actor,identity,serial-offenders,2026-07-26,CASHCAT分析 appendix whale_group「狙击集团#1（旧庄#2·0x9f49出纳星座，标准迁移）」,serial-offender,,,2026-07-15,2026-07-26,,
0xec6971271629ab72845c90f23e51990676383da8,robinhood,惯犯庄家（Index案·狙击集团）,serial-actor,identity,serial-offenders,2026-07-26,Index分析 appendix whale_group「狙击集团」,serial-offender,,,2026-07-17,2026-07-26,,
0xec7905496860989bb56fffd5f71faa466911663b,robinhood,惯犯庄家（NOXA案·狙击集团）,serial-actor,identity,serial-offenders,2026-07-26,NOXA分析 appendix whale_group「狙击集团」,serial-offender,,,2026-07-15,2026-07-26,,
0xece2d90a7276f767883b335a25df77e2620497b1,robinhood,惯犯庄家（CASHCAT案·项目方（旧庄#1·工作室核心，标准迁移））,serial-actor,identity,serial-offenders,2026-07-26,CASHCAT分析 appendix whale_group「项目方（旧庄#1·工作室核心，标准迁移）」（人工白名单：记忆存档实锤工作室）,serial-offender,,,2026-07-15,2026-07-26,,
0xee85661316b568e53afa31a1c7ee56955f02c8e6,robinhood,惯犯庄家（Index案·狙击集团）,serial-actor,identity,serial-offenders,2026-07-26,Index分析 appendix whale_group「狙击集团」,serial-offender,,,2026-07-17,2026-07-26,,
0xeee29d1a6fa5873065ad8789c6e15231b48318a0,robinhood,惯犯庄家（BEGGAR案·离场庄#1）+CASHCAT案,serial-actor,identity,serial-offenders,2026-07-26,BEGGAR分析 appendix whale_group「离场庄#1」；CASHCAT分析 appendix whale_group「项目方（旧庄#1·工作室核心，标准迁移）」（人工白名单：记忆存档实锤工作室）,serial-offender,,,2026-07-17,2026-07-26,,
0xefd8950249a9eef6123daf08c8f474debb5efe7a,robinhood,惯犯庄家（MEOW案·狙击集团#2）,serial-actor,identity,serial-offenders,2026-07-26,meow分析 appendix whale_group「狙击集团#2」,serial-offender,,,2026-07-15,2026-07-26,,
0xf2a5ba8657ff609da873de442ed5509455453899,robinhood,惯犯庄家（CASHCAT案·项目方（旧庄#1·工作室核心，标准迁移））,serial-actor,identity,serial-offenders,2026-07-26,CASHCAT分析 appendix whale_group「项目方（旧庄#1·工作室核心，标准迁移）」（人工白名单：记忆存档实锤工作室）,serial-offender,,,2026-07-15,2026-07-26,,
0xf37027568ac0c3cd614456cc943804562c4945b4,robinhood,惯犯庄家（Index案·狙击集团）,serial-actor,identity,serial-offenders,2026-07-26,Index分析 appendix whale_group「狙击集团」,serial-offender,,,2026-07-17,2026-07-26,,
0xf3ec1f739adec2e8101f6b532d37ff6c895b9ed4,robinhood,惯犯庄家（Index案·狙击集团）,serial-actor,identity,serial-offenders,2026-07-26,Index分析 appendix whale_group「狙击集团」,serial-offender,,,2026-07-17,2026-07-26,,
0xf46c6da54051e2c9478d3a9555ee8b7e39ead449,robinhood,惯犯庄家（Index案·狙击集团）,serial-actor,identity,serial-offenders,2026-07-26,Index分析 appendix whale_group「狙击集团」,serial-offender,,,2026-07-17,2026-07-26,,
0xf4c873f31e4e9a0d25c5b2a7a9b496306a2d9f62,robinhood,惯犯庄家（TRASH案·庄#1·多地址协同·拍卖集团(19址)·离场庄(）,serial-actor,identity,serial-offenders,2026-07-26,TRASH分析 appendix whale_group「庄#1·多地址协同·拍卖集团(19址)·离场庄(窗口回场吸筹)」,serial-offender,,,2026-07-17,2026-07-26,,
0xf4d846a1d6f96f004501197d9f25deffc909eb39,robinhood,惯犯庄家（CASHCAT案·项目方（旧庄#1·工作室核心，标准迁移））,serial-actor,identity,serial-offenders,2026-07-26,CASHCAT分析 appendix whale_group「项目方（旧庄#1·工作室核心，标准迁移）」（人工白名单：记忆存档实锤工作室）,serial-offender,,,2026-07-15,2026-07-26,,
0xf5533a891ebe1c507d7b5dda10de9916cd24261c,robinhood,惯犯庄家（Index案·狙击集团）,serial-actor,identity,serial-offenders,2026-07-26,Index分析 appendix whale_group「狙击集团」,serial-offender,,,2026-07-17,2026-07-26,,
0xf5b2b61f89fb6f2dd0e1bf1201b5c7eda873e0b9,robinhood,惯犯庄家（Pointless案·狙击集团#4·3807系）,serial-actor,identity,serial-offenders,2026-07-26,Pointless分析 appendix whale_group「狙击集团#4·3807系」,serial-offender,,,block 1173,2026-07-26,,
0xf622c2f9cf5936cb78ce07f948515294a9706fcc,robinhood,惯犯庄家（TRASH案·庄#2·创建者·单地址明牌(锁池+费抽水)）,serial-actor,identity,serial-offenders,2026-07-26,TRASH分析 appendix whale_group「庄#2·创建者·单地址明牌(锁池+费抽水)」,serial-offender,,,2026-07-17,2026-07-26,,
0xf7ecc5c41f61422a4083266e7da3ab4ac0e39962,robinhood,惯犯庄家（CASHCAT案·狙击集团#2（旧庄#3·0x79e3供养星座，标）,serial-actor,identity,serial-offenders,2026-07-26,CASHCAT分析 appendix whale_group「狙击集团#2（旧庄#3·0x79e3供养星座，标准迁移）」,serial-offender,,,2026-07-15,2026-07-26,,
0xf837a2aefbba2e6243130a314ca32f4e09e2922a,robinhood,惯犯庄家（TRASH案·庄#4·e0e889母钱包簇(9址)·gas同源）,serial-actor,identity,serial-offenders,2026-07-26,TRASH分析 appendix whale_group「庄#4·e0e889母钱包簇(9址)·gas同源·基本离场」,serial-offender,,,2026-07-17,2026-07-26,,
0xf9f845d12a5bb55f4e4a84ff1453b3f327457015,robinhood,惯犯庄家（CASHCAT案·项目方（旧庄#1·工作室核心，标准迁移））,serial-actor,identity,serial-offenders,2026-07-26,CASHCAT分析 appendix whale_group「项目方（旧庄#1·工作室核心，标准迁移）」（人工白名单：记忆存档实锤工作室）,serial-offender,,,2026-07-15,2026-07-26,,
0xfc40cca2caa8f9f8309386ef84b1265864cc5744,robinhood,惯犯庄家（CASHCAT案·项目方（旧庄#1·工作室核心，标准迁移））,serial-actor,identity,serial-offenders,2026-07-26,CASHCAT分析 appendix whale_group「项目方（旧庄#1·工作室核心，标准迁移）」（人工白名单：记忆存档实锤工作室）,serial-offender,,,2026-07-15,2026-07-26,,
0xfd062131d55ce2afd2b072051cbfa754203a07a4,robinhood,惯犯庄家（GME案·小庄#1）,serial-actor,identity,serial-offenders,2026-07-26,GME分析 appendix whale_group「小庄#1」,serial-offender,,,2026-07-15,2026-07-26,,
0xfd7e55a555555c2f25053a38ec744de1afea4fa4,robinhood,惯犯庄家（TRASH案·庄#1·多地址协同·拍卖集团(19址)·离场庄(）,serial-actor,identity,serial-offenders,2026-07-26,TRASH分析 appendix whale_group「庄#1·多地址协同·拍卖集团(19址)·离场庄(窗口回场吸筹)」,serial-offender,,,2026-07-17,2026-07-26,,
0xfda5d29db4c94cbc8e7b793db48771dee86865a3,robinhood,惯犯庄家（DUMBMONEY案·小庄#1）,serial-actor,identity,serial-offenders,2026-07-26,DUMBMONEY分析 appendix whale_group「小庄#1」,serial-offender,,,2026-07-17,2026-07-26,,
0xfdeafcf26efef3499cf56c9ce8765ed453b5c042,robinhood,惯犯庄家（Index案·狙击集团）,serial-actor,identity,serial-offenders,2026-07-26,Index分析 appendix whale_group「狙击集团」,serial-offender,,,2026-07-17,2026-07-26,,
0xfdfac5700c28661646255f1c7ce137f70943e9d0,robinhood,惯犯庄家（Index案·狙击集团）,serial-actor,identity,serial-offenders,2026-07-26,Index分析 appendix whale_group「狙击集团」,serial-offender,,,2026-07-17,2026-07-26,,
0xff3cd2f11c77288cdfbb3565fcee4ccd5c4b0b3b,robinhood,惯犯庄家（CASHCAT案·狙击集团#1（旧庄#2·0x9f49出纳星座，标）,serial-actor,identity,serial-offenders,2026-07-26,CASHCAT分析 appendix whale_group「狙击集团#1（旧庄#2·0x9f49出纳星座，标准迁移）」,serial-offender,,,2026-07-15,2026-07-26,,
143z8rDrG6mrLdmcFNrso6CrMC9tYJ1nW9hJSEZQmgF8,sol,惯犯庄家（LAYOFF案·狙击集团(发射打新cohort)）,serial-actor,identity,serial-offenders,2026-07-26,LAYOFF分析 appendix whale_group「狙击集团(发射打新cohort)」,serial-offender,,,2026-07-14,2026-07-26,,
22HbAW9U3ddUHBDWYp5U2zfGAw8XSWvGgKfc7jC4bFbh,sol,惯犯庄家（USELESS案·狙击集团(离场)）,serial-actor,identity,serial-offenders,2026-07-26,USELESS分析 appendix whale_group「狙击集团(离场)」,serial-offender,,,2026-07-20,2026-07-26,,
286CHN57Km41GsAnDv866WKd6YB6HPSjFgF4rGDJTRLf,sol,惯犯庄家（USELESS案·狙击集团(离场)）,serial-actor,identity,serial-offenders,2026-07-26,USELESS分析 appendix whale_group「狙击集团(离场)」,serial-offender,,,2026-07-20,2026-07-26,,
2AicNQ2LSEkSsFPxq4JnGrZLbbHyT2dqkhDaWX2SJ84U,sol,惯犯庄家（USELESS案·狙击集团(离场)）,serial-actor,identity,serial-offenders,2026-07-26,USELESS分析 appendix whale_group「狙击集团(离场)」,serial-offender,,,2026-07-20,2026-07-26,,
2DyjbFb3aQwDLCekBy7sQBrWSh95GSBHXCFrArcPfTp6,sol,惯犯庄家（OPAL案·庄#2·拆仓网络(多地址关联·明牌互转)）,serial-actor,identity,serial-offenders,2026-07-26,OPAL分析 appendix whale_group「庄#2·拆仓网络(多地址关联·明牌互转)」,serial-offender,,,2026-07-14,2026-07-26,,
2JJR1oMPMBLbgQU4un6YzZzaKsCaZ1EBC1xuCC7v6cQA,sol,惯犯庄家（USELESS案·狙击集团(离场)）,serial-actor,identity,serial-offenders,2026-07-26,USELESS分析 appendix whale_group「狙击集团(离场)」,serial-offender,,,2026-07-20,2026-07-26,,
2hfqkp9y7uwpXreiVZdczAfavHzXyPYaWd1qqHbjiLoo,sol,惯犯庄家（OPAL案·庄#2·拆仓网络(多地址关联·明牌互转)）,serial-actor,identity,serial-offenders,2026-07-26,OPAL分析 appendix whale_group「庄#2·拆仓网络(多地址关联·明牌互转)」,serial-offender,,,2026-07-14,2026-07-26,,
33cCG6fbYzyGyLKD9DwBU12ETFiLY2DNuBbnp9Uq33oJ,sol,惯犯庄家（USELESS案·狙击集团(离场)）,serial-actor,identity,serial-offenders,2026-07-26,USELESS分析 appendix whale_group「狙击集团(离场)」,serial-offender,,,2026-07-20,2026-07-26,,
3LCsdJjk21huddPXRzNTexJ2Jiu9Nv8iC4CT1knawdoG,sol,惯犯庄家（LAYOFF案·狙击集团(发射打新cohort)）,serial-actor,identity,serial-offenders,2026-07-26,LAYOFF分析 appendix whale_group「狙击集团(发射打新cohort)」,serial-offender,,,2026-07-14,2026-07-26,,
3WCqmx29phmxK9bG2sre4UowsisBTAz94zx1nvgo7xXx,sol,惯犯庄家（USELESS案·狙击集团(离场)）,serial-actor,identity,serial-offenders,2026-07-26,USELESS分析 appendix whale_group「狙击集团(离场)」,serial-offender,,,2026-07-20,2026-07-26,,
3hH5FdonTicSPkAt9UhJQ95M6iHVRp8JZWZ31PmWrcKX,sol,惯犯庄家（OPAL案·庄#2·拆仓网络(多地址关联·明牌互转)）,serial-actor,identity,serial-offenders,2026-07-26,OPAL分析 appendix whale_group「庄#2·拆仓网络(多地址关联·明牌互转)」,serial-offender,,,2026-07-14,2026-07-26,,
3jvaA44rTBkEm4DETLZYVbaKoDoLoyqcTvwYU3qTXuox,sol,惯犯庄家（USELESS案·狙击集团(离场)）,serial-actor,identity,serial-offenders,2026-07-26,USELESS分析 appendix whale_group「狙击集团(离场)」,serial-offender,,,2026-07-20,2026-07-26,,
3naS8m7x7i9yoRW9fzzvqNHcpZSe9hNNKYBHaVUEYbYw,sol,惯犯庄家（USELESS案·狙击集团(离场)）,serial-actor,identity,serial-offenders,2026-07-26,USELESS分析 appendix whale_group「狙击集团(离场)」,serial-offender,,,2026-07-20,2026-07-26,,
4DnKLNZRmSR3b45s2s36YiaogR7Ksm3YaWUSHXTUt3MW,sol,惯犯庄家（USELESS案·狙击集团(离场)）,serial-actor,identity,serial-offenders,2026-07-26,USELESS分析 appendix whale_group「狙击集团(离场)」,serial-offender,,,2026-07-20,2026-07-26,,
4FsyVS6LkutsC6yP8NfrDqYikC6jYKCEXc3yLQohHw7u,sol,惯犯庄家（USELESS案·狙击集团(离场)）,serial-actor,identity,serial-offenders,2026-07-26,USELESS分析 appendix whale_group「狙击集团(离场)」,serial-offender,,,2026-07-20,2026-07-26,,
4MgyCKw6X9J4atQ4qkMfBzcmampQQupfahzBK5gFGCmC,sol,惯犯庄家（USELESS案·狙击集团(离场)）,serial-actor,identity,serial-offenders,2026-07-26,USELESS分析 appendix whale_group「狙击集团(离场)」,serial-offender,,,2026-07-20,2026-07-26,,
4UAzGrSgHttN8xe2mLC3hxqRyZEUwqoUjsP99ntg3BPE,sol,惯犯庄家（USELESS案·狙击集团(离场)）,serial-actor,identity,serial-offenders,2026-07-26,USELESS分析 appendix whale_group「狙击集团(离场)」,serial-offender,,,2026-07-20,2026-07-26,,
53nDnapa2rUUknUTqPsh35pZ7ocPEjjLcGzApf7UJvM3,sol,惯犯庄家（OPAL案·庄#2·拆仓网络(多地址关联·明牌互转)）,serial-actor,identity,serial-offenders,2026-07-26,OPAL分析 appendix whale_group「庄#2·拆仓网络(多地址关联·明牌互转)」,serial-offender,,,2026-07-14,2026-07-26,,
59ozjpLHwdSNfyZhWjrEqzgnsdjz1TDn2B7pdjTsFrNi,sol,惯犯庄家（OPAL案·庄#1·项目方creator(单地址明牌+官方锁）,serial-actor,identity,serial-offenders,2026-07-26,OPAL分析 appendix whale_group「庄#1·项目方creator(单地址明牌+官方锁仓)」,serial-offender,,,2026-07-14,2026-07-26,,
5ALYpQnhPTyYbTYjN5yGxgwhPidYdCmQDngN2bJ196YD,sol,惯犯庄家（USELESS案·狙击集团(离场)）,serial-actor,identity,serial-offenders,2026-07-26,USELESS分析 appendix whale_group「狙击集团(离场)」,serial-offender,,,2026-07-20,2026-07-26,,
5KFDfqoJ9vLEqZ7XLvsYsuZPmXixwURUqH9cmUHxqsT5,sol,惯犯庄家（OPAL案·庄#2·拆仓网络(多地址关联·明牌互转)）,serial-actor,identity,serial-offenders,2026-07-26,OPAL分析 appendix whale_group「庄#2·拆仓网络(多地址关联·明牌互转)」,serial-offender,,,2026-07-14,2026-07-26,,
5MAWrXYxqtKcBv2yNAr3Te5BtLctM1W5Pwu8xyXPRgH3,sol,惯犯庄家（USELESS案·狙击集团(离场)）,serial-actor,identity,serial-offenders,2026-07-26,USELESS分析 appendix whale_group「狙击集团(离场)」,serial-offender,,,2026-07-20,2026-07-26,,
5S3aUvdPuZJojUsdXhDSK98kvXGALuTSz97zMfSqJ8H7,sol,惯犯庄家（USELESS案·狙击集团(离场)）,serial-actor,identity,serial-offenders,2026-07-26,USELESS分析 appendix whale_group「狙击集团(离场)」,serial-offender,,,2026-07-20,2026-07-26,,
5X8Yh4xuvdbpTJX6ygmX6N8vsm8W6AGAhQPeafC9tHYm,sol,惯犯庄家（OPAL案·庄#2·拆仓网络(多地址关联·明牌互转)）,serial-actor,identity,serial-offenders,2026-07-26,OPAL分析 appendix whale_group「庄#2·拆仓网络(多地址关联·明牌互转)」,serial-offender,,,2026-07-14,2026-07-26,,
5rHpCLN169mNuJZQLu9gqSAZzqgbZkaPxmtsrbF3paeC,sol,惯犯庄家（USELESS案·狙击集团(离场)）,serial-actor,identity,serial-offenders,2026-07-26,USELESS分析 appendix whale_group「狙击集团(离场)」,serial-offender,,,2026-07-20,2026-07-26,,
637eDTSJUGq5FXGmQSqsXcF31GTYhXxv2E3F91T971E2,sol,惯犯庄家（USELESS案·狙击集团(离场)）,serial-actor,identity,serial-offenders,2026-07-26,USELESS分析 appendix whale_group「狙击集团(离场)」,serial-offender,,,2026-07-20,2026-07-26,,
6DzM6gqRTXyDaM9C9j19ikXVoH8PCFGLa8WSXZgDvhgi,sol,惯犯庄家（CLUDE案·离场庄#1(闪电狙击bot亚型)）,serial-actor,identity,serial-offenders,2026-07-26,Clude分析 appendix whale_group「离场庄#1(闪电狙击bot亚型)」,serial-offender,,,2026-07-14,2026-07-26,,
6KsmLhyh1wR1RHfPuJahhbr1ouDe76qRLTAhfNJF4gi4,sol,惯犯庄家（USELESS案·狙击集团(离场)）,serial-actor,identity,serial-offenders,2026-07-26,USELESS分析 appendix whale_group「狙击集团(离场)」,serial-offender,,,2026-07-20,2026-07-26,,
6MLgU17keRhGJSUP43TUXV3Ec8Sy9hc7rCeQVBCxT9u7,sol,惯犯庄家（OPAL案·庄#2·拆仓网络(多地址关联·明牌互转)）,serial-actor,identity,serial-offenders,2026-07-26,OPAL分析 appendix whale_group「庄#2·拆仓网络(多地址关联·明牌互转)」,serial-offender,,,2026-07-14,2026-07-26,,
6UxyrqEvsX5QvD7JkgBFHjdCz2MFhq9EmZUQkDDPWaXw,sol,惯犯庄家（PUB案·小庄#1·单地址明牌）,serial-actor,identity,serial-offenders,2026-07-26,PUB_solana_20260713 appendix whale_group「小庄#1·单地址明牌」,serial-offender,,,2026-07-15,2026-07-26,,
6VSLrfon6m6QACvQQYyyXzsp6uun3FvdaBXkeANSHz5o,sol,惯犯庄家（USELESS案·狙击集团(离场)）,serial-actor,identity,serial-offenders,2026-07-26,USELESS分析 appendix whale_group「狙击集团(离场)」,serial-offender,,,2026-07-20,2026-07-26,,
6YwPygWCfLUfgNoAcgsi2CJWTeSGaGjqRTbWvwwAjYQu,sol,惯犯庄家（USELESS案·狙击集团(离场)）,serial-actor,identity,serial-offenders,2026-07-26,USELESS分析 appendix whale_group「狙击集团(离场)」,serial-offender,,,2026-07-20,2026-07-26,,
6ZTR8c8wnUkcVCQKKX9TVnhbCbvSnnAkLtC1jMxx8a1N,sol,惯犯庄家（USELESS案·狙击集团(离场)）,serial-actor,identity,serial-offenders,2026-07-26,USELESS分析 appendix whale_group「狙击集团(离场)」,serial-offender,,,2026-07-20,2026-07-26,,
6d9Fr8ue7VpQhcNdn8hdvoZeLyPKSC7JKzQUw6gztuGW,sol,惯犯庄家（OPAL案·庄#2·拆仓网络(多地址关联·明牌互转)）,serial-actor,identity,serial-offenders,2026-07-26,OPAL分析 appendix whale_group「庄#2·拆仓网络(多地址关联·明牌互转)」,serial-offender,,,2026-07-14,2026-07-26,,
6dGB6bsa6YWt8sEEJtuYVjHr4ZMyKo6cetZni2ubRK1J,sol,惯犯庄家（OPAL案·庄#2·拆仓网络(多地址关联·明牌互转)）,serial-actor,identity,serial-offenders,2026-07-26,OPAL分析 appendix whale_group「庄#2·拆仓网络(多地址关联·明牌互转)」,serial-offender,,,2026-07-14,2026-07-26,,
6u3mAzJF2rAdnhWCQbZhFFQitoKUuWfvqhBi4JWz38bH,sol,惯犯庄家（USELESS案·狙击集团(离场)）,serial-actor,identity,serial-offenders,2026-07-26,USELESS分析 appendix whale_group「狙击集团(离场)」,serial-offender,,,2026-07-20,2026-07-26,,
73LnJ7G9ffBDjEBGgJDdgvLUhD5APLonKrNiHsKDCw5B,sol,惯犯庄家（USELESS案·狙击集团(离场)）,serial-actor,identity,serial-offenders,2026-07-26,USELESS分析 appendix whale_group「狙击集团(离场)」,serial-offender,,,2026-07-20,2026-07-26,,
73erSn5LbNiViqPxCq9xdb68FNpDC6ZbHfAByCWzGXo9,sol,惯犯庄家（OPAL案·庄#1·项目方creator(单地址明牌+官方锁）,serial-actor,identity,serial-offenders,2026-07-26,OPAL分析 appendix whale_group「庄#1·项目方creator(单地址明牌+官方锁仓)」,serial-offender,,,2026-07-14,2026-07-26,,
7aQ2v6Eh5ocjcJzjTBHaVUgi6UuSRDFKnaVQzco2ygvg,sol,惯犯庄家（USELESS案·狙击集团(离场)）,serial-actor,identity,serial-offenders,2026-07-26,USELESS分析 appendix whale_group「狙击集团(离场)」,serial-offender,,,2026-07-20,2026-07-26,,
7ae5seL4ZvCMMS2ahRMMiMXpSLCRYNi3KczfKD7q79Tx,sol,惯犯庄家（LAYOFF案·狙击集团(发射打新cohort)）,serial-actor,identity,serial-offenders,2026-07-26,LAYOFF分析 appendix whale_group「狙击集团(发射打新cohort)」,serial-offender,,,2026-07-14,2026-07-26,,
8G6XBXv1kTbrnYu6YYbmXcpuM8osE2bbnqvxR931ZGFX,sol,惯犯庄家（USELESS案·狙击集团(离场)）,serial-actor,identity,serial-offenders,2026-07-26,USELESS分析 appendix whale_group「狙击集团(离场)」,serial-offender,,,2026-07-20,2026-07-26,,
8QUG6KmgeAfwPBh5tyaqFDranXVx1GySPUex6or9wM9M,sol,惯犯庄家（USELESS案·狙击集团(离场)）,serial-actor,identity,serial-offenders,2026-07-26,USELESS分析 appendix whale_group「狙击集团(离场)」,serial-offender,,,2026-07-20,2026-07-26,,
8xARjHfiA3aCtVihYZqKK7SZrxyiGMZ9ArSPckmXerKy,sol,惯犯庄家（USELESS案·狙击集团(离场)）,serial-actor,identity,serial-offenders,2026-07-26,USELESS分析 appendix whale_group「狙击集团(离场)」,serial-offender,,,2026-07-20,2026-07-26,,
9GSdfW252s9S1cdGrFZqeT55uvsgGK3hXJqVBZXcjm1g,sol,惯犯庄家（USELESS案·狙击集团(离场)）,serial-actor,identity,serial-offenders,2026-07-26,USELESS分析 appendix whale_group「狙击集团(离场)」,serial-offender,,,2026-07-20,2026-07-26,,
9SKXhCsH5kyLSrtq9EFFzHmUX5kcx6FoLdQAc5Rr32sg,sol,惯犯庄家（OPAL案·庄#2·拆仓网络(多地址关联·明牌互转)）,serial-actor,identity,serial-offenders,2026-07-26,OPAL分析 appendix whale_group「庄#2·拆仓网络(多地址关联·明牌互转)」,serial-offender,,,2026-07-14,2026-07-26,,
9Yus6A9tsiDUHsmA7FMnhUQe5KuwMqEaeFRPcj1HdtuW,sol,惯犯庄家（USELESS案·狙击集团(离场)）,serial-actor,identity,serial-offenders,2026-07-26,USELESS分析 appendix whale_group「狙击集团(离场)」,serial-offender,,,2026-07-20,2026-07-26,,
9egFeuHvBNUWXaewcUyTSLhw4PJbQKzBEw8HEke6opY4,sol,惯犯庄家（USELESS案·狙击集团(离场)）,serial-actor,identity,serial-offenders,2026-07-26,USELESS分析 appendix whale_group「狙击集团(离场)」,serial-offender,,,2026-07-20,2026-07-26,,
9fM3rkWWJPqGkwiERL9hYJ62bjivtkkUYZYQLXePcSZZ,sol,惯犯庄家（PUB案·小庄#3·双地址镜像）,serial-actor,identity,serial-offenders,2026-07-26,PUB_solana_20260713 appendix whale_group「小庄#3·双地址镜像」,serial-offender,,,2026-07-15,2026-07-26,,
ApR5XPtZwnvh1W39eeUmtRJ1eAFC2D9yzwanRisJdDs8,sol,惯犯庄家（USELESS案·狙击集团(离场)）,serial-actor,identity,serial-offenders,2026-07-26,USELESS分析 appendix whale_group「狙击集团(离场)」,serial-offender,,,2026-07-20,2026-07-26,,
AtcaZ76TA2K4x5SG5wVsZ9EvcqvENAP18sXujeZgoGot,sol,惯犯庄家（USELESS案·狙击集团(离场)）,serial-actor,identity,serial-offenders,2026-07-26,USELESS分析 appendix whale_group「狙击集团(离场)」,serial-offender,,,2026-07-20,2026-07-26,,
AwynApwg62EneBmhQtbf9SpGF5ziUeopDFQ6CFt7rrmj,sol,惯犯庄家（USELESS案·狙击集团(离场)）,serial-actor,identity,serial-offenders,2026-07-26,USELESS分析 appendix whale_group「狙击集团(离场)」,serial-offender,,,2026-07-20,2026-07-26,,
AyMHNWMFq5WHFbc6w37YYLRjuEWonKUkJ6dMNw14NLUW,sol,惯犯庄家（OPAL案·庄#2·拆仓网络(多地址关联·明牌互转)）,serial-actor,identity,serial-offenders,2026-07-26,OPAL分析 appendix whale_group「庄#2·拆仓网络(多地址关联·明牌互转)」,serial-offender,,,2026-07-14,2026-07-26,,
AzbjEXdpf2tMC9adwPq41yCvWuBrv52u4ZJJHkvNBaaK,sol,惯犯庄家（USELESS案·狙击集团(离场)）,serial-actor,identity,serial-offenders,2026-07-26,USELESS分析 appendix whale_group「狙击集团(离场)」,serial-offender,,,2026-07-20,2026-07-26,,
B3HszkxJj4LCoeZkAWPFBQQEaPxDTCTc5f6HN9mmeXSD,sol,惯犯庄家（USELESS案·狙击集团(离场)）,serial-actor,identity,serial-offenders,2026-07-26,USELESS分析 appendix whale_group「狙击集团(离场)」,serial-offender,,,2026-07-20,2026-07-26,,
B4de4Dn991JSYK6h6pjApYWwg6sWbbNxHqR4Kg6EBoM1,sol,惯犯庄家（OPAL案·庄#2·拆仓网络(多地址关联·明牌互转)）,serial-actor,identity,serial-offenders,2026-07-26,OPAL分析 appendix whale_group「庄#2·拆仓网络(多地址关联·明牌互转)」,serial-offender,,,2026-07-14,2026-07-26,,
B7okoKqUjVvWgitSUzfREvSccG3zE2eSqVtLXJAShoDP,sol,惯犯庄家（USELESS案·狙击集团(离场)）,serial-actor,identity,serial-offenders,2026-07-26,USELESS分析 appendix whale_group「狙击集团(离场)」,serial-offender,,,2026-07-20,2026-07-26,,
BW5Lc2QskrPqh85haPjNHfhp6G4mTKCUBAV2bwezuPEN,sol,惯犯庄家（OPAL案·庄#2·拆仓网络(多地址关联·明牌互转)）,serial-actor,identity,serial-offenders,2026-07-26,OPAL分析 appendix whale_group「庄#2·拆仓网络(多地址关联·明牌互转)」,serial-offender,,,2026-07-14,2026-07-26,,
BdxtafNysBsUWeVTB2efhZf2rnNXdU8U5MgY5VrxM6PT,sol,惯犯庄家（PUB案·小庄#3·双地址镜像）,serial-actor,identity,serial-offenders,2026-07-26,PUB_solana_20260713 appendix whale_group「小庄#3·双地址镜像」,serial-offender,,,2026-07-15,2026-07-26,,
BtMBMPkoNbnLF9Xn552guQq528KKXcsNBNNBre3oaQtr,sol,惯犯庄家（USELESS案·狙击集团(离场)）,serial-actor,identity,serial-offenders,2026-07-26,USELESS分析 appendix whale_group「狙击集团(离场)」,serial-offender,,,2026-07-20,2026-07-26,,
Bz5BRyuRs3ibGGRPERVmMbBZAyu7SLDkgKVTRJJsRzE,sol,惯犯庄家（USELESS案·狙击集团(离场)）,serial-actor,identity,serial-offenders,2026-07-26,USELESS分析 appendix whale_group「狙击集团(离场)」,serial-offender,,,2026-07-20,2026-07-26,,
C1py2UpPC8tQJ4CmUfVz5j3eKjRpdsuAxRafJ3HrSrJ2,sol,惯犯庄家（OPAL案·庄#2·拆仓网络(多地址关联·明牌互转)）,serial-actor,identity,serial-offenders,2026-07-26,OPAL分析 appendix whale_group「庄#2·拆仓网络(多地址关联·明牌互转)」,serial-offender,,,2026-07-14,2026-07-26,,
CCyBcRTMG9DdZW9wHWZBQznhDiXXrYYrsHzr99bkA5gB,sol,惯犯庄家（USELESS案·狙击集团(离场)）,serial-actor,identity,serial-offenders,2026-07-26,USELESS分析 appendix whale_group「狙击集团(离场)」,serial-offender,,,2026-07-20,2026-07-26,,
CrNJGDXznJkdKJcN31SjFphqJMjLnPAXtksHmBYdFjMG,sol,惯犯庄家（PUB案·小庄#2·TWAP机器人）,serial-actor,identity,serial-offenders,2026-07-26,PUB_solana_20260713 appendix whale_group「小庄#2·TWAP机器人」,serial-offender,,,2026-07-15,2026-07-26,,
CzBkEtWHoreBUgNa85Wta24hiFzuX2pjR2GrK3FRJdQv,sol,惯犯庄家（USELESS案·狙击集团(离场)）,serial-actor,identity,serial-offenders,2026-07-26,USELESS分析 appendix whale_group「狙击集团(离场)」,serial-offender,,,2026-07-20,2026-07-26,,
D7m6Cm3WyUGUVQMSM5f2WtXUU7ybFeFW6EBsExPPvHnk,sol,惯犯庄家（OPAL案·庄#2·拆仓网络(多地址关联·明牌互转)）,serial-actor,identity,serial-offenders,2026-07-26,OPAL分析 appendix whale_group「庄#2·拆仓网络(多地址关联·明牌互转)」,serial-offender,,,2026-07-14,2026-07-26,,
DVYUNW6dQdwMUgBio8zfzov95zEakVTLyqRmkTary7aq,sol,惯犯庄家（USELESS案·狙击集团(离场)）,serial-actor,identity,serial-offenders,2026-07-26,USELESS分析 appendix whale_group「狙击集团(离场)」,serial-offender,,,2026-07-20,2026-07-26,,
DjBZo2waavUxQdpHowzco2Nirf3MQR8g9vYVbWd3aYqR,sol,惯犯庄家（OPAL案·庄#2·拆仓网络(多地址关联·明牌互转)）,serial-actor,identity,serial-offenders,2026-07-26,OPAL分析 appendix whale_group「庄#2·拆仓网络(多地址关联·明牌互转)」,serial-offender,,,2026-07-14,2026-07-26,,
E6XJxt1nmR7E7CZkRVVuXU1fg6UD3FFcFt26bMEgHXAe,sol,惯犯庄家（USELESS案·狙击集团(离场)）,serial-actor,identity,serial-offenders,2026-07-26,USELESS分析 appendix whale_group「狙击集团(离场)」,serial-offender,,,2026-07-20,2026-07-26,,
E7qfm8hY6DZmULiVrRTJMAuuj58wcwcYt2QqfjHGEBey,sol,惯犯庄家（USELESS案·狙击集团(离场)）,serial-actor,identity,serial-offenders,2026-07-26,USELESS分析 appendix whale_group「狙击集团(离场)」,serial-offender,,,2026-07-20,2026-07-26,,
EAL6ZvYehvec7gW81kdhfFZ5YQkNzV7Goih2HViCFQ3H,sol,惯犯庄家（USELESS案·狙击集团(离场)）,serial-actor,identity,serial-offenders,2026-07-26,USELESS分析 appendix whale_group「狙击集团(离场)」,serial-offender,,,2026-07-20,2026-07-26,,
Enb8CNDi5ToFrnDjvsbWWrtBVHaX5n6RdFRniE88mbFr,sol,惯犯庄家（USELESS案·狙击集团(离场)）,serial-actor,identity,serial-offenders,2026-07-26,USELESS分析 appendix whale_group「狙击集团(离场)」,serial-offender,,,2026-07-20,2026-07-26,,
EqLQfegrW7ApNSyZNPSBzG4x9qRug38EX9dmscFTZtpU,sol,惯犯庄家（USELESS案·狙击集团(离场)）,serial-actor,identity,serial-offenders,2026-07-26,USELESS分析 appendix whale_group「狙击集团(离场)」,serial-offender,,,2026-07-20,2026-07-26,,
F3Q3URb6xgtegcgQ8rEttgHjnypnCLt45p9RKiHh4QNm,sol,惯犯庄家（OPAL案·庄#1·项目方creator(单地址明牌+官方锁）,serial-actor,identity,serial-offenders,2026-07-26,OPAL分析 appendix whale_group「庄#1·项目方creator(单地址明牌+官方锁仓)」,serial-offender,,,2026-07-14,2026-07-26,,
F84cafPo1zRcsRdjKHzdhG2hVsU6RVs4FwKPc3NG7BrF,sol,惯犯庄家（USELESS案·狙击集团(离场)）,serial-actor,identity,serial-offenders,2026-07-26,USELESS分析 appendix whale_group「狙击集团(离场)」,serial-offender,,,2026-07-20,2026-07-26,,
FK4FPcAPK3S3cSVtmsy6okaoTvrPsEfUsqZJdw77SYYM,sol,惯犯庄家（OPAL案·庄#1·项目方creator(单地址明牌+官方锁）,serial-actor,identity,serial-offenders,2026-07-26,OPAL分析 appendix whale_group「庄#1·项目方creator(单地址明牌+官方锁仓)」,serial-offender,,,2026-07-14,2026-07-26,,
FRDcU32jfiuo7bTM7e2SHtZnx6fSrLTS19iGScfCamPU,sol,惯犯庄家（USELESS案·狙击集团(离场)）,serial-actor,identity,serial-offenders,2026-07-26,USELESS分析 appendix whale_group「狙击集团(离场)」,serial-offender,,,2026-07-20,2026-07-26,,
FYsJ3xqMGnqEBwasRSWLzg4mTvUuw5kUp2uj3QYyMhwn,sol,惯犯庄家（USELESS案·狙击集团(离场)）,serial-actor,identity,serial-offenders,2026-07-26,USELESS分析 appendix whale_group「狙击集团(离场)」,serial-offender,,,2026-07-20,2026-07-26,,
Fa4uV72y9ACHKTP3Y8qRFynAmXLKUFr3SEAL8VTzjsLP,sol,惯犯庄家（USELESS案·狙击集团(离场)）,serial-actor,identity,serial-offenders,2026-07-26,USELESS分析 appendix whale_group「狙击集团(离场)」,serial-offender,,,2026-07-20,2026-07-26,,
FhfsCznwrcTeNYxjkKjVCFaASi61aXx8WkPArmkjkERH,sol,惯犯庄家（USELESS案·狙击集团(离场)）,serial-actor,identity,serial-offenders,2026-07-26,USELESS分析 appendix whale_group「狙击集团(离场)」,serial-offender,,,2026-07-20,2026-07-26,,
Fq8UYoZ1obJS4JUVTopoBED4a3ENMTFDvykgbPKDhKeU,sol,惯犯庄家（USELESS案·狙击集团(离场)）,serial-actor,identity,serial-offenders,2026-07-26,USELESS分析 appendix whale_group「狙击集团(离场)」,serial-offender,,,2026-07-20,2026-07-26,,
GDYjaP4CgP861rZQYmdo9RtV8Whm2VvECQgnkZEYcC6F,sol,惯犯庄家（OPAL案·庄#2·拆仓网络(多地址关联·明牌互转)）,serial-actor,identity,serial-offenders,2026-07-26,OPAL分析 appendix whale_group「庄#2·拆仓网络(多地址关联·明牌互转)」,serial-offender,,,2026-07-14,2026-07-26,,
GEvYDVuXAGdZav2hmSVbtUQvrBoxg2Xi6qNQYwgvhR7c,sol,惯犯庄家（USELESS案·狙击集团(离场)）,serial-actor,identity,serial-offenders,2026-07-26,USELESS分析 appendix whale_group「狙击集团(离场)」,serial-offender,,,2026-07-20,2026-07-26,,
GPY8V9TkTzWHWkRpLySFKkSTmtTsyeZmZzie16ov3NGF,sol,惯犯庄家（CLUDE案·狙击集团·Lena）,serial-actor,identity,serial-offenders,2026-07-26,Clude分析 appendix whale_group「狙击集团·Lena」,serial-offender,,,2026-07-14,2026-07-26,,
GXF4v8UjaJTf83hddP3yMrwp4dHYtMa6nXwYg5bfUYAL,sol,惯犯庄家（OPAL案·庄#2·拆仓网络(多地址关联·明牌互转)）,serial-actor,identity,serial-offenders,2026-07-26,OPAL分析 appendix whale_group「庄#2·拆仓网络(多地址关联·明牌互转)」,serial-offender,,,2026-07-14,2026-07-26,,
GZwwymAzc2ZzwhXpgc97owL2FuA6kgXayadfm853QgRS,sol,惯犯庄家（USELESS案·狙击集团(离场)）,serial-actor,identity,serial-offenders,2026-07-26,USELESS分析 appendix whale_group「狙击集团(离场)」,serial-offender,,,2026-07-20,2026-07-26,,
GxHAfkKbc6tG7i9FrZovrXiQNngT8DLSYAXSksGg4478,sol,惯犯庄家（USELESS案·狙击集团(离场)）,serial-actor,identity,serial-offenders,2026-07-26,USELESS分析 appendix whale_group「狙击集团(离场)」,serial-offender,,,2026-07-20,2026-07-26,,
H5CuH3GuDdtvJdPqQFeG1QqyDu4qFXQsiFghSwWK2hR6,sol,惯犯庄家（OPAL案·庄#1·项目方creator(单地址明牌+官方锁）,serial-actor,identity,serial-offenders,2026-07-26,OPAL分析 appendix whale_group「庄#1·项目方creator(单地址明牌+官方锁仓)」,serial-offender,,,2026-07-14,2026-07-26,,
HGrBiyQkMeVjBjGTd14hhjTdkDABbpojSKfE5pUS4e2x,sol,惯犯庄家（OPAL案·庄#2·拆仓网络(多地址关联·明牌互转)）,serial-actor,identity,serial-offenders,2026-07-26,OPAL分析 appendix whale_group「庄#2·拆仓网络(多地址关联·明牌互转)」,serial-offender,,,2026-07-14,2026-07-26,,
HMJxumZMQvFCedUbybtCXoCYjAX539CWs2Q7uv6L2FYp,sol,惯犯庄家（USELESS案·狙击集团(离场)）,serial-actor,identity,serial-offenders,2026-07-26,USELESS分析 appendix whale_group「狙击集团(离场)」,serial-offender,,,2026-07-20,2026-07-26,,
HaJh5RHE7JjbA7su7v1gGNKj6KqBALF7hHtnY9JpJeaN,sol,惯犯庄家（USELESS案·狙击集团(离场)）,serial-actor,identity,serial-offenders,2026-07-26,USELESS分析 appendix whale_group「狙击集团(离场)」,serial-offender,,,2026-07-20,2026-07-26,,
He8qEiYtnGtJawoxP8bd1bZjVSbcfWr7ybrTskB8ZYr6,sol,惯犯庄家（OPAL案·庄#2·拆仓网络(多地址关联·明牌互转)）,serial-actor,identity,serial-offenders,2026-07-26,OPAL分析 appendix whale_group「庄#2·拆仓网络(多地址关联·明牌互转)」,serial-offender,,,2026-07-14,2026-07-26,,
Hkx7ZVNB6MY9CSG1qpYh5yGsvVyNECe76wJ9aCw2hzuc,sol,惯犯庄家（USELESS案·狙击集团(离场)）,serial-actor,identity,serial-offenders,2026-07-26,USELESS分析 appendix whale_group「狙击集团(离场)」,serial-offender,,,2026-07-20,2026-07-26,,
HpECTmHoABbyRyP6qdcQf57tFwghqoai4nnKuycCVNmQ,sol,惯犯庄家（OPAL案·庄#2·拆仓网络(多地址关联·明牌互转)）,serial-actor,identity,serial-offenders,2026-07-26,OPAL分析 appendix whale_group「庄#2·拆仓网络(多地址关联·明牌互转)」,serial-offender,,,2026-07-14,2026-07-26,,
HrNTkV6sd3FEHaXqzDmGn7TJA8SDHHCCSwNSc7FjVLmZ,sol,惯犯庄家（USELESS案·狙击集团(离场)）,serial-actor,identity,serial-offenders,2026-07-26,USELESS分析 appendix whale_group「狙击集团(离场)」,serial-offender,,,2026-07-20,2026-07-26,,
Lena3TJKd4CQo2XSgneV8pNMkFex5rUbLXWb7dmN3Ea,sol,惯犯庄家（CLUDE案·狙击集团·Lena）,serial-actor,identity,serial-offenders,2026-07-26,Clude分析 appendix whale_group「狙击集团·Lena」,serial-offender,,,2026-07-14,2026-07-26,,
LmeowWNiiZcG3SFSFHPi4ji7TnTYFGDhE9PvJBPfpX8,sol,惯犯庄家（CLUDE案·狙击集团·Lena）,serial-actor,identity,serial-offenders,2026-07-26,Clude分析 appendix whale_group「狙击集团·Lena」,serial-offender,,,2026-07-14,2026-07-26,,
bozo8DPprqrU6N3y5cUDMDBCA61wGrk7qfy24Wm5rLB,sol,惯犯庄家（USELESS案·狙击集团(离场)）,serial-actor,identity,serial-offenders,2026-07-26,USELESS分析 appendix whale_group「狙击集团(离场)」,serial-offender,,,2026-07-20,2026-07-26,,
cVQimm2pupbX3yrXxtiPFeJLGLKwNhkZ3HJV4gDRSBy,sol,惯犯庄家（USELESS案·狙击集团(离场)）,serial-actor,identity,serial-offenders,2026-07-26,USELESS分析 appendix whale_group「狙击集团(离场)」,serial-offender,,,2026-07-20,2026-07-26,,
hGPG7jEQLKz6muJJV37hhSRMrNLErRu3K1vk4zhDSbB,sol,惯犯庄家（USELESS案·狙击集团(离场)）,serial-actor,identity,serial-offenders,2026-07-26,USELESS分析 appendix whale_group「狙击集团(离场)」,serial-offender,,,2026-07-20,2026-07-26,,
iL3XixvyaF3inwV7uxdZ9xWuEVKkY6ZAbiFB73gLwEh,sol,惯犯庄家（USELESS案·狙击集团(离场)）,serial-actor,identity,serial-offenders,2026-07-26,USELESS分析 appendix whale_group「狙击集团(离场)」,serial-offender,,,2026-07-20,2026-07-26,,
