address,chain,name,category,tier,source,added_date,evidence,risk_flags,merge_policy,balance_policy,source_snapshot_at,verified_at,status,raw_labels
0x8b6a3587676719a4fecbb24b503a3634c44a44d5,arbitrum,HTX: HTX 64,cex,exclude,dune-cex-addresses,2024-04-20,Dune cex.addresses 快照 2026-08-12; 与 eth/bsc/base 现库同址同所互证,,,,2026-08-12,,,
0xab72bd3eb3b5cc90165fa39da85ad0d496330c00,arbitrum,Binance: Binance 107,cex,exclude,dune-cex-addresses,2025-07-07,Dune cex.addresses 快照 2026-08-12; 与 eth/bsc/base 现库同址同所互证,,,,2026-08-12,,,
0xd551234ae421e3bcba99a0da6d736074f22192ff,arbitrum,Binance: Binance 2,cex,exclude,dune-cex-addresses,2022-08-28,Dune cex.addresses 快照 2026-08-12; 与 eth/bsc/base 现库同址同所互证,,,,2026-08-12,,,
0x56eddb7aa87536c09ccc2793473599fd21a8b17f,arbitrum,Binance: Binance 17,cex,exclude,dune-cex-addresses,2022-08-28,Dune cex.addresses 快照 2026-08-12; 与 eth/bsc/base 现库同址同所互证,,,,2026-08-12,,,
0x01c952174c24e1210d26961d456a77a39e1f0bb0,arbitrum,Binance: Binance 52,cex,exclude,dune-cex-addresses,2023-11-20,Dune cex.addresses 快照 2026-08-12; 与 eth/bsc/base 现库同址同所互证,,,,2026-08-12,,,
0xe4b5b2667e049ac8c79ae6c5a7e3300815aa32be,arbitrum,Binance: Binance 100,cex,exclude,dune-cex-addresses,2025-06-25,Dune cex.addresses 快照 2026-08-12; 与 eth/bsc/base 现库同址同所互证,,,,2026-08-12,,,
0x66f791456b82921cbc3f89a98c24ea21784973a1,arbitrum,Binance: Binance HTX Deposit,cex,exclude,dune-cex-addresses,2023-11-22,Dune cex.addresses 快照 2026-08-12; 与 eth/bsc/base 现库同址同所互证,,,,2026-08-12,,,
0xb3f923eabaf178fc1bd8e13902fc5c61d3ddef5b,arbitrum,Binance: Binance Wintermute Deposit 1,cex,exclude,dune-cex-addresses,2022-08-28,Dune cex.addresses 快照 2026-08-12; 与 eth/bsc/base 现库同址同所互证,,,,2026-08-12,,,
0x9be89d2a4cd102d8fecc6bf9da793be995c22541,arbitrum,Binance: Binance ETH and ERC20 tokens Proof of Assets,cex,exclude,dune-cex-addresses,2022-11-14,Dune cex.addresses 快照 2026-08-12; 与 eth 现库同址同所互证; 与 bsc 现库同址同所互证(现库旧格式名: Binance ETH and ERC20 tokens Proof of Assets),,,,2026-08-12,,,
0xa180fe01b906a1be37be6c534a3300785b20d947,arbitrum,Binance: Binance Withdrawals 3,cex,exclude,dune-cex-addresses,2023-11-20,Dune cex.addresses 快照 2026-08-12; 与 eth/bsc/base 现库同址同所互证,,,,2026-08-12,,,
0x73f5ebe90f27b46ea12e5795d16c4b408b19cc6f,arbitrum,Binance: Binance Withdrawals 6,cex,exclude,dune-cex-addresses,2023-11-20,Dune cex.addresses 快照 2026-08-12; 与 eth/base 现库同址同所互证; 与 bsc 现库同址同所互证(现库旧格式名: Binance BSC 二级提币热钱包（nonce 百万级）),,,,2026-08-12,,,
0xee5b5b923ffce93a870b3104b7ca09c3db80047a,arbitrum,Bybit: Bybit 4,cex,exclude,dune-cex-addresses,2023-04-06,Dune cex.addresses 快照 2026-08-12; 与 eth/bsc/base 现库同址同所互证,,,,2026-08-12,,,
0x0e4158c85ff724526233c1aeb4ff6f0c46827fbe,arbitrum,Binance: Binance 72,cex,exclude,dune-cex-addresses,2024-04-20,Dune cex.addresses 快照 2026-08-12; 与 eth/bsc/base 现库同址同所互证,,,,2026-08-12,,,
0x6d8be5cdf0d7dee1f04e25fd70b001ae3b907824,arbitrum,Binance: Binance 85,cex,exclude,dune-cex-addresses,2024-04-20,Dune cex.addresses 快照 2026-08-12; 与 eth/bsc/base 现库同址同所互证,,,,2026-08-12,,,
0x6d9348910e6ed90c1bb170c47965f5f7b8e19763,arbitrum,Binance: Binance 95,cex,exclude,dune-cex-addresses,2025-06-16,Dune cex.addresses 快照 2026-08-12; 与 eth/bsc/base 现库同址同所互证,,,,2026-08-12,,,
0xcc71dd74183ea325f537665678263565c0b7e493,arbitrum,Binance: Binance 99,cex,exclude,dune-cex-addresses,2025-06-25,Dune cex.addresses 快照 2026-08-12; 与 eth/bsc/base 现库同址同所互证,,,,2026-08-12,,,
0xf5f3436a05b5ced2490dae07b86eb5bbd02782aa,arbitrum,Bybit: Bybit 7,cex,exclude,dune-cex-addresses,2023-11-15,Dune cex.addresses 快照 2026-08-12; 与 eth/bsc/base 现库同址同所互证,,,,2026-08-12,,,
0x3d5202a0564de9b05ecd07c955bcca964585ea03,arbitrum,Bybit: Bybit 9,cex,exclude,dune-cex-addresses,2024-05-09,Dune cex.addresses 快照 2026-08-12; 与 eth/bsc/base 现库同址同所互证,,,,2026-08-12,,,
0x260b364fe0d3d37e6fd3cda0fa50926a06c54cea,arbitrum,Bybit: Bybit 40,cex,exclude,dune-cex-addresses,2025-07-31,Dune cex.addresses 快照 2026-08-12; 与 eth/bsc/base 现库同址同所互证,,,,2026-08-12,,,
0xa95b83af96d0b8a90bd507f2bd82ad8f3dbb86bc,arbitrum,Bybit: Bybit Gas Supplier 2,cex,exclude,dune-cex-addresses,2023-11-20,Dune cex.addresses 快照 2026-08-12; 与 eth/bsc/base 现库同址同所互证,,,,2026-08-12,,,
0x95a9bd206ae52c4ba8eecfc93d18eacdd41c88cc,arbitrum,Coinbase: Coinbase 13,cex,exclude,dune-cex-addresses,2022-08-28,Dune cex.addresses 快照 2026-08-12; 与 eth/bsc/base 现库同址同所互证,,,,2026-08-12,,,
0x4a4e859565d9b563afc8e63641542455cff0dfd2,arbitrum,Coinbase: Coinbase 15,cex,exclude,dune-cex-addresses,2023-11-19,Dune cex.addresses 快照 2026-08-12; 与 eth/bsc/base 现库同址同所互证,,,,2026-08-12,,,
0x9810762578accf1f314320cca5b72506ae7d7630,arbitrum,Coinbase: Coinbase 23,cex,exclude,dune-cex-addresses,2023-11-19,Dune cex.addresses 快照 2026-08-12; 与 eth/bsc/base 现库同址同所互证,,,,2026-08-12,,,
0x05e3a758fdd29d28435019ac453297ea37b61b62,arbitrum,Coinbase: Coinbase 27,cex,exclude,dune-cex-addresses,2023-11-19,Dune cex.addresses 快照 2026-08-12; 与 eth/bsc/base 现库同址同所互证,,,,2026-08-12,,,
0x739120ade7ed878fca5bbdb806263a8258fe2360,arbitrum,Coinbase: Coinbase 29,cex,exclude,dune-cex-addresses,2023-11-19,Dune cex.addresses 快照 2026-08-12; 与 eth/bsc/base 现库同址同所互证,,,,2026-08-12,,,
0x563537412ad5d49faa7fa442b9193b8238d98c3c,arbitrum,Coinbase: Coinbase 46,cex,exclude,dune-cex-addresses,2024-04-04,Dune cex.addresses 快照 2026-08-12; 与 eth/bsc/base 现库同址同所互证,,,,2026-08-12,,,
0xe3aac971590635f601ea751096f11343c70ebadf,arbitrum,Coinbase: Coinbase 49,cex,exclude,dune-cex-addresses,2024-04-04,Dune cex.addresses 快照 2026-08-12; 与 eth/bsc/base 现库同址同所互证,,,,2026-08-12,,,
0x40ebc1ac8d4fedd2e144b75fe9c0420be82750c6,arbitrum,Coinbase: Coinbase 55,cex,exclude,dune-cex-addresses,2024-05-04,Dune cex.addresses 快照 2026-08-12; 与 eth/bsc/base 现库同址同所互证,,,,2026-08-12,,,
0x452746603bcdbd77b3789c0ec1bea316aafc9f8f,arbitrum,Coinbase: Coinbase 89,cex,exclude,dune-cex-addresses,2025-06-25,Dune cex.addresses 快照 2026-08-12; 与 eth/bsc/base 现库同址同所互证,,,,2026-08-12,,,
0xe33dd1487426ef7a6a7be7da11353d0d5b81cdc8,arbitrum,Coinbase: Coinbase 92,cex,exclude,dune-cex-addresses,2025-06-25,Dune cex.addresses 快照 2026-08-12; 与 eth/bsc/base 现库同址同所互证,,,,2026-08-12,,,
0xf481b7fab9f5d0e74f21ae595a749634fb053619,arbitrum,Coinbase: Coinbase 115,cex,exclude,dune-cex-addresses,2025-07-31,Dune cex.addresses 快照 2026-08-12; 与 eth/bsc/base 现库同址同所互证,,,,2026-08-12,,,
0xd47b4a4c6207b1ee0eb1dd4e5c46a19b50fec00b,arbitrum,Coinbase: Coinbase 116,cex,exclude,dune-cex-addresses,2025-07-31,Dune cex.addresses 快照 2026-08-12; 与 eth/bsc/base 现库同址同所互证,,,,2026-08-12,,,
0x35aeed3aa9657abf8b847038bb591b51e1e4c69f,arbitrum,Coinbase: Coinbase 198,cex,exclude,dune-cex-addresses,2025-07-31,Dune cex.addresses 快照 2026-08-12; 与 eth/bsc/base 现库同址同所互证,,,,2026-08-12,,,
0xdb3c617cdd2fbf0bb4309c325f47678e37f096d9,arbitrum,Coinbase: Coinbase 199,cex,exclude,dune-cex-addresses,2025-07-31,Dune cex.addresses 快照 2026-08-12; 与 eth/bsc/base 现库同址同所互证,,,,2026-08-12,,,
0xd5268a476aadd1a6729df5b3e5e8f2c1004139af,arbitrum,Coinbase: Coinbase 202,cex,exclude,dune-cex-addresses,2025-07-31,Dune cex.addresses 快照 2026-08-12; 与 eth/bsc/base 现库同址同所互证,,,,2026-08-12,,,
0x8535d5ed435e405a881545ffb2f8d6b81f6c9d41,arbitrum,Coinbase: Coinbase Gas Supplier 11,cex,exclude,dune-cex-addresses,2023-11-19,Dune cex.addresses 快照 2026-08-12; 与 eth/bsc/base 现库同址同所互证,,,,2026-08-12,,,
0xa2b57dd51c464e863a5efc70c8116ec46791e38f,arbitrum,Coinbase: Coinbase Gas Supplier 15,cex,exclude,dune-cex-addresses,2024-04-04,Dune cex.addresses 快照 2026-08-12; 与 eth/bsc/base 现库同址同所互证,,,,2026-08-12,,,
0x1846deb34cc19c11e7ddf0de48b13fd1f231ca7f,arbitrum,Coinbase: Coinbase Gas Supplier 18,cex,exclude,dune-cex-addresses,2024-10-06,Dune cex.addresses 快照 2026-08-12; 与 eth/bsc/base 现库同址同所互证,,,,2026-08-12,,,
0x19d599012788b991ff542f31208bab21ea38403e,arbitrum,Coinbase: Coinbase Cold 14,cex,exclude,dune-cex-addresses,2023-11-19,Dune cex.addresses 快照 2026-08-12; 与 eth/bsc/base 现库同址同所互证,,,,2026-08-12,,,
0xf27182c5568beafb967140286e25807250eacc4c,arbitrum,Coinbase: Coinbase MANA Hot 2,cex,exclude,dune-cex-addresses,2023-11-19,Dune cex.addresses 快照 2026-08-12; 与 eth/bsc/base 现库同址同所互证,,,,2026-08-12,,,
0x9620e530995d4b497f16652419dbb60f7834010a,arbitrum,Coinbase: Coinbase GRT Hot 1,cex,exclude,dune-cex-addresses,2023-11-19,Dune cex.addresses 快照 2026-08-12; 与 eth/bsc/base 现库同址同所互证,,,,2026-08-12,,,
0xd7efcbb86efdd9e8de014dafa5944aae36e817e4,arbitrum,OKX: OKX 34,cex,exclude,dune-cex-addresses,2023-11-18,Dune cex.addresses 快照 2026-08-12; 与 eth/bsc/base 现库同址同所互证,,,,2026-08-12,,,
0xbe787d53e09822cc42bfb4abe1fb4492cae3d19d,arbitrum,OKX: OKX 51,cex,exclude,dune-cex-addresses,2024-04-20,Dune cex.addresses 快照 2026-08-12; 与 eth/bsc/base 现库同址同所互证,,,,2026-08-12,,,
0xb47a0ac7798d8308467b2b96ac632ed43c9cb6d7,arbitrum,OKX: OKX 56,cex,exclude,dune-cex-addresses,2024-04-20,Dune cex.addresses 快照 2026-08-12; 与 eth/bsc/base 现库同址同所互证,,,,2026-08-12,,,
0x539c92186f7c6cc4cbf443f26ef84c595babbca1,arbitrum,OKX: OKX 58,cex,exclude,dune-cex-addresses,2024-04-20,Dune cex.addresses 快照 2026-08-12; 与 eth/bsc/base 现库同址同所互证,,,,2026-08-12,,,
0xee1c6537e589a15a15f80961f5594c57bed936fb,arbitrum,OKX: OKX 78,cex,exclude,dune-cex-addresses,2024-04-20,Dune cex.addresses 快照 2026-08-12; 与 eth/bsc/base 现库同址同所互证,,,,2026-08-12,,,
0xf7c63e75b90c60d7b343106a39658f8b3ca6e4d2,arbitrum,OKX: OKX 79,cex,exclude,dune-cex-addresses,2024-04-20,Dune cex.addresses 快照 2026-08-12; 与 eth/bsc/base 现库同址同所互证,,,,2026-08-12,,,
0x48c4c83be7e3884ee5043a3abe5115eb020b5f4a,arbitrum,OKX: OKX 101,cex,exclude,dune-cex-addresses,2024-04-20,Dune cex.addresses 快照 2026-08-12; 与 eth/bsc/base 现库同址同所互证,,,,2026-08-12,,,
0x5f8215ee653cb7225c741c7aa8591468d1f158b8,arbitrum,OKX: OKX 110,cex,exclude,dune-cex-addresses,2024-04-20,Dune cex.addresses 快照 2026-08-12; 与 eth/bsc/base 现库同址同所互证,,,,2026-08-12,,,
0x6667a4b7eff4a0b86781fb3b187622cd3c257f09,arbitrum,OKX: OKX 111,cex,exclude,dune-cex-addresses,2024-04-20,Dune cex.addresses 快照 2026-08-12; 与 eth/bsc/base 现库同址同所互证,,,,2026-08-12,,,
0x8c3cb9665833fd9f79eb14cba16d82bbab6f22d8,arbitrum,OKX: OKX 124,cex,exclude,dune-cex-addresses,2024-04-20,Dune cex.addresses 快照 2026-08-12; 与 eth/bsc/base 现库同址同所互证,,,,2026-08-12,,,
0x9723b6d608d4841eb4ab131687a5d4764eb30138,arbitrum,OKX: OKX 126,cex,exclude,dune-cex-addresses,2024-04-20,Dune cex.addresses 快照 2026-08-12; 与 eth/bsc/base 现库同址同所互证,,,,2026-08-12,,,
0x7afbf56c48d38d732e8b71db229a20a2eaea8532,arbitrum,OKX: OKX 140,cex,exclude,dune-cex-addresses,2024-05-25,Dune cex.addresses 快照 2026-08-12; 与 eth/bsc/base 现库同址同所互证,,,,2026-08-12,,,
0x10374bc1c4ca086e22673dbc4d702fee74c4ffc5,arbitrum,OKX: OKX 143,cex,exclude,dune-cex-addresses,2024-10-06,Dune cex.addresses 快照 2026-08-12; 与 eth 现库同址同所互证,,,,2026-08-12,,,
0x7c0629bbbaf7d68ffaa393e3fedc9b633679fa5f,arbitrum,OKX: OKX 152,cex,exclude,dune-cex-addresses,2025-06-16,Dune cex.addresses 快照 2026-08-12; 与 eth/bsc/base 现库同址同所互证,,,,2026-08-12,,,
0xe4c13d0024162082fd11461ca737e1ba71772c60,arbitrum,OKX: OKX 170,cex,exclude,dune-cex-addresses,2025-06-25,Dune cex.addresses 快照 2026-08-12; 与 eth/bsc/base 现库同址同所互证,,,,2026-08-12,,,
0x6d046280c44c0fee770563614f7a7a71f156ca20,arbitrum,OKX: OKX 190,cex,exclude,dune-cex-addresses,2025-06-25,Dune cex.addresses 快照 2026-08-12; 与 eth/bsc/base 现库同址同所互证,,,,2026-08-12,,,
0x24f2ba8dba81265ecf053cbac410184ab38b2a92,arbitrum,OKX: OKX 193,cex,exclude,dune-cex-addresses,2025-06-25,Dune cex.addresses 快照 2026-08-12; 与 eth/bsc/base 现库同址同所互证,,,,2026-08-12,,,
0x000000000000d5775ff7721cefb8097af62e52dd,arbitrum,OKX: OKX 205,cex,exclude,dune-cex-addresses,2025-07-08,Dune cex.addresses 快照 2026-08-12; 与 eth/base 现库同址同所互证; 与 bsc 现库同址同所互证(现库旧格式名: OKX 205),,,,2026-08-12,,,
0xae5dde433888a7456c3e0aecbb2e0a5748cbc1eb,arbitrum,OKX: OKX 240,cex,exclude,dune-cex-addresses,2025-07-31,Dune cex.addresses 快照 2026-08-12; 与 eth/bsc/base 现库同址同所互证,,,,2026-08-12,,,
0xc5267f13b9b4ba7bb73bdd53a2a3c944733a2961,arbitrum,OKX: OKX Gas Supplier 21,cex,exclude,dune-cex-addresses,2025-07-09,Dune cex.addresses 快照 2026-08-12; 与 eth/bsc/base 现库同址同所互证,,,,2026-08-12,,,
0x77a9b3fa8387652128ca5a9e4756e9e88dac3634,arbitrum,OKX: OKX Gas Supplier 22,cex,exclude,dune-cex-addresses,2025-07-09,Dune cex.addresses 快照 2026-08-12; 与 eth/bsc/base 现库同址同所互证,,,,2026-08-12,,,
0x46705dfff24256421a05d056c29e81bdc09723b8,arbitrum,HTX: HTX 12,cex,exclude,dune-cex-addresses,2022-08-28,Dune cex.addresses 快照 2026-08-12; 与 eth/bsc/base 现库同址同所互证,,,,2026-08-12,,,
0x30741289523c2e4d2a62c7d6722686d14e723851,arbitrum,HTX: HTX 21,cex,exclude,dune-cex-addresses,2022-08-28,Dune cex.addresses 快照 2026-08-12; 与 eth/bsc/base 现库同址同所互证,,,,2026-08-12,,,
0x2abc22eb9a09ebbe7b41737ccde147f586efeb6a,arbitrum,HTX: HTX 43,cex,exclude,dune-cex-addresses,2023-11-15,Dune cex.addresses 快照 2026-08-12; 与 eth/bsc/base 现库同址同所互证,,,,2026-08-12,,,
0xce7ec11a5f306c6b896526149db1a86c7d1531e2,arbitrum,HTX: HTX 72,cex,exclude,dune-cex-addresses,2024-04-20,Dune cex.addresses 快照 2026-08-12; 与 eth/bsc/base 现库同址同所互证,,,,2026-08-12,,,
0xefdca55e4bce6c1d535cb2d0687b5567eef2ae83,arbitrum,HTX: HTX 94,cex,exclude,dune-cex-addresses,2025-05-04,Dune cex.addresses 快照 2026-08-12; 与 eth/bsc/base 现库同址同所互证,,,,2026-08-12,,,
0x6b2980979d29c15c6438fff1cb9c1e4127370969,arbitrum,HTX: HTX 114,cex,exclude,dune-cex-addresses,2025-06-25,Dune cex.addresses 快照 2026-08-12; 与 eth/bsc/base 现库同址同所互证,,,,2026-08-12,,,
0x664c900ad79a7e9e3e1bbdd238715744ac9b575b,arbitrum,HTX: HTX Gas Supplier 10,cex,exclude,dune-cex-addresses,2023-11-23,Dune cex.addresses 快照 2026-08-12; 与 eth/bsc/base 现库同址同所互证,,,,2026-08-12,,,
0x1c4b70a3968436b9a0a9cf5205c787eb81bb558c,arbitrum,Gate.io: Gate.io 3,cex,exclude,dune-cex-addresses,2022-08-28,Dune cex.addresses 快照 2026-08-12; 与 eth/bsc/base 现库同址同所互证,,,,2026-08-12,,,
0xc882b111a75c0c657fc507c04fbfcd2cc984f071,arbitrum,Gate.io: Gate.io 5,cex,exclude,dune-cex-addresses,2023-02-07,Dune cex.addresses 快照 2026-08-12; 与 eth/bsc/base 现库同址同所互证,,,,2026-08-12,,,
0xc6bed363b30df7f35b601a5547fe56cd31ec63da,arbitrum,Kraken: Kraken 8,cex,exclude,dune-cex-addresses,2022-08-28,Dune cex.addresses 快照 2026-08-12; 与 eth/bsc/base 现库同址同所互证,,,,2026-08-12,,,
0x66c57bf505a85a74609d2c83e94aabb26d691e1f,arbitrum,Kraken: Kraken 12,cex,exclude,dune-cex-addresses,2022-08-28,Dune cex.addresses 快照 2026-08-12; 与 eth/bsc/base 现库同址同所互证,,,,2026-08-12,,,
0xadae2f3b0db76cb3eafe76a8bf99b93f099c140a,arbitrum,Kraken: Kraken 29,cex,exclude,dune-cex-addresses,2023-11-20,Dune cex.addresses 快照 2026-08-12; 与 eth/bsc/base 现库同址同所互证,,,,2026-08-12,,,
0x10593a64b7b7bb0ea29b8c01f1619ca8ff294b2f,arbitrum,Kraken: Kraken 36,cex,exclude,dune-cex-addresses,2023-11-20,Dune cex.addresses 快照 2026-08-12; 与 eth/bsc/base 现库同址同所互证,,,,2026-08-12,,,
0xa25aa6dfbf6d9bbd7a6a9eb47b9f1e57a2bd92d7,arbitrum,Kraken: Kraken 46,cex,exclude,dune-cex-addresses,2023-11-20,Dune cex.addresses 快照 2026-08-12; 与 eth/bsc/base 现库同址同所互证,,,,2026-08-12,,,
0xfcaf9c57c26566f96d23f585950bb1c66e138890,arbitrum,Kraken: Kraken 52,cex,exclude,dune-cex-addresses,2023-11-20,Dune cex.addresses 快照 2026-08-12; 与 eth/bsc/base 现库同址同所互证,,,,2026-08-12,,,
0x2a62c4acca1a166ee582877112682cae8cc0ffe7,arbitrum,Kraken: Kraken 67,cex,exclude,dune-cex-addresses,2024-10-06,Dune cex.addresses 快照 2026-08-12; 与 eth/bsc/base 现库同址同所互证,,,,2026-08-12,,,
0x4541502fdd6a8f232ad53a1ccb8ccb98042bbef1,arbitrum,Kraken: Kraken 77,cex,exclude,dune-cex-addresses,2025-04-28,Dune cex.addresses 快照 2026-08-12; 与 eth/bsc/base 现库同址同所互证,,,,2026-08-12,,,
0x2bb41971b9c23d612ebecc10a8037e0322de5c37,arbitrum,Kraken: Kraken 78,cex,exclude,dune-cex-addresses,2025-04-28,Dune cex.addresses 快照 2026-08-12; 与 eth/bsc/base 现库同址同所互证,,,,2026-08-12,,,
0x8ab54f9e6df35b26168847ea93dab9659ecf286d,arbitrum,Kraken: Kraken 79,cex,exclude,dune-cex-addresses,2025-04-28,Dune cex.addresses 快照 2026-08-12; 与 eth/bsc/base 现库同址同所互证,,,,2026-08-12,,,
0x99fa9468170a622c8abfde7b19bb84b64a203fbd,arbitrum,Kraken: Kraken 85,cex,exclude,dune-cex-addresses,2025-04-28,Dune cex.addresses 快照 2026-08-12; 与 eth/bsc/base 现库同址同所互证,,,,2026-08-12,,,
0x6c4e92471e8a8d8068894570502000e41fdbbd08,arbitrum,Kraken: Kraken 98,cex,exclude,dune-cex-addresses,2025-04-28,Dune cex.addresses 快照 2026-08-12; 与 eth/bsc/base 现库同址同所互证,,,,2026-08-12,,,
0x5eda7655e58bdcf149c1545b8fc710b796d79cf7,arbitrum,Kraken: Kraken 99,cex,exclude,dune-cex-addresses,2025-04-28,Dune cex.addresses 快照 2026-08-12; 与 eth/bsc/base 现库同址同所互证,,,,2026-08-12,,,
0xaddb27092681351a19ceb737214cad46a30176e3,arbitrum,Kraken: Kraken 102,cex,exclude,dune-cex-addresses,2025-04-28,Dune cex.addresses 快照 2026-08-12; 与 eth/bsc/base 现库同址同所互证,,,,2026-08-12,,,
0xe80e404cfc2ce9ffc0a30b368b0f963dfc708eb5,arbitrum,Kraken: Kraken 106,cex,exclude,dune-cex-addresses,2025-04-28,Dune cex.addresses 快照 2026-08-12; 与 eth/bsc/base 现库同址同所互证,,,,2026-08-12,,,
0x7a2e4aa4f2f6ab66594fff84dcabac67fb9773c8,arbitrum,Kraken: Kraken 110,cex,exclude,dune-cex-addresses,2025-04-28,Dune cex.addresses 快照 2026-08-12; 与 eth/bsc/base 现库同址同所互证,,,,2026-08-12,,,
0x675938d86a6a4651b6dbba7529117fb0b557ccf2,arbitrum,Kraken: Kraken 116,cex,exclude,dune-cex-addresses,2025-04-28,Dune cex.addresses 快照 2026-08-12; 与 eth/bsc/base 现库同址同所互证,,,,2026-08-12,,,
0x5203aeaaee721195707b01e613b6c3259b3a5cf6,arbitrum,Kraken: Kraken 118,cex,exclude,dune-cex-addresses,2025-04-28,Dune cex.addresses 快照 2026-08-12; 与 eth/bsc/base 现库同址同所互证,,,,2026-08-12,,,
0xb3be595ab898568567d08b3f179443a19e034d50,arbitrum,Kraken: Kraken 119,cex,exclude,dune-cex-addresses,2025-04-28,Dune cex.addresses 快照 2026-08-12; 与 eth/bsc/base 现库同址同所互证,,,,2026-08-12,,,
0x68ee447f886fa729f2e8723296572a93932affca,arbitrum,Kraken: Kraken 130,cex,exclude,dune-cex-addresses,2025-04-28,Dune cex.addresses 快照 2026-08-12; 与 eth/bsc/base 现库同址同所互证,,,,2026-08-12,,,
0x3dce541d185e6893e53b2f817cf435cc28291713,arbitrum,Kraken: Kraken 131,cex,exclude,dune-cex-addresses,2025-04-28,Dune cex.addresses 快照 2026-08-12; 与 eth/bsc/base 现库同址同所互证,,,,2026-08-12,,,
0xe1688074bf6eff74f77466159bd5506f6ea3635d,arbitrum,Kraken: Kraken 142,cex,exclude,dune-cex-addresses,2025-04-28,Dune cex.addresses 快照 2026-08-12; 与 eth/bsc/base 现库同址同所互证,,,,2026-08-12,,,
0x69fd3ef67adcb9fd76396e2e4330629c9a8df59f,arbitrum,Kraken: Kraken 145,cex,exclude,dune-cex-addresses,2025-04-28,Dune cex.addresses 快照 2026-08-12; 与 eth/bsc/base 现库同址同所互证,,,,2026-08-12,,,
0x9b2c49f34aa754f299f3ff0161041ebf31140f4c,arbitrum,Kraken: Kraken 150,cex,exclude,dune-cex-addresses,2025-04-28,Dune cex.addresses 快照 2026-08-12; 与 eth/bsc/base 现库同址同所互证,,,,2026-08-12,,,
0x8b973a304138eca1936d77ac07980840c5775258,arbitrum,Kraken: Kraken 170,cex,exclude,dune-cex-addresses,2025-04-28,Dune cex.addresses 快照 2026-08-12; 与 eth/bsc/base 现库同址同所互证,,,,2026-08-12,,,
0x210b3cb99fa1de0a64085fa80e18c22fe4722a1b,arbitrum,Kraken: Kraken 174,cex,exclude,dune-cex-addresses,2025-05-02,Dune cex.addresses 快照 2026-08-12; 与 eth/bsc/base 现库同址同所互证,,,,2026-08-12,,,
0xe63fd0717aac814a3f7f5ed90bfa18c0abaf0d85,arbitrum,Kraken: Kraken 190,cex,exclude,dune-cex-addresses,2025-06-25,Dune cex.addresses 快照 2026-08-12; 与 eth/bsc/base 现库同址同所互证,,,,2026-08-12,,,
0x7982a7efbff0cc2da4092d401aa72c6a0a030231,arbitrum,Kraken: Kraken 197,cex,exclude,dune-cex-addresses,2025-06-25,Dune cex.addresses 快照 2026-08-12; 与 eth/bsc/base 现库同址同所互证,,,,2026-08-12,,,
0x16e48112198b49a14991ae8a9d5eae9e18d4714a,arbitrum,Kraken: Kraken 209,cex,exclude,dune-cex-addresses,2025-06-25,Dune cex.addresses 快照 2026-08-12; 与 eth/bsc/base 现库同址同所互证,,,,2026-08-12,,,
0x2995eb883fd4b4111116f1fdedbbc47a122a5c75,arbitrum,Kraken: Kraken 218,cex,exclude,dune-cex-addresses,2025-06-25,Dune cex.addresses 快照 2026-08-12; 与 eth/bsc/base 现库同址同所互证,,,,2026-08-12,,,
0x8b8cd3560e9e7ad464740cbfe031bf941747b76e,arbitrum,Kraken: Kraken 221,cex,exclude,dune-cex-addresses,2025-06-25,Dune cex.addresses 快照 2026-08-12; 与 eth/bsc/base 现库同址同所互证,,,,2026-08-12,,,
0xf72d20ff0972a36b01412cddda0bb1ba1a9d3d93,arbitrum,Kraken: Kraken 227,cex,exclude,dune-cex-addresses,2025-06-25,Dune cex.addresses 快照 2026-08-12; 与 eth/bsc/base 现库同址同所互证,,,,2026-08-12,,,
0xe9f7ecae3a53d2a67105292894676b00d1fab785,arbitrum,Kraken: Kraken Hot Wallet,cex,exclude,dune-cex-addresses,2022-08-28,Dune cex.addresses 快照 2026-08-12; 与 eth/bsc/base 现库同址同所互证,,,,2026-08-12,,,
0xa24787320ede4cc19d800bf87b41ab9539c4da9d,arbitrum,Kraken: Kraken Proxy 1,cex,exclude,dune-cex-addresses,2023-11-23,Dune cex.addresses 快照 2026-08-12; 与 eth 现库同址同所互证; 与 bsc 现库同址同所互证(现库旧格式名: Kraken Proxy 1),,,,2026-08-12,,,
0x1d5ba5414f2983212e03bf7725add9eb4cdb00dc,arbitrum,Bitget: Bitget 9,cex,exclude,dune-cex-addresses,2024-04-20,Dune cex.addresses 快照 2026-08-12; 与 eth/bsc/base 现库同址同所互证,,,,2026-08-12,,,
0xb8cda8d72da558ef8f76a0d928f9652d2b003e2e,arbitrum,Bitget: Bitget 14,cex,exclude,dune-cex-addresses,2024-05-25,Dune cex.addresses 快照 2026-08-12; 与 eth/bsc/base 现库同址同所互证,,,,2026-08-12,,,
0xd91efec7e42f80156d1d9f660a69847188950747,arbitrum,KuCoin: KuCoin 26,cex,exclude,dune-cex-addresses,2024-04-04,Dune cex.addresses 快照 2026-08-12; 与 eth 现库同址同所互证; 与 bsc 现库同址同所互证(现库旧格式名: KuCoin 26),,,,2026-08-12,,,
0x58edf78281334335effa23101bbe3371b6a36a51,arbitrum,KuCoin: KuCoin 32,cex,exclude,dune-cex-addresses,2024-04-20,Dune cex.addresses 快照 2026-08-12; 与 eth/bsc/base 现库同址同所互证,,,,2026-08-12,,,
0x446b86a33e2a438f569b15855189e3da28d027ba,arbitrum,KuCoin: KuCoin 49,cex,exclude,dune-cex-addresses,2024-04-20,Dune cex.addresses 快照 2026-08-12; 与 eth 现库同址同所互证; 与 bsc 现库同址同所互证(现库旧格式名: KuCoin 49),,,,2026-08-12,,,
0x2933782b5a8d72f2754103d1489614f29bfa4625,arbitrum,KuCoin: KuCoin 60,cex,exclude,dune-cex-addresses,2025-07-31,Dune cex.addresses 快照 2026-08-12; 与 eth/bsc/base 现库同址同所互证,,,,2026-08-12,,,
0xcb014880de8b1e5f6c90cbcd2c232970cf3aec32,arbitrum,KuCoin: KuCoin Gas Supplier 6,cex,exclude,dune-cex-addresses,2023-11-23,Dune cex.addresses 快照 2026-08-12; 与 eth/bsc/base 现库同址同所互证,,,,2026-08-12,,,
0x5a52e96bacdabb82fd05763e25335261b270efcb,arbitrum,Binance: Binance 28,cex,exclude,dune-cex-addresses,2023-04-06,Dune cex.addresses 快照 2026-08-12; 与 base 现库同址同所互证; 与 eth 现库同址同所互证(现库旧格式名: Binance 28); 与 bsc 现库同址同所互证(现库旧格式名: Binance 28),,,,2026-08-12,,,
0x06a0048079ec6571cd1b537418869cde6191d42d,arbitrum,Binance: Binance 29,cex,exclude,dune-cex-addresses,2022-08-28,Dune cex.addresses 快照 2026-08-12; 与 eth/bsc/base 现库同址同所互证,,,,2026-08-12,,,
0xe7804c37c13166ff0b37f5ae0bb07a3aebb6e245,arbitrum,Binance: Binance 48,cex,exclude,dune-cex-addresses,2023-11-20,Dune cex.addresses 快照 2026-08-12; 与 eth/bsc/base 现库同址同所互证,,,,2026-08-12,,,
0x1b5b4e441f5a22bfd91b7772c780463f66a74b35,arbitrum,Binance: Binance 56,cex,exclude,dune-cex-addresses,2023-11-20,Dune cex.addresses 快照 2026-08-12; 与 eth/bsc/base 现库同址同所互证,,,,2026-08-12,,,
0x17b692ae403a8ff3a3b2ed7676cf194310dde9af,arbitrum,Binance: Binance 57,cex,exclude,dune-cex-addresses,2023-11-20,Dune cex.addresses 快照 2026-08-12; 与 eth/bsc/base 现库同址同所互证,,,,2026-08-12,,,
0xa7c0d36c4698981fab42a7d8c783674c6fe2592d,arbitrum,Binance: Binance 74,cex,exclude,dune-cex-addresses,2024-04-20,Dune cex.addresses 快照 2026-08-12; 与 eth/bsc/base 现库同址同所互证,,,,2026-08-12,,,
0x4aefa39caeadd662ae31ab0ce7c8c2c9c0a013e8,arbitrum,Binance: Binance 81,cex,exclude,dune-cex-addresses,2024-04-20,Dune cex.addresses 快照 2026-08-12; 与 eth/bsc/base 现库同址同所互证,,,,2026-08-12,,,
0xcddc5d0ebeb71a08fff26909aa6c0d4e256b4fe1,arbitrum,Binance: Binance 105,cex,exclude,dune-cex-addresses,2025-07-07,Dune cex.addresses 快照 2026-08-12; 与 eth/bsc/base 现库同址同所互证,,,,2026-08-12,,,
0x43684d03d81d3a4c70da68febdd61029d426f042,arbitrum,Binance: Binance 113,cex,exclude,dune-cex-addresses,2025-07-07,Dune cex.addresses 快照 2026-08-12; 与 eth/bsc/base 现库同址同所互证,,,,2026-08-12,,,
0x47ac0fb4f2d84898e4d9e7b4dab3c24507a6d503,arbitrum,Binance: Binance Stablecoin Proof of Assets,cex,exclude,dune-cex-addresses,2022-11-14,Dune cex.addresses 快照 2026-08-12; 与 eth/bsc/base 现库同址同所互证,,,,2026-08-12,,,
0x1fbe2acee135d991592f167ac371f3dd893a508b,arbitrum,Binance: Binance Withdrawals 5,cex,exclude,dune-cex-addresses,2023-11-20,Dune cex.addresses 快照 2026-08-12; 与 eth/base 现库同址同所互证; 与 bsc 现库同址同所互证(现库旧格式名: Binance BSC 二级提币热钱包（nonce 百万级）),,,,2026-08-12,,,
0x50460c4cd74094cd591f455cad457e99c4ab8be0,arbitrum,Binance: Binance Gas Supplier 6,cex,exclude,dune-cex-addresses,2023-11-23,Dune cex.addresses 快照 2026-08-12; 与 eth/bsc/base 现库同址同所互证,,,,2026-08-12,,,
0x4230c402c08cb66dcf3820649a115e54661fce9d,arbitrum,Bybit: Bybit 8,cex,exclude,dune-cex-addresses,2023-11-15,Dune cex.addresses 快照 2026-08-12; 与 eth/bsc/base 现库同址同所互证,,,,2026-08-12,,,
0x88a1493366d48225fc3cefbdae9ebb23e323ade3,arbitrum,Bybit: Bybit 11,cex,exclude,dune-cex-addresses,2024-11-27,Dune cex.addresses 快照 2026-08-12; 与 eth/bsc/base 现库同址同所互证,,,,2026-08-12,,,
0x4ce053dfe58541e08f149c1050eb3df09d7a40bc,arbitrum,Bybit: Bybit 13,cex,exclude,dune-cex-addresses,2025-06-16,Dune cex.addresses 快照 2026-08-12; 与 eth/bsc/base 现库同址同所互证,,,,2026-08-12,,,
0x3fb00e38602c6a501e19eda24787f40bccef0432,arbitrum,Bybit: Bybit 44,cex,exclude,dune-cex-addresses,2025-08-18,Dune cex.addresses 快照 2026-08-12; 与 eth/bsc/base 现库同址同所互证,,,,2026-08-12,,,
0xa9d1e08c7793af67e9d92fe308d5697fb81d3e43,arbitrum,Coinbase: Coinbase 10,cex,exclude,dune-cex-addresses,2022-08-28,Dune cex.addresses 快照 2026-08-12; 与 eth 现库同址同所互证; 与 bsc 现库同址同所互证(现库旧格式名: Coinbase 10),,,,2026-08-12,,,
0xe1a0ddeb9b5b55e489977b438764e60e314e917c,arbitrum,Coinbase: Coinbase 16,cex,exclude,dune-cex-addresses,2023-11-19,Dune cex.addresses 快照 2026-08-12; 与 eth/bsc/base 现库同址同所互证,,,,2026-08-12,,,
0xc8373edfad6d5c5f600b6b2507f78431c5271ff5,arbitrum,Coinbase: Coinbase 19,cex,exclude,dune-cex-addresses,2023-11-19,Dune cex.addresses 快照 2026-08-12; 与 eth/bsc/base 现库同址同所互证,,,,2026-08-12,,,
0x333d17d3b42bf7930dbc6e852ca7bcf560a69003,arbitrum,Coinbase: Coinbase 22,cex,exclude,dune-cex-addresses,2023-11-19,Dune cex.addresses 快照 2026-08-12; 与 eth/bsc/base 现库同址同所互证,,,,2026-08-12,,,
0xd34ea7278e6bd48defe656bbe263aef11101469c,arbitrum,Coinbase: Coinbase 34,cex,exclude,dune-cex-addresses,2023-11-19,Dune cex.addresses 快照 2026-08-12; 与 eth/bsc/base 现库同址同所互证,,,,2026-08-12,,,
0xe86f3aaa57f63b2afeca68178182a91bc3909962,arbitrum,Coinbase: Coinbase 45,cex,exclude,dune-cex-addresses,2024-04-04,Dune cex.addresses 快照 2026-08-12; 与 eth/bsc/base 现库同址同所互证,,,,2026-08-12,,,
0xe7ee701bdaa5b446c985bfecc8933f3e5eeed867,arbitrum,Coinbase: Coinbase 50,cex,exclude,dune-cex-addresses,2024-04-04,Dune cex.addresses 快照 2026-08-12; 与 eth/bsc/base 现库同址同所互证,,,,2026-08-12,,,
0x1b4c15b991543a6082213a88276e7a83c9985676,arbitrum,Coinbase: Coinbase 62,cex,exclude,dune-cex-addresses,2024-11-27,Dune cex.addresses 快照 2026-08-12; 与 eth/bsc/base 现库同址同所互证,,,,2026-08-12,,,
0x8196f70b2c17ba58d8ef56ad62087ee8231be33a,arbitrum,Coinbase: Coinbase 71,cex,exclude,dune-cex-addresses,2024-11-27,Dune cex.addresses 快照 2026-08-12; 与 eth/bsc/base 现库同址同所互证,,,,2026-08-12,,,
0xcb39c5b0db9c5b6bd1d9273dccc2f98f532a8bc6,arbitrum,Coinbase: Coinbase 81,cex,exclude,dune-cex-addresses,2025-06-16,Dune cex.addresses 快照 2026-08-12; 与 eth/bsc/base 现库同址同所互证,,,,2026-08-12,,,
0x0d5b6b2c9b501bbef36d2d8198172c5bd83280e6,arbitrum,Coinbase: Coinbase 84,cex,exclude,dune-cex-addresses,2025-06-25,Dune cex.addresses 快照 2026-08-12; 与 eth/bsc/base 现库同址同所互证,,,,2026-08-12,,,
0x1bd3fc5ac794e7af8e834a8a4d25b08acd9266ce,arbitrum,Coinbase: Coinbase 114,cex,exclude,dune-cex-addresses,2025-07-31,Dune cex.addresses 快照 2026-08-12; 与 eth/bsc/base 现库同址同所互证,,,,2026-08-12,,,
0xb93d8596ac840816bd366dc0561e8140afd0d1cb,arbitrum,Coinbase: Coinbase 200,cex,exclude,dune-cex-addresses,2025-07-31,Dune cex.addresses 快照 2026-08-12; 与 eth/bsc/base 现库同址同所互证,,,,2026-08-12,,,
0x90e18a6920985dbacc3d76cf27a3f2131923c720,arbitrum,Coinbase: Coinbase Commerce Fee 5,cex,exclude,dune-cex-addresses,2023-08-31,Dune cex.addresses 快照 2026-08-12; 与 eth/bsc/base 现库同址同所互证,,,,2026-08-12,,,
0x660629fe43b0825acf3402e10a999c563075a32c,arbitrum,Coinbase: Coinbase Gas Supplier 3,cex,exclude,dune-cex-addresses,2023-11-19,Dune cex.addresses 快照 2026-08-12; 与 eth/bsc/base 现库同址同所互证,,,,2026-08-12,,,
0xf2f07ef4a923f48fc4d47f0af115f8895177f075,arbitrum,Coinbase: Coinbase Gas Supplier 4,cex,exclude,dune-cex-addresses,2023-11-19,Dune cex.addresses 快照 2026-08-12; 与 eth/bsc/base 现库同址同所互证,,,,2026-08-12,,,
0xdf61e3281fb5b1c3da3ff92865875d7751ad830b,arbitrum,Coinbase: Coinbase LINK Hot 3,cex,exclude,dune-cex-addresses,2023-11-19,Dune cex.addresses 快照 2026-08-12; 与 eth/bsc/base 现库同址同所互证,,,,2026-08-12,,,
0x3c070dceac7f99aec493de5b56619d71fa31e131,arbitrum,Coinbase: Coinbase LINK Hot 8,cex,exclude,dune-cex-addresses,2023-11-19,Dune cex.addresses 快照 2026-08-12; 与 eth/bsc/base 现库同址同所互证,,,,2026-08-12,,,
0x3f1137cf8e6468669959c3b99a9250a400a76574,arbitrum,Coinbase: Coinbase LINK Hot 11,cex,exclude,dune-cex-addresses,2023-11-19,Dune cex.addresses 快照 2026-08-12; 与 eth/bsc/base 现库同址同所互证,,,,2026-08-12,,,
0xc9ebc59a7590e52b0904817f172ac82fc66a530b,arbitrum,Coinbase: Coinbase LINK Hot 17,cex,exclude,dune-cex-addresses,2023-11-19,Dune cex.addresses 快照 2026-08-12; 与 eth/bsc/base 现库同址同所互证,,,,2026-08-12,,,
0x75590f473d2a7b377c1ba991790900f28532f329,arbitrum,Coinbase: Coinbase AAVE Hot 2,cex,exclude,dune-cex-addresses,2023-11-19,Dune cex.addresses 快照 2026-08-12; 与 eth/bsc/base 现库同址同所互证,,,,2026-08-12,,,
0x98ec059dc3adfbdd63429454aeb0c990fba4a128,arbitrum,OKX: OKX 6,cex,exclude,dune-cex-addresses,2022-08-28,Dune cex.addresses 快照 2026-08-12; 与 eth/bsc/base 现库同址同所互证,,,,2026-08-12,,,
0x5041ed759dd4afc3a72b8192c143f72f4724081a,arbitrum,OKX: OKX 7,cex,exclude,dune-cex-addresses,2022-08-28,Dune cex.addresses 快照 2026-08-12; 与 eth/bsc/base 现库同址同所互证,,,,2026-08-12,,,
0xcbffcb2c38ecd19468d366d392ac0c1dc7f04bb6,arbitrum,OKX: OKX 30,cex,exclude,dune-cex-addresses,2023-11-16,Dune cex.addresses 快照 2026-08-12; 与 eth/bsc/base 现库同址同所互证,,,,2026-08-12,,,
0x2d2cc0eb095e43204e0c087e07dbf95909650939,arbitrum,OKX: OKX 39,cex,exclude,dune-cex-addresses,2023-11-20,Dune cex.addresses 快照 2026-08-12; 与 eth/bsc/base 现库同址同所互证,,,,2026-08-12,,,
0xf81233a61c0d6d13c6fe504ddbba3e2630ea0c5c,arbitrum,OKX: OKX 50,cex,exclude,dune-cex-addresses,2024-04-20,Dune cex.addresses 快照 2026-08-12; 与 eth/bsc/base 现库同址同所互证,,,,2026-08-12,,,
0x41205307b6618f03be2d95747a07311456bdb143,arbitrum,OKX: OKX 52,cex,exclude,dune-cex-addresses,2024-04-20,Dune cex.addresses 快照 2026-08-12; 与 eth/bsc/base 现库同址同所互证,,,,2026-08-12,,,
0xb4ec508adeb174610b4295e233a458b3475964f7,arbitrum,OKX: OKX 53,cex,exclude,dune-cex-addresses,2024-04-20,Dune cex.addresses 快照 2026-08-12; 与 eth/bsc/base 现库同址同所互证,,,,2026-08-12,,,
0xdc3ce895714844b4775b6d06f0dae513542cee10,arbitrum,OKX: OKX 71,cex,exclude,dune-cex-addresses,2024-04-20,Dune cex.addresses 快照 2026-08-12; 与 eth/bsc/base 现库同址同所互证,,,,2026-08-12,,,
0xfcb21730ac0cd487d8701dfed1170e023b57cf7a,arbitrum,OKX: OKX 80,cex,exclude,dune-cex-addresses,2024-04-20,Dune cex.addresses 快照 2026-08-12; 与 eth/bsc/base 现库同址同所互证,,,,2026-08-12,,,
0x12a8bdc0470ab29a229d828526641b7d1f170fcf,arbitrum,OKX: OKX 86,cex,exclude,dune-cex-addresses,2024-04-20,Dune cex.addresses 快照 2026-08-12; 与 eth/bsc/base 现库同址同所互证,,,,2026-08-12,,,
0x3c5883c650d600bd543a9b5c8d9a3a6f5d16b8f4,arbitrum,OKX: OKX 95,cex,exclude,dune-cex-addresses,2024-04-20,Dune cex.addresses 快照 2026-08-12; 与 eth/bsc/base 现库同址同所互证,,,,2026-08-12,,,
0x793aa889e19a130ee4cb8b63c79aa3bdccc663cb,arbitrum,OKX: OKX 121,cex,exclude,dune-cex-addresses,2024-04-20,Dune cex.addresses 快照 2026-08-12; 与 eth/bsc/base 现库同址同所互证,,,,2026-08-12,,,
0xb072b7dc9521d97a3f12b04beb1e497f8875ec52,arbitrum,OKX: OKX 133,cex,exclude,dune-cex-addresses,2024-04-20,Dune cex.addresses 快照 2026-08-12; 与 eth/bsc/base 现库同址同所互证,,,,2026-08-12,,,
0x5793da1b0c41c7db8e3eb8dbcd18fdca94a58535,arbitrum,OKX: OKX 135,cex,exclude,dune-cex-addresses,2024-04-20,Dune cex.addresses 快照 2026-08-12; 与 eth/bsc/base 现库同址同所互证,,,,2026-08-12,,,
0x83bdf89ce9b2b587785a89603d2d451f05cf719b,arbitrum,OKX: OKX 150,cex,exclude,dune-cex-addresses,2025-05-04,Dune cex.addresses 快照 2026-08-12; 与 eth/bsc/base 现库同址同所互证,,,,2026-08-12,,,
0xa9ac43f5b5e38155a288d1a01d2cbc4478e14573,arbitrum,OKX: OKX 167,cex,exclude,dune-cex-addresses,2025-06-25,Dune cex.addresses 快照 2026-08-12; 与 eth/bsc/base 现库同址同所互证,,,,2026-08-12,,,
0xdddce28b1f7b0544eee9f8dd167ce6f72bc60403,arbitrum,OKX: OKX 175,cex,exclude,dune-cex-addresses,2025-06-25,Dune cex.addresses 快照 2026-08-12; 与 eth/bsc/base 现库同址同所互证,,,,2026-08-12,,,
0x91d40e4818f4d4c57b4578d9eca6afc92ac8debe,arbitrum,OKX: OKX 181,cex,exclude,dune-cex-addresses,2025-06-25,Dune cex.addresses 快照 2026-08-12; 与 eth/bsc/base 现库同址同所互证,,,,2026-08-12,,,
0x9e4e147d103def9e98462884e7ce06385f8ac540,arbitrum,OKX: OKX 194,cex,exclude,dune-cex-addresses,2025-06-25,Dune cex.addresses 快照 2026-08-12; 与 eth/bsc/base 现库同址同所互证,,,,2026-08-12,,,
0x268f8c596d556e6c51f594d8ca8d6183010871b7,arbitrum,OKX: OKX 203,cex,exclude,dune-cex-addresses,2025-06-25,Dune cex.addresses 快照 2026-08-12; 与 eth/bsc/base 现库同址同所互证,,,,2026-08-12,,,
0xafee421482faea92292ed3ffe29371742542ad72,arbitrum,OKX: OKX 239,cex,exclude,dune-cex-addresses,2025-07-31,Dune cex.addresses 快照 2026-08-12; 与 eth/bsc/base 现库同址同所互证,,,,2026-08-12,,,
0xb8351b61fa1eb007a9f80144c489d513e6a76b14,arbitrum,OKX: OKX Gas Supplier 6,cex,exclude,dune-cex-addresses,2023-11-20,Dune cex.addresses 快照 2026-08-12; 与 eth/bsc/base 现库同址同所互证,,,,2026-08-12,,,
0x6e0ad348ce07218f772dc4c05e6c747da12d664e,arbitrum,OKX: OKX Gas Supplier 12,cex,exclude,dune-cex-addresses,2024-05-25,Dune cex.addresses 快照 2026-08-12; 与 eth/bsc/base 现库同址同所互证,,,,2026-08-12,,,
0x529546a859bc8150807f1a27373bfe67146ce7cb,arbitrum,OKX: OKX Gas Supplier 27,cex,exclude,dune-cex-addresses,2025-07-31,Dune cex.addresses 快照 2026-08-12; 与 eth/bsc/base 现库同址同所互证,,,,2026-08-12,,,
0x0a98fb70939162725ae66e626fe4b52cff62c2e5,arbitrum,HTX: HTX 36,cex,exclude,dune-cex-addresses,2022-08-28,Dune cex.addresses 快照 2026-08-12; 与 eth/bsc/base 现库同址同所互证,,,,2026-08-12,,,
0x82d015d74670d8645b56c3f453398a3e799ee582,arbitrum,HTX: HTX 63,cex,exclude,dune-cex-addresses,2024-04-20,Dune cex.addresses 快照 2026-08-12; 与 eth/bsc/base 现库同址同所互证,,,,2026-08-12,,,
0x43984d578803891dfa9706bdeee6078d80cfc79e,arbitrum,Kraken: Kraken 11,cex,exclude,dune-cex-addresses,2022-08-28,Dune cex.addresses 快照 2026-08-12; 与 eth/bsc/base 现库同址同所互证,,,,2026-08-12,,,
0xda9dfa130df4de4673b89022ee50ff26f6ea73cf,arbitrum,Kraken: Kraken 13,cex,exclude,dune-cex-addresses,2022-08-28,Dune cex.addresses 快照 2026-08-12; 与 eth/bsc/base 现库同址同所互证,,,,2026-08-12,,,
0xb874005cbea25c357b31c62145b3aef219d105cf,arbitrum,Kraken: Kraken 19,cex,exclude,dune-cex-addresses,2023-11-20,Dune cex.addresses 快照 2026-08-12; 与 eth/bsc/base 现库同址同所互证,,,,2026-08-12,,,
0x62ac55b745f9b08f1a81dcbbe630277095cf4be1,arbitrum,Kraken: Kraken 21,cex,exclude,dune-cex-addresses,2023-11-20,Dune cex.addresses 快照 2026-08-12; 与 eth/bsc/base 现库同址同所互证,,,,2026-08-12,,,
0xe7178ad747f2c12ab1f8332e61cf6e756815d5c6,arbitrum,Kraken: Kraken 28,cex,exclude,dune-cex-addresses,2023-11-20,Dune cex.addresses 快照 2026-08-12; 与 eth/bsc/base 现库同址同所互证,,,,2026-08-12,,,
0xe850b7c87f66371035e184c72d4b99e7b2ca4865,arbitrum,Kraken: Kraken 33,cex,exclude,dune-cex-addresses,2023-11-20,Dune cex.addresses 快照 2026-08-12; 与 eth/bsc/base 现库同址同所互证,,,,2026-08-12,,,
0x4442c3e6b5f22b8b4dc3c9329be6c850c5779e85,arbitrum,Kraken: Kraken 44,cex,exclude,dune-cex-addresses,2023-11-20,Dune cex.addresses 快照 2026-08-12; 与 eth/bsc/base 现库同址同所互证,,,,2026-08-12,,,
0x491f5512751f5db45c5415049d423affaae70392,arbitrum,Kraken: Kraken 53,cex,exclude,dune-cex-addresses,2023-11-20,Dune cex.addresses 快照 2026-08-12; 与 eth/bsc/base 现库同址同所互证,,,,2026-08-12,,,
0x735fd3c55a8be1aeb3544c7e29eba3ea23500a1c,arbitrum,Kraken: Kraken 54,cex,exclude,dune-cex-addresses,2023-11-20,Dune cex.addresses 快照 2026-08-12; 与 eth/bsc/base 现库同址同所互证,,,,2026-08-12,,,
0xa2f443492bbb1b041fceee5194e2bc133ecc6407,arbitrum,Kraken: Kraken 56,cex,exclude,dune-cex-addresses,2023-11-20,Dune cex.addresses 快照 2026-08-12; 与 eth/bsc/base 现库同址同所互证,,,,2026-08-12,,,
0x7217f8a697713f6f7de06cfcd80b76a2cba375f0,arbitrum,Kraken: Kraken 63,cex,exclude,dune-cex-addresses,2024-10-06,Dune cex.addresses 快照 2026-08-12; 与 eth/bsc/base 现库同址同所互证,,,,2026-08-12,,,
0x8af3827a41c26c7f32c81e93bb66e837e0210d5c,arbitrum,Kraken: Kraken 64,cex,exclude,dune-cex-addresses,2024-10-06,Dune cex.addresses 快照 2026-08-12; 与 eth/bsc/base 现库同址同所互证,,,,2026-08-12,,,
0x4c6007e38ce164ed80ff8ff94192225fcdac68cd,arbitrum,Kraken: Kraken 68,cex,exclude,dune-cex-addresses,2024-10-06,Dune cex.addresses 快照 2026-08-12; 与 eth/bsc/base 现库同址同所互证,,,,2026-08-12,,,
0x7c628430e0702847cf4ec7211c80314e46db4c87,arbitrum,Kraken: Kraken 82,cex,exclude,dune-cex-addresses,2025-04-28,Dune cex.addresses 快照 2026-08-12; 与 eth/bsc/base 现库同址同所互证,,,,2026-08-12,,,
0x24c65132cded9e5b356a62d4cea59a8b3f0bd7f4,arbitrum,Kraken: Kraken 86,cex,exclude,dune-cex-addresses,2025-04-28,Dune cex.addresses 快照 2026-08-12; 与 eth/bsc/base 现库同址同所互证,,,,2026-08-12,,,
0xaf66df4c01643839d224a6ce8845d109f9e237ab,arbitrum,Kraken: Kraken 95,cex,exclude,dune-cex-addresses,2025-04-28,Dune cex.addresses 快照 2026-08-12; 与 eth/bsc/base 现库同址同所互证,,,,2026-08-12,,,
0x6a68d4acff1a1dacc80e4ae653543e0d2402803e,arbitrum,Kraken: Kraken 115,cex,exclude,dune-cex-addresses,2025-04-28,Dune cex.addresses 快照 2026-08-12; 与 eth/bsc/base 现库同址同所互证,,,,2026-08-12,,,
0xc0fce7361f72227972562b3c87812e1dea1c9cac,arbitrum,Kraken: Kraken 121,cex,exclude,dune-cex-addresses,2025-04-28,Dune cex.addresses 快照 2026-08-12; 与 eth/bsc/base 现库同址同所互证,,,,2026-08-12,,,
0xdfb321988b6a7e0c7f427d3b237591212d8b1005,arbitrum,Kraken: Kraken 126,cex,exclude,dune-cex-addresses,2025-04-28,Dune cex.addresses 快照 2026-08-12; 与 eth/bsc/base 现库同址同所互证,,,,2026-08-12,,,
0x8e82c551f4f1bbc8802800d5ed8de03c0be845de,arbitrum,Kraken: Kraken 132,cex,exclude,dune-cex-addresses,2025-04-28,Dune cex.addresses 快照 2026-08-12; 与 eth/bsc/base 现库同址同所互证,,,,2026-08-12,,,
0x108a745ce1faea55ebc09aa217b554a7a7e865b2,arbitrum,Kraken: Kraken 134,cex,exclude,dune-cex-addresses,2025-04-28,Dune cex.addresses 快照 2026-08-12; 与 eth/bsc/base 现库同址同所互证,,,,2026-08-12,,,
0x72beaf2b92a96aa4b7b12698e31c7e5dd062c3e4,arbitrum,Kraken: Kraken 147,cex,exclude,dune-cex-addresses,2025-04-28,Dune cex.addresses 快照 2026-08-12; 与 eth/bsc/base 现库同址同所互证,,,,2026-08-12,,,
0x72812e21f33de611e674ec18d60554ac895b1eee,arbitrum,Kraken: Kraken 159,cex,exclude,dune-cex-addresses,2025-04-28,Dune cex.addresses 快照 2026-08-12; 与 eth/bsc/base 现库同址同所互证,,,,2026-08-12,,,
0xac972a4c5d82e8c42fa13ee338708c9a3f5d5a93,arbitrum,Kraken: Kraken 171,cex,exclude,dune-cex-addresses,2025-04-28,Dune cex.addresses 快照 2026-08-12; 与 eth/bsc/base 现库同址同所互证,,,,2026-08-12,,,
0xfd387b7ddea5880beeee5664d547cd2da614df8d,arbitrum,Kraken: Kraken 173,cex,exclude,dune-cex-addresses,2025-04-28,Dune cex.addresses 快照 2026-08-12; 与 eth/bsc/base 现库同址同所互证,,,,2026-08-12,,,
0xf4dd9bc7ae7ae04502ec85fb9f4ee0463e905b20,arbitrum,Kraken: Kraken 183,cex,exclude,dune-cex-addresses,2025-06-25,Dune cex.addresses 快照 2026-08-12; 与 eth/bsc/base 现库同址同所互证,,,,2026-08-12,,,
0x5d60892e8582a6b46e795364d2de010ebfd22bec,arbitrum,Kraken: Kraken 185,cex,exclude,dune-cex-addresses,2025-06-25,Dune cex.addresses 快照 2026-08-12; 与 eth/bsc/base 现库同址同所互证,,,,2026-08-12,,,
0x2d582746709928a6f66f5be9bec195c5b49bc7c1,arbitrum,Kraken: Kraken 192,cex,exclude,dune-cex-addresses,2025-06-25,Dune cex.addresses 快照 2026-08-12; 与 eth/bsc/base 现库同址同所互证,,,,2026-08-12,,,
0x6c8a8cadfe0539ebc1532600c415e775c78bf625,arbitrum,Kraken: Kraken 201,cex,exclude,dune-cex-addresses,2025-06-25,Dune cex.addresses 快照 2026-08-12; 与 eth/bsc/base 现库同址同所互证,,,,2026-08-12,,,
0x226e5888f43b251a5ef1a55b01761f452e8002a5,arbitrum,Kraken: Kraken 207,cex,exclude,dune-cex-addresses,2025-06-25,Dune cex.addresses 快照 2026-08-12; 与 eth/bsc/base 现库同址同所互证,,,,2026-08-12,,,
0xe52ecf8d97e290dad5963296c5d1f81472f2ec48,arbitrum,Kraken: Kraken 208,cex,exclude,dune-cex-addresses,2025-06-25,Dune cex.addresses 快照 2026-08-12; 与 eth/bsc/base 现库同址同所互证,,,,2026-08-12,,,
0x50afe53eb8123d33061ae5b16c1ad2ce995f82a0,arbitrum,Kraken: Kraken 223,cex,exclude,dune-cex-addresses,2025-06-25,Dune cex.addresses 快照 2026-08-12; 与 eth/bsc/base 现库同址同所互证,,,,2026-08-12,,,
0x9b6276e01de77a4d6fc99acbf62cb8684c92e6ec,arbitrum,Kraken: Kraken 231,cex,exclude,dune-cex-addresses,2025-06-25,Dune cex.addresses 快照 2026-08-12; 与 eth/bsc/base 现库同址同所互证,,,,2026-08-12,,,
0x109be9d7d5f64c8c391ced3a8f69bdef20fcaea9,arbitrum,Kraken: Kraken 238,cex,exclude,dune-cex-addresses,2025-06-25,Dune cex.addresses 快照 2026-08-12; 与 eth/bsc/base 现库同址同所互证,,,,2026-08-12,,,
0x97065f80ba0675383589809de3f0f00ff4de80eb,arbitrum,Kraken: Kraken 242,cex,exclude,dune-cex-addresses,2025-07-31,Dune cex.addresses 快照 2026-08-12; 与 eth/bsc/base 现库同址同所互证,,,,2026-08-12,,,
0xc27c52de4e294eafbfede1521088f4e073c42fd2,arbitrum,Kraken: Kraken 244,cex,exclude,dune-cex-addresses,2025-07-31,Dune cex.addresses 快照 2026-08-12; 与 eth/bsc/base 现库同址同所互证,,,,2026-08-12,,,
0xa40dfee99e1c85dc97fdc594b16a460717838703,arbitrum,Kraken: Kraken ETH Staking 2,cex,exclude,dune-cex-addresses,2023-11-20,Dune cex.addresses 快照 2026-08-12; 与 eth/bsc/base 现库同址同所互证,,,,2026-08-12,,,
0x2b5634c42055806a59e9107ed44d43c426e58258,arbitrum,KuCoin: KuCoin 1,cex,exclude,dune-cex-addresses,2022-08-28,Dune cex.addresses 快照 2026-08-12; 与 bsc/base 现库同址同所互证; 与 eth 现库同址同所互证(现库旧格式名: KuCoin 1),,,,2026-08-12,,,
0x53f78a071d04224b8e254e243fffc6d9f2f3fa23,arbitrum,KuCoin: KuCoin 31,cex,exclude,dune-cex-addresses,2024-04-20,Dune cex.addresses 快照 2026-08-12; 与 eth/bsc/base 现库同址同所互证,,,,2026-08-12,,,
0x9f4cf329f4cf376b7aded854d6054859dd102a2a,arbitrum,KuCoin: KuCoin 37,cex,exclude,dune-cex-addresses,2024-04-20,Dune cex.addresses 快照 2026-08-12; 与 eth/bsc/base 现库同址同所互证,,,,2026-08-12,,,
0xf97deb1c0bb4536ff16617d29e5f4b340fe231df,arbitrum,KuCoin: KuCoin 45,cex,exclude,dune-cex-addresses,2024-04-20,Dune cex.addresses 快照 2026-08-12; 与 eth/bsc/base 现库同址同所互证,,,,2026-08-12,,,
0x18b0f4547a89fe4c5fe84f258bea3601fa281e9f,arbitrum,KuCoin: KuCoin 52,cex,exclude,dune-cex-addresses,2025-05-04,Dune cex.addresses 快照 2026-08-12; 与 eth/bsc/base 现库同址同所互证,,,,2026-08-12,,,
0xbe0eb53f46cd790cd13851d5eff43d12404d33e8,arbitrum,Binance: Binance 7,cex,exclude,dune-cex-addresses,2022-08-28,Dune cex.addresses 快照 2026-08-12; 与 eth/bsc/base 现库同址同所互证,,,,2026-08-12,,,
0xf977814e90da44bfa03b6295a0616a897441acec,arbitrum,Binance: Binance 8,cex,exclude,dune-cex-addresses,2022-08-28,Dune cex.addresses 快照 2026-08-12; 与 eth 现库同址同所互证(现库旧格式名: Binance HotWallet20); 与 bsc 现库同址同所互证(现库旧格式名: Binance HotWallet20); 与 base 现库同址同所互证(现库旧格式名: Binance HotWallet20),,,,2026-08-12,,,
0x21a31ee1afc51d94c2efccaa2092ad1028285549,arbitrum,Binance: Binance 15,cex,exclude,dune-cex-addresses,2022-08-28,Dune cex.addresses 快照 2026-08-12; 与 eth/bsc/base 现库同址同所互证,,,,2026-08-12,,,
0x4d9ff50ef4da947364bb9650892b2554e7be5e2b,arbitrum,Binance: Binance 19,cex,exclude,dune-cex-addresses,2022-08-28,Dune cex.addresses 快照 2026-08-12; 与 eth/bsc/base 现库同址同所互证,,,,2026-08-12,,,
0x141fef8cd8397a390afe94846c8bd6f4ab981c48,arbitrum,Binance: Binance 32,cex,exclude,dune-cex-addresses,2022-08-28,Dune cex.addresses 快照 2026-08-12; 与 eth/bsc/base 现库同址同所互证,,,,2026-08-12,,,
0x8894e0a0c962cb723c1976a4421c95949be2d4e3,arbitrum,Binance: Binance 51,cex,exclude,dune-cex-addresses,2023-11-20,Dune cex.addresses 快照 2026-08-12; 与 eth/base 现库同址同所互证; 与 bsc 现库同址同所互证(现库旧格式名: Binance 51),,,,2026-08-12,,,
0x1763f1a93815ee6e6bc3c4475d31cc9570716db2,arbitrum,Binance: Binance 66,cex,exclude,dune-cex-addresses,2023-11-22,Dune cex.addresses 快照 2026-08-12; 与 eth/bsc/base 现库同址同所互证,,,,2026-08-12,,,
0xaba2d404c5c41da5964453a368aff2604ae80a14,arbitrum,Binance: Binance 106,cex,exclude,dune-cex-addresses,2025-07-07,Dune cex.addresses 快照 2026-08-12; 与 eth/bsc/base 现库同址同所互证,,,,2026-08-12,,,
0xef7fb88f709ac6148c07d070bc71d252e8e13b92,arbitrum,Binance: Binance Internal 1,cex,exclude,dune-cex-addresses,2023-11-22,Dune cex.addresses 快照 2026-08-12; 与 eth/bsc/base 现库同址同所互证,,,,2026-08-12,,,
0x8b99f3660622e21f2910ecca7fbe51d654a1517d,arbitrum,Binance: Binance Charity,cex,exclude,dune-cex-addresses,2022-08-28,Dune cex.addresses 快照 2026-08-12; 与 eth/bsc/base 现库同址同所互证,,,,2026-08-12,,,
0xeb2d2f1b8c558a40207669291fda468e50c8a0bb,arbitrum,Binance: Binance Withdrawals 1,cex,exclude,dune-cex-addresses,2023-11-20,Dune cex.addresses 快照 2026-08-12; 与 eth/base 现库同址同所互证; 与 bsc 现库同址同所互证(现库旧格式名: Binance BSC 二级提币热钱包（nonce 百万级）),,,,2026-08-12,,,
0xfe9cdb35f8c777e73ddd303efa4fdd7d6071b81f,arbitrum,Binance: Binance Gas Supplier 8,cex,exclude,dune-cex-addresses,2025-07-07,Dune cex.addresses 快照 2026-08-12; 与 eth/bsc/base 现库同址同所互证,,,,2026-08-12,,,
0xf89d7b9c864f589bbf53a82105107622b35eaa40,arbitrum,Bybit: Bybit 5,cex,exclude,dune-cex-addresses,2023-04-06,Dune cex.addresses 快照 2026-08-12; 与 base 现库同址同所互证; 与 eth 现库同址同所互证(现库旧格式名: Bybit HotWallet); 与 bsc 现库同址同所互证(现库旧格式名: Bybit HotWallet),,,,2026-08-12,,,
0x1e32760a3285550278aeafa776e5641bc581c845,arbitrum,Bybit: Bybit 10,cex,exclude,dune-cex-addresses,2024-10-06,Dune cex.addresses 快照 2026-08-12; 与 eth/bsc/base 现库同址同所互证,,,,2026-08-12,,,
0xb5873e333161e5b45adac57379ec2b15d861178d,arbitrum,Bybit: Bybit 20,cex,exclude,dune-cex-addresses,2025-06-25,Dune cex.addresses 快照 2026-08-12; 与 eth/bsc/base 现库同址同所互证,,,,2026-08-12,,,
0xddfabcdc4d8ffc6d5beaf154f18b778f892a0740,arbitrum,Coinbase: Coinbase 3,cex,exclude,dune-cex-addresses,2022-08-28,Dune cex.addresses 快照 2026-08-12; 与 eth/bsc/base 现库同址同所互证,,,,2026-08-12,,,
0xb739d0895772dbb71a89a3754a160269068f0d45,arbitrum,Coinbase: Coinbase 14,cex,exclude,dune-cex-addresses,2022-08-28,Dune cex.addresses 快照 2026-08-12; 与 eth/bsc/base 现库同址同所互证,,,,2026-08-12,,,
0x19ab546e77d0cd3245b2aad46bd80dc4707d6307,arbitrum,Coinbase: Coinbase 17,cex,exclude,dune-cex-addresses,2023-11-19,Dune cex.addresses 快照 2026-08-12; 与 eth/bsc/base 现库同址同所互证,,,,2026-08-12,,,
0xc070a61d043189d99bbf4baa58226bf0991c7b11,arbitrum,Coinbase: Coinbase 18,cex,exclude,dune-cex-addresses,2023-11-19,Dune cex.addresses 快照 2026-08-12; 与 eth/bsc/base 现库同址同所互证,,,,2026-08-12,,,
0x6dcbce46a8b494c885d0e7b6817d2b519df64467,arbitrum,Coinbase: Coinbase 31,cex,exclude,dune-cex-addresses,2023-11-19,Dune cex.addresses 快照 2026-08-12; 与 eth/bsc/base 现库同址同所互证,,,,2026-08-12,,,
0x5122e9aa635c13afd2fc31de3953e0896bac7ab4,arbitrum,Coinbase: Coinbase 39,cex,exclude,dune-cex-addresses,2022-10-10,Dune cex.addresses 快照 2026-08-12; 与 eth/bsc/base 现库同址同所互证,,,,2026-08-12,,,
0xb4807865a786e9e9e26e6a9610f2078e7fc507fb,arbitrum,Coinbase: Coinbase 42,cex,exclude,dune-cex-addresses,2023-11-22,Dune cex.addresses 快照 2026-08-12; 与 eth/bsc/base 现库同址同所互证,,,,2026-08-12,,,
0x95f90ce2e3abaed29eeebdb42e1fdb146e0f848a,arbitrum,Coinbase: Coinbase 69,cex,exclude,dune-cex-addresses,2024-11-27,Dune cex.addresses 快照 2026-08-12; 与 eth/bsc/base 现库同址同所互证,,,,2026-08-12,,,
0xd451e3919950963e9c1ca2f78a987dbd7937c0fb,arbitrum,Coinbase: Coinbase 75,cex,exclude,dune-cex-addresses,2024-11-27,Dune cex.addresses 快照 2026-08-12; 与 eth/bsc/base 现库同址同所互证,,,,2026-08-12,,,
0xff16739c86855937e14facd309f98a44285b5ca0,arbitrum,Coinbase: Coinbase 91,cex,exclude,dune-cex-addresses,2025-06-25,Dune cex.addresses 快照 2026-08-12; 与 eth/bsc/base 现库同址同所互证,,,,2026-08-12,,,
0x368d43c23843ca9b49dc861d80251bda6a090367,arbitrum,Coinbase: Coinbase 112,cex,exclude,dune-cex-addresses,2025-07-31,Dune cex.addresses 快照 2026-08-12; 与 eth/bsc/base 现库同址同所互证,,,,2026-08-12,,,
0x7ead3a4361bd26a20deb89c9470be368ee9cb6f1,arbitrum,Coinbase: Coinbase 201,cex,exclude,dune-cex-addresses,2025-07-31,Dune cex.addresses 快照 2026-08-12; 与 eth/bsc/base 现库同址同所互证,,,,2026-08-12,,,
0x76a1b88be943bc5dc6c9b641a0835970a2cc2dc4,arbitrum,Coinbase: Coinbase Gas Supplier 5,cex,exclude,dune-cex-addresses,2023-11-19,Dune cex.addresses 快照 2026-08-12; 与 eth/bsc/base 现库同址同所互证,,,,2026-08-12,,,
0xd69b42d93af96cf278b1149bffb2d668d0154b7d,arbitrum,Coinbase: Coinbase Gas Supplier 6,cex,exclude,dune-cex-addresses,2023-11-19,Dune cex.addresses 快照 2026-08-12; 与 eth/bsc/base 现库同址同所互证,,,,2026-08-12,,,
0xff9fbb429c186029c28f1e30361271ea002847ad,arbitrum,Coinbase: Coinbase Gas Supplier 8,cex,exclude,dune-cex-addresses,2023-11-19,Dune cex.addresses 快照 2026-08-12; 与 eth/bsc/base 现库同址同所互证,,,,2026-08-12,,,
0xe1597df1f0e1920f7a296cef27babb40baeeabfc,arbitrum,Coinbase: Coinbase Gas Supplier 16,cex,exclude,dune-cex-addresses,2024-04-04,Dune cex.addresses 快照 2026-08-12; 与 eth/bsc/base 现库同址同所互证,,,,2026-08-12,,,
0x9a1ed80ebc9936cee2d3db944ee6bd8d407e7f9f,arbitrum,Coinbase: Coinbase Cold 8,cex,exclude,dune-cex-addresses,2023-11-19,Dune cex.addresses 快照 2026-08-12; 与 eth/bsc/base 现库同址同所互证,,,,2026-08-12,,,
0xe04cf52e9fafa3d9bf14c407afff94165ef835f7,arbitrum,Coinbase: Coinbase Cold 13,cex,exclude,dune-cex-addresses,2023-11-19,Dune cex.addresses 快照 2026-08-12; 与 eth/bsc/base 现库同址同所互证,,,,2026-08-12,,,
0xe3d6d8bcdc4eb4e24ad7523d98c394960e8c1d32,arbitrum,Coinbase: Coinbase LINK Hot 7,cex,exclude,dune-cex-addresses,2023-11-19,Dune cex.addresses 快照 2026-08-12; 与 eth/bsc/base 现库同址同所互证,,,,2026-08-12,,,
0xb35d425a3f49c49181ef8e72583efb070b54202e,arbitrum,Coinbase: Coinbase LINK Hot 9,cex,exclude,dune-cex-addresses,2023-11-19,Dune cex.addresses 快照 2026-08-12; 与 eth/bsc/base 现库同址同所互证,,,,2026-08-12,,,
0xd6974e28ecee4005a4d03c4c6ed0aac71fb46b94,arbitrum,Coinbase: Coinbase LINK Hot 18,cex,exclude,dune-cex-addresses,2023-11-19,Dune cex.addresses 快照 2026-08-12; 与 eth/bsc/base 现库同址同所互证,,,,2026-08-12,,,
0xa7927364e94e162102e7cf2447e33e01fc629e68,arbitrum,Coinbase: Coinbase AAVE Hot 1,cex,exclude,dune-cex-addresses,2023-11-19,Dune cex.addresses 快照 2026-08-12; 与 eth/bsc/base 现库同址同所互证,,,,2026-08-12,,,
0xce4066e366442441d67c20cf1395229e718495c4,arbitrum,Coinbase: Coinbase Deployer 1,cex,exclude,dune-cex-addresses,2025-04-28,Dune cex.addresses 快照 2026-08-12; 与 eth/bsc/base 现库同址同所互证,,,,2026-08-12,,,
0xd09f4caee8b4b2a08008b8ba86a6076c4bad1142,arbitrum,Coinbase: Coinbase Deployer 3,cex,exclude,dune-cex-addresses,2025-04-28,Dune cex.addresses 快照 2026-08-12; 与 eth/bsc/base 现库同址同所互证,,,,2026-08-12,,,
0xdfd76bbfeb9eb8322f3696d3567e03f894c40d6c,arbitrum,Coinbase Prime: Coinbase Prime 4,cex,exclude,dune-cex-addresses,2024-02-20,Dune cex.addresses 快照 2026-08-12; 与 eth/bsc/base 现库同址同所互证,,,,2026-08-12,,,
0x1565f0c48c06bc006095591a4c3fe4a6f39712cf,arbitrum,Coinbase Prime: Coinbase Prime Gas Supplier 1,cex,exclude,dune-cex-addresses,2023-11-22,Dune cex.addresses 快照 2026-08-12; 与 eth/bsc/base 现库同址同所互证,,,,2026-08-12,,,
0x6cc5f688a315f3dc28a7781717a9a798a59fda7b,arbitrum,OKX: OKX 1,cex,exclude,dune-cex-addresses,2022-08-28,Dune cex.addresses 快照 2026-08-12; 与 bsc/base 现库同址同所互证; 与 eth 现库同址同所互证(现库旧格式名: OKX),,,,2026-08-12,,,
0x2c8fbb630289363ac80705a1a61273f76fd5a161,arbitrum,OKX: OKX 4,cex,exclude,dune-cex-addresses,2022-08-28,Dune cex.addresses 快照 2026-08-12; 与 eth/bsc/base 现库同址同所互证,,,,2026-08-12,,,
0xbda23b750dd04f792ad365b5f2a6f1d8593796f2,arbitrum,OKX: OKX 21,cex,exclude,dune-cex-addresses,2023-11-15,Dune cex.addresses 快照 2026-08-12; 与 eth/bsc/base 现库同址同所互证,,,,2026-08-12,,,
0x0938c63109801ee4243a487ab84dffa2bba4589e,arbitrum,OKX: OKX 35,cex,exclude,dune-cex-addresses,2023-11-20,Dune cex.addresses 快照 2026-08-12; 与 eth/bsc/base 现库同址同所互证,,,,2026-08-12,,,
0x42cf18596ee08e877d532df1b7cf763059a7ea57,arbitrum,OKX: OKX 46,cex,exclude,dune-cex-addresses,2024-04-19,Dune cex.addresses 快照 2026-08-12; 与 eth/bsc/base 现库同址同所互证,,,,2026-08-12,,,
0xbfbbfaccd1126a11b8f84c60b09859f80f3bd10f,arbitrum,OKX: OKX 59,cex,exclude,dune-cex-addresses,2024-04-20,Dune cex.addresses 快照 2026-08-12; 与 eth/bsc/base 现库同址同所互证,,,,2026-08-12,,,
0xcb0963264231bb08b2f680ab3ed89a49c9641bb3,arbitrum,OKX: OKX 63,cex,exclude,dune-cex-addresses,2024-04-20,Dune cex.addresses 快照 2026-08-12; 与 eth/bsc/base 现库同址同所互证,,,,2026-08-12,,,
0xcd5bd47d3d1d8412b241ce9015c5032142948c12,arbitrum,OKX: OKX 65,cex,exclude,dune-cex-addresses,2024-04-20,Dune cex.addresses 快照 2026-08-12; 与 eth/bsc/base 现库同址同所互证,,,,2026-08-12,,,
0xd576392cb12b7749ba33f8d223f64e65ee32f03f,arbitrum,OKX: OKX 67,cex,exclude,dune-cex-addresses,2024-04-20,Dune cex.addresses 快照 2026-08-12; 与 eth/bsc/base 现库同址同所互证,,,,2026-08-12,,,
0x0ff9491b236a36cc183823e39d7532194143fdb1,arbitrum,OKX: OKX 85,cex,exclude,dune-cex-addresses,2024-04-20,Dune cex.addresses 快照 2026-08-12; 与 eth/bsc/base 现库同址同所互证,,,,2026-08-12,,,
0x267b51c97632225da2b2e49aebe59eef1af32653,arbitrum,OKX: OKX 90,cex,exclude,dune-cex-addresses,2024-04-20,Dune cex.addresses 快照 2026-08-12; 与 eth/bsc/base 现库同址同所互证,,,,2026-08-12,,,
0xba96a3f3d5e9f13a5f93c37001f946d42eb2e165,arbitrum,OKX: OKX 96,cex,exclude,dune-cex-addresses,2024-04-20,Dune cex.addresses 快照 2026-08-12; 与 eth/bsc/base 现库同址同所互证,,,,2026-08-12,,,
0x4e2757e46103556f98d4d036d8efe18389b89f51,arbitrum,OKX: OKX 104,cex,exclude,dune-cex-addresses,2024-04-20,Dune cex.addresses 快照 2026-08-12; 与 eth/bsc/base 现库同址同所互证,,,,2026-08-12,,,
0x8734bca44102bf8a663e1ba112308504606e1b08,arbitrum,OKX: OKX 122,cex,exclude,dune-cex-addresses,2024-04-20,Dune cex.addresses 快照 2026-08-12; 与 eth/bsc/base 现库同址同所互证,,,,2026-08-12,,,
0xa27cef8af2b6575903b676e5644657fae96f491f,arbitrum,OKX: OKX 131,cex,exclude,dune-cex-addresses,2024-04-20,Dune cex.addresses 快照 2026-08-12; 与 eth/bsc/base 现库同址同所互证,,,,2026-08-12,,,
0xfd92f4e91d54b9ef91cc3f97c011a6af0c2a7eda,arbitrum,OKX: OKX 137,cex,exclude,dune-cex-addresses,2024-05-04,Dune cex.addresses 快照 2026-08-12; 与 eth/bsc/base 现库同址同所互证,,,,2026-08-12,,,
0x74ac8ec0c6fc83b4127816c23930bea9e1a83df5,arbitrum,OKX: OKX 142,cex,exclude,dune-cex-addresses,2024-10-06,Dune cex.addresses 快照 2026-08-12; 与 bsc 现库同址同所互证,,,,2026-08-12,,,
0xc51a147567a99a307f7ba130a7dee8328312c711,arbitrum,OKX: OKX 186,cex,exclude,dune-cex-addresses,2025-06-25,Dune cex.addresses 快照 2026-08-12; 与 eth/bsc/base 现库同址同所互证,,,,2026-08-12,,,
0xc13f9011e2cea63e4c9f0d8177dfb17e9ec7daff,arbitrum,OKX: OKX 188,cex,exclude,dune-cex-addresses,2025-06-25,Dune cex.addresses 快照 2026-08-12; 与 eth/bsc/base 现库同址同所互证,,,,2026-08-12,,,
0xf3be85868c59b136c72eef96490291a17074ce2c,arbitrum,OKX: OKX 202,cex,exclude,dune-cex-addresses,2025-06-25,Dune cex.addresses 快照 2026-08-12; 与 eth/bsc/base 现库同址同所互证,,,,2026-08-12,,,
0x46c503f0a14975d2e1d84135bba2b20270da2851,arbitrum,OKX: OKX 217,cex,exclude,dune-cex-addresses,2025-07-31,Dune cex.addresses 快照 2026-08-12; 与 eth/bsc/base 现库同址同所互证,,,,2026-08-12,,,
0x6a9338ef5b8f45e0ffd1874431b82eb93fb87113,arbitrum,OKX: OKX 218,cex,exclude,dune-cex-addresses,2025-07-31,Dune cex.addresses 快照 2026-08-12; 与 eth/bsc/base 现库同址同所互证,,,,2026-08-12,,,
0x4a4aaa0155237881fbd5c34bfae16e985a7b068d,arbitrum,OKX: OKX 229,cex,exclude,dune-cex-addresses,2025-07-31,Dune cex.addresses 快照 2026-08-12; 与 eth/bsc/base 现库同址同所互证,,,,2026-08-12,,,
0xb0a27099582833c0cb8c7a0565759ff145113d64,arbitrum,OKX: OKX 231,cex,exclude,dune-cex-addresses,2025-07-31,Dune cex.addresses 快照 2026-08-12; 与 eth/bsc/base 现库同址同所互证,,,,2026-08-12,,,
0x85dcd76d4fbd3aa0c85c27b9441222c19a14134b,arbitrum,OKX: OKX 234,cex,exclude,dune-cex-addresses,2025-07-31,Dune cex.addresses 快照 2026-08-12; 与 eth/bsc/base 现库同址同所互证,,,,2026-08-12,,,
0x5b686a7db873ac258bbc16e8306594e3e862b3fc,arbitrum,OKX: OKX Gas Supplier 5,cex,exclude,dune-cex-addresses,2023-11-20,Dune cex.addresses 快照 2026-08-12; 与 eth/bsc/base 现库同址同所互证,,,,2026-08-12,,,
0x9cc548536d8ec1d6c89e6ddd3b0ceea350fe73dc,arbitrum,OKX: OKX Gas Supplier 7,cex,exclude,dune-cex-addresses,2023-11-20,Dune cex.addresses 快照 2026-08-12; 与 eth/bsc/base 现库同址同所互证,,,,2026-08-12,,,
0x6e5d525fa1b207b0e42fc3ffdfb9bed507708904,arbitrum,OKX: OKX Gas Supplier 13,cex,exclude,dune-cex-addresses,2024-05-25,Dune cex.addresses 快照 2026-08-12; 与 eth/bsc/base 现库同址同所互证,,,,2026-08-12,,,
0x034f854b44d28e26386c1bc37ff9b20c6380b00d,arbitrum,HTX: HTX 26,cex,exclude,dune-cex-addresses,2022-08-28,Dune cex.addresses 快照 2026-08-12; 与 eth/bsc/base 现库同址同所互证,,,,2026-08-12,,,
0x99fe5d6383289cdd56e54fc0baf7f67c957a8888,arbitrum,HTX: HTX 42,cex,exclude,dune-cex-addresses,2023-09-09,Dune cex.addresses 快照 2026-08-12; 与 eth/bsc/base 现库同址同所互证,,,,2026-08-12,,,
0x0316eb71485b0ab14103307bf65a021042c6d380,arbitrum,HTX: HTX 57,cex,exclude,dune-cex-addresses,2024-04-20,Dune cex.addresses 快照 2026-08-12; 与 eth 现库同址同所互证; 与 bsc 现库同址同所互证(现库旧格式名: HTX 57),,,,2026-08-12,,,
0xafdfd157d9361e621e476036fee62f688450692b,arbitrum,HTX: HTX 70,cex,exclude,dune-cex-addresses,2024-04-20,Dune cex.addresses 快照 2026-08-12; 与 bsc 现库同址同所互证; 与 eth 现库同址同所互证(现库旧格式名: HTX 70),,,,2026-08-12,,,
0xf2dbc42875e7764edbd89732a15214a9a0deb085,arbitrum,HTX: HTX 79,cex,exclude,dune-cex-addresses,2024-04-20,Dune cex.addresses 快照 2026-08-12; 与 eth/bsc/base 现库同址同所互证,,,,2026-08-12,,,
0x7a8ba143f8866242782e5b3a5ad1410bb6722206,arbitrum,HTX: HTX 101,cex,exclude,dune-cex-addresses,2025-05-05,Dune cex.addresses 快照 2026-08-12; 与 eth/bsc/base 现库同址同所互证,,,,2026-08-12,,,
0x60aa247146d47aee2b1c136540c55261a4b8342c,arbitrum,HTX: HTX Gas Supplier 17,cex,exclude,dune-cex-addresses,2024-08-13,Dune cex.addresses 快照 2026-08-12; 与 eth/bsc/base 现库同址同所互证,,,,2026-08-12,,,
0x0d0707963952f2fba59dd06f2b425ace40b492fe,arbitrum,Gate.io: Gate.io 1,cex,exclude,dune-cex-addresses,2022-08-28,Dune cex.addresses 快照 2026-08-12; 与 base 现库同址同所互证; 与 eth 现库同址同所互证(现库旧格式名: Gate.io 1); 与 bsc 现库同址同所互证(现库旧格式名: Gate.io 1),,,,2026-08-12,,,
0xeb01f8cdae433e7b55023ff0b2da44c4c712dce2,arbitrum,Gate.io: Gate.io 9,cex,exclude,dune-cex-addresses,2024-04-20,Dune cex.addresses 快照 2026-08-12; 与 eth/bsc/base 现库同址同所互证,,,,2026-08-12,,,
0x29728d0efd284d85187362faa2d4d76c2cfc2612,arbitrum,Kraken: Kraken 9,cex,exclude,dune-cex-addresses,2022-08-28,Dune cex.addresses 快照 2026-08-12; 与 eth/bsc/base 现库同址同所互证,,,,2026-08-12,,,
0x9c2bd617b77961ee2c5e3038dfb0c822cb75d82a,arbitrum,Kraken: Kraken 23,cex,exclude,dune-cex-addresses,2023-11-20,Dune cex.addresses 快照 2026-08-12; 与 eth/bsc/base 现库同址同所互证,,,,2026-08-12,,,
0x0e33be39b13c576ff48e14392fbf96b02f40cd34,arbitrum,Kraken: Kraken 34,cex,exclude,dune-cex-addresses,2023-11-20,Dune cex.addresses 快照 2026-08-12; 与 eth/bsc/base 现库同址同所互证,,,,2026-08-12,,,
0xa054611c5b224a5f4ce93ac2a5f8d0ed17813402,arbitrum,Kraken: Kraken 45,cex,exclude,dune-cex-addresses,2023-11-20,Dune cex.addresses 快照 2026-08-12; 与 eth/bsc/base 现库同址同所互证,,,,2026-08-12,,,
0xcd0267c7f1a8ad1b6e33b7fb801f8d935f6b557d,arbitrum,Kraken: Kraken 47,cex,exclude,dune-cex-addresses,2023-11-20,Dune cex.addresses 快照 2026-08-12; 与 eth/bsc/base 现库同址同所互证,,,,2026-08-12,,,
0xa861678bee80035114b47615142e9302139a8c32,arbitrum,Kraken: Kraken 49,cex,exclude,dune-cex-addresses,2023-11-20,Dune cex.addresses 快照 2026-08-12; 与 eth/bsc/base 现库同址同所互证,,,,2026-08-12,,,
0x8dfee7dbd859989bf3e80c4f64c42b7cd283671b,arbitrum,Kraken: Kraken 58,cex,exclude,dune-cex-addresses,2024-04-04,Dune cex.addresses 快照 2026-08-12; 与 eth/bsc/base 现库同址同所互证,,,,2026-08-12,,,
0x24b4eae904632c53ee231e3bd6c4444745ce22c0,arbitrum,Kraken: Kraken 69,cex,exclude,dune-cex-addresses,2024-10-06,Dune cex.addresses 快照 2026-08-12; 与 eth/bsc/base 现库同址同所互证,,,,2026-08-12,,,
0xe0bb449bb115dbc335aa1ed348b30fffa666c37a,arbitrum,Kraken: Kraken 73,cex,exclude,dune-cex-addresses,2025-04-28,Dune cex.addresses 快照 2026-08-12; 与 eth/bsc/base 现库同址同所互证,,,,2026-08-12,,,
0xfe2fff5c0b676a873d05e2066bc685375ea4b038,arbitrum,Kraken: Kraken 74,cex,exclude,dune-cex-addresses,2025-04-28,Dune cex.addresses 快照 2026-08-12; 与 eth/bsc/base 现库同址同所互证,,,,2026-08-12,,,
0x736f94dc0c5616063f01e3f5b822d152f38feb96,arbitrum,Kraken: Kraken 75,cex,exclude,dune-cex-addresses,2025-04-28,Dune cex.addresses 快照 2026-08-12; 与 eth/bsc/base 现库同址同所互证,,,,2026-08-12,,,
0x30e84f627ebc336eee72cd720a837e6f75d865d5,arbitrum,Kraken: Kraken 83,cex,exclude,dune-cex-addresses,2025-04-28,Dune cex.addresses 快照 2026-08-12; 与 eth/bsc/base 现库同址同所互证,,,,2026-08-12,,,
0x0a332d03367366dd5fd3a554ef8f8b47ed36e591,arbitrum,Kraken: Kraken 84,cex,exclude,dune-cex-addresses,2025-04-28,Dune cex.addresses 快照 2026-08-12; 与 eth/bsc/base 现库同址同所互证,,,,2026-08-12,,,
0x205188a68430e94f80a512038329030c556b50ff,arbitrum,Kraken: Kraken 93,cex,exclude,dune-cex-addresses,2025-04-28,Dune cex.addresses 快照 2026-08-12; 与 eth/bsc/base 现库同址同所互证,,,,2026-08-12,,,
0x47445762435054e4b67dfd5a3fc3956a97958af4,arbitrum,Kraken: Kraken 97,cex,exclude,dune-cex-addresses,2025-04-28,Dune cex.addresses 快照 2026-08-12; 与 eth/bsc/base 现库同址同所互证,,,,2026-08-12,,,
0xec6a3cec61159701a017174d2c0236706f91c94f,arbitrum,Kraken: Kraken 108,cex,exclude,dune-cex-addresses,2025-04-28,Dune cex.addresses 快照 2026-08-12; 与 eth/bsc/base 现库同址同所互证,,,,2026-08-12,,,
0x501d09d60a7431fa524f80b55ef7572e037fac2c,arbitrum,Kraken: Kraken 113,cex,exclude,dune-cex-addresses,2025-04-28,Dune cex.addresses 快照 2026-08-12; 与 eth/bsc/base 现库同址同所互证,,,,2026-08-12,,,
0xf103ddb6005736f3bb0d959f1419656792f9807d,arbitrum,Kraken: Kraken 127,cex,exclude,dune-cex-addresses,2025-04-28,Dune cex.addresses 快照 2026-08-12; 与 eth/bsc/base 现库同址同所互证,,,,2026-08-12,,,
0xa0dfe02e17b6f82c10bc04fdfc0dec8e8e53b309,arbitrum,Kraken: Kraken 129,cex,exclude,dune-cex-addresses,2025-04-28,Dune cex.addresses 快照 2026-08-12; 与 eth/bsc/base 现库同址同所互证,,,,2026-08-12,,,
0xb930776e755d470b023df39006e8eb13336f47b8,arbitrum,Kraken: Kraken 133,cex,exclude,dune-cex-addresses,2025-04-28,Dune cex.addresses 快照 2026-08-12; 与 eth/bsc/base 现库同址同所互证,,,,2026-08-12,,,
0x317128b5cd8ea4e0fb8665b36aa399ea18b7118b,arbitrum,Kraken: Kraken 139,cex,exclude,dune-cex-addresses,2025-04-28,Dune cex.addresses 快照 2026-08-12; 与 eth/bsc/base 现库同址同所互证,,,,2026-08-12,,,
0x90e8f9cd751f66029a203f865c01baec1ca86c73,arbitrum,Kraken: Kraken 154,cex,exclude,dune-cex-addresses,2025-04-28,Dune cex.addresses 快照 2026-08-12; 与 eth/bsc/base 现库同址同所互证,,,,2026-08-12,,,
0x3f04aad87cf879410a0f27c53c9d9049214a6ad6,arbitrum,Kraken: Kraken 160,cex,exclude,dune-cex-addresses,2025-04-28,Dune cex.addresses 快照 2026-08-12; 与 eth/bsc/base 现库同址同所互证,,,,2026-08-12,,,
0xd8f8a53945bcfbbc19da162aa405e662ef71c40d,arbitrum,Kraken: Kraken 164,cex,exclude,dune-cex-addresses,2025-04-28,Dune cex.addresses 快照 2026-08-12; 与 eth/bsc/base 现库同址同所互证,,,,2026-08-12,,,
0x5c5f75b6fba2903adf66c7bddcea99b4cce44a8a,arbitrum,Kraken: Kraken 166,cex,exclude,dune-cex-addresses,2025-04-28,Dune cex.addresses 快照 2026-08-12; 与 eth/bsc/base 现库同址同所互证,,,,2026-08-12,,,
0x7322367325b4769400a1eafb1e2b41d6e966153a,arbitrum,Kraken: Kraken 167,cex,exclude,dune-cex-addresses,2025-04-28,Dune cex.addresses 快照 2026-08-12; 与 eth/bsc/base 现库同址同所互证,,,,2026-08-12,,,
0x39ed68f2087dca23f76792eca8f39508e74d82e5,arbitrum,Kraken: Kraken 180,cex,exclude,dune-cex-addresses,2025-05-05,Dune cex.addresses 快照 2026-08-12; 与 eth/bsc/base 现库同址同所互证,,,,2026-08-12,,,
0x561f469012f0ee6f0ea2e851cc02723a82dc331c,arbitrum,Kraken: Kraken 188,cex,exclude,dune-cex-addresses,2025-06-25,Dune cex.addresses 快照 2026-08-12; 与 eth/bsc/base 现库同址同所互证,,,,2026-08-12,,,
0x2b8efcb849316b060a1c86498470f967d3184a2c,arbitrum,Kraken: Kraken 194,cex,exclude,dune-cex-addresses,2025-06-25,Dune cex.addresses 快照 2026-08-12; 与 eth/bsc/base 现库同址同所互证,,,,2026-08-12,,,
0xfbfc7a458017c1566ecf87cb746c7ca915a79f7f,arbitrum,Kraken: Kraken 213,cex,exclude,dune-cex-addresses,2025-06-25,Dune cex.addresses 快照 2026-08-12; 与 eth/bsc/base 现库同址同所互证,,,,2026-08-12,,,
0x34036f30371847c9fd8036b7ea5af1b3126306dc,arbitrum,Kraken: Kraken 224,cex,exclude,dune-cex-addresses,2025-06-25,Dune cex.addresses 快照 2026-08-12; 与 eth/bsc/base 现库同址同所互证,,,,2026-08-12,,,
0x6b6fade7dd698f4bc30048b3c53cb4a6a9d808ed,arbitrum,Kraken: Kraken 233,cex,exclude,dune-cex-addresses,2025-06-25,Dune cex.addresses 快照 2026-08-12; 与 eth/bsc/base 现库同址同所互证,,,,2026-08-12,,,
0x54a679e853281a440911f72eae0e24107e9413dc,arbitrum,Bitget: Bitget 33,cex,exclude,dune-cex-addresses,2025-06-27,Dune cex.addresses 快照 2026-08-12; 与 eth 现库同址同所互证; 与 bsc 现库同址同所互证(现库旧格式名: Bitget 33),,,,2026-08-12,,,
0xffa8db7b38579e6a2d14f9b347a9ace4d044cd54,arbitrum,Bitget: Bitget 35,cex,exclude,dune-cex-addresses,2025-07-31,Dune cex.addresses 快照 2026-08-12; 与 eth/bsc/base 现库同址同所互证,,,,2026-08-12,,,
0x738cf6903e6c4e699d1c2dd9ab8b67fcdb3121ea,arbitrum,KuCoin: KuCoin 12,cex,exclude,dune-cex-addresses,2022-08-28,Dune cex.addresses 快照 2026-08-12; 与 eth/bsc/base 现库同址同所互证,,,,2026-08-12,,,
0x03e6fa590cadcf15a38e86158e9b3d06ff3399ba,arbitrum,KuCoin: KuCoin 17,cex,exclude,dune-cex-addresses,2023-11-22,Dune cex.addresses 快照 2026-08-12; 与 eth/bsc/base 现库同址同所互证,,,,2026-08-12,,,
0x4e75e27e5aa74f0c7a9d4897dc10ef651f3a3995,arbitrum,KuCoin: KuCoin 27,cex,exclude,dune-cex-addresses,2024-04-04,Dune cex.addresses 快照 2026-08-12; 与 eth/bsc/base 现库同址同所互证,,,,2026-08-12,,,
0xf8ba3ec49212ca45325a2335a8ab1279770df6c0,arbitrum,KuCoin: KuCoin 43,cex,exclude,dune-cex-addresses,2024-04-20,Dune cex.addresses 快照 2026-08-12; 与 eth/bsc/base 现库同址同所互证,,,,2026-08-12,,,
0xe58c8d45477d894bb9a1501bb0d0a32af8419eda,arbitrum,KuCoin: KuCoin 55,cex,exclude,dune-cex-addresses,2025-05-04,Dune cex.addresses 快照 2026-08-12; 与 eth/bsc/base 现库同址同所互证,,,,2026-08-12,,,
0xce0d2213a0eaff4176d90b39879b7b4f870fa428,arbitrum,KuCoin: KuCoin Gas Supplier 3,cex,exclude,dune-cex-addresses,2023-11-23,Dune cex.addresses 快照 2026-08-12; 与 eth/bsc/base 现库同址同所互证,,,,2026-08-12,,,
0x00f3e09abe73aec2d6ad7b8820049b60ebc73f94,arbitrum,KuCoin: KuCoin Gas Supplier 5,cex,exclude,dune-cex-addresses,2023-11-23,Dune cex.addresses 快照 2026-08-12; 与 eth/bsc/base 现库同址同所互证,,,,2026-08-12,,,
0x1938a448d105d26c40a52a1bfe99b8ca7a745ad0,arbitrum,Upbit: Upbit 4,cex,exclude,dune-cex-addresses,2023-09-09,Dune cex.addresses 快照 2026-08-12; 与 eth/bsc/base 现库同址同所互证,,,,2026-08-12,,,
0x4e9ce36e442e55ecd9025b9a6e0d88485d628a67,arbitrum,Binance: Binance 6,cex,exclude,dune-cex-addresses,2022-08-28,Dune cex.addresses 快照 2026-08-12; 与 eth/bsc/base 现库同址同所互证,,,,2026-08-12,,,
0x001866ae5b3de6caa5a51543fd9fb64f524f5478,arbitrum,Binance: Binance 9,cex,exclude,dune-cex-addresses,2022-08-28,Dune cex.addresses 快照 2026-08-12; 与 eth/bsc/base 现库同址同所互证,,,,2026-08-12,,,
0x9696f59e4d72e237be84ffd425dcad154bf96976,arbitrum,Binance: Binance 18,cex,exclude,dune-cex-addresses,2022-08-28,Dune cex.addresses 快照 2026-08-12; 与 eth/bsc/base 现库同址同所互证,,,,2026-08-12,,,
0x4976a4a02f38326660d17bf34b431dc6e2eb2327,arbitrum,Binance: Binance 20,cex,exclude,dune-cex-addresses,2022-08-28,Dune cex.addresses 快照 2026-08-12; 与 eth/bsc/base 现库同址同所互证,,,,2026-08-12,,,
0x892e9e24aea3f27f4c6e9360e312cce93cc98ebe,arbitrum,Binance: Binance 30,cex,exclude,dune-cex-addresses,2022-08-28,Dune cex.addresses 快照 2026-08-12; 与 eth/bsc/base 现库同址同所互证,,,,2026-08-12,,,
0x294b9b133ca7bc8ed2cdd03ba661a4c6d3a834d9,arbitrum,Binance: Binance 41,cex,exclude,dune-cex-addresses,2022-08-28,Dune cex.addresses 快照 2026-08-12; 与 eth/bsc/base 现库同址同所互证,,,,2026-08-12,,,
0x515b72ed8a97f42c568d6a143232775018f133c8,arbitrum,Binance: Binance 43,cex,exclude,dune-cex-addresses,2023-11-20,Dune cex.addresses 快照 2026-08-12; 与 eth/bsc/base 现库同址同所互证,,,,2026-08-12,,,
0xb38e8c17e38363af6ebdcb3dae12e0243582891d,arbitrum,Binance: Binance 54,cex,exclude,dune-cex-addresses,2023-11-20,Dune cex.addresses 快照 2026-08-12; 与 eth/bsc/base 现库同址同所互证,,,,2026-08-12,,,
0xacd03d601e5bb1b275bb94076ff46ed9d753435a,arbitrum,Binance: Binance 55,cex,exclude,dune-cex-addresses,2023-11-20,Dune cex.addresses 快照 2026-08-12; 与 eth/bsc/base 现库同址同所互证,,,,2026-08-12,,,
0x7ab33ad1e91ddf6d5edf69a79d5d97a9c49015d4,arbitrum,Binance: Binance 64,cex,exclude,dune-cex-addresses,2023-11-22,Dune cex.addresses 快照 2026-08-12; 与 eth/bsc/base 现库同址同所互证,,,,2026-08-12,,,
0x505e71695e9bc45943c58adec1650577bca68fd9,arbitrum,Binance: Binance 69,cex,exclude,dune-cex-addresses,2024-04-04,Dune cex.addresses 快照 2026-08-12; 与 eth/bsc/base 现库同址同所互证,,,,2026-08-12,,,
0x3304e22ddaa22bcdc5fca2269b418046ae7b566a,arbitrum,Binance: Binance 76,cex,exclude,dune-cex-addresses,2024-04-20,Dune cex.addresses 快照 2026-08-12; 与 eth/bsc/base 现库同址同所互证,,,,2026-08-12,,,
0x417850c1cd0fb428eb63649e9dc4c78ede9a34e8,arbitrum,Binance: Binance 79,cex,exclude,dune-cex-addresses,2024-04-20,Dune cex.addresses 快照 2026-08-12; 与 eth/bsc/base 现库同址同所互证,,,,2026-08-12,,,
0x3931dab967c3e2dbb492fe12460a66d0fe4cc857,arbitrum,Binance: Binance 89,cex,exclude,dune-cex-addresses,2024-10-06,Dune cex.addresses 快照 2026-08-12; 与 eth/bsc/base 现库同址同所互证,,,,2026-08-12,,,
0xab83d182f3485cf1d6ccdd34c7cfef95b4c08da4,arbitrum,Binance: Binance JEX 1,cex,exclude,dune-cex-addresses,2022-08-28,Dune cex.addresses 快照 2026-08-12; 与 eth/bsc/base 现库同址同所互证,,,,2026-08-12,,,
0xe2fc31f816a9b94326492132018c3aecc4a93ae1,arbitrum,Binance: Binance Withdrawals 7,cex,exclude,dune-cex-addresses,2023-11-20,Dune cex.addresses 快照 2026-08-12; 与 base 现库同址同所互证; 与 eth 现库同址同所互证(现库旧格式名: Binance Withdrawals7（提币出口）); 与 bsc 现库同址同所互证(现库旧格式名: Binance Withdrawals7（提币出口）),,,,2026-08-12,,,
0xf92402bb795fd7cd08fb83839689db79099c8c9c,arbitrum,Binance: Binance Hot 1,cex,exclude,dune-cex-addresses,2023-11-20,Dune cex.addresses 快照 2026-08-12; 与 eth/bsc/base 现库同址同所互证,,,,2026-08-12,,,
0x9430801ebaf509ad49202aabc5f5bc6fd8a3daf8,arbitrum,Binance: Binance Gas Supplier 1,cex,exclude,dune-cex-addresses,2023-08-31,Dune cex.addresses 快照 2026-08-12; 与 eth/bsc/base 现库同址同所互证,,,,2026-08-12,,,
0x2cc5146929a893d1d73bc34fb37815cc1a44ae33,arbitrum,Coinbase: Coinbase Circle Deposit 1,cex,exclude,dune-cex-addresses,2023-11-19,Dune cex.addresses 快照 2026-08-12; 与 eth 现库同址同所互证,,,,2026-08-12,,,
0x15ece0d7de25436bcfcf3d62a9085ddc7838aee9,arbitrum,Binance: Binance Gas Supplier 3,cex,exclude,dune-cex-addresses,2023-08-31,Dune cex.addresses 快照 2026-08-12; 与 eth/bsc/base 现库同址同所互证,,,,2026-08-12,,,
0x9cd1ac952951fe63c658589db0dde32fc55b815b,arbitrum,Binance: Binance Gas Supplier 7,cex,exclude,dune-cex-addresses,2024-05-25,Dune cex.addresses 快照 2026-08-12; 与 eth/bsc/base 现库同址同所互证,,,,2026-08-12,,,
0x1db92e2eebc8e0c075a02bea49a2935bcd2dfcf4,arbitrum,Bybit: Bybit 1,cex,exclude,dune-cex-addresses,2023-04-06,Dune cex.addresses 快照 2026-08-12; 与 eth 现库同址同所互证; 与 bsc 现库同址同所互证(现库旧格式名: Bybit 1),,,,2026-08-12,,,
0xa7a93fd0a276fc1c0197a5b5623ed117786eed06,arbitrum,Bybit: Bybit 2,cex,exclude,dune-cex-addresses,2023-04-06,Dune cex.addresses 快照 2026-08-12; 与 eth 现库同址同所互证; 与 bsc 现库同址同所互证(现库旧格式名: Bybit 2),,,,2026-08-12,,,
0xbaed383ede0e5d9d72430661f3285daa77e9439f,arbitrum,Bybit: Bybit 6,cex,exclude,dune-cex-addresses,2023-11-15,Dune cex.addresses 快照 2026-08-12; 与 eth/bsc/base 现库同址同所互证,,,,2026-08-12,,,
0x3ddb5d1247adc837cec3ba81edc923a4a230aa8f,arbitrum,Bybit: Bybit 16,cex,exclude,dune-cex-addresses,2025-06-25,Dune cex.addresses 快照 2026-08-12; 与 eth/bsc/base 现库同址同所互证,,,,2026-08-12,,,
0x1c3944173abee256456b1498299fc501ad5bbd6f,arbitrum,Bybit: Bybit 18,cex,exclude,dune-cex-addresses,2025-06-25,Dune cex.addresses 快照 2026-08-12; 与 eth/bsc/base 现库同址同所互证,,,,2026-08-12,,,
0x0051ef9259c7ec0644a80e866ab748a2f30841b3,arbitrum,Bybit: Bybit 21,cex,exclude,dune-cex-addresses,2025-06-25,Dune cex.addresses 快照 2026-08-12; 与 eth/bsc/base 现库同址同所互证,,,,2026-08-12,,,
0xc3350595ed42ebe94556277bc77d257c76065291,arbitrum,Bybit: Bybit 42,cex,exclude,dune-cex-addresses,2025-08-01,Dune cex.addresses 快照 2026-08-12; 与 eth 现库同址同所互证; 与 bsc 现库同址同所互证(现库旧格式名: Bybit 42),,,,2026-08-12,,,
0xeb2629a2734e272bcc07bda959863f316f4bd4cf,arbitrum,Coinbase: Coinbase 6,cex,exclude,dune-cex-addresses,2022-08-28,Dune cex.addresses 快照 2026-08-12; 与 eth/bsc/base 现库同址同所互证,,,,2026-08-12,,,
0x7c195d981abfdc3ddecd2ca0fed0958430488e34,arbitrum,Coinbase: Coinbase 12,cex,exclude,dune-cex-addresses,2022-08-28,Dune cex.addresses 快照 2026-08-12; 与 eth/bsc/base 现库同址同所互证,,,,2026-08-12,,,
0xb624219480543c54603fb6b07d5eb347e51bffe0,arbitrum,Coinbase: Coinbase 20,cex,exclude,dune-cex-addresses,2023-11-19,Dune cex.addresses 快照 2026-08-12; 与 eth/bsc/base 现库同址同所互证,,,,2026-08-12,,,
0x20fe51a9229eef2cf8ad9e89d91cab9312cf3b7a,arbitrum,Coinbase: Coinbase 21,cex,exclude,dune-cex-addresses,2023-11-19,Dune cex.addresses 快照 2026-08-12; 与 eth/bsc/base 现库同址同所互证,,,,2026-08-12,,,
0xf491d040110384dbcf7f241ffe2a546513fd873d,arbitrum,Coinbase: Coinbase 25,cex,exclude,dune-cex-addresses,2023-11-19,Dune cex.addresses 快照 2026-08-12; 与 eth/bsc/base 现库同址同所互证,,,,2026-08-12,,,
0x8af8485e1f178be06386cd3877fde20626e0284f,arbitrum,Coinbase: Coinbase 30,cex,exclude,dune-cex-addresses,2023-11-19,Dune cex.addresses 快照 2026-08-12; 与 eth/bsc/base 现库同址同所互证,,,,2026-08-12,,,
0xa656f7d2a93a6f5878aa768f24eb38ec8c827fe2,arbitrum,Coinbase: Coinbase 32,cex,exclude,dune-cex-addresses,2023-11-19,Dune cex.addresses 快照 2026-08-12; 与 eth/bsc/base 现库同址同所互证,,,,2026-08-12,,,
0xe68ee8a12c611fd043fb05d65e1548dc1383f2b9,arbitrum,Coinbase: Coinbase 35,cex,exclude,dune-cex-addresses,2023-11-19,Dune cex.addresses 快照 2026-08-12; 与 eth/bsc/base 现库同址同所互证,,,,2026-08-12,,,
0xc9aaa6ca0e05b87d53a3e51edbc44b406eeaf299,arbitrum,Coinbase: Coinbase 37,cex,exclude,dune-cex-addresses,2023-11-19,Dune cex.addresses 快照 2026-08-12; 与 eth/bsc/base 现库同址同所互证,,,,2026-08-12,,,
0x1985ea6e9c68e1c272d8209f3b478ac2fdb25c87,arbitrum,Coinbase: Coinbase 41,cex,exclude,dune-cex-addresses,2023-11-22,Dune cex.addresses 快照 2026-08-12; 与 eth/bsc/base 现库同址同所互证,,,,2026-08-12,,,
0x6321f9f02d9d56261c8c79131ae74d7b427ccaf5,arbitrum,Coinbase: Coinbase 47,cex,exclude,dune-cex-addresses,2024-04-04,Dune cex.addresses 快照 2026-08-12; 与 eth/bsc/base 现库同址同所互证,,,,2026-08-12,,,
0x14af92363379f3548958f9de1fb2e6e5df74476e,arbitrum,Coinbase: Coinbase 48,cex,exclude,dune-cex-addresses,2024-04-04,Dune cex.addresses 快照 2026-08-12; 与 eth/bsc/base 现库同址同所互证,,,,2026-08-12,,,
0x4d8336bda6c11bd2a805c291ec719baedd10acb9,arbitrum,Coinbase: Coinbase 52,cex,exclude,dune-cex-addresses,2024-04-04,Dune cex.addresses 快照 2026-08-12; 与 eth/bsc/base 现库同址同所互证,,,,2026-08-12,,,
0x564220f3f6f2d0ed28bf6a75f344fad7c6134a68,arbitrum,Coinbase: Coinbase 83,cex,exclude,dune-cex-addresses,2025-06-25,Dune cex.addresses 快照 2026-08-12; 与 eth/bsc/base 现库同址同所互证,,,,2026-08-12,,,
0xb624802af5fa7fc3594ea2db32c8764bcf34a2a6,arbitrum,Coinbase: Coinbase 94,cex,exclude,dune-cex-addresses,2025-06-25,Dune cex.addresses 快照 2026-08-12; 与 eth/bsc/base 现库同址同所互证,,,,2026-08-12,,,
0x595faf77e533a5cd30ab5859c9a0116de8bad8db,arbitrum,Coinbase: Coinbase 113,cex,exclude,dune-cex-addresses,2025-07-31,Dune cex.addresses 快照 2026-08-12; 与 eth/bsc/base 现库同址同所互证,,,,2026-08-12,,,
0xce352e98934499be70f641353f16a47d9e1e3abd,arbitrum,Coinbase: Coinbase Commerce Fee 4,cex,exclude,dune-cex-addresses,2023-08-31,Dune cex.addresses 快照 2026-08-12; 与 eth/bsc/base 现库同址同所互证,,,,2026-08-12,,,
0x382ffce2287252f930e1c8dc9328dac5bf282ba1,arbitrum,Coinbase: Coinbase Fees,cex,exclude,dune-cex-addresses,2023-11-19,Dune cex.addresses 快照 2026-08-12; 与 eth/bsc/base 现库同址同所互证,,,,2026-08-12,,,
0x91d66b38ae24292e9e12dd962bbb3aecf4ab769a,arbitrum,Coinbase: Coinbase Gas Supplier 1,cex,exclude,dune-cex-addresses,2023-11-19,Dune cex.addresses 快照 2026-08-12; 与 eth/bsc/base 现库同址同所互证,,,,2026-08-12,,,
0x33ae106bc06effa33e6db5813b619710f2dfb5d4,arbitrum,Coinbase: Coinbase Gas Supplier 2,cex,exclude,dune-cex-addresses,2023-11-19,Dune cex.addresses 快照 2026-08-12; 与 eth/bsc/base 现库同址同所互证,,,,2026-08-12,,,
0x1553767e6ab6d26695b34366f61340b48d8b7a62,arbitrum,Coinbase: Coinbase Gas Supplier 7,cex,exclude,dune-cex-addresses,2023-11-19,Dune cex.addresses 快照 2026-08-12; 与 eth/bsc/base 现库同址同所互证,,,,2026-08-12,,,
0x4f86d1d365434bfbc1e818534d353ffc1a06f8fe,arbitrum,Coinbase: Coinbase Gas Supplier 12,cex,exclude,dune-cex-addresses,2023-11-19,Dune cex.addresses 快照 2026-08-12; 与 eth/bsc/base 现库同址同所互证,,,,2026-08-12,,,
0x55e6513dbcdd1dcaf4c6710ac423c698a56eb68a,arbitrum,Coinbase: Coinbase Gas Supplier 13,cex,exclude,dune-cex-addresses,2023-11-19,Dune cex.addresses 快照 2026-08-12; 与 eth/bsc/base 现库同址同所互证,,,,2026-08-12,,,
0xe49916b3ff411fc6a83dc31f130e2e85be4a9385,arbitrum,Coinbase: Coinbase Gas Supplier 14,cex,exclude,dune-cex-addresses,2023-11-19,Dune cex.addresses 快照 2026-08-12; 与 eth/bsc/base 现库同址同所互证,,,,2026-08-12,,,
0x2bdcda44d935c12c3a76972c4339975782842a12,arbitrum,Coinbase: Coinbase LINK Hot 5,cex,exclude,dune-cex-addresses,2023-11-19,Dune cex.addresses 快照 2026-08-12; 与 eth/bsc/base 现库同址同所互证,,,,2026-08-12,,,
0x898f293e97d59b375939ec3654ac548be2759d41,arbitrum,Coinbase: Coinbase LINK Hot 13,cex,exclude,dune-cex-addresses,2023-11-19,Dune cex.addresses 快照 2026-08-12; 与 eth/bsc/base 现库同址同所互证,,,,2026-08-12,,,
0xedc7001e99a37c3d23b5f7974f837387e09f9c93,arbitrum,Coinbase: Coinbase Deposit 1,cex,exclude,dune-cex-addresses,2023-11-19,Dune cex.addresses 快照 2026-08-12; 与 eth/bsc/base 现库同址同所互证,,,,2026-08-12,,,
0xcd531ae9efcce479654c4926dec5f6209531ca7b,arbitrum,Coinbase Prime: Coinbase Prime 1,cex,exclude,dune-cex-addresses,2023-11-17,Dune cex.addresses 快照 2026-08-12; 与 eth/bsc/base 现库同址同所互证,,,,2026-08-12,,,
0xceb69f6342ece283b2f5c9088ff249b5d0ae66ea,arbitrum,Coinbase Prime: Coinbase Prime 2,cex,exclude,dune-cex-addresses,2023-11-17,Dune cex.addresses 快照 2026-08-12; 与 eth/bsc/base 现库同址同所互证,,,,2026-08-12,,,
0x65a0947ba5175359bb457d3b34491edf4cbf7997,arbitrum,OKX: OKX 16,cex,exclude,dune-cex-addresses,2022-08-28,Dune cex.addresses 快照 2026-08-12; 与 eth/bsc/base 现库同址同所互证,,,,2026-08-12,,,
0x7eb6c83ab7d8d9b8618c0ed973cbef71d1921ef2,arbitrum,OKX: OKX 20,cex,exclude,dune-cex-addresses,2022-08-28,Dune cex.addresses 快照 2026-08-12; 与 eth/bsc/base 现库同址同所互证,,,,2026-08-12,,,
0x3d55ccb2a943d88d39dd2e62daf767c69fd0179f,arbitrum,OKX: OKX 23,cex,exclude,dune-cex-addresses,2023-11-15,Dune cex.addresses 快照 2026-08-12; 与 eth/bsc/base 现库同址同所互证,,,,2026-08-12,,,
0x88288100c2005c5ce9b06956bed357f3ccc95b9e,arbitrum,OKX: OKX 45,cex,exclude,dune-cex-addresses,2024-04-19,Dune cex.addresses 快照 2026-08-12; 与 eth/bsc/base 现库同址同所互证,,,,2026-08-12,,,
0xb8b0b53b387b061af2717d642961af405c79e85a,arbitrum,OKX: OKX 47,cex,exclude,dune-cex-addresses,2024-04-19,Dune cex.addresses 快照 2026-08-12; 与 eth/bsc/base 现库同址同所互证,,,,2026-08-12,,,
0xb99cc7e10fe0acc68c50c7829f473d81e23249cc,arbitrum,OKX: OKX 49,cex,exclude,dune-cex-addresses,2024-04-20,Dune cex.addresses 快照 2026-08-12; 与 eth/bsc/base 现库同址同所互证,,,,2026-08-12,,,
0x868dab0b8e21ec0a48b726a1ccf25826c78c6d7f,arbitrum,OKX: OKX 60,cex,exclude,dune-cex-addresses,2024-04-20,Dune cex.addresses 快照 2026-08-12; 与 eth/bsc/base 现库同址同所互证,,,,2026-08-12,,,
0xeb196a61f9a1e35bf5053b65aaa57c5541dcba86,arbitrum,OKX: OKX 77,cex,exclude,dune-cex-addresses,2024-04-20,Dune cex.addresses 快照 2026-08-12; 与 eth/bsc/base 现库同址同所互证,,,,2026-08-12,,,
0x6a4561ef7874a76b4bf0d3edca31dfcd51603414,arbitrum,OKX: OKX 115,cex,exclude,dune-cex-addresses,2024-04-20,Dune cex.addresses 快照 2026-08-12; 与 eth/bsc/base 现库同址同所互证,,,,2026-08-12,,,
0x9e3bb2cd5a89fcc4b826230b144c4917881bea85,arbitrum,OKX: OKX 129,cex,exclude,dune-cex-addresses,2024-04-20,Dune cex.addresses 快照 2026-08-12; 与 eth/bsc/base 现库同址同所互证,,,,2026-08-12,,,
0xf332761c673b59b21ff6dfa8ada44d78c12def09,arbitrum,OKX: OKX 141,cex,exclude,dune-cex-addresses,2024-05-25,Dune cex.addresses 快照 2026-08-12; 与 bsc 现库同址同所互证; 与 eth 现库同址同所互证(现库旧格式名: OKX 141),,,,2026-08-12,,,
0x20a3a4ae2aacb8bbcfd89dc71280dd18cd9a0cb4,arbitrum,OKX: OKX 149,cex,exclude,dune-cex-addresses,2025-05-04,Dune cex.addresses 快照 2026-08-12; 与 eth/bsc/base 现库同址同所互证,,,,2026-08-12,,,
0xd1e859c8fbb8acdcc8e815c70d33b6aca58fde8a,arbitrum,OKX: OKX 155,cex,exclude,dune-cex-addresses,2025-06-16,Dune cex.addresses 快照 2026-08-12; 与 eth/bsc/base 现库同址同所互证,,,,2026-08-12,,,
0x39591e7c099a379fd7b349ebfecaeef439c40454,arbitrum,OKX: OKX 162,cex,exclude,dune-cex-addresses,2025-06-25,Dune cex.addresses 快照 2026-08-12; 与 eth/bsc/base 现库同址同所互证,,,,2026-08-12,,,
0x559432e18b281731c054cd703d4b49872be4ed53,arbitrum,OKX: OKX 180,cex,exclude,dune-cex-addresses,2025-06-25,Dune cex.addresses 快照 2026-08-12; 与 eth/bsc/base 现库同址同所互证,,,,2026-08-12,,,
0x83ffcf28964bc5b739102ac43e62b8309f322548,arbitrum,OKX: OKX 184,cex,exclude,dune-cex-addresses,2025-06-25,Dune cex.addresses 快照 2026-08-12; 与 eth/bsc/base 现库同址同所互证,,,,2026-08-12,,,
0xaf40b4e2c6c740077e7c1c84f405b46f745cb0a6,arbitrum,OKX: OKX 191,cex,exclude,dune-cex-addresses,2025-06-25,Dune cex.addresses 快照 2026-08-12; 与 eth/bsc/base 现库同址同所互证,,,,2026-08-12,,,
0x58e7d88446cd56bec0e6051c1a58ce1234ec6933,arbitrum,OKX: OKX 201,cex,exclude,dune-cex-addresses,2025-06-25,Dune cex.addresses 快照 2026-08-12; 与 eth/bsc/base 现库同址同所互证,,,,2026-08-12,,,
0x073f564419b625a45d8aea3bb0de4d5647113ad7,arbitrum,OKX: OKX 212,cex,exclude,dune-cex-addresses,2025-07-31,Dune cex.addresses 快照 2026-08-12; 与 eth/bsc/base 现库同址同所互证,,,,2026-08-12,,,
0x445f16314284b43dfa1fd3cd77b9dea4a1bebd97,arbitrum,OKX: OKX 233,cex,exclude,dune-cex-addresses,2025-07-31,Dune cex.addresses 快照 2026-08-12; 与 eth 现库同址同所互证; 与 bsc 现库同址同所互证(现库旧格式名: OKX 233),,,,2026-08-12,,,
0x2ce910fbba65b454bbaf6a18c952a70f3bcd8299,arbitrum,OKX: OKX Internal 1,cex,exclude,dune-cex-addresses,2025-05-02,Dune cex.addresses 快照 2026-08-12; 与 eth/bsc/base 现库同址同所互证,,,,2026-08-12,,,
0xc5a93444cc4da6efb9e6fc6e5d3cb55a53b52396,arbitrum,OKX: OKX Gas Supplier 1,cex,exclude,dune-cex-addresses,2023-08-31,Dune cex.addresses 快照 2026-08-12; 与 eth/bsc/base 现库同址同所互证,,,,2026-08-12,,,
0x5c985e89dde482efe97ea9f1950ad149eb73829b,arbitrum,HTX: HTX 5,cex,exclude,dune-cex-addresses,2022-08-28,Dune cex.addresses 快照 2026-08-12; 与 eth/bsc/base 现库同址同所互证,,,,2026-08-12,,,
0x1062a747393198f70f71ec65a582423dba7e5ab3,arbitrum,HTX: HTX 9,cex,exclude,dune-cex-addresses,2022-08-28,Dune cex.addresses 快照 2026-08-12; 与 eth/bsc/base 现库同址同所互证,,,,2026-08-12,,,
0xd70250731a72c33bfb93016e3d1f0ca160df7e42,arbitrum,HTX: HTX 48,cex,exclude,dune-cex-addresses,2023-11-19,Dune cex.addresses 快照 2026-08-12; 与 eth/bsc/base 现库同址同所互证,,,,2026-08-12,,,
0x598273ea2cabd9f798564877851788c5e0d5b7b9,arbitrum,HTX: HTX 61,cex,exclude,dune-cex-addresses,2024-04-20,Dune cex.addresses 快照 2026-08-12; 与 eth/bsc/base 现库同址同所互证,,,,2026-08-12,,,
0xd6cb6744b7f2da784c5afd6b023d957188522198,arbitrum,HTX: HTX 110,cex,exclude,dune-cex-addresses,2025-06-25,Dune cex.addresses 快照 2026-08-12; 与 eth/bsc/base 现库同址同所互证,,,,2026-08-12,,,
0x12fa4951cbfc51102ccfd5580beb135ca3d74c54,arbitrum,HTX: HTX Gas Supplier 15,cex,exclude,dune-cex-addresses,2024-05-25,Dune cex.addresses 快照 2026-08-12; 与 eth/bsc/base 现库同址同所互证,,,,2026-08-12,,,
0x79795ecce9e9538e886df5312088999d7fa817bc,arbitrum,HTX: HTX Gas Supplier 18,cex,exclude,dune-cex-addresses,2024-10-06,Dune cex.addresses 快照 2026-08-12; 与 eth/bsc/base 现库同址同所互证,,,,2026-08-12,,,
0xbc53b706b165d2b7e98f254095d9d342e845e5ac,arbitrum,HTX: HTX Bridge 1,cex,exclude,dune-cex-addresses,2024-05-25,Dune cex.addresses 快照 2026-08-12; 与 eth/bsc/base 现库同址同所互证,,,,2026-08-12,,,
0xd793281182a0e3e023116004778f45c29fc14f19,arbitrum,Gate.io: Gate.io Contract,cex,exclude,dune-cex-addresses,2023-02-07,Dune cex.addresses 快照 2026-08-12; 与 eth 现库同址同所互证; 与 bsc 现库同址同所互证(现库旧格式名: Gate.io Contract),,,,2026-08-12,,,
0x267be1c1d684f78cb4f6a176c4911b741e4ffdc0,arbitrum,Kraken: Kraken 4,cex,exclude,dune-cex-addresses,2022-08-28,Dune cex.addresses 快照 2026-08-12; 与 eth/bsc/base 现库同址同所互证,,,,2026-08-12,,,
0x53d284357ec70ce289d6d64134dfac8e511c8a3d,arbitrum,Kraken: Kraken 6,cex,exclude,dune-cex-addresses,2022-08-28,Dune cex.addresses 快照 2026-08-12; 与 eth/bsc/base 现库同址同所互证,,,,2026-08-12,,,
0x8f9c79b9de8b0713dcac3e535fc5a1a92db6ea2d,arbitrum,Kraken: Kraken 18,cex,exclude,dune-cex-addresses,2023-11-20,Dune cex.addresses 快照 2026-08-12; 与 eth/bsc/base 现库同址同所互证,,,,2026-08-12,,,
0x490b1e689ca23be864e55b46bf038e007b528208,arbitrum,Kraken: Kraken 25,cex,exclude,dune-cex-addresses,2023-11-20,Dune cex.addresses 快照 2026-08-12; 与 eth/bsc/base 现库同址同所互证,,,,2026-08-12,,,
0x53ab4a93b31f480d17d3440a6329bda86869458a,arbitrum,Kraken: Kraken 35,cex,exclude,dune-cex-addresses,2023-11-20,Dune cex.addresses 快照 2026-08-12; 与 eth/bsc/base 现库同址同所互证,,,,2026-08-12,,,
0x808e5374106e820ae54662fcf8a5e3cca6afa13d,arbitrum,Kraken: Kraken 37,cex,exclude,dune-cex-addresses,2023-11-20,Dune cex.addresses 快照 2026-08-12; 与 eth/bsc/base 现库同址同所互证,,,,2026-08-12,,,
0x012480c08d20a14cf3cb495e942a94dd926dcc8f,arbitrum,Kraken: Kraken 39,cex,exclude,dune-cex-addresses,2023-11-20,Dune cex.addresses 快照 2026-08-12; 与 eth/bsc/base 现库同址同所互证,,,,2026-08-12,,,
0x8a108e4761386c94b8d2f98a5ffe13e472cfe76a,arbitrum,Kraken: Kraken 42,cex,exclude,dune-cex-addresses,2023-11-20,Dune cex.addresses 快照 2026-08-12; 与 eth/bsc/base 现库同址同所互证,,,,2026-08-12,,,
0x0ef6aeb825dc4c9983d551f8afefaae9d79165c6,arbitrum,Kraken: Kraken 60,cex,exclude,dune-cex-addresses,2024-05-25,Dune cex.addresses 快照 2026-08-12; 与 eth/bsc/base 现库同址同所互证,,,,2026-08-12,,,
0xf7cd385cb9a442358b892b14301f6310e57cc5c9,arbitrum,Kraken: Kraken 66,cex,exclude,dune-cex-addresses,2024-10-06,Dune cex.addresses 快照 2026-08-12; 与 eth/bsc/base 现库同址同所互证,,,,2026-08-12,,,
0x23d4df4631aa3ca30653d3c29c0eeef607b1d9fd,arbitrum,Kraken: Kraken 80,cex,exclude,dune-cex-addresses,2025-04-28,Dune cex.addresses 快照 2026-08-12; 与 eth/bsc/base 现库同址同所互证,,,,2026-08-12,,,
0xb61bb0c3f4afc30b1d8dbcb8767c0e38c4829322,arbitrum,Kraken: Kraken 89,cex,exclude,dune-cex-addresses,2025-04-28,Dune cex.addresses 快照 2026-08-12; 与 eth/bsc/base 现库同址同所互证,,,,2026-08-12,,,
0x34e8ed33d8c1953b33de603b014079c578e01716,arbitrum,Kraken: Kraken 92,cex,exclude,dune-cex-addresses,2025-04-28,Dune cex.addresses 快照 2026-08-12; 与 eth/bsc/base 现库同址同所互证,,,,2026-08-12,,,
0xf510dde022a655e7e3189cdf67687e7ffcd80d91,arbitrum,Kraken: Kraken 122,cex,exclude,dune-cex-addresses,2025-04-28,Dune cex.addresses 快照 2026-08-12; 与 eth/bsc/base 现库同址同所互证,,,,2026-08-12,,,
0x01b8629d722d451ba9dd0a539c2ba11b6dbe68b8,arbitrum,Kraken: Kraken 137,cex,exclude,dune-cex-addresses,2025-04-28,Dune cex.addresses 快照 2026-08-12; 与 eth/bsc/base 现库同址同所互证,,,,2026-08-12,,,
0x1275af46d41651a21de2f4ddc16587e9584fd65c,arbitrum,Kraken: Kraken 143,cex,exclude,dune-cex-addresses,2025-04-28,Dune cex.addresses 快照 2026-08-12; 与 eth/bsc/base 现库同址同所互证,,,,2026-08-12,,,
0xd120b8321826cc942fab7c57417545f2333ed6b7,arbitrum,Kraken: Kraken 151,cex,exclude,dune-cex-addresses,2025-04-28,Dune cex.addresses 快照 2026-08-12; 与 eth/bsc/base 现库同址同所互证,,,,2026-08-12,,,
0x584ce70ecfeceea309675726875e8e0fdbc08b20,arbitrum,Kraken: Kraken 152,cex,exclude,dune-cex-addresses,2025-04-28,Dune cex.addresses 快照 2026-08-12; 与 eth/bsc/base 现库同址同所互证,,,,2026-08-12,,,
0x1d0e8445694a22f34334ad1ade6271ecde76db63,arbitrum,Kraken: Kraken 156,cex,exclude,dune-cex-addresses,2025-04-28,Dune cex.addresses 快照 2026-08-12; 与 eth/bsc/base 现库同址同所互证,,,,2026-08-12,,,
0x6c92e0e6a9984c0f44677f678e8fc10bebe3de64,arbitrum,Kraken: Kraken 172,cex,exclude,dune-cex-addresses,2025-04-28,Dune cex.addresses 快照 2026-08-12; 与 eth/bsc/base 现库同址同所互证,,,,2026-08-12,,,
0xb23c002bc65c6bb539aad4c11d606ef4f5502c93,arbitrum,Kraken: Kraken 177,cex,exclude,dune-cex-addresses,2025-05-04,Dune cex.addresses 快照 2026-08-12; 与 eth/bsc/base 现库同址同所互证,,,,2026-08-12,,,
0x94dbf04e273d87e6d9bed68c616f43bf86560c74,arbitrum,Kraken: Kraken 179,cex,exclude,dune-cex-addresses,2025-05-05,Dune cex.addresses 快照 2026-08-12; 与 eth/bsc/base 现库同址同所互证,,,,2026-08-12,,,
0x2c04af9362797bdc4b182e29e0c58440411a4481,arbitrum,Kraken: Kraken 199,cex,exclude,dune-cex-addresses,2025-06-25,Dune cex.addresses 快照 2026-08-12; 与 eth/bsc/base 现库同址同所互证,,,,2026-08-12,,,
0x71beefcf9f31872ccec0bc9789f211609685205a,arbitrum,Kraken: Kraken 216,cex,exclude,dune-cex-addresses,2025-06-25,Dune cex.addresses 快照 2026-08-12; 与 eth/bsc/base 现库同址同所互证,,,,2026-08-12,,,
0xc494468cd4826380365aebbfbb1d6bf8bffe73ef,arbitrum,Kraken: Kraken 228,cex,exclude,dune-cex-addresses,2025-06-25,Dune cex.addresses 快照 2026-08-12; 与 eth/bsc/base 现库同址同所互证,,,,2026-08-12,,,
0x517061e21a3aaa14219d895d29e66e02a3a50e75,arbitrum,Kraken: Kraken 237,cex,exclude,dune-cex-addresses,2025-06-25,Dune cex.addresses 快照 2026-08-12; 与 eth/bsc/base 现库同址同所互证,,,,2026-08-12,,,
0x7fdd9c6be666561e088607bda6047feb283fb4a5,arbitrum,Kraken: Kraken 246,cex,exclude,dune-cex-addresses,2025-07-31,Dune cex.addresses 快照 2026-08-12; 与 eth/bsc/base 现库同址同所互证,,,,2026-08-12,,,
0x1ab4973a48dc892cd9971ece8e01dcc7688f8f23,arbitrum,Bitget: Bitget 24,cex,exclude,dune-cex-addresses,2023-03-13,Dune cex.addresses 快照 2026-08-12; 与 base 现库同址同所互证; 与 eth 现库同址同所互证(现库旧格式名: Bitget 6); 与 bsc 现库同址同所互证(现库旧格式名: Bitget 6),,,,2026-08-12,,,
0xf16e9b0d03470827a95cdfd0cb8a8a3b46969b91,arbitrum,KuCoin: KuCoin 9,cex,exclude,dune-cex-addresses,2022-08-28,Dune cex.addresses 快照 2026-08-12; 与 eth/bsc/base 现库同址同所互证,,,,2026-08-12,,,
0xcad621da75a66c7a8f4ff86d30a2bf981bfc8fdd,arbitrum,KuCoin: KuCoin 10,cex,exclude,dune-cex-addresses,2022-08-28,Dune cex.addresses 快照 2026-08-12; 与 eth/bsc/base 现库同址同所互证,,,,2026-08-12,,,
0x7491f26a0fcb459111b3a1db2fbfc4035d096933,arbitrum,KuCoin: KuCoin 33,cex,exclude,dune-cex-addresses,2024-04-20,Dune cex.addresses 快照 2026-08-12; 与 eth/bsc/base 现库同址同所互证,,,,2026-08-12,,,
0xa152f8bb749c55e9943a3a0a3111d18ee2b3f94e,arbitrum,KuCoin: KuCoin 38,cex,exclude,dune-cex-addresses,2024-04-20,Dune cex.addresses 快照 2026-08-12; 与 eth/bsc/base 现库同址同所互证,,,,2026-08-12,,,
0xe8c15aad9d4cd3f59c9dfa18828b91a8b2c49596,arbitrum,KuCoin: KuCoin 62,cex,exclude,dune-cex-addresses,2025-07-31,Dune cex.addresses 快照 2026-08-12; 与 eth 现库同址同所互证; 与 bsc 现库同址同所互证(现库旧格式名: KuCoin 62),,,,2026-08-12,,,
0x2602669a92fccf44e5319ff51b0f453aab9db021,arbitrum,KuCoin: KuCoin Gas Supplier 2,cex,exclude,dune-cex-addresses,2023-08-31,Dune cex.addresses 快照 2026-08-12; 与 eth 现库同址同所互证,,,,2026-08-12,,,
0xa1ce37506eadf62d2be3741c644aa52a009d3a8b,arbitrum,KuCoin: KuCoin Gas Supplier 7,cex,exclude,dune-cex-addresses,2023-11-23,Dune cex.addresses 快照 2026-08-12; 与 eth/bsc/base 现库同址同所互证,,,,2026-08-12,,,
0x0c32131b67a9306a42e5b66f869bc213d40e43f0,arbitrum,KuCoin: KuCoin Gas Supplier 15,cex,exclude,dune-cex-addresses,2025-06-27,Dune cex.addresses 快照 2026-08-12; 与 eth/bsc/base 现库同址同所互证,,,,2026-08-12,,,
0x377b8ce04761754e8ac153b47805a9cf6b190873,arbitrum,Upbit: Upbit 23,cex,exclude,dune-cex-addresses,2025-07-31,Dune cex.addresses 快照 2026-08-12; 与 eth/bsc/base 现库同址同所互证,,,,2026-08-12,,,
0x3f5ce5fbfe3e9af3971dd833d26ba9b5c936f0be,arbitrum,Binance: Binance 1,cex,exclude,dune-cex-addresses,2022-08-28,Dune cex.addresses 快照 2026-08-12; 与 eth/bsc/base 现库同址同所互证,,,,2026-08-12,,,
0xdfd5293d8e347dfe59e90efd55b2956a1343963d,arbitrum,Binance: Binance 16,cex,exclude,dune-cex-addresses,2022-08-28,Dune cex.addresses 快照 2026-08-12; 与 bsc/base 现库同址同所互证; 与 eth 现库同址同所互证(现库旧格式名: Binance 16),,,,2026-08-12,,,
0x345d8e3a1f62ee6b1d483890976fd66168e390f2,arbitrum,Binance: Binance 23,cex,exclude,dune-cex-addresses,2022-08-28,Dune cex.addresses 快照 2026-08-12; 与 eth/bsc/base 现库同址同所互证,,,,2026-08-12,,,
0xc3c8e0a39769e2308869f7461364ca48155d1d9e,arbitrum,Binance: Binance 24,cex,exclude,dune-cex-addresses,2022-08-28,Dune cex.addresses 快照 2026-08-12; 与 eth/bsc/base 现库同址同所互证,,,,2026-08-12,,,
0xa344c7ada83113b3b56941f6e85bf2eb425949f3,arbitrum,Binance: Binance 27,cex,exclude,dune-cex-addresses,2023-04-06,Dune cex.addresses 快照 2026-08-12; 与 eth/bsc/base 现库同址同所互证,,,,2026-08-12,,,
0x00799bbc833d5b168f0410312d2a8fd9e0e3079c,arbitrum,Binance: Binance 31,cex,exclude,dune-cex-addresses,2022-08-28,Dune cex.addresses 快照 2026-08-12; 与 eth/bsc/base 现库同址同所互证,,,,2026-08-12,,,
0x19184ab45c40c2920b0e0e31413b9434abd243ed,arbitrum,Binance: Binance 39,cex,exclude,dune-cex-addresses,2023-08-31,Dune cex.addresses 快照 2026-08-12; 与 eth/bsc/base 现库同址同所互证,,,,2026-08-12,,,
0xbd612a3f30dca67bf60a39fd0d35e39b7ab80774,arbitrum,Binance: Binance 45,cex,exclude,dune-cex-addresses,2023-11-20,Dune cex.addresses 快照 2026-08-12; 与 eth/base 现库同址同所互证; 与 bsc 现库同址同所互证(现库旧格式名: Binance BSC 二级提币热钱包（nonce 百万级）),,,,2026-08-12,,,
0x9f8c163cba728e99993abe7495f06c0a3c8ac8b9,arbitrum,Binance: Binance 49,cex,exclude,dune-cex-addresses,2023-11-20,Dune cex.addresses 快照 2026-08-12; 与 eth/bsc/base 现库同址同所互证,,,,2026-08-12,,,
0x7aed074ca56f5050d5a2e512ecc5bf7103937d76,arbitrum,Binance: Binance 83,cex,exclude,dune-cex-addresses,2024-04-20,Dune cex.addresses 快照 2026-08-12; 与 eth/bsc/base 现库同址同所互证,,,,2026-08-12,,,
0x25681ab599b4e2ceea31f8b498052c53fc2d74db,arbitrum,Binance: Binance 90,cex,exclude,dune-cex-addresses,2024-10-06,Dune cex.addresses 快照 2026-08-12; 与 eth/bsc/base 现库同址同所互证,,,,2026-08-12,,,
0xd2c0b70b9b451f7e2688d72460215d84caa6cbe4,arbitrum,Binance: Binance 97,cex,exclude,dune-cex-addresses,2025-06-25,Dune cex.addresses 快照 2026-08-12; 与 eth/bsc/base 现库同址同所互证,,,,2026-08-12,,,
0xf6436829cf96ea0f8bc49d300c536fcc4f84c4ed,arbitrum,Binance: Binance 98,cex,exclude,dune-cex-addresses,2025-06-25,Dune cex.addresses 快照 2026-08-12; 与 eth/bsc/base 现库同址同所互证,,,,2026-08-12,,,
0x4fdfe365436b5273a42f135c6a6244a20404271e,arbitrum,Binance: Binance 102,cex,exclude,dune-cex-addresses,2025-07-05,Dune cex.addresses 快照 2026-08-12; 与 eth/bsc/base 现库同址同所互证,,,,2026-08-12,,,
0x978b21a854dbefcd6d51dfd269875d158046240b,arbitrum,Binance: Binance 109,cex,exclude,dune-cex-addresses,2025-07-07,Dune cex.addresses 快照 2026-08-12; 与 eth/bsc/base 现库同址同所互证,,,,2026-08-12,,,
0xe69f81b825d7dc31ee9becef4dbeab5cf30e3abb,arbitrum,Binance: Binance Internal 2,cex,exclude,dune-cex-addresses,2025-07-31,Dune cex.addresses 快照 2026-08-12; 与 eth/bsc/base 现库同址同所互证,,,,2026-08-12,,,
0xbdd75a97c29294ff805fb2fee65abd99492b32a8,arbitrum,Binance: Binance ETH Staking 2,cex,exclude,dune-cex-addresses,2023-08-31,Dune cex.addresses 快照 2026-08-12; 与 eth/bsc/base 现库同址同所互证,,,,2026-08-12,,,
0xdccf3b77da55107280bd850ea519df3705d1a75a,arbitrum,Binance: Binance Withdrawals 2,cex,exclude,dune-cex-addresses,2023-11-20,Dune cex.addresses 快照 2026-08-12; 与 eth/base 现库同址同所互证; 与 bsc 现库同址同所互证(现库旧格式名: Binance BSC 二级提币热钱包（nonce 百万级）),,,,2026-08-12,,,
0x29bdfbf7d27462a2d115748ace2bd71a2646946c,arbitrum,Binance: Binance Withdrawals 4,cex,exclude,dune-cex-addresses,2023-11-20,Dune cex.addresses 快照 2026-08-12; 与 eth/bsc/base 现库同址同所互证,,,,2026-08-12,,,
0x8f80c66c70cbc52009babb04c1cadf9b40109289,arbitrum,Binance: Binance Gas Supplier 2,cex,exclude,dune-cex-addresses,2023-08-31,Dune cex.addresses 快照 2026-08-12; 与 eth/bsc/base 现库同址同所互证,,,,2026-08-12,,,
0xab97925eb84fe0260779f58b7cb08d77dcb1ee2b,arbitrum,Bybit: Bybit Gas Supplier 1,cex,exclude,dune-cex-addresses,2023-11-15,Dune cex.addresses 快照 2026-08-12; 与 eth/bsc/base 现库同址同所互证,,,,2026-08-12,,,
0x2ded5ce31a0c61ecaf6429a1ba1a00b2bfe67099,arbitrum,Bybit: Bybit Gas Supplier 4,cex,exclude,dune-cex-addresses,2023-11-23,Dune cex.addresses 快照 2026-08-12; 与 eth/bsc/base 现库同址同所互证,,,,2026-08-12,,,
0x503828976d22510aad0201ac7ec88293211d23da,arbitrum,Coinbase: Coinbase 2,cex,exclude,dune-cex-addresses,2022-08-28,Dune cex.addresses 快照 2026-08-12; 与 eth/bsc/base 现库同址同所互证,,,,2026-08-12,,,
0x3cd751e6b0078be393132286c442345e5dc49699,arbitrum,Coinbase: Coinbase 4,cex,exclude,dune-cex-addresses,2022-08-28,Dune cex.addresses 快照 2026-08-12; 与 eth/bsc/base 现库同址同所互证,,,,2026-08-12,,,
0xb5d85cbf7cb3ee0d56b3bb207d5fc4b82f43f511,arbitrum,Coinbase: Coinbase 5,cex,exclude,dune-cex-addresses,2022-08-28,Dune cex.addresses 快照 2026-08-12; 与 eth/bsc/base 现库同址同所互证,,,,2026-08-12,,,
0x7ed53f6e3de6b2b4156fa8e618506e60d8e65843,arbitrum,Coinbase: Coinbase 38,cex,exclude,dune-cex-addresses,2023-11-19,Dune cex.addresses 快照 2026-08-12; 与 eth/bsc/base 现库同址同所互证,,,,2026-08-12,,,
0x760dce7ea6e8ba224bffbeb8a7ff4dd1ef122bff,arbitrum,Coinbase: Coinbase 51,cex,exclude,dune-cex-addresses,2024-04-04,Dune cex.addresses 快照 2026-08-12; 与 eth/bsc/base 现库同址同所互证,,,,2026-08-12,,,
0xb0fa34c866e1e1e7030820b4f846bb58d6f75b04,arbitrum,Coinbase: Coinbase 53,cex,exclude,dune-cex-addresses,2024-04-04,Dune cex.addresses 快照 2026-08-12; 与 eth/bsc/base 现库同址同所互证,,,,2026-08-12,,,
0x2a410f11a6f520398447bf423dcedd25dfd3a568,arbitrum,Coinbase: Coinbase 54,cex,exclude,dune-cex-addresses,2024-04-04,Dune cex.addresses 快照 2026-08-12; 与 eth/bsc/base 现库同址同所互证,,,,2026-08-12,,,
0x3dd87411a3754deea8cc52c4cf57e2fc254924cc,arbitrum,Coinbase: Coinbase 56,cex,exclude,dune-cex-addresses,2024-05-04,Dune cex.addresses 快照 2026-08-12; 与 eth/bsc/base 现库同址同所互证,,,,2026-08-12,,,
0x67857ee12929e74082f1cae64ef4221830c39113,arbitrum,Coinbase: Coinbase 73,cex,exclude,dune-cex-addresses,2024-11-27,Dune cex.addresses 快照 2026-08-12; 与 eth/bsc/base 现库同址同所互证,,,,2026-08-12,,,
0xa2908f1758d1cc3990f4a2da8dea0aa2ecf1b913,arbitrum,Coinbase: Coinbase 74,cex,exclude,dune-cex-addresses,2024-11-27,Dune cex.addresses 快照 2026-08-12; 与 eth/bsc/base 现库同址同所互证,,,,2026-08-12,,,
0xbde5bdb3a09056c5431af07957dc3d793fa01fba,arbitrum,Coinbase: Coinbase 87,cex,exclude,dune-cex-addresses,2025-06-25,Dune cex.addresses 快照 2026-08-12; 与 eth/bsc/base 现库同址同所互证,,,,2026-08-12,,,
0x36b5c208fb86d802af97573fe9c8c7590da55f93,arbitrum,Coinbase: Coinbase 88,cex,exclude,dune-cex-addresses,2025-06-25,Dune cex.addresses 快照 2026-08-12; 与 eth/bsc/base 现库同址同所互证,,,,2026-08-12,,,
0x69b90c1d460f9e263a43272564892c00eb040962,arbitrum,Coinbase: Coinbase 90,cex,exclude,dune-cex-addresses,2025-06-25,Dune cex.addresses 快照 2026-08-12; 与 eth/bsc/base 现库同址同所互证,,,,2026-08-12,,,
0x7fe81abf17890ff0f010a6086a63d90d3ed81efe,arbitrum,Coinbase: Coinbase 93,cex,exclude,dune-cex-addresses,2025-06-25,Dune cex.addresses 快照 2026-08-12; 与 eth/bsc/base 现库同址同所互证,,,,2026-08-12,,,
0x79f67f689b9925710d4dda2a39d680e9cea61c81,arbitrum,Coinbase: Coinbase 111,cex,exclude,dune-cex-addresses,2025-07-31,Dune cex.addresses 快照 2026-08-12; 与 eth/bsc/base 现库同址同所互证,,,,2026-08-12,,,
0xd65fb7d4cb595833e84c3c094bd4779bab0d4c62,arbitrum,Coinbase: Coinbase 117,cex,exclude,dune-cex-addresses,2025-07-31,Dune cex.addresses 快照 2026-08-12; 与 eth/bsc/base 现库同址同所互证,,,,2026-08-12,,,
0x02d24cab4f2c3bf6e6eb07ea07e45f96baccffe7,arbitrum,Coinbase: Coinbase Commerce Fee 3,cex,exclude,dune-cex-addresses,2023-08-31,Dune cex.addresses 快照 2026-08-12; 与 eth/bsc/base 现库同址同所互证,,,,2026-08-12,,,
0x4b23d52eff7c67f5992c2ab6d3f69b13a6a33561,arbitrum,Coinbase: Coinbase Commerce Fee 6,cex,exclude,dune-cex-addresses,2023-08-31,Dune cex.addresses 快照 2026-08-12; 与 eth/bsc/base 现库同址同所互证,,,,2026-08-12,,,
0x47d43ac7eea761c4959b2a4318e620603be7fd4f,arbitrum,Coinbase: Coinbase Gas Supplier 10,cex,exclude,dune-cex-addresses,2023-11-19,Dune cex.addresses 快照 2026-08-12; 与 eth/bsc/base 现库同址同所互证,,,,2026-08-12,,,
0x80cf6275294bddce597789c855691cf4cdf01386,arbitrum,Coinbase: Coinbase LINK Hot 2,cex,exclude,dune-cex-addresses,2023-11-19,Dune cex.addresses 快照 2026-08-12; 与 eth/bsc/base 现库同址同所互证,,,,2026-08-12,,,
0x9dcaf485e72f812dee725ce64b6667a7a83f73dd,arbitrum,Coinbase: Coinbase LINK Hot 6,cex,exclude,dune-cex-addresses,2023-11-19,Dune cex.addresses 快照 2026-08-12; 与 eth/bsc/base 现库同址同所互证,,,,2026-08-12,,,
0x0a74db66f8248554d406832e305555043fe3bfd7,arbitrum,Coinbase: Coinbase LINK Hot 12,cex,exclude,dune-cex-addresses,2023-11-19,Dune cex.addresses 快照 2026-08-12; 与 eth/bsc/base 现库同址同所互证,,,,2026-08-12,,,
0x707e8eaf4c1586fea01f8fd0242daac009d4f60e,arbitrum,Coinbase: Coinbase LINK Hot 16,cex,exclude,dune-cex-addresses,2023-11-19,Dune cex.addresses 快照 2026-08-12; 与 eth/bsc/base 现库同址同所互证,,,,2026-08-12,,,
0x204ad5bed7eb66e002329a018bb96d87a8db1aa8,arbitrum,Coinbase: Coinbase LINK Hot 19,cex,exclude,dune-cex-addresses,2023-11-19,Dune cex.addresses 快照 2026-08-12; 与 eth/bsc/base 现库同址同所互证,,,,2026-08-12,,,
0x98f62d5e3cc0cab1ebc5fa6acac9b66a430788f2,arbitrum,Coinbase: Coinbase Deployer 2,cex,exclude,dune-cex-addresses,2025-04-28,Dune cex.addresses 快照 2026-08-12; 与 eth/bsc/base 现库同址同所互证,,,,2026-08-12,,,
0x72cef07728b199e7ad11ff03f02d2d65f91ad553,arbitrum,Coinbase Prime: Coinbase Prime Gas Supplier 2,cex,exclude,dune-cex-addresses,2023-11-22,Dune cex.addresses 快照 2026-08-12; 与 eth/bsc/base 现库同址同所互证,,,,2026-08-12,,,
0xa86309988947559b6e72ef716c5058f479386c0f,arbitrum,Coinbase Prime: Coinbase Prime Custody Gas Supplier 1,cex,exclude,dune-cex-addresses,2023-11-17,Dune cex.addresses 快照 2026-08-12; 与 eth/bsc/base 现库同址同所互证,,,,2026-08-12,,,
0xa7efae728d2936e78bda97dc267687568dd593f3,arbitrum,OKX: OKX 3,cex,exclude,dune-cex-addresses,2022-08-28,Dune cex.addresses 快照 2026-08-12; 与 eth/bsc/base 现库同址同所互证,,,,2026-08-12,,,
0x68841a1806ff291314946eebd0cda8b348e73d6d,arbitrum,OKX: OKX 26,cex,exclude,dune-cex-addresses,2023-11-15,Dune cex.addresses 快照 2026-08-12; 与 eth/bsc/base 现库同址同所互证,,,,2026-08-12,,,
0x06959153b974d0d5fdfd87d561db6d8d4fa0bb0b,arbitrum,OKX: OKX 36,cex,exclude,dune-cex-addresses,2023-11-20,Dune cex.addresses 快照 2026-08-12; 与 eth/bsc/base 现库同址同所互证,,,,2026-08-12,,,
0xa16f524a804beaed0d791de0aa0b5836295a2a84,arbitrum,OKX: OKX 37,cex,exclude,dune-cex-addresses,2023-11-20,Dune cex.addresses 快照 2026-08-12; 与 eth/bsc/base 现库同址同所互证,,,,2026-08-12,,,
0x3b5a23f6207d87b423c6789d2625ea620423b32d,arbitrum,OKX: OKX 38,cex,exclude,dune-cex-addresses,2023-11-20,Dune cex.addresses 快照 2026-08-12; 与 eth/bsc/base 现库同址同所互证,,,,2026-08-12,,,
0x7e4aa755550152a522d9578621ea22edab204308,arbitrum,OKX: OKX 41,cex,exclude,dune-cex-addresses,2023-11-22,Dune cex.addresses 快照 2026-08-12; 与 eth/bsc/base 现库同址同所互证,,,,2026-08-12,,,
0x5ff13e9a3eed7a2dbcb1dfa21dfb1c07f3419277,arbitrum,OKX: OKX 57,cex,exclude,dune-cex-addresses,2024-04-20,Dune cex.addresses 快照 2026-08-12; 与 eth/bsc/base 现库同址同所互证,,,,2026-08-12,,,
0xdb0ed345cb52c2f2457918afa3eb4b682e264ad0,arbitrum,OKX: OKX 70,cex,exclude,dune-cex-addresses,2024-04-20,Dune cex.addresses 快照 2026-08-12; 与 eth/bsc/base 现库同址同所互证,,,,2026-08-12,,,
0xe6eea9812ccc5981ccf0ab333610c42c2d92d146,arbitrum,OKX: OKX 74,cex,exclude,dune-cex-addresses,2024-04-20,Dune cex.addresses 快照 2026-08-12; 与 eth/bsc/base 现库同址同所互证,,,,2026-08-12,,,
0x03ae1a796dfe0400439211133d065bda774b9d3e,arbitrum,OKX: OKX 81,cex,exclude,dune-cex-addresses,2024-04-20,Dune cex.addresses 快照 2026-08-12; 与 eth/bsc/base 现库同址同所互证,,,,2026-08-12,,,
0x0799ddbf6f14db566ca4df4ff0575c4cc1e7749c,arbitrum,OKX: OKX 84,cex,exclude,dune-cex-addresses,2024-04-20,Dune cex.addresses 快照 2026-08-12; 与 eth/bsc/base 现库同址同所互证,,,,2026-08-12,,,
0xc68c17e6eec0fde3605c595c9b98de5c1a4cc3e4,arbitrum,OKX: OKX 91,cex,exclude,dune-cex-addresses,2024-04-20,Dune cex.addresses 快照 2026-08-12; 与 eth/bsc/base 现库同址同所互证,,,,2026-08-12,,,
0x313eb1c5e1970eb5ceef6aebad66b07c7338d369,arbitrum,OKX: OKX 94,cex,exclude,dune-cex-addresses,2024-04-20,Dune cex.addresses 快照 2026-08-12; 与 eth/bsc/base 现库同址同所互证,,,,2026-08-12,,,
0x56fd42ecd77c88bdd959be54af10d1759b473dff,arbitrum,OKX: OKX 107,cex,exclude,dune-cex-addresses,2024-04-20,Dune cex.addresses 快照 2026-08-12; 与 eth/bsc/base 现库同址同所互证,,,,2026-08-12,,,
0x728d92a8023bfbe0d4f3fdd549ed3b4996a0eba9,arbitrum,OKX: OKX 119,cex,exclude,dune-cex-addresses,2024-04-20,Dune cex.addresses 快照 2026-08-12; 与 eth/bsc/base 现库同址同所互证,,,,2026-08-12,,,
0x6b2c0c7be2048daa9b5527982c29f48062b34d58,arbitrum,OKX: OKX 138,cex,exclude,dune-cex-addresses,2024-05-04,Dune cex.addresses 快照 2026-08-12; 与 base 现库同址同所互证; 与 eth 现库同址同所互证(现库旧格式名: OKX 138); 与 bsc 现库同址同所互证(现库旧格式名: OKX 138),,,,2026-08-12,,,
0x6df7e0f084d46683e811998847da3832c9dc3b35,arbitrum,OKX: OKX 139,cex,exclude,dune-cex-addresses,2024-05-25,Dune cex.addresses 快照 2026-08-12; 与 eth/bsc/base 现库同址同所互证,,,,2026-08-12,,,
0x9e64afc7bca5f2c6607a5b8c378bcf1ec3531c97,arbitrum,OKX: OKX 147,cex,exclude,dune-cex-addresses,2024-10-06,Dune cex.addresses 快照 2026-08-12; 与 eth/bsc/base 现库同址同所互证,,,,2026-08-12,,,
0xff8a035ea6c80673f741c2265985ed976a40d390,arbitrum,OKX: OKX 151,cex,exclude,dune-cex-addresses,2025-05-04,Dune cex.addresses 快照 2026-08-12; 与 eth/bsc/base 现库同址同所互证,,,,2026-08-12,,,
0x3c9df24f248ff949161a5a43bbf6dd69378d7799,arbitrum,OKX: OKX 179,cex,exclude,dune-cex-addresses,2025-06-25,Dune cex.addresses 快照 2026-08-12; 与 eth/bsc/base 现库同址同所互证,,,,2026-08-12,,,
0x4db4ad8519baf1b1afaacf95496955352530c4d1,arbitrum,OKX: OKX 187,cex,exclude,dune-cex-addresses,2025-06-25,Dune cex.addresses 快照 2026-08-12; 与 eth/bsc/base 现库同址同所互证,,,,2026-08-12,,,
0xdfd4547247ba13c6cb3300b412306be490f6e126,arbitrum,OKX: OKX 189,cex,exclude,dune-cex-addresses,2025-06-25,Dune cex.addresses 快照 2026-08-12; 与 eth/bsc/base 现库同址同所互证,,,,2026-08-12,,,
0x53f07e235034a869eec8265e0cb120c55cc558d4,arbitrum,OKX: OKX 196,cex,exclude,dune-cex-addresses,2025-06-25,Dune cex.addresses 快照 2026-08-12; 与 eth/bsc/base 现库同址同所互证,,,,2026-08-12,,,
0xc215537e47a1d01058f3ba39dce6752d8f217bbd,arbitrum,OKX: OKX 198,cex,exclude,dune-cex-addresses,2025-06-25,Dune cex.addresses 快照 2026-08-12; 与 eth/bsc/base 现库同址同所互证,,,,2026-08-12,,,
0x536c4921d1aafde6a5cda882fb5ca046f3601c65,arbitrum,OKX: OKX 230,cex,exclude,dune-cex-addresses,2025-07-31,Dune cex.addresses 快照 2026-08-12; 与 eth/bsc/base 现库同址同所互证,,,,2026-08-12,,,
0x3e8c0d3cf96b69c245b14923758dc8a2db8621ec,arbitrum,OKX: OKX 241,cex,exclude,dune-cex-addresses,2025-07-31,Dune cex.addresses 快照 2026-08-12; 与 eth/bsc/base 现库同址同所互证,,,,2026-08-12,,,
0xb9656d0393015f92ba642c3a344061e8e2478599,arbitrum,OKX: OKX Gas Supplier 9,cex,exclude,dune-cex-addresses,2023-11-20,Dune cex.addresses 快照 2026-08-12; 与 eth/bsc/base 现库同址同所互证,,,,2026-08-12,,,
0xe93381fb4c4f14bda253907b18fad305d799241a,arbitrum,HTX: HTX 10,cex,exclude,dune-cex-addresses,2022-08-28,Dune cex.addresses 快照 2026-08-12; 与 eth/bsc/base 现库同址同所互证,,,,2026-08-12,,,
0x0c6c34cdd915845376fb5407e0895196c9dd4eec,arbitrum,HTX: HTX 28,cex,exclude,dune-cex-addresses,2022-08-28,Dune cex.addresses 快照 2026-08-12; 与 eth/bsc/base 现库同址同所互证,,,,2026-08-12,,,
0x18709e89bd403f470088abdacebe86cc60dda12e,arbitrum,HTX: HTX 55,cex,exclude,dune-cex-addresses,2024-04-20,Dune cex.addresses 快照 2026-08-12; 与 eth/bsc/base 现库同址同所互证,,,,2026-08-12,,,
0x4fb312915b779b1339388e14b6d079741ca83128,arbitrum,HTX: HTX 60,cex,exclude,dune-cex-addresses,2024-04-20,Dune cex.addresses 快照 2026-08-12; 与 eth/bsc 现库同址同所互证,,,,2026-08-12,,,
0x9a7ffd7f6c42ab805e0edf16c25101964c6326b6,arbitrum,HTX: HTX 66,cex,exclude,dune-cex-addresses,2024-04-20,Dune cex.addresses 快照 2026-08-12; 与 eth/bsc/base 现库同址同所互证,,,,2026-08-12,,,
0xa929022c9107643515f5c777ce9a910f0d1e490c,arbitrum,HTX: HTX 69,cex,exclude,dune-cex-addresses,2024-04-20,Dune cex.addresses 快照 2026-08-12; 与 eth 现库同址同所互证; 与 bsc 现库同址同所互证(现库旧格式名: HTX 69),,,,2026-08-12,,,
0xd3cc0c7d40366a061397274eae7c387d840e6ff8,arbitrum,HTX: HTX 73,cex,exclude,dune-cex-addresses,2024-04-20,Dune cex.addresses 快照 2026-08-12; 与 eth/bsc/base 现库同址同所互证,,,,2026-08-12,,,
0xe0b7a39fef902c21bad124b144c62e7f85f5f5fa,arbitrum,HTX: HTX 75,cex,exclude,dune-cex-addresses,2024-04-20,Dune cex.addresses 快照 2026-08-12; 与 eth/bsc/base 现库同址同所互证,,,,2026-08-12,,,
0x6663613fbd927ce78abbf7f5ca7e2c3fe0d96d18,arbitrum,HTX: HTX 84,cex,exclude,dune-cex-addresses,2024-08-10,Dune cex.addresses 快照 2026-08-12; 与 eth/bsc/base 现库同址同所互证,,,,2026-08-12,,,
0xba5cfbc7c1e08156d9e6e0d91a66ad3bcff7956a,arbitrum,HTX: HTX 89,cex,exclude,dune-cex-addresses,2024-10-06,Dune cex.addresses 快照 2026-08-12; 与 eth/bsc/base 现库同址同所互证,,,,2026-08-12,,,
0x6596da8b65995d5feacff8c2936f0b7a2051b0d0,arbitrum,Gate.io: Gate.io Gas Supplier 1,cex,exclude,dune-cex-addresses,2023-02-07,Dune cex.addresses 快照 2026-08-12; 与 eth/bsc/base 现库同址同所互证,,,,2026-08-12,,,
0xae2d4617c862309a3d75a0ffb358c7a5009c673f,arbitrum,Kraken: Kraken 10,cex,exclude,dune-cex-addresses,2022-08-28,Dune cex.addresses 快照 2026-08-12; 与 eth/bsc/base 现库同址同所互证,,,,2026-08-12,,,
0x92927a664c88449318e14d0fd582c787ae2cd934,arbitrum,Kraken: Kraken 22,cex,exclude,dune-cex-addresses,2023-11-20,Dune cex.addresses 快照 2026-08-12; 与 eth/bsc/base 现库同址同所互证,,,,2026-08-12,,,
0xe84f75fc9caa49876d0ba18d309da4231d44e94d,arbitrum,Kraken: Kraken 24,cex,exclude,dune-cex-addresses,2023-11-20,Dune cex.addresses 快照 2026-08-12; 与 eth/bsc/base 现库同址同所互证,,,,2026-08-12,,,
0x9da5812111dcbd65ff9b736874a89751a4f0a2f8,arbitrum,Kraken: Kraken 27,cex,exclude,dune-cex-addresses,2023-11-20,Dune cex.addresses 快照 2026-08-12; 与 eth/bsc/base 现库同址同所互证,,,,2026-08-12,,,
0x098cbdd8eb01b19d37539644821772e9bde12d55,arbitrum,Kraken: Kraken 31,cex,exclude,dune-cex-addresses,2023-11-20,Dune cex.addresses 快照 2026-08-12; 与 eth/bsc/base 现库同址同所互证,,,,2026-08-12,,,
0xf1f7648f81f5219c36d75d24d33811f16b426dbe,arbitrum,Kraken: Kraken 32,cex,exclude,dune-cex-addresses,2023-11-20,Dune cex.addresses 快照 2026-08-12; 与 eth/bsc/base 现库同址同所互证,,,,2026-08-12,,,
0xd0ad6ed2b2920a5744a064af3d585ee54f528b2f,arbitrum,Kraken: Kraken 48,cex,exclude,dune-cex-addresses,2023-11-20,Dune cex.addresses 快照 2026-08-12; 与 eth/bsc/base 现库同址同所互证,,,,2026-08-12,,,
0x501b86ac0de6958da2f9250194d15d8aae985861,arbitrum,Kraken: Kraken 70,cex,exclude,dune-cex-addresses,2025-04-28,Dune cex.addresses 快照 2026-08-12; 与 eth/bsc/base 现库同址同所互证,,,,2026-08-12,,,
0x3d8a489052fd169349f95222e657088b00d24787,arbitrum,Kraken: Kraken 72,cex,exclude,dune-cex-addresses,2025-04-28,Dune cex.addresses 快照 2026-08-12; 与 eth/bsc/base 现库同址同所互证,,,,2026-08-12,,,
0xa7872e5841a9bc7dc2341693c37172015fc63042,arbitrum,Kraken: Kraken 76,cex,exclude,dune-cex-addresses,2025-04-28,Dune cex.addresses 快照 2026-08-12; 与 eth/bsc/base 现库同址同所互证,,,,2026-08-12,,,
0xdcfbeeebab1c418891b5ace6a022efa3d4a659fa,arbitrum,Kraken: Kraken 88,cex,exclude,dune-cex-addresses,2025-04-28,Dune cex.addresses 快照 2026-08-12; 与 eth/bsc/base 现库同址同所互证,,,,2026-08-12,,,
0xf050257f16a466f7d3926a38e830589ab539ee88,arbitrum,Kraken: Kraken 90,cex,exclude,dune-cex-addresses,2025-04-28,Dune cex.addresses 快照 2026-08-12; 与 eth/bsc/base 现库同址同所互证,,,,2026-08-12,,,
0x0eefaf34f9ccf41366ab547330c8978be8fd3ff9,arbitrum,Kraken: Kraken 94,cex,exclude,dune-cex-addresses,2025-04-28,Dune cex.addresses 快照 2026-08-12; 与 eth/bsc/base 现库同址同所互证,,,,2026-08-12,,,
0xb05b5d96e61df493548e85ec8f2d46482dcb16a3,arbitrum,Kraken: Kraken 103,cex,exclude,dune-cex-addresses,2025-04-28,Dune cex.addresses 快照 2026-08-12; 与 eth/bsc/base 现库同址同所互证,,,,2026-08-12,,,
0x86631784b0d170c6562f34ca3c7d84388b246d54,arbitrum,Kraken: Kraken 105,cex,exclude,dune-cex-addresses,2025-04-28,Dune cex.addresses 快照 2026-08-12; 与 eth/bsc/base 现库同址同所互证,,,,2026-08-12,,,
0xa215c2d7e0d6e3479ca730d318e1dfd22fea357b,arbitrum,Kraken: Kraken 109,cex,exclude,dune-cex-addresses,2025-04-28,Dune cex.addresses 快照 2026-08-12; 与 eth/bsc/base 现库同址同所互证,,,,2026-08-12,,,
0x3d447db5366c5ec22079597ff9dec7bf4429a3e4,arbitrum,Kraken: Kraken 114,cex,exclude,dune-cex-addresses,2025-04-28,Dune cex.addresses 快照 2026-08-12; 与 eth/bsc/base 现库同址同所互证,,,,2026-08-12,,,
0x10eff6869391417bf83770e6245d298ed58ded02,arbitrum,Kraken: Kraken 117,cex,exclude,dune-cex-addresses,2025-04-28,Dune cex.addresses 快照 2026-08-12; 与 eth/bsc/base 现库同址同所互证,,,,2026-08-12,,,
0xdbad7f38cac7ff6521d3acf242349dfbb5fa965d,arbitrum,Kraken: Kraken 124,cex,exclude,dune-cex-addresses,2025-04-28,Dune cex.addresses 快照 2026-08-12; 与 eth/bsc/base 现库同址同所互证,,,,2026-08-12,,,
0xfa820671257a3bf42379c7c4deeaf2f05500a3e4,arbitrum,Kraken: Kraken 136,cex,exclude,dune-cex-addresses,2025-04-28,Dune cex.addresses 快照 2026-08-12; 与 eth/bsc/base 现库同址同所互证,,,,2026-08-12,,,
0x52cf9132b4847591881c09fcdc79c0e90f4c753d,arbitrum,Kraken: Kraken 138,cex,exclude,dune-cex-addresses,2025-04-28,Dune cex.addresses 快照 2026-08-12; 与 eth/bsc/base 现库同址同所互证,,,,2026-08-12,,,
0x0873a4edd6e46108a69d82d85df396692903540e,arbitrum,Kraken: Kraken 141,cex,exclude,dune-cex-addresses,2025-04-28,Dune cex.addresses 快照 2026-08-12; 与 eth/bsc/base 现库同址同所互证,,,,2026-08-12,,,
0x6675038e71627be276d6347ec330c0c5fdcace61,arbitrum,Kraken: Kraken 144,cex,exclude,dune-cex-addresses,2025-04-28,Dune cex.addresses 快照 2026-08-12; 与 eth/bsc/base 现库同址同所互证,,,,2026-08-12,,,
0xfedac45de308e24b8282193c512f029250943d8a,arbitrum,Kraken: Kraken 146,cex,exclude,dune-cex-addresses,2025-04-28,Dune cex.addresses 快照 2026-08-12; 与 eth/bsc/base 现库同址同所互证,,,,2026-08-12,,,
0x0d0452f487d1edc869d1488ae984590ca2900d2f,arbitrum,Kraken: Kraken 148,cex,exclude,dune-cex-addresses,2025-04-28,Dune cex.addresses 快照 2026-08-12; 与 eth/bsc/base 现库同址同所互证,,,,2026-08-12,,,
0x17c358503e8f0a0322b304ffc0390b08a0de0fa3,arbitrum,Kraken: Kraken 157,cex,exclude,dune-cex-addresses,2025-04-28,Dune cex.addresses 快照 2026-08-12; 与 eth/bsc/base 现库同址同所互证,,,,2026-08-12,,,
0x6eebda76e452f2f95867d56b70f1224148bf6bfc,arbitrum,Kraken: Kraken 158,cex,exclude,dune-cex-addresses,2025-04-28,Dune cex.addresses 快照 2026-08-12; 与 eth/bsc/base 现库同址同所互证,,,,2026-08-12,,,
0xcb6441777734e4455224802277f94de6ac8c52bf,arbitrum,Kraken: Kraken 162,cex,exclude,dune-cex-addresses,2025-04-28,Dune cex.addresses 快照 2026-08-12; 与 eth/bsc/base 现库同址同所互证,,,,2026-08-12,,,
0xe62e39a62672b54928ec3bce10fd0368a628afbc,arbitrum,Kraken: Kraken 163,cex,exclude,dune-cex-addresses,2025-04-28,Dune cex.addresses 快照 2026-08-12; 与 eth/bsc/base 现库同址同所互证,,,,2026-08-12,,,
0xc06f25517e906b7f9b4dec3c7889503bb00b3370,arbitrum,Kraken: Kraken 175,cex,exclude,dune-cex-addresses,2025-05-04,Dune cex.addresses 快照 2026-08-12; 与 eth/bsc/base 现库同址同所互证,,,,2026-08-12,,,
0xed9b8f05224b881a222ece2e20bd2f4bdb71d0f8,arbitrum,Kraken: Kraken 178,cex,exclude,dune-cex-addresses,2025-05-04,Dune cex.addresses 快照 2026-08-12; 与 eth/bsc/base 现库同址同所互证,,,,2026-08-12,,,
0x9ee32359b180ff684a315053e418aaf223932cb9,arbitrum,Kraken: Kraken 198,cex,exclude,dune-cex-addresses,2025-06-25,Dune cex.addresses 快照 2026-08-12; 与 eth/bsc/base 现库同址同所互证,,,,2026-08-12,,,
0x3c246f5f8f705318250c0bc32724a7f75bde54b1,arbitrum,Kraken: Kraken 200,cex,exclude,dune-cex-addresses,2025-06-25,Dune cex.addresses 快照 2026-08-12; 与 eth/bsc/base 现库同址同所互证,,,,2026-08-12,,,
0x310e035d176ccb589511ed16af7ae7bac4fc7f83,arbitrum,Kraken: Kraken 219,cex,exclude,dune-cex-addresses,2025-06-25,Dune cex.addresses 快照 2026-08-12; 与 eth/bsc/base 现库同址同所互证,,,,2026-08-12,,,
0xa6715eafe5d215b82cb9e90a9d6c8970a7c90033,arbitrum,Kraken: Kraken 241,cex,exclude,dune-cex-addresses,2025-07-31,Dune cex.addresses 快照 2026-08-12; 与 eth/bsc/base 现库同址同所互证,,,,2026-08-12,,,
0x0639556f03714a74a5feeaf5736a4a64ff70d206,arbitrum,Bitget: Bitget 15,cex,exclude,dune-cex-addresses,2023-04-06,Dune cex.addresses 快照 2026-08-12; 与 eth/bsc/base 现库同址同所互证,,,,2026-08-12,,,
0x88bd4d3e2997371bceefe8d9386c6b5b4de60346,arbitrum,KuCoin: KuCoin 14,cex,exclude,dune-cex-addresses,2022-08-28,Dune cex.addresses 快照 2026-08-12; 与 eth/bsc/base 现库同址同所互证,,,,2026-08-12,,,
0xf3f094484ec6901ffc9681bcb808b96bafd0b8a8,arbitrum,KuCoin: KuCoin 18,cex,exclude,dune-cex-addresses,2023-11-22,Dune cex.addresses 快照 2026-08-12; 与 eth/bsc/base 现库同址同所互证,,,,2026-08-12,,,
0xa3f45e619ce3aae2fa5f8244439a66b203b78bcc,arbitrum,KuCoin: KuCoin 19,cex,exclude,dune-cex-addresses,2023-11-22,Dune cex.addresses 快照 2026-08-12; 与 eth/bsc/base 现库同址同所互证,,,,2026-08-12,,,
0x45300136662dd4e58fc0df61e6290dffd992b785,arbitrum,KuCoin: KuCoin 21,cex,exclude,dune-cex-addresses,2023-11-23,Dune cex.addresses 快照 2026-08-12; 与 eth/bsc/base 现库同址同所互证,,,,2026-08-12,,,
0x17a30350771d02409046a683b18fe1c13ccfc4a8,arbitrum,KuCoin: KuCoin 29,cex,exclude,dune-cex-addresses,2024-04-20,Dune cex.addresses 快照 2026-08-12; 与 bsc/base 现库同址同所互证; 与 eth 现库同址同所互证(现库旧格式名: KuCoin 29),,,,2026-08-12,,,
0x41e29c02713929f800419abe5770faa8a5b4dadc,arbitrum,KuCoin: KuCoin 47,cex,exclude,dune-cex-addresses,2024-04-20,Dune cex.addresses 快照 2026-08-12; 与 eth/bsc/base 现库同址同所互证,,,,2026-08-12,,,
0xce0b6bfd578a5e90fb827ce6f86aa06355277f8c,arbitrum,KuCoin: KuCoin 50,cex,exclude,dune-cex-addresses,2024-08-13,Dune cex.addresses 快照 2026-08-12; 与 eth/bsc/base 现库同址同所互证,,,,2026-08-12,,,
0xdd276dc5223d0120f9bf1776f38957cc8da23cb0,arbitrum,KuCoin: KuCoin 61,cex,exclude,dune-cex-addresses,2025-07-31,Dune cex.addresses 快照 2026-08-12; 与 eth 现库同址同所互证; 与 bsc 现库同址同所互证(现库旧格式名: KuCoin 61),,,,2026-08-12,,,
0xba826fec90cefdf6706858e5fbafcb27a290fbe0,arbitrum,Upbit: Upbit 2,cex,exclude,dune-cex-addresses,2022-08-28,Dune cex.addresses 快照 2026-08-12; 与 eth/bsc/base 现库同址同所互证,,,,2026-08-12,,,
0x12352dce4985ffb2074b4cb4399901c9d2fd5582,arbitrum,Upbit: Upbit 21,cex,exclude,dune-cex-addresses,2025-07-09,Dune cex.addresses 快照 2026-08-12; 与 eth/bsc/base 现库同址同所互证,,,,2026-08-12,,,
0x4f01001cf69785d4c37f03fd87398849411ccbba,arbitrum,Upbit: Upbit Wallet Factory Contract,cex,exclude,dune-cex-addresses,2023-01-10,Dune cex.addresses 快照 2026-08-12; 与 eth 现库同址同所互证; 与 bsc 现库同址同所互证(现库旧格式名: Upbit Wallet Factory Contract),,,,2026-08-12,,,
0x28c6c06298d514db089934071355e5743bf21d60,arbitrum,Binance: Binance 14,cex,exclude,dune-cex-addresses,2022-08-28,Dune cex.addresses 快照 2026-08-12; 与 bsc/base 现库同址同所互证; 与 eth 现库同址同所互证(现库旧格式名: Binance 14),,,,2026-08-12,,,
0x5d7f34372fa8708e09689d400a613eee67f75543,arbitrum,Binance: Binance 42,cex,exclude,dune-cex-addresses,2022-08-28,Dune cex.addresses 快照 2026-08-12; 与 eth/bsc/base 现库同址同所互证,,,,2026-08-12,,,
0x631fc1ea2270e98fbd9d92658ece0f5a269aa161,arbitrum,Binance: Binance 44,cex,exclude,dune-cex-addresses,2023-11-20,Dune cex.addresses 快照 2026-08-12; 与 eth/base 现库同址同所互证; 与 bsc 现库同址同所互证(现库旧格式名: Binance BSC hot),,,,2026-08-12,,,
0x161ba15a5f335c9f06bb5bbb0a9ce14076fbb645,arbitrum,Binance: Binance 46,cex,exclude,dune-cex-addresses,2023-11-20,Dune cex.addresses 快照 2026-08-12; 与 eth/bsc/base 现库同址同所互证,,,,2026-08-12,,,
0x3c783c21a0383057d128bae431894a5c19f9cf06,arbitrum,Binance: Binance 47,cex,exclude,dune-cex-addresses,2023-11-20,Dune cex.addresses 快照 2026-08-12; 与 eth/bsc/base 现库同址同所互证,,,,2026-08-12,,,
0xb1256d6b31e4ae87da1d56e5890c66be7f1c038e,arbitrum,Binance: Binance 50,cex,exclude,dune-cex-addresses,2023-11-20,Dune cex.addresses 快照 2026-08-12; 与 eth/bsc/base 现库同址同所互证,,,,2026-08-12,,,
0x082489a616ab4d46d1947ee3f912e080815b08da,arbitrum,Binance: Binance 53,cex,exclude,dune-cex-addresses,2023-11-20,Dune cex.addresses 快照 2026-08-12; 与 eth/bsc/base 现库同址同所互证,,,,2026-08-12,,,
0x4fabb145d64652a948d72533023f6e7a623c7c53,arbitrum,Binance: Binance 62,cex,exclude,dune-cex-addresses,2023-11-22,Dune cex.addresses 快照 2026-08-12; 与 eth 现库同址同所互证; 与 bsc 现库同址同所互证(现库旧格式名: Binance 62),,,,2026-08-12,,,
0xf2de20dbf4b224af77aa4ff446f43318800bd6b4,arbitrum,Binance: Binance 63,cex,exclude,dune-cex-addresses,2023-11-22,Dune cex.addresses 快照 2026-08-12; 与 eth/bsc/base 现库同址同所互证,,,,2026-08-12,,,
0x4d072a68d0428a9a3054e03ad7ee61c557b537ab,arbitrum,Binance: Binance 65,cex,exclude,dune-cex-addresses,2023-11-22,Dune cex.addresses 快照 2026-08-12; 与 eth/bsc/base 现库同址同所互证,,,,2026-08-12,,,
0x290275e3db66394c52272398959845170e4dcb88,arbitrum,Binance: Binance 68,cex,exclude,dune-cex-addresses,2024-04-04,Dune cex.addresses 快照 2026-08-12; 与 eth/bsc/base 现库同址同所互证,,,,2026-08-12,,,
0x4a9e49a45a4b2545cb177f79c7381a30e1dc261f,arbitrum,Binance: Binance 80,cex,exclude,dune-cex-addresses,2024-04-20,Dune cex.addresses 快照 2026-08-12; 与 eth/bsc/base 现库同址同所互证,,,,2026-08-12,,,
0x835678a611b28684005a5e2233695fb6cbbb0007,arbitrum,Binance: Binance 84,cex,exclude,dune-cex-addresses,2024-04-20,Dune cex.addresses 快照 2026-08-12; 与 eth/bsc/base 现库同址同所互证,,,,2026-08-12,,,
0x7e278a68a35d76a7e4b2c9d8b778acd775c6d832,arbitrum,Binance: Binance 86,cex,exclude,dune-cex-addresses,2024-04-20,Dune cex.addresses 快照 2026-08-12; 与 eth/bsc/base 现库同址同所互证,,,,2026-08-12,,,
0x18e226459ccf0eec276514a4fd3b226d8961e4d1,arbitrum,Binance: Binance 103,cex,exclude,dune-cex-addresses,2025-07-05,Dune cex.addresses 快照 2026-08-12; 与 eth/bsc/base 现库同址同所互证,,,,2026-08-12,,,
0x4aec0e98fc1fb55b9cc2faaa7a81acca42cb4e96,arbitrum,Binance: Binance 111,cex,exclude,dune-cex-addresses,2025-07-07,Dune cex.addresses 快照 2026-08-12; 与 eth/bsc/base 现库同址同所互证,,,,2026-08-12,,,
0x3bce63c6c9abf7a47f52c9a3a7950867700b0158,arbitrum,Binance: Binance 114,cex,exclude,dune-cex-addresses,2025-07-07,Dune cex.addresses 快照 2026-08-12; 与 eth/bsc/base 现库同址同所互证,,,,2026-08-12,,,
0xf17aced3c7a8daa29ebb90db8d1b6efd8c364a18,arbitrum,Binance: Binance ETH Staking 3,cex,exclude,dune-cex-addresses,2024-10-06,Dune cex.addresses 快照 2026-08-12; 与 eth/bsc/base 现库同址同所互证,,,,2026-08-12,,,
0x57b83aaff113ef81a729b63274ed6f17404c9ba6,arbitrum,Bybit: Bybit 15,cex,exclude,dune-cex-addresses,2025-06-25,Dune cex.addresses 快照 2026-08-12; 与 eth/bsc/base 现库同址同所互证,,,,2026-08-12,,,
0x18e296053cbdf986196903e889b7dca7a73882f6,arbitrum,Bybit: Bybit 25,cex,exclude,dune-cex-addresses,2025-07-31,Dune cex.addresses 快照 2026-08-12; 与 eth/bsc/base 现库同址同所互证,,,,2026-08-12,,,
0x71660c4005ba85c37ccec55d0c4493e66fe775d3,arbitrum,Coinbase: Coinbase 1,cex,exclude,dune-cex-addresses,2022-08-28,Dune cex.addresses 快照 2026-08-12; 与 eth/bsc/base 现库同址同所互证,,,,2026-08-12,,,
0x77696bb39917c91a0c3908d577d5e322095425ca,arbitrum,Coinbase: Coinbase 11,cex,exclude,dune-cex-addresses,2022-08-28,Dune cex.addresses 快照 2026-08-12; 与 eth/bsc/base 现库同址同所互证,,,,2026-08-12,,,
0x3dd1d15b3c78d6acfd75a254e857cbe5b9ff0af2,arbitrum,Coinbase: Coinbase 24,cex,exclude,dune-cex-addresses,2023-11-19,Dune cex.addresses 快照 2026-08-12; 与 eth/bsc/base 现库同址同所互证,,,,2026-08-12,,,
0xc7bf35c9a3bdd1b1c19a6963de669cb45191a019,arbitrum,Coinbase: Coinbase 26,cex,exclude,dune-cex-addresses,2023-11-19,Dune cex.addresses 快照 2026-08-12; 与 eth/bsc/base 现库同址同所互证,,,,2026-08-12,,,
0x7830c87c02e56aff27fa8ab1241711331fa86f43,arbitrum,Coinbase: Coinbase 33,cex,exclude,dune-cex-addresses,2023-11-19,Dune cex.addresses 快照 2026-08-12; 与 eth/bsc/base 现库同址同所互证,,,,2026-08-12,,,
0xd839c179a4606f46abd7a757f7bb77d7593ae249,arbitrum,Coinbase: Coinbase 40,cex,exclude,dune-cex-addresses,2022-10-10,Dune cex.addresses 快照 2026-08-12; 与 eth/bsc/base 现库同址同所互证,,,,2026-08-12,,,
0x607094ed3a8361bb5e94dd21bcbef2997b687478,arbitrum,Coinbase: Coinbase 61,cex,exclude,dune-cex-addresses,2024-11-27,Dune cex.addresses 快照 2026-08-12; 与 eth/bsc/base 现库同址同所互证,,,,2026-08-12,,,
0x57a7560d0ec28065762203c0d633943298eac7c0,arbitrum,Coinbase: Coinbase 65,cex,exclude,dune-cex-addresses,2024-11-27,Dune cex.addresses 快照 2026-08-12; 与 eth/bsc/base 现库同址同所互证,,,,2026-08-12,,,
0x0b0a5886664376f59c351ba3f598c8a8b4d0a6f3,arbitrum,Coinbase: Coinbase 66,cex,exclude,dune-cex-addresses,2024-11-27,Dune cex.addresses 快照 2026-08-12; 与 eth/bsc/base 现库同址同所互证,,,,2026-08-12,,,
0x27724b0d4fb98a89a092e6a4adbc09154c182637,arbitrum,Coinbase: Coinbase 76,cex,exclude,dune-cex-addresses,2024-11-27,Dune cex.addresses 快照 2026-08-12; 与 eth/bsc/base 现库同址同所互证,,,,2026-08-12,,,
0x7c310a03f4cfa19f7f3d7f36dd3e05828629fa78,arbitrum,Coinbase: Coinbase 77,cex,exclude,dune-cex-addresses,2024-11-27,Dune cex.addresses 快照 2026-08-12; 与 eth/bsc/base 现库同址同所互证,,,,2026-08-12,,,
0xd55c1ae0e52918c864616dd5ffba6c50b8fbe39e,arbitrum,Coinbase: Coinbase 85,cex,exclude,dune-cex-addresses,2025-06-25,Dune cex.addresses 快照 2026-08-12; 与 eth/bsc/base 现库同址同所互证,,,,2026-08-12,,,
0x3eb9845b9c8f835ad130456f8dab6aef79af5272,arbitrum,Coinbase: Coinbase 86,cex,exclude,dune-cex-addresses,2025-06-25,Dune cex.addresses 快照 2026-08-12; 与 eth/bsc/base 现库同址同所互证,,,,2026-08-12,,,
0x04d4876932c7c375efcaeb7ae0ad00591acf09f6,arbitrum,Coinbase: Coinbase Gas Supplier 9,cex,exclude,dune-cex-addresses,2023-11-19,Dune cex.addresses 快照 2026-08-12; 与 eth/bsc/base 现库同址同所互证,,,,2026-08-12,,,
0x4a797a6fa930118b9bc267911751241b8c514faa,arbitrum,Coinbase: Coinbase Gas Supplier 17,cex,exclude,dune-cex-addresses,2024-05-25,Dune cex.addresses 快照 2026-08-12; 与 eth/bsc/base 现库同址同所互证,,,,2026-08-12,,,
0x292bf41e2506f88aa3e73721aabc75b4f08e664e,arbitrum,Coinbase: Coinbase LINK Hot 4,cex,exclude,dune-cex-addresses,2023-11-19,Dune cex.addresses 快照 2026-08-12; 与 eth/bsc/base 现库同址同所互证,,,,2026-08-12,,,
0xe0e65c40bcb1225d4ab3a13f3a9e21abbd83f9d0,arbitrum,Coinbase: Coinbase LINK Hot 10,cex,exclude,dune-cex-addresses,2023-11-19,Dune cex.addresses 快照 2026-08-12; 与 eth/bsc/base 现库同址同所互证,,,,2026-08-12,,,
0x221cec08c3df34763eed468705dc779cbe750ceb,arbitrum,Coinbase: Coinbase LINK Hot 14,cex,exclude,dune-cex-addresses,2023-11-19,Dune cex.addresses 快照 2026-08-12; 与 eth/bsc/base 现库同址同所互证,,,,2026-08-12,,,
0xa818c01c2fdf04f24f8d6bda3512e901f33a575e,arbitrum,Coinbase: Coinbase LINK Hot 15,cex,exclude,dune-cex-addresses,2023-11-19,Dune cex.addresses 快照 2026-08-12; 与 eth/bsc/base 现库同址同所互证,,,,2026-08-12,,,
0x5eb8825ca3cc1d3ac309abac112e97e90dbdc5e3,arbitrum,Coinbase: Coinbase Deployer 4,cex,exclude,dune-cex-addresses,2025-04-28,Dune cex.addresses 快照 2026-08-12; 与 eth/bsc/base 现库同址同所互证,,,,2026-08-12,,,
0x1e7016f7c23859d097668c27b72c170ed7129a10,arbitrum,Coinbase Prime: Coinbase Prime 3,cex,exclude,dune-cex-addresses,2023-11-17,Dune cex.addresses 快照 2026-08-12; 与 eth/bsc/base 现库同址同所互证,,,,2026-08-12,,,
0x276cdba3a39abf9cedba0f1948312c0681e6d5fd,arbitrum,OKX: OKX 22,cex,exclude,dune-cex-addresses,2023-11-15,Dune cex.addresses 快照 2026-08-12; 与 eth/bsc/base 现库同址同所互证,,,,2026-08-12,,,
0xbf94f0ac752c739f623c463b5210a7fb2cbb420b,arbitrum,OKX: OKX 24,cex,exclude,dune-cex-addresses,2023-11-15,Dune cex.addresses 快照 2026-08-12; 与 eth/bsc/base 现库同址同所互证,,,,2026-08-12,,,
0xf7858da8a6617f7c6d0ff2bcafdb6d2eedf64840,arbitrum,OKX: OKX 25,cex,exclude,dune-cex-addresses,2023-11-15,Dune cex.addresses 快照 2026-08-12; 与 eth/bsc/base 现库同址同所互证,,,,2026-08-12,,,
0xe95f6604a591f6ba33accb43a8a885c9c272108c,arbitrum,OKX: OKX 33,cex,exclude,dune-cex-addresses,2023-11-16,Dune cex.addresses 快照 2026-08-12; 与 eth/bsc/base 现库同址同所互证,,,,2026-08-12,,,
0x62383739d68dd0f844103db8dfb05a7eded5bbe6,arbitrum,OKX: OKX 40,cex,exclude,dune-cex-addresses,2023-11-22,Dune cex.addresses 快照 2026-08-12; 与 eth/bsc/base 现库同址同所互证,,,,2026-08-12,,,
0xebe80f029b1c02862b9e8a70a7e5317c06f62cae,arbitrum,OKX: OKX 42,cex,exclude,dune-cex-addresses,2023-11-24,Dune cex.addresses 快照 2026-08-12; 与 eth/bsc/base 现库同址同所互证,,,,2026-08-12,,,
0xed55e0d547fd2fa53aa64f587b21a9caa9e2d90f,arbitrum,OKX: OKX 44,cex,exclude,dune-cex-addresses,2024-04-19,Dune cex.addresses 快照 2026-08-12; 与 eth/bsc/base 现库同址同所互证,,,,2026-08-12,,,
0xba0a39d37151fa4f938bec51cdae4675105760f4,arbitrum,OKX: OKX 48,cex,exclude,dune-cex-addresses,2024-04-20,Dune cex.addresses 快照 2026-08-12; 与 eth/bsc/base 现库同址同所互证,,,,2026-08-12,,,
0xd3d7dbe73bbdd5a5c7a49ca322763c4d400fc240,arbitrum,OKX: OKX 62,cex,exclude,dune-cex-addresses,2024-04-20,Dune cex.addresses 快照 2026-08-12; 与 eth/bsc/base 现库同址同所互证,,,,2026-08-12,,,
0x0475dd0e4194422a8cac486dc69173f535d0baf4,arbitrum,OKX: OKX 82,cex,exclude,dune-cex-addresses,2024-04-20,Dune cex.addresses 快照 2026-08-12; 与 eth/bsc/base 现库同址同所互证,,,,2026-08-12,,,
0x06d3a30cbb00660b85a30988d197b1c282c6dcb6,arbitrum,OKX: OKX 83,cex,exclude,dune-cex-addresses,2024-04-20,Dune cex.addresses 快照 2026-08-12; 与 eth/bsc/base 现库同址同所互证,,,,2026-08-12,,,
0x4a11078a99b118bbfee78a5c187d98d264360433,arbitrum,OKX: OKX 102,cex,exclude,dune-cex-addresses,2024-04-20,Dune cex.addresses 快照 2026-08-12; 与 eth/bsc/base 现库同址同所互证,,,,2026-08-12,,,
0x4bcbaf34862e6480329477917cf5cd7b9537a98d,arbitrum,OKX: OKX 103,cex,exclude,dune-cex-addresses,2024-04-20,Dune cex.addresses 快照 2026-08-12; 与 eth/bsc/base 现库同址同所互证,,,,2026-08-12,,,
0x52738a51882f35d6b25a3fd0c86089ddbd206821,arbitrum,OKX: OKX 105,cex,exclude,dune-cex-addresses,2024-04-20,Dune cex.addresses 快照 2026-08-12; 与 eth/bsc/base 现库同址同所互证,,,,2026-08-12,,,
0x6b7ba57e1d43c2c975ba25139a04d193e64a11d0,arbitrum,OKX: OKX 116,cex,exclude,dune-cex-addresses,2024-04-20,Dune cex.addresses 快照 2026-08-12; 与 eth/bsc/base 现库同址同所互证,,,,2026-08-12,,,
0x96fdc631f02207b72e5804428dee274cf2ac0bcd,arbitrum,OKX: OKX 125,cex,exclude,dune-cex-addresses,2024-04-20,Dune cex.addresses 快照 2026-08-12; 与 eth/bsc/base 现库同址同所互证,,,,2026-08-12,,,
0x0f51a310a4dd79d373eb8be1c0ddd54570235443,arbitrum,OKX: OKX 134,cex,exclude,dune-cex-addresses,2024-04-20,Dune cex.addresses 快照 2026-08-12; 与 eth/bsc/base 现库同址同所互证,,,,2026-08-12,,,
0x3f83fd98d5fa84f3cbf8b275d6a10dfc5605cda2,arbitrum,OKX: OKX 146,cex,exclude,dune-cex-addresses,2024-10-06,Dune cex.addresses 快照 2026-08-12; 与 eth/bsc/base 现库同址同所互证,,,,2026-08-12,,,
0xf28143f7b282e59bd5f979012982e7cb9d9b95b0,arbitrum,OKX: OKX 159,cex,exclude,dune-cex-addresses,2025-06-25,Dune cex.addresses 快照 2026-08-12; 与 eth/bsc/base 现库同址同所互证,,,,2026-08-12,,,
0xf5988713400da6fc8a58ec9515e2b0df9b40b115,arbitrum,OKX: OKX 160,cex,exclude,dune-cex-addresses,2025-06-25,Dune cex.addresses 快照 2026-08-12; 与 eth/bsc/base 现库同址同所互证,,,,2026-08-12,,,
0x11b113383ce08e84001dc614f141ae4c27221e31,arbitrum,OKX: OKX 169,cex,exclude,dune-cex-addresses,2025-06-25,Dune cex.addresses 快照 2026-08-12; 与 eth/bsc/base 现库同址同所互证,,,,2026-08-12,,,
0x64fa910048403c5d2243f471d63fca013ecb4d2b,arbitrum,OKX: OKX 183,cex,exclude,dune-cex-addresses,2025-06-25,Dune cex.addresses 快照 2026-08-12; 与 eth/bsc/base 现库同址同所互证,,,,2026-08-12,,,
0xe5dcada7985d5907544b119a92e8d7f395dcfd19,arbitrum,OKX: OKX 197,cex,exclude,dune-cex-addresses,2025-06-25,Dune cex.addresses 快照 2026-08-12; 与 eth/bsc/base 现库同址同所互证,,,,2026-08-12,,,
0x00000000004e3d5628234f18b977041e5242651f,arbitrum,OKX: OKX 206,cex,exclude,dune-cex-addresses,2025-07-08,Dune cex.addresses 快照 2026-08-12; 与 eth/base 现库同址同所互证; 与 bsc 现库同址同所互证(现库旧格式名: OKX 206),,,,2026-08-12,,,
0x0003b5aa5e30e97fcc596bb5d0f3a75255e08d4e,arbitrum,OKX: OKX 207,cex,exclude,dune-cex-addresses,2025-07-08,Dune cex.addresses 快照 2026-08-12; 与 eth/bsc/base 现库同址同所互证,,,,2026-08-12,,,
0x57e2dcd253527a0f70c6a3de3556f6e6e163f19c,arbitrum,OKX: OKX 243,cex,exclude,dune-cex-addresses,2025-07-31,Dune cex.addresses 快照 2026-08-12; 与 eth 现库同址同所互证; 与 bsc 现库同址同所互证(现库旧格式名: OKX 243),,,,2026-08-12,,,
0x5a0036bcab4501e70f086c634e2958a8beae3a11,arbitrum,OKX: OKX ETH Staking 1,cex,exclude,dune-cex-addresses,2025-07-31,Dune cex.addresses 快照 2026-08-12; 与 eth/bsc/base 现库同址同所互证,,,,2026-08-12,,,
0x3b3ae790df4f312e745d270119c6052904fb6790,arbitrum,OKX: OKX DEX Aggregation Router,cex,exclude,dune-cex-addresses,2023-08-31,Dune cex.addresses 快照 2026-08-12; 与 eth 现库同址同所互证; 与 bsc 现库同址同所互证(现库旧格式名: OKX DEX Aggregation Router),,,,2026-08-12,,,
0xcba6a2397b322cf1389f6d1adc05f75f36b20116,arbitrum,OKX: OKX Gas Supplier 8,cex,exclude,dune-cex-addresses,2023-11-20,Dune cex.addresses 快照 2026-08-12; 与 eth/bsc/base 现库同址同所互证,,,,2026-08-12,,,
0x89b59726f9c42c350641182536bb045b9c6a36ca,arbitrum,OKX: OKX Gas Supplier 15,cex,exclude,dune-cex-addresses,2024-05-25,Dune cex.addresses 快照 2026-08-12; 与 eth/bsc/base 现库同址同所互证,,,,2026-08-12,,,
0x34189c75cbb13bdb4f5953cda6c3045cfca84a9e,arbitrum,HTX: HTX 30,cex,exclude,dune-cex-addresses,2022-08-28,Dune cex.addresses 快照 2026-08-12; 与 eth/bsc/base 现库同址同所互证,,,,2026-08-12,,,
0xa03400e098f4421b34a3a44a1b4e571419517687,arbitrum,HTX: HTX 52,cex,exclude,dune-cex-addresses,2024-04-04,Dune cex.addresses 快照 2026-08-12; 与 eth/bsc/base 现库同址同所互证,,,,2026-08-12,,,
0xa77ff0e1c52f58363a53282624c7baa5fa91687d,arbitrum,HTX: HTX 68,cex,exclude,dune-cex-addresses,2024-04-20,Dune cex.addresses 快照 2026-08-12; 与 eth/bsc/base 现库同址同所互证,,,,2026-08-12,,,
0xdd3cb5c974601bc3974d908ea4a86020f9999e0c,arbitrum,HTX: HTX 74,cex,exclude,dune-cex-addresses,2024-04-20,Dune cex.addresses 快照 2026-08-12; 与 eth/bsc/base 现库同址同所互证,,,,2026-08-12,,,
0xc7807e24338b41a34d849492920f2b9d0e4de2cd,arbitrum,HTX: HTX 104,cex,exclude,dune-cex-addresses,2025-06-16,Dune cex.addresses 快照 2026-08-12; 与 eth/bsc/base 现库同址同所互证,,,,2026-08-12,,,
0x04645af26b54bd85dc02ac65054e87362a72cb22,arbitrum,HTX: HTX Old Address 8,cex,exclude,dune-cex-addresses,2022-08-28,Dune cex.addresses 快照 2026-08-12; 与 eth/bsc/base 现库同址同所互证,,,,2026-08-12,,,
0x7793cd85c11a924478d358d49b05b37e91b5810f,arbitrum,Gate.io: Gate.io 2,cex,exclude,dune-cex-addresses,2022-08-28,Dune cex.addresses 快照 2026-08-12; 与 eth/bsc/base 现库同址同所互证,,,,2026-08-12,,,
0x85faa6c1f2450b9caea300838981c2e6e120c35c,arbitrum,Gate.io: Gate.io 7,cex,exclude,dune-cex-addresses,2024-04-20,Dune cex.addresses 快照 2026-08-12; 与 eth/bsc/base 现库同址同所互证,,,,2026-08-12,,,
0x0a869d79a7052c7f1b55a8ebabbea3420f0d1e13,arbitrum,Kraken: Kraken 2,cex,exclude,dune-cex-addresses,2022-08-28,Dune cex.addresses 快照 2026-08-12; 与 eth/bsc/base 现库同址同所互证,,,,2026-08-12,,,
0x89e51fa8ca5d66cd220baed62ed01e8951aa7c40,arbitrum,Kraken: Kraken 7,cex,exclude,dune-cex-addresses,2022-08-28,Dune cex.addresses 快照 2026-08-12; 与 eth/bsc/base 现库同址同所互证,,,,2026-08-12,,,
0xa83b11093c858c86321fbc4c20fe82cdbd58e09e,arbitrum,Kraken: Kraken 14,cex,exclude,dune-cex-addresses,2022-08-28,Dune cex.addresses 快照 2026-08-12; 与 eth/bsc/base 现库同址同所互证,,,,2026-08-12,,,
0x1f7bc4da1a0c2e49d7ef542f74cd46a3fe592cb1,arbitrum,Kraken: Kraken 16,cex,exclude,dune-cex-addresses,2023-11-20,Dune cex.addresses 快照 2026-08-12; 与 eth/bsc/base 现库同址同所互证,,,,2026-08-12,,,
0x2d070ed1321871841245d8ee5b84bd2712644322,arbitrum,Kraken: Kraken 17,cex,exclude,dune-cex-addresses,2023-11-20,Dune cex.addresses 快照 2026-08-12; 与 eth/bsc/base 现库同址同所互证,,,,2026-08-12,,,
0x555e179d64335945fc6b155b7235a31b0a595542,arbitrum,Kraken: Kraken 20,cex,exclude,dune-cex-addresses,2023-11-20,Dune cex.addresses 快照 2026-08-12; 与 eth/bsc/base 现库同址同所互证,,,,2026-08-12,,,
0x52f5f2add61c835ff10550402a46621ebd1071d5,arbitrum,Kraken: Kraken 30,cex,exclude,dune-cex-addresses,2023-11-20,Dune cex.addresses 快照 2026-08-12; 与 eth/bsc/base 现库同址同所互证,,,,2026-08-12,,,
0xce27fc71139d02f9a3d5cc1356add185750660ac,arbitrum,Kraken: Kraken 38,cex,exclude,dune-cex-addresses,2023-11-20,Dune cex.addresses 快照 2026-08-12; 与 eth/bsc/base 现库同址同所互证,,,,2026-08-12,,,
0xcdc8488e63a403bfd580222ea0f3719477bfea9c,arbitrum,Kraken: Kraken 40,cex,exclude,dune-cex-addresses,2023-11-20,Dune cex.addresses 快照 2026-08-12; 与 eth/bsc/base 现库同址同所互证,,,,2026-08-12,,,
0x26a78d5b6d7a7aceedd1e6ee3229b372a624d8b7,arbitrum,Kraken: Kraken 41,cex,exclude,dune-cex-addresses,2023-11-20,Dune cex.addresses 快照 2026-08-12; 与 eth/bsc/base 现库同址同所互证,,,,2026-08-12,,,
0x16b2b042f15564bb8585259f535907f375bdc415,arbitrum,Kraken: Kraken 43,cex,exclude,dune-cex-addresses,2023-11-20,Dune cex.addresses 快照 2026-08-12; 与 eth/bsc/base 现库同址同所互证,,,,2026-08-12,,,
0x16b34756653f88a89005e96c0622832d8fb6b0b5,arbitrum,Kraken: Kraken 51,cex,exclude,dune-cex-addresses,2023-11-20,Dune cex.addresses 快照 2026-08-12; 与 eth/bsc/base 现库同址同所互证,,,,2026-08-12,,,
0x6d0cf1f651f5ae585d24dcaa188d44e389e93d26,arbitrum,Kraken: Kraken 55,cex,exclude,dune-cex-addresses,2023-11-20,Dune cex.addresses 快照 2026-08-12; 与 eth/bsc/base 现库同址同所互证,,,,2026-08-12,,,
0x4b6f17856215eab57c29ebfa18b0a0f74a3627bb,arbitrum,Kraken: Kraken 57,cex,exclude,dune-cex-addresses,2024-04-04,Dune cex.addresses 快照 2026-08-12; 与 eth/bsc/base 现库同址同所互证,,,,2026-08-12,,,
0x72e93123e8b5d168246739cdc45360ea11209364,arbitrum,Kraken: Kraken 62,cex,exclude,dune-cex-addresses,2024-10-06,Dune cex.addresses 快照 2026-08-12; 与 eth/bsc 现库同址同所互证,,,,2026-08-12,,,
0xe1498a9ef5c6aa51790a642f70c31238326b1724,arbitrum,Kraken: Kraken 71,cex,exclude,dune-cex-addresses,2025-04-28,Dune cex.addresses 快照 2026-08-12; 与 eth/bsc/base 现库同址同所互证,,,,2026-08-12,,,
0xa939bffb33bed18dc0063737cb9ea41a1fdb2fe3,arbitrum,Kraken: Kraken 81,cex,exclude,dune-cex-addresses,2025-04-28,Dune cex.addresses 快照 2026-08-12; 与 eth/bsc/base 现库同址同所互证,,,,2026-08-12,,,
0x5360c1e24d2367ddbe9e2c6af0f93535e824ada8,arbitrum,Kraken: Kraken 87,cex,exclude,dune-cex-addresses,2025-04-28,Dune cex.addresses 快照 2026-08-12; 与 eth/bsc/base 现库同址同所互证,,,,2026-08-12,,,
0x07fdda8fc50f7df742b850a51e5871135f45b557,arbitrum,Kraken: Kraken 91,cex,exclude,dune-cex-addresses,2025-04-28,Dune cex.addresses 快照 2026-08-12; 与 eth/bsc/base 现库同址同所互证,,,,2026-08-12,,,
0x735b1c7fde46d12e16952f650ba05211d37b0e17,arbitrum,Kraken: Kraken 100,cex,exclude,dune-cex-addresses,2025-04-28,Dune cex.addresses 快照 2026-08-12; 与 eth/bsc/base 现库同址同所互证,,,,2026-08-12,,,
0x14af4dc16c65fd0c43937d7c6fc8f443da29d0bb,arbitrum,Kraken: Kraken 101,cex,exclude,dune-cex-addresses,2025-04-28,Dune cex.addresses 快照 2026-08-12; 与 eth/bsc/base 现库同址同所互证,,,,2026-08-12,,,
0x26c1df84f7917c5d90f1d8d744b0caaf1ae3fa11,arbitrum,Kraken: Kraken 104,cex,exclude,dune-cex-addresses,2025-04-28,Dune cex.addresses 快照 2026-08-12; 与 eth/bsc/base 现库同址同所互证,,,,2026-08-12,,,
0x479011b0cb148fd7cd0c3cca0c32f9c6777e577a,arbitrum,Kraken: Kraken 111,cex,exclude,dune-cex-addresses,2025-04-28,Dune cex.addresses 快照 2026-08-12; 与 eth/bsc/base 现库同址同所互证,,,,2026-08-12,,,
0xe2d6ae60244376c311cd4f54a8455ed18977134a,arbitrum,Kraken: Kraken 123,cex,exclude,dune-cex-addresses,2025-04-28,Dune cex.addresses 快照 2026-08-12; 与 eth/bsc/base 现库同址同所互证,,,,2026-08-12,,,
0x60637c83bd6aea40d637d91cca8d724272b2d5fa,arbitrum,Kraken: Kraken 125,cex,exclude,dune-cex-addresses,2025-04-28,Dune cex.addresses 快照 2026-08-12; 与 eth/bsc/base 现库同址同所互证,,,,2026-08-12,,,
0xf47b5defcd9642accf321f38c4ed319e4efeb47c,arbitrum,Kraken: Kraken 128,cex,exclude,dune-cex-addresses,2025-04-28,Dune cex.addresses 快照 2026-08-12; 与 eth/bsc/base 现库同址同所互证,,,,2026-08-12,,,
0x00d3c53b1ec47932c25595ba2e53e9db20fc7364,arbitrum,Kraken: Kraken 149,cex,exclude,dune-cex-addresses,2025-04-28,Dune cex.addresses 快照 2026-08-12; 与 eth/bsc/base 现库同址同所互证,,,,2026-08-12,,,
0xae4a9e227d5093995594fa0bd99e250686ac5ddc,arbitrum,Kraken: Kraken 155,cex,exclude,dune-cex-addresses,2025-04-28,Dune cex.addresses 快照 2026-08-12; 与 eth/bsc/base 现库同址同所互证,,,,2026-08-12,,,
0xd23629a6622bbd1f2a3e7d65c715d79e68273876,arbitrum,Kraken: Kraken 161,cex,exclude,dune-cex-addresses,2025-04-28,Dune cex.addresses 快照 2026-08-12; 与 eth/bsc/base 现库同址同所互证,,,,2026-08-12,,,
0x12fd1ac6c2237776ab04bdcb3dbadf6dfbf7f1b6,arbitrum,Kraken: Kraken 168,cex,exclude,dune-cex-addresses,2025-04-28,Dune cex.addresses 快照 2026-08-12; 与 eth/bsc/base 现库同址同所互证,,,,2026-08-12,,,
0x1ed8b3e4278184675fefa6981dea36f4535df417,arbitrum,Kraken: Kraken 176,cex,exclude,dune-cex-addresses,2025-05-04,Dune cex.addresses 快照 2026-08-12; 与 eth/bsc/base 现库同址同所互证,,,,2026-08-12,,,
0x3b3d891d9e4e150330b527306c70e3efa5620539,arbitrum,Kraken: Kraken 195,cex,exclude,dune-cex-addresses,2025-06-25,Dune cex.addresses 快照 2026-08-12; 与 eth/bsc/base 现库同址同所互证,,,,2026-08-12,,,
0x21ba9d82ac862daace296bc6467efce8e3190f1c,arbitrum,Kraken: Kraken 203,cex,exclude,dune-cex-addresses,2025-06-25,Dune cex.addresses 快照 2026-08-12; 与 eth/bsc/base 现库同址同所互证,,,,2026-08-12,,,
0x133fa49a01801264fc05a12ef5ef9db6a302e93d,arbitrum,Kraken: Kraken 222,cex,exclude,dune-cex-addresses,2025-06-25,Dune cex.addresses 快照 2026-08-12; 与 eth/bsc/base 现库同址同所互证,,,,2026-08-12,,,
0x4be139343989eb8ca3cb98b284accc2eaca5c16b,arbitrum,Kraken: Kraken 236,cex,exclude,dune-cex-addresses,2025-06-25,Dune cex.addresses 快照 2026-08-12; 与 eth/bsc/base 现库同址同所互证,,,,2026-08-12,,,
0x22af984f13dfb5c80145e3f9ee1050ae5a5fb651,arbitrum,Kraken: Kraken 240,cex,exclude,dune-cex-addresses,2025-07-31,Dune cex.addresses 快照 2026-08-12; 与 eth/bsc/base 现库同址同所互证,,,,2026-08-12,,,
0x97b9d2102a9a65a26e1ee82d59e42d1b73b68689,arbitrum,Bitget: Bitget 16,cex,exclude,dune-cex-addresses,2023-04-06,Dune cex.addresses 快照 2026-08-12; 与 eth/bsc/base 现库同址同所互证,,,,2026-08-12,,,
0x5bdf85216ec1e38d6458c870992a69e38e03f7ef,arbitrum,Bitget: Bitget 17,cex,exclude,dune-cex-addresses,2023-04-06,Dune cex.addresses 快照 2026-08-12; 与 eth/bsc/base 现库同址同所互证,,,,2026-08-12,,,
0xe6a421f24d330967a3af2f4cdb5c34067e7e4d75,arbitrum,Bitget: Bitget 19,cex,exclude,dune-cex-addresses,2023-04-06,Dune cex.addresses 快照 2026-08-12; 与 eth 现库同址同所互证; 与 bsc 现库同址同所互证(现库旧格式名: Bitget 19),,,,2026-08-12,,,
0xe80623a9d41f2f05780d9cd9cea0f797fd53062a,arbitrum,Bitget: Bitget 20,cex,exclude,dune-cex-addresses,2023-04-06,Dune cex.addresses 快照 2026-08-12; 与 eth 现库同址同所互证; 与 bsc 现库同址同所互证(现库旧格式名: Bitget 20),,,,2026-08-12,,,
0x51971c86b04516062c1e708cdc048cb04fbe959f,arbitrum,Bitget: Bitget 22,cex,exclude,dune-cex-addresses,2023-11-19,Dune cex.addresses 快照 2026-08-12; 与 eth/bsc/base 现库同址同所互证,,,,2026-08-12,,,
0x59708733fbbf64378d9293ec56b977c011a08fd2,arbitrum,Bitget: Bitget 34,cex,exclude,dune-cex-addresses,2025-06-27,Dune cex.addresses 快照 2026-08-12; 与 eth 现库同址同所互证; 与 bsc 现库同址同所互证(现库旧格式名: Bitget 34),,,,2026-08-12,,,
0x1692e170361cefd1eb7240ec13d048fd9af6d667,arbitrum,KuCoin: KuCoin 5,cex,exclude,dune-cex-addresses,2022-08-28,Dune cex.addresses 快照 2026-08-12; 与 eth/bsc/base 现库同址同所互证,,,,2026-08-12,,,
0xd6216fc19db775df9774a6e33526131da7d19a2c,arbitrum,KuCoin: KuCoin 6,cex,exclude,dune-cex-addresses,2022-08-28,Dune cex.addresses 快照 2026-08-12; 与 eth/bsc/base 现库同址同所互证,,,,2026-08-12,,,
0xec30d02f10353f8efc9601371f56e808751f396f,arbitrum,KuCoin: KuCoin 11,cex,exclude,dune-cex-addresses,2022-08-28,Dune cex.addresses 快照 2026-08-12; 与 eth/bsc/base 现库同址同所互证,,,,2026-08-12,,,
0xb8e6d31e7b212b2b7250ee9c26c56cebbfbe6b23,arbitrum,KuCoin: KuCoin 15,cex,exclude,dune-cex-addresses,2022-08-28,Dune cex.addresses 快照 2026-08-12; 与 eth/bsc/base 现库同址同所互证,,,,2026-08-12,,,
0xebb8ea128bbdff9a1780a4902a9380022371d466,arbitrum,KuCoin: KuCoin 20,cex,exclude,dune-cex-addresses,2023-11-22,Dune cex.addresses 快照 2026-08-12; 与 eth/bsc/base 现库同址同所互证,,,,2026-08-12,,,
0x635308e731a878741bfec299e67f5fd28c7553d9,arbitrum,KuCoin: KuCoin 22,cex,exclude,dune-cex-addresses,2023-11-23,Dune cex.addresses 快照 2026-08-12; 与 eth/bsc/base 现库同址同所互证,,,,2026-08-12,,,
0x9ac5637d295fea4f51e086c329d791cc157b1c84,arbitrum,KuCoin: KuCoin 23,cex,exclude,dune-cex-addresses,2023-11-23,Dune cex.addresses 快照 2026-08-12; 与 eth/bsc/base 现库同址同所互证,,,,2026-08-12,,,
0x14ea40648fc8c1781d19363f5b9cc9a877ac2469,arbitrum,KuCoin: KuCoin 28,cex,exclude,dune-cex-addresses,2024-04-20,Dune cex.addresses 快照 2026-08-12; 与 eth/bsc/base 现库同址同所互证,,,,2026-08-12,,,
0x83c41363cbee0081dab75cb841fa24f3db46627e,arbitrum,KuCoin: KuCoin 36,cex,exclude,dune-cex-addresses,2024-04-20,Dune cex.addresses 快照 2026-08-12; 与 eth/bsc/base 现库同址同所互证,,,,2026-08-12,,,
0x061f7937b7b2bc7596539959804f86538b6368dc,arbitrum,KuCoin: KuCoin Gas Supplier 1,cex,exclude,dune-cex-addresses,2023-08-31,Dune cex.addresses 快照 2026-08-12; 与 eth/bsc/base 现库同址同所互证,,,,2026-08-12,,,
0x1d791f12bb6808dc08ab365e2ec8913273c00193,arbitrum,Upbit: Upbit 22,cex,exclude,dune-cex-addresses,2025-07-31,Dune cex.addresses 快照 2026-08-12; 与 eth/bsc/base 现库同址同所互证,,,,2026-08-12,,,
0x9c22a4039f269e72de6b029b273be059cdbb831c,arbitrum,OKX: OKX 214,cex,exclude,dune-cex-addresses,2025-07-31,Dune cex.addresses 快照 2026-08-12; 与 eth/bsc/base 现库同址同所互证,,,,2026-08-12,,,
0x9391466ad56f2705ce5fd12e763a65509aee4862,arbitrum,OKX: OKX 211,cex,exclude,dune-cex-addresses,2025-07-31,Dune cex.addresses 快照 2026-08-12; 与 eth/bsc/base 现库同址同所互证,,,,2026-08-12,,,
