address,chain,name,category,tier,source,added_date,evidence,risk_flags,merge_policy,balance_policy,source_snapshot_at,verified_at,status,raw_labels
0x07fa79c3b8068b715b88553f6242dfb53c03249a,base,惯犯庄家（PING案·狙击集团）,serial-actor,identity,serial-offenders,2026-07-22,PING分析 appendix whale_group「狙击集团」,serial-offender,,,2026-07-17,2026-07-22,,
0x57cff09ea485ee9863c95a1f13bee9c8f481aeee,base,惯犯庄家（jesse案·狙击集团#5）,serial-actor,identity,serial-offenders,2026-07-22,jesse appendix whale_group「狙击集团#5」,serial-offender,,,2026-07-18,2026-07-22,,
0x625c271188742191a33f9aa48ecbe3d653e74150,base,惯犯庄家（jesse案·狙击集团#2）,serial-actor,identity,serial-offenders,2026-07-22,jesse appendix whale_group「狙击集团#2」,serial-offender,,,2026-07-18,2026-07-22,,
0x7b229dfab5dc7de384ac3cdf0c7efca961fc15de,base,惯犯庄家（jesse案·狙击集团#3）,serial-actor,identity,serial-offenders,2026-07-22,jesse appendix whale_group「狙击集团#3」,serial-offender,,,2026-07-18,2026-07-22,,
0x7d67c78efbbf7af121880739d7de86834001070d,base,惯犯庄家（PING案·小庄#1）,serial-actor,identity,serial-offenders,2026-07-22,PING分析 appendix whale_group「小庄#1」,serial-offender,,,2026-07-17,2026-07-22,,
0x7e9be88baefc5d6b7d56370f5703045a1247c695,base,惯犯庄家（PING案·小庄#1）,serial-actor,identity,serial-offenders,2026-07-22,PING分析 appendix whale_group「小庄#1」,serial-offender,,,2026-07-17,2026-07-22,,
0x7f24d29a29649f76773389e11c9b40afa37d9eed,base,惯犯庄家（jesse案·狙击集团#3）,serial-actor,identity,serial-offenders,2026-07-22,jesse appendix whale_group「狙击集团#3」,serial-offender,,,2026-07-18,2026-07-22,,
0x8466f2aa896b1c0ef34a7aeb93f78bfc2e80dfdd,base,惯犯庄家（jesse案·狙击集团#4）,serial-actor,identity,serial-offenders,2026-07-22,jesse appendix whale_group「狙击集团#4」,serial-offender,,,2026-07-18,2026-07-22,,
0x9572cbe40ff2ed3dd1a4c0fa1c4a89bae0decccb,base,惯犯庄家（jesse案·狙击集团#2）,serial-actor,identity,serial-offenders,2026-07-22,jesse appendix whale_group「狙击集团#2」,serial-offender,,,2026-07-18,2026-07-22,,
0x9f59fa05a4ad952ba90b101555fb5e2709c9d8bb,base,惯犯庄家（jesse案·狙击集团#1）,serial-actor,identity,serial-offenders,2026-07-22,jesse appendix whale_group「狙击集团#1」,serial-offender,,,2026-07-18,2026-07-22,,
0xac01842418c29e0041e17d179bafda759af9c3eb,base,惯犯庄家（jesse案·狙击集团#5）,serial-actor,identity,serial-offenders,2026-07-22,jesse appendix whale_group「狙击集团#5」,serial-offender,,,2026-07-18,2026-07-22,,
0xb1023928d0a4e2cada021574c7da5d390ae82251,base,惯犯庄家（jesse案·狙击集团#2）,serial-actor,identity,serial-offenders,2026-07-22,jesse appendix whale_group「狙击集团#2」,serial-offender,,,2026-07-18,2026-07-22,,
0xb10caf05b0a7677061dcb4cbcfb70c8508519023,base,惯犯庄家（jesse案·狙击集团#4）,serial-actor,identity,serial-offenders,2026-07-22,jesse appendix whale_group「狙击集团#4」,serial-offender,,,2026-07-18,2026-07-22,,
0xb416b68b317fb4dac6fc36b1c52e5efdf0610b91,base,惯犯庄家（jesse案·狙击集团#5）,serial-actor,identity,serial-offenders,2026-07-22,jesse appendix whale_group「狙击集团#5」,serial-offender,,,2026-07-18,2026-07-22,,
0xeee3d4a14759e91af3f95011e3840fd7f6f88dcb,base,惯犯庄家（jesse案·狙击集团#4）,serial-actor,identity,serial-offenders,2026-07-22,jesse appendix whale_group「狙击集团#4」,serial-offender,,,2026-07-18,2026-07-22,,
0xf6e39aa00ab607bd48cd82e77a91ed7c27d35745,base,惯犯庄家（jesse案·狙击集团#5）,serial-actor,identity,serial-offenders,2026-07-22,jesse appendix whale_group「狙击集团#5」,serial-offender,,,2026-07-18,2026-07-22,,
0xf7e6a4f99118f5c0bb67fe0fc631dbe944dcf197,base,惯犯庄家（jesse案·狙击集团#5）,serial-actor,identity,serial-offenders,2026-07-22,jesse appendix whale_group「狙击集团#5」,serial-offender,,,2026-07-18,2026-07-22,,
0x0000000071647c6c1ae028daf9f80c000beac2cc,bsc,惯犯庄家（QUQ案·大庄#1(刷量bot合约+EOA接力库存体系)）,serial-actor,identity,serial-offenders,2026-07-22,QUQ分析 appendix whale_group「大庄#1(刷量bot合约+EOA接力库存体系)」,serial-offender,,,2026-07-22,2026-07-22,,
0x00000000ae2193c4ac6521146b1adafe9b43361d,bsc,惯犯庄家（QUQ案·大庄#1(刷量bot合约+EOA接力库存体系)）,serial-actor,identity,serial-offenders,2026-07-22,QUQ分析 appendix whale_group「大庄#1(刷量bot合约+EOA接力库存体系)」,serial-offender,,,2026-07-22,2026-07-22,,
0x00000688768803bbd44095770895ad27ad6b0d95,bsc,惯犯庄家（QUQ案·大庄#1(刷量bot合约+EOA接力库存体系)）,serial-actor,identity,serial-offenders,2026-07-22,QUQ分析 appendix whale_group「大庄#1(刷量bot合约+EOA接力库存体系)」,serial-offender,,,2026-07-22,2026-07-22,,
0x0060fabcb822a85ba5db8fbfb91b8d1c73c72253,bsc,惯犯庄家（SIREN案·离场庄#1·核心链）,serial-actor,identity,serial-offenders,2026-07-22,SIREN分析2026-07-19 appendix whale_group「离场庄#1·核心链」,serial-offender,,,2026-07-19,2026-07-22,,
0x0083aaa0782f323970f9b5932978711f44e59163,bsc,惯犯庄家（QUQ案·大庄#1(刷量bot合约+EOA接力库存体系)）,serial-actor,identity,serial-offenders,2026-07-22,QUQ分析 appendix whale_group「大庄#1(刷量bot合约+EOA接力库存体系)」,serial-offender,,,2026-07-22,2026-07-22,,
0x008c4349aff924ace15967f6a2ae30e6b816a186,bsc,惯犯庄家（SIREN案·离场庄#1·核心链）,serial-actor,identity,serial-offenders,2026-07-22,SIREN分析2026-07-19 appendix whale_group「离场庄#1·核心链」,serial-offender,,,2026-07-19,2026-07-22,,
0x00ef4a342ce54df858af54299074c14b52dbb5a9,bsc,惯犯庄家（SIREN案·离场庄#1·核心链）,serial-actor,identity,serial-offenders,2026-07-22,SIREN分析2026-07-19 appendix whale_group「离场庄#1·核心链」,serial-offender,,,2026-07-19,2026-07-22,,
0x00f29e92ce7d93a10a5ec097fedf0c52d17e277d,bsc,惯犯庄家（SIREN案·离场庄#1·核心链）,serial-actor,identity,serial-offenders,2026-07-22,SIREN分析2026-07-19 appendix whale_group「离场庄#1·核心链」,serial-offender,,,2026-07-19,2026-07-22,,
0x013280327f9261f11fc0ff40c50374333fb55508,bsc,惯犯庄家（SIREN案·离场庄#1·核心链）,serial-actor,identity,serial-offenders,2026-07-22,SIREN分析2026-07-19 appendix whale_group「离场庄#1·核心链」,serial-offender,,,2026-07-19,2026-07-22,,
0x01351906fece911fb75c1128b766e123ad83bfc3,bsc,惯犯庄家（SIREN案·离场庄#1·核心链）,serial-actor,identity,serial-offenders,2026-07-22,SIREN分析2026-07-19 appendix whale_group「离场庄#1·核心链」,serial-offender,,,2026-07-19,2026-07-22,,
0x015cf312e457a9e3c4ec8654749aa7cb0242611a,bsc,惯犯庄家（QUQ案·大庄#1(刷量bot合约+EOA接力库存体系)）,serial-actor,identity,serial-offenders,2026-07-22,QUQ分析 appendix whale_group「大庄#1(刷量bot合约+EOA接力库存体系)」,serial-offender,,,2026-07-22,2026-07-22,,
0x01758290ba77ba04bd2b5e806ac4338af072d246,bsc,惯犯庄家（SIREN案·离场庄#1·核心链）,serial-actor,identity,serial-offenders,2026-07-22,SIREN分析2026-07-19 appendix whale_group「离场庄#1·核心链」,serial-offender,,,2026-07-19,2026-07-22,,
0x01a3787bcfa8cd7a207e9c986fa61c2d239b4e6b,bsc,惯犯庄家（SIREN案·离场庄#1·核心链）,serial-actor,identity,serial-offenders,2026-07-22,SIREN分析2026-07-19 appendix whale_group「离场庄#1·核心链」,serial-offender,,,2026-07-19,2026-07-22,,
0x023228fd49067cfed885ecbf94c80b258f787164,bsc,惯犯庄家（SIREN案·离场庄#1·核心链）,serial-actor,identity,serial-offenders,2026-07-22,SIREN分析2026-07-19 appendix whale_group「离场庄#1·核心链」,serial-offender,,,2026-07-19,2026-07-22,,
0x023c68ecff168e403417cea5fec8f0e2dd61ab9b,bsc,惯犯庄家（SIREN案·离场庄#1·核心链）,serial-actor,identity,serial-offenders,2026-07-22,SIREN分析2026-07-19 appendix whale_group「离场庄#1·核心链」,serial-offender,,,2026-07-19,2026-07-22,,
0x02785f89d3c2e292cf77f0af5a7fb62e509a4af9,bsc,惯犯庄家（SIREN案·离场庄#1·核心链）,serial-actor,identity,serial-offenders,2026-07-22,SIREN分析2026-07-19 appendix whale_group「离场庄#1·核心链」,serial-offender,,,2026-07-19,2026-07-22,,
0x02a00d01137ec1deb1e8b0ff075a26669ef38d4d,bsc,惯犯庄家（SIREN案·离场庄#1·核心链）,serial-actor,identity,serial-offenders,2026-07-22,SIREN分析2026-07-19 appendix whale_group「离场庄#1·核心链」,serial-offender,,,2026-07-19,2026-07-22,,
0x034c264af050e1dddb9a720b267b049e95a873dc,bsc,惯犯庄家（SIREN案·离场庄#1·核心链）,serial-actor,identity,serial-offenders,2026-07-22,SIREN分析2026-07-19 appendix whale_group「离场庄#1·核心链」,serial-offender,,,2026-07-19,2026-07-22,,
0x039bb3a84ca841c0dffc62024b5e6dadc55973d8,bsc,惯犯庄家（SIREN案·离场庄#1·核心链）,serial-actor,identity,serial-offenders,2026-07-22,SIREN分析2026-07-19 appendix whale_group「离场庄#1·核心链」,serial-offender,,,2026-07-19,2026-07-22,,
0x0426216ea097083091300f59385ee533636266ae,bsc,惯犯庄家（SIREN案·离场庄#1·核心链）,serial-actor,identity,serial-offenders,2026-07-22,SIREN分析2026-07-19 appendix whale_group「离场庄#1·核心链」,serial-offender,,,2026-07-19,2026-07-22,,
0x044f09b39a38482089d50f555f388bd91481dc71,bsc,惯犯庄家（SIREN案·离场庄#1·核心链）,serial-actor,identity,serial-offenders,2026-07-22,SIREN分析2026-07-19 appendix whale_group「离场庄#1·核心链」,serial-offender,,,2026-07-19,2026-07-22,,
0x046d5d7243c2fb0190d262f961a35163d37af7d9,bsc,惯犯庄家（SIREN案·离场庄#1·核心链）,serial-actor,identity,serial-offenders,2026-07-22,SIREN分析2026-07-19 appendix whale_group「离场庄#1·核心链」,serial-offender,,,2026-07-19,2026-07-22,,
0x0476e1521286b3452a7806a40f3473ed65ab0f28,bsc,惯犯庄家（SIREN案·离场庄#1·核心链）,serial-actor,identity,serial-offenders,2026-07-22,SIREN分析2026-07-19 appendix whale_group「离场庄#1·核心链」,serial-offender,,,2026-07-19,2026-07-22,,
0x04a8b9ec62121e95a3d3fb91e7a3a33b7b265b0a,bsc,惯犯庄家（SIREN案·离场庄#1·核心链）,serial-actor,identity,serial-offenders,2026-07-22,SIREN分析2026-07-19 appendix whale_group「离场庄#1·核心链」,serial-offender,,,2026-07-19,2026-07-22,,
0x04bae8f15e114cefabb34dce1ed63c30787c26dd,bsc,惯犯庄家（SIREN案·离场庄#1·核心链）,serial-actor,identity,serial-offenders,2026-07-22,SIREN分析2026-07-19 appendix whale_group「离场庄#1·核心链」,serial-offender,,,2026-07-19,2026-07-22,,
0x05271c8f78b09e755ca724bc2b35482202055684,bsc,惯犯庄家（SIREN案·离场庄#1·扩展与静置仓网）,serial-actor,identity,serial-offenders,2026-07-22,SIREN分析2026-07-19 appendix whale_group「离场庄#1·扩展与静置仓网」,serial-offender,,,2026-07-19,2026-07-22,,
0x05673f426b9724d962309b0b003803b758987fc4,bsc,惯犯庄家（SIREN案·离场庄#1·核心链）,serial-actor,identity,serial-offenders,2026-07-22,SIREN分析2026-07-19 appendix whale_group「离场庄#1·核心链」,serial-offender,,,2026-07-19,2026-07-22,,
0x0572a396b1e41d310afd3f4ff49a8216797164d7,bsc,惯犯庄家（SIREN案·离场庄#1·核心链）,serial-actor,identity,serial-offenders,2026-07-22,SIREN分析2026-07-19 appendix whale_group「离场庄#1·核心链」,serial-offender,,,2026-07-19,2026-07-22,,
0x05ac65aad0850a93e529e08feab6449b7547936c,bsc,惯犯庄家（SIREN案·离场庄#1·核心链）,serial-actor,identity,serial-offenders,2026-07-22,SIREN分析2026-07-19 appendix whale_group「离场庄#1·核心链」,serial-offender,,,2026-07-19,2026-07-22,,
0x05f04a08df246ce66d04b718c343f7190fe0848c,bsc,惯犯庄家（哈基米案·项目方(dev工作室)）,serial-actor,identity,serial-offenders,2026-07-22,哈基米分析 appendix whale_group「项目方(dev工作室)」,serial-offender,,,2026-07-18,2026-07-22,,
0x064e6217df49b18d6492c9cdbbff9857e9731316,bsc,惯犯庄家（SIREN案·离场庄#1·核心链）,serial-actor,identity,serial-offenders,2026-07-22,SIREN分析2026-07-19 appendix whale_group「离场庄#1·核心链」,serial-offender,,,2026-07-19,2026-07-22,,
0x069031009be02d36cd9716308b4418d576989053,bsc,惯犯庄家（SIREN案·离场庄#1·核心链）,serial-actor,identity,serial-offenders,2026-07-22,SIREN分析2026-07-19 appendix whale_group「离场庄#1·核心链」,serial-offender,,,2026-07-19,2026-07-22,,
0x06a53728fdf58a3638779cc849141391c5d7bee2,bsc,惯犯庄家（SIREN案·离场庄#1·核心链）,serial-actor,identity,serial-offenders,2026-07-22,SIREN分析2026-07-19 appendix whale_group「离场庄#1·核心链」,serial-offender,,,2026-07-19,2026-07-22,,
0x06ed562558653200ef38a2d5a513dce14552b237,bsc,惯犯庄家（QUQ案·大庄#1(刷量bot合约+EOA接力库存体系)）,serial-actor,identity,serial-offenders,2026-07-22,QUQ分析 appendix whale_group「大庄#1(刷量bot合约+EOA接力库存体系)」,serial-offender,,,2026-07-22,2026-07-22,,
0x07093194a963a68e436413cd4d8c5406c990fad4,bsc,惯犯庄家（SIREN案·离场庄#1·核心链）,serial-actor,identity,serial-offenders,2026-07-22,SIREN分析2026-07-19 appendix whale_group「离场庄#1·核心链」,serial-offender,,,2026-07-19,2026-07-22,,
0x0745b5618757984ddb4202c1ac0a7575bbaca8fe,bsc,惯犯庄家（SIREN案·离场庄#1·核心链）,serial-actor,identity,serial-offenders,2026-07-22,SIREN分析2026-07-19 appendix whale_group「离场庄#1·核心链」,serial-offender,,,2026-07-19,2026-07-22,,
0x078ae03df6d0e5084c98ae17a800ccb86f988f32,bsc,惯犯庄家（SIREN案·离场庄#1·核心链）,serial-actor,identity,serial-offenders,2026-07-22,SIREN分析2026-07-19 appendix whale_group「离场庄#1·核心链」,serial-offender,,,2026-07-19,2026-07-22,,
0x07bb7a4ffa58b230e64514875af681f8ae75935e,bsc,惯犯庄家（SIREN案·离场庄#1·核心链）,serial-actor,identity,serial-offenders,2026-07-22,SIREN分析2026-07-19 appendix whale_group「离场庄#1·核心链」,serial-offender,,,2026-07-19,2026-07-22,,
0x083469cfdfe35df143cef6d553a92e189190708a,bsc,惯犯庄家（SIREN案·离场庄#1·核心链）,serial-actor,identity,serial-offenders,2026-07-22,SIREN分析2026-07-19 appendix whale_group「离场庄#1·核心链」,serial-offender,,,2026-07-19,2026-07-22,,
0x08635aa28e1be0af240fdeecf0fac0c4edc52ebe,bsc,惯犯庄家（SIREN案·离场庄#1·核心链）,serial-actor,identity,serial-offenders,2026-07-22,SIREN分析2026-07-19 appendix whale_group「离场庄#1·核心链」,serial-offender,,,2026-07-19,2026-07-22,,
0x08787107ea4211fc20ee33c154af6d688a283889,bsc,惯犯庄家（SIREN案·离场庄#1·核心链）,serial-actor,identity,serial-offenders,2026-07-22,SIREN分析2026-07-19 appendix whale_group「离场庄#1·核心链」,serial-offender,,,2026-07-19,2026-07-22,,
0x08cdb309ea7ead0ae83ba8dece78467cbe981653,bsc,惯犯庄家（SIREN案·离场庄#1·核心链）,serial-actor,identity,serial-offenders,2026-07-22,SIREN分析2026-07-19 appendix whale_group「离场庄#1·核心链」,serial-offender,,,2026-07-19,2026-07-22,,
0x08e7347a1b06330b56b1bad3ffc3593bf2054c9e,bsc,惯犯庄家（SIREN案·离场庄#1·核心链）,serial-actor,identity,serial-offenders,2026-07-22,SIREN分析2026-07-19 appendix whale_group「离场庄#1·核心链」,serial-offender,,,2026-07-19,2026-07-22,,
0x09499c3a87763de533062f3390483e649adb2d35,bsc,惯犯庄家（SIREN案·离场庄#1·核心链）,serial-actor,identity,serial-offenders,2026-07-22,SIREN分析2026-07-19 appendix whale_group「离场庄#1·核心链」,serial-offender,,,2026-07-19,2026-07-22,,
0x095257efc7643558d8fcb10ea809198ded79899e,bsc,惯犯庄家（QUQ案·大庄#1(刷量bot合约+EOA接力库存体系)）,serial-actor,identity,serial-offenders,2026-07-22,QUQ分析 appendix whale_group「大庄#1(刷量bot合约+EOA接力库存体系)」,serial-offender,,,2026-07-22,2026-07-22,,
0x0982ec6d02538e34f22010a78e3c61c35be16dfd,bsc,惯犯庄家（SIREN案·离场庄#1·核心链）,serial-actor,identity,serial-offenders,2026-07-22,SIREN分析2026-07-19 appendix whale_group「离场庄#1·核心链」,serial-offender,,,2026-07-19,2026-07-22,,
0x09836b2c050235c9dbc828d759b925efd650b380,bsc,惯犯庄家（SIREN案·离场庄#1·核心链）,serial-actor,identity,serial-offenders,2026-07-22,SIREN分析2026-07-19 appendix whale_group「离场庄#1·核心链」,serial-offender,,,2026-07-19,2026-07-22,,
0x0995e86e8b8898868dd0c596617f6868c4946350,bsc,惯犯庄家（SIREN案·离场庄#1·核心链）,serial-actor,identity,serial-offenders,2026-07-22,SIREN分析2026-07-19 appendix whale_group「离场庄#1·核心链」,serial-offender,,,2026-07-19,2026-07-22,,
0x09d9badd3e19d5ddd704fd34c5e09b23755c49ee,bsc,惯犯庄家（SIREN案·离场庄#1·核心链）,serial-actor,identity,serial-offenders,2026-07-22,SIREN分析2026-07-19 appendix whale_group「离场庄#1·核心链」,serial-offender,,,2026-07-19,2026-07-22,,
0x09fc7bed4e6ee1ea7a697480c1dc11b8e892b33e,bsc,惯犯庄家（SIREN案·离场庄#1·核心链）,serial-actor,identity,serial-offenders,2026-07-22,SIREN分析2026-07-19 appendix whale_group「离场庄#1·核心链」,serial-offender,,,2026-07-19,2026-07-22,,
0x0a1931130d1e636a7529fc98fe3e454ffa21b625,bsc,惯犯庄家（SIREN案·离场庄#1·核心链）,serial-actor,identity,serial-offenders,2026-07-22,SIREN分析2026-07-19 appendix whale_group「离场庄#1·核心链」,serial-offender,,,2026-07-19,2026-07-22,,
0x0a547a6510ab625805046165889d6b4b345e0c55,bsc,惯犯庄家（QUQ案·大庄#1(刷量bot合约+EOA接力库存体系)）,serial-actor,identity,serial-offenders,2026-07-22,QUQ分析 appendix whale_group「大庄#1(刷量bot合约+EOA接力库存体系)」,serial-offender,,,2026-07-22,2026-07-22,,
0x0a9429aba07f9bd02b49bcaeb8b4611cc2d9e593,bsc,惯犯庄家（QUQ案·大庄#1(刷量bot合约+EOA接力库存体系)）,serial-actor,identity,serial-offenders,2026-07-22,QUQ分析 appendix whale_group「大庄#1(刷量bot合约+EOA接力库存体系)」,serial-offender,,,2026-07-22,2026-07-22,,
0x0a960739374ffb06772a4bb0d1ef96c5a8ae8e17,bsc,惯犯庄家（AKE案·小庄#2）,serial-actor,identity,serial-offenders,2026-07-22,AKE分析 appendix whale_group「小庄#2」,serial-offender,,,2026-07-19,2026-07-22,,
0x0be71391503e0a396f18c13ab5431b7fc9d754b7,bsc,惯犯庄家（SIREN案·离场庄#1·核心链）,serial-actor,identity,serial-offenders,2026-07-22,SIREN分析2026-07-19 appendix whale_group「离场庄#1·核心链」,serial-offender,,,2026-07-19,2026-07-22,,
0x0bf185d16e4db772870ecf543266bcf6b18f7fea,bsc,惯犯庄家（SIREN案·离场庄#1·核心链）,serial-actor,identity,serial-offenders,2026-07-22,SIREN分析2026-07-19 appendix whale_group「离场庄#1·核心链」,serial-offender,,,2026-07-19,2026-07-22,,
0x0c219fbf36f75af19c9c1be83d07bd4b45998184,bsc,惯犯庄家（SIREN案·离场庄#1·核心链）,serial-actor,identity,serial-offenders,2026-07-22,SIREN分析2026-07-19 appendix whale_group「离场庄#1·核心链」,serial-offender,,,2026-07-19,2026-07-22,,
0x0c2991f60459af73ec0fd9f328596bd0543bc39c,bsc,惯犯庄家（SIREN案·离场庄#1·核心链）,serial-actor,identity,serial-offenders,2026-07-22,SIREN分析2026-07-19 appendix whale_group「离场庄#1·核心链」,serial-offender,,,2026-07-19,2026-07-22,,
0x0c2f76321405d1a26a522cbedb3616829e74e11a,bsc,惯犯庄家（SIREN案·离场庄#1·核心链）,serial-actor,identity,serial-offenders,2026-07-22,SIREN分析2026-07-19 appendix whale_group「离场庄#1·核心链」,serial-offender,,,2026-07-19,2026-07-22,,
0x0c92643f601a8b5c46fc97f32d1e58bcd9306ebc,bsc,惯犯庄家（SIREN案·离场庄#1·核心链）,serial-actor,identity,serial-offenders,2026-07-22,SIREN分析2026-07-19 appendix whale_group「离场庄#1·核心链」,serial-offender,,,2026-07-19,2026-07-22,,
0x0c971258a4773ba5eac93055ed9a47f261f16dc1,bsc,惯犯庄家（SIREN案·离场庄#1·核心链）,serial-actor,identity,serial-offenders,2026-07-22,SIREN分析2026-07-19 appendix whale_group「离场庄#1·核心链」,serial-offender,,,2026-07-19,2026-07-22,,
0x0cc47fb4ac0cf5cfad13c4c0e3d9df6df46af1fc,bsc,惯犯庄家（SIREN案·离场庄#1·核心链）,serial-actor,identity,serial-offenders,2026-07-22,SIREN分析2026-07-19 appendix whale_group「离场庄#1·核心链」,serial-offender,,,2026-07-19,2026-07-22,,
0x0d301be00c11a0fb19e5208950d58359d3fc7c29,bsc,惯犯庄家（QUQ案·大庄#1(刷量bot合约+EOA接力库存体系)）,serial-actor,identity,serial-offenders,2026-07-22,QUQ分析 appendix whale_group「大庄#1(刷量bot合约+EOA接力库存体系)」,serial-offender,,,2026-07-22,2026-07-22,,
0x0d69285f53116594ed3f9fa208e18b787cb40fd2,bsc,惯犯庄家（SIREN案·离场庄#1·核心链）,serial-actor,identity,serial-offenders,2026-07-22,SIREN分析2026-07-19 appendix whale_group「离场庄#1·核心链」,serial-offender,,,2026-07-19,2026-07-22,,
0x0de416e12d739c5fa60045e1399a3d2876922498,bsc,惯犯庄家（SIREN案·离场庄#1·核心链）,serial-actor,identity,serial-offenders,2026-07-22,SIREN分析2026-07-19 appendix whale_group「离场庄#1·核心链」,serial-offender,,,2026-07-19,2026-07-22,,
0x0e1f6e3f6ebfc009c4d18399d5eec8ae2298d805,bsc,惯犯庄家（SIREN案·离场庄#1·核心链）,serial-actor,identity,serial-offenders,2026-07-22,SIREN分析2026-07-19 appendix whale_group「离场庄#1·核心链」,serial-offender,,,2026-07-19,2026-07-22,,
0x0e2af4eabbe78002c940e6959a662122f5a239f3,bsc,惯犯庄家（SIREN案·离场庄#1·核心链）,serial-actor,identity,serial-offenders,2026-07-22,SIREN分析2026-07-19 appendix whale_group「离场庄#1·核心链」,serial-offender,,,2026-07-19,2026-07-22,,
0x0e313c20c7d3284c63e3b3c8a20276173ed364c9,bsc,惯犯庄家（SIREN案·离场庄#1·核心链）,serial-actor,identity,serial-offenders,2026-07-22,SIREN分析2026-07-19 appendix whale_group「离场庄#1·核心链」,serial-offender,,,2026-07-19,2026-07-22,,
0x0efa276138f85ca4132e26b20171fc3adcbb7146,bsc,惯犯庄家（SIREN案·离场庄#1·核心链）,serial-actor,identity,serial-offenders,2026-07-22,SIREN分析2026-07-19 appendix whale_group「离场庄#1·核心链」,serial-offender,,,2026-07-19,2026-07-22,,
0x0efe91a1e42efc70baac4dcdd968891670a94394,bsc,惯犯庄家（SIREN案·离场庄#1·核心链）,serial-actor,identity,serial-offenders,2026-07-22,SIREN分析2026-07-19 appendix whale_group「离场庄#1·核心链」,serial-offender,,,2026-07-19,2026-07-22,,
0x0f4b899c90ebec639e262a9efe3469c9dd919908,bsc,惯犯庄家（SIREN案·离场庄#1·核心链）,serial-actor,identity,serial-offenders,2026-07-22,SIREN分析2026-07-19 appendix whale_group「离场庄#1·核心链」,serial-offender,,,2026-07-19,2026-07-22,,
0x0f68b881e05c61dc730cc2997a73b2112deb34a6,bsc,惯犯庄家（SIREN案·离场庄#1·核心链）,serial-actor,identity,serial-offenders,2026-07-22,SIREN分析2026-07-19 appendix whale_group「离场庄#1·核心链」,serial-offender,,,2026-07-19,2026-07-22,,
0x0f72fb132091c71838ee0f2ce30087620971661c,bsc,惯犯庄家（SIREN案·离场庄#1·核心链）,serial-actor,identity,serial-offenders,2026-07-22,SIREN分析2026-07-19 appendix whale_group「离场庄#1·核心链」,serial-offender,,,2026-07-19,2026-07-22,,
0x0f7faccdb72bbf2eea209696eeb067ddb53b43c0,bsc,惯犯庄家（SIREN案·离场庄#1·核心链）,serial-actor,identity,serial-offenders,2026-07-22,SIREN分析2026-07-19 appendix whale_group「离场庄#1·核心链」,serial-offender,,,2026-07-19,2026-07-22,,
0x0f90ff9247ffab0887e12812564f60bdce34b697,bsc,惯犯庄家（SIREN案·离场庄#1·核心链）,serial-actor,identity,serial-offenders,2026-07-22,SIREN分析2026-07-19 appendix whale_group「离场庄#1·核心链」,serial-offender,,,2026-07-19,2026-07-22,,
0x0faeb60e1b406c2f84454f169a2512a5792e1aa8,bsc,惯犯庄家（QUQ案·大庄#1(刷量bot合约+EOA接力库存体系)）,serial-actor,identity,serial-offenders,2026-07-22,QUQ分析 appendix whale_group「大庄#1(刷量bot合约+EOA接力库存体系)」,serial-offender,,,2026-07-22,2026-07-22,,
0x0fcc3eeaf7d71e5e42b1d27cae7d894fe0a6e3e4,bsc,惯犯庄家（SIREN案·离场庄#1·核心链）,serial-actor,identity,serial-offenders,2026-07-22,SIREN分析2026-07-19 appendix whale_group「离场庄#1·核心链」,serial-offender,,,2026-07-19,2026-07-22,,
0x0fea5faa0cb4a1892178c7d0eeb0c7d09aebcdbf,bsc,惯犯庄家（SIREN案·离场庄#1·核心链）,serial-actor,identity,serial-offenders,2026-07-22,SIREN分析2026-07-19 appendix whale_group「离场庄#1·核心链」,serial-offender,,,2026-07-19,2026-07-22,,
0x0ff7223e704e754999315e6edb9d63de9b097b5d,bsc,惯犯庄家（QUQ案·大庄#1(刷量bot合约+EOA接力库存体系)）,serial-actor,identity,serial-offenders,2026-07-22,QUQ分析 appendix whale_group「大庄#1(刷量bot合约+EOA接力库存体系)」,serial-offender,,,2026-07-22,2026-07-22,,
0x1019fbe34dc10179c92f0d0c37578a588548d269,bsc,惯犯庄家（SIREN案·离场庄#1·核心链）,serial-actor,identity,serial-offenders,2026-07-22,SIREN分析2026-07-19 appendix whale_group「离场庄#1·核心链」,serial-offender,,,2026-07-19,2026-07-22,,
0x1067ebc7f5595517aefaae31b29b92306a7b38c2,bsc,惯犯庄家（SIREN案·离场庄#1·核心链）,serial-actor,identity,serial-offenders,2026-07-22,SIREN分析2026-07-19 appendix whale_group「离场庄#1·核心链」,serial-offender,,,2026-07-19,2026-07-22,,
0x1094782be3d8e19faef85750b58a4661fbdbba3b,bsc,惯犯庄家（SIREN案·离场庄#1·核心链）,serial-actor,identity,serial-offenders,2026-07-22,SIREN分析2026-07-19 appendix whale_group「离场庄#1·核心链」,serial-offender,,,2026-07-19,2026-07-22,,
0x109f65d39111b330bc8ea3a8b99d4b00232a90aa,bsc,惯犯庄家（SIREN案·离场庄#1·扩展与静置仓网）,serial-actor,identity,serial-offenders,2026-07-22,SIREN分析2026-07-19 appendix whale_group「离场庄#1·扩展与静置仓网」,serial-offender,,,2026-07-19,2026-07-22,,
0x10b276962c55cf21f396a656c610e507e78a4b9b,bsc,惯犯庄家（SIREN案·离场庄#1·核心链）,serial-actor,identity,serial-offenders,2026-07-22,SIREN分析2026-07-19 appendix whale_group「离场庄#1·核心链」,serial-offender,,,2026-07-19,2026-07-22,,
0x10dd39178ce8b291f07cb15509d80e3c2ed01fe7,bsc,惯犯庄家（SIREN案·离场庄#1·核心链）,serial-actor,identity,serial-offenders,2026-07-22,SIREN分析2026-07-19 appendix whale_group「离场庄#1·核心链」,serial-offender,,,2026-07-19,2026-07-22,,
0x119908747b52662bb9a762d53c1063bfdbb7e10f,bsc,惯犯庄家（SIREN案·离场庄#1·核心链）,serial-actor,identity,serial-offenders,2026-07-22,SIREN分析2026-07-19 appendix whale_group「离场庄#1·核心链」,serial-offender,,,2026-07-19,2026-07-22,,
0x11d7bd817da88bf52de1827fef8a8206c71f2391,bsc,惯犯庄家（SIREN案·离场庄#1·核心链）,serial-actor,identity,serial-offenders,2026-07-22,SIREN分析2026-07-19 appendix whale_group「离场庄#1·核心链」,serial-offender,,,2026-07-19,2026-07-22,,
0x123348e235607b6c2cdae170cb6ac3b799bc135a,bsc,惯犯庄家（SIREN案·离场庄#1·核心链）,serial-actor,identity,serial-offenders,2026-07-22,SIREN分析2026-07-19 appendix whale_group「离场庄#1·核心链」,serial-offender,,,2026-07-19,2026-07-22,,
0x12d9c10970d3fa86b49bc5f22fe800862f0cbc75,bsc,惯犯庄家（QUQ案·大庄#1(刷量bot合约+EOA接力库存体系)）,serial-actor,identity,serial-offenders,2026-07-22,QUQ分析 appendix whale_group「大庄#1(刷量bot合约+EOA接力库存体系)」,serial-offender,,,2026-07-22,2026-07-22,,
0x12f1acf5edde43c403024111d6e7fdff293cdd83,bsc,惯犯庄家（SIREN案·离场庄#1·核心链）,serial-actor,identity,serial-offenders,2026-07-22,SIREN分析2026-07-19 appendix whale_group「离场庄#1·核心链」,serial-offender,,,2026-07-19,2026-07-22,,
0x12ff848402182d33ff7d6b8785a306241ff6e8c2,bsc,惯犯庄家（SIREN案·离场庄#1·核心链）,serial-actor,identity,serial-offenders,2026-07-22,SIREN分析2026-07-19 appendix whale_group「离场庄#1·核心链」,serial-offender,,,2026-07-19,2026-07-22,,
0x130444a5b4ce3ea31239920f9f692c44e165b022,bsc,惯犯庄家（SIREN案·离场庄#1·核心链）,serial-actor,identity,serial-offenders,2026-07-22,SIREN分析2026-07-19 appendix whale_group「离场庄#1·核心链」,serial-offender,,,2026-07-19,2026-07-22,,
0x13d5d7e173f3eb9c194496eba4e6b0e2f6aec440,bsc,惯犯庄家（SIREN案·离场庄#1·扩展与静置仓网）,serial-actor,identity,serial-offenders,2026-07-22,SIREN分析2026-07-19 appendix whale_group「离场庄#1·扩展与静置仓网」,serial-offender,,,2026-07-19,2026-07-22,,
0x140057c3c805aa518c345ba961d0609dc6cfa3d8,bsc,惯犯庄家（SIREN案·离场庄#1·扩展与静置仓网）,serial-actor,identity,serial-offenders,2026-07-22,SIREN分析2026-07-19 appendix whale_group「离场庄#1·扩展与静置仓网」,serial-offender,,,2026-07-19,2026-07-22,,
0x142bb930701d176bd4c2d5bb705fbcde093f422b,bsc,惯犯庄家（SIREN案·离场庄#1·核心链）,serial-actor,identity,serial-offenders,2026-07-22,SIREN分析2026-07-19 appendix whale_group「离场庄#1·核心链」,serial-offender,,,2026-07-19,2026-07-22,,
0x1455db79fb8d6d99ca39cd292e0ebeda3739574c,bsc,惯犯庄家（SIREN案·离场庄#1·核心链）,serial-actor,identity,serial-offenders,2026-07-22,SIREN分析2026-07-19 appendix whale_group「离场庄#1·核心链」,serial-offender,,,2026-07-19,2026-07-22,,
0x146603063cf3364f9b8e97cbc46e144a96534cdf,bsc,惯犯庄家（SIREN案·离场庄#1·核心链）,serial-actor,identity,serial-offenders,2026-07-22,SIREN分析2026-07-19 appendix whale_group「离场庄#1·核心链」,serial-offender,,,2026-07-19,2026-07-22,,
0x14945efa42f7e3e18b140b8a05a5db9c1d278364,bsc,惯犯庄家（SIREN案·离场庄#1·核心链）,serial-actor,identity,serial-offenders,2026-07-22,SIREN分析2026-07-19 appendix whale_group「离场庄#1·核心链」,serial-offender,,,2026-07-19,2026-07-22,,
0x14d153697eaa37a22e4cfacc2807076e46561d23,bsc,惯犯庄家（SIREN案·离场庄#1·核心链）,serial-actor,identity,serial-offenders,2026-07-22,SIREN分析2026-07-19 appendix whale_group「离场庄#1·核心链」,serial-offender,,,2026-07-19,2026-07-22,,
0x14f251dfadea89b9f998326338edfdf1c25fad6e,bsc,惯犯庄家（SIREN案·离场庄#1·核心链）,serial-actor,identity,serial-offenders,2026-07-22,SIREN分析2026-07-19 appendix whale_group「离场庄#1·核心链」,serial-offender,,,2026-07-19,2026-07-22,,
0x14f3eaa52da3f2f58302cf366b28d9ea104ee88d,bsc,惯犯庄家（QUQ案·大庄#1(刷量bot合约+EOA接力库存体系)）,serial-actor,identity,serial-offenders,2026-07-22,QUQ分析 appendix whale_group「大庄#1(刷量bot合约+EOA接力库存体系)」,serial-offender,,,2026-07-22,2026-07-22,,
0x152ad829283952305118a4dd21bc3b0458d08a3e,bsc,惯犯庄家（SIREN案·离场庄#1·核心链）,serial-actor,identity,serial-offenders,2026-07-22,SIREN分析2026-07-19 appendix whale_group「离场庄#1·核心链」,serial-offender,,,2026-07-19,2026-07-22,,
0x157023ffca9d097977cd9c5f5688211859a97074,bsc,惯犯庄家（SIREN案·离场庄#1·核心链）,serial-actor,identity,serial-offenders,2026-07-22,SIREN分析2026-07-19 appendix whale_group「离场庄#1·核心链」,serial-offender,,,2026-07-19,2026-07-22,,
0x15a50ee830c2bd53ceae90145e7b7064b7efabea,bsc,惯犯庄家（SIREN案·离场庄#1·核心链）,serial-actor,identity,serial-offenders,2026-07-22,SIREN分析2026-07-19 appendix whale_group「离场庄#1·核心链」,serial-offender,,,2026-07-19,2026-07-22,,
0x15ac4bdfb08211524b38df1d539050be71fbcbf8,bsc,惯犯庄家（SIREN案·离场庄#1·核心链）,serial-actor,identity,serial-offenders,2026-07-22,SIREN分析2026-07-19 appendix whale_group「离场庄#1·核心链」,serial-offender,,,2026-07-19,2026-07-22,,
0x15db6bb105fe73226a5bff417f39cc8daefb2859,bsc,惯犯庄家（SIREN案·离场庄#1·核心链）,serial-actor,identity,serial-offenders,2026-07-22,SIREN分析2026-07-19 appendix whale_group「离场庄#1·核心链」,serial-offender,,,2026-07-19,2026-07-22,,
0x162281559f55f9bd1f6928db7929f10caf65ec28,bsc,惯犯庄家（SIREN案·离场庄#1·核心链）,serial-actor,identity,serial-offenders,2026-07-22,SIREN分析2026-07-19 appendix whale_group「离场庄#1·核心链」,serial-offender,,,2026-07-19,2026-07-22,,
0x1645dcd1ea47a842b08faecfb108d168fb0d1f73,bsc,惯犯庄家（QUQ案·大庄#1(刷量bot合约+EOA接力库存体系)）,serial-actor,identity,serial-offenders,2026-07-22,QUQ分析 appendix whale_group「大庄#1(刷量bot合约+EOA接力库存体系)」,serial-offender,,,2026-07-22,2026-07-22,,
0x165f05e9aaef8800346cb864de5a0aa50484d1a1,bsc,惯犯庄家（SIREN案·离场庄#1·核心链）,serial-actor,identity,serial-offenders,2026-07-22,SIREN分析2026-07-19 appendix whale_group「离场庄#1·核心链」,serial-offender,,,2026-07-19,2026-07-22,,
0x167783d55332744ed9a2617c9f84e63eea0069c8,bsc,惯犯庄家（SIREN案·离场庄#1·扩展与静置仓网）,serial-actor,identity,serial-offenders,2026-07-22,SIREN分析2026-07-19 appendix whale_group「离场庄#1·扩展与静置仓网」,serial-offender,,,2026-07-19,2026-07-22,,
0x16787da38cb083644d63c99d06ce7e68818708d5,bsc,惯犯庄家（QUQ案·大庄#1(刷量bot合约+EOA接力库存体系)）,serial-actor,identity,serial-offenders,2026-07-22,QUQ分析 appendix whale_group「大庄#1(刷量bot合约+EOA接力库存体系)」,serial-offender,,,2026-07-22,2026-07-22,,
0x168f5d316e42769b5cffaa5ed35ca5cbd36057f3,bsc,惯犯庄家（SIREN案·离场庄#1·核心链）,serial-actor,identity,serial-offenders,2026-07-22,SIREN分析2026-07-19 appendix whale_group「离场庄#1·核心链」,serial-offender,,,2026-07-19,2026-07-22,,
0x16f17e0f9196b0ddddce9fd238317507a13bcc6d,bsc,惯犯庄家（QUQ案·大庄#1(刷量bot合约+EOA接力库存体系)）,serial-actor,identity,serial-offenders,2026-07-22,QUQ分析 appendix whale_group「大庄#1(刷量bot合约+EOA接力库存体系)」,serial-offender,,,2026-07-22,2026-07-22,,
0x1708fb196c70b14ba6b989cd5f192f809134a56d,bsc,惯犯庄家（QUQ案·大庄#1(刷量bot合约+EOA接力库存体系)）,serial-actor,identity,serial-offenders,2026-07-22,QUQ分析 appendix whale_group「大庄#1(刷量bot合约+EOA接力库存体系)」,serial-offender,,,2026-07-22,2026-07-22,,
0x17144305988f6adaf831c03fbeb12ae984548907,bsc,惯犯庄家（SIREN案·离场庄#1·扩展与静置仓网）,serial-actor,identity,serial-offenders,2026-07-22,SIREN分析2026-07-19 appendix whale_group「离场庄#1·扩展与静置仓网」,serial-offender,,,2026-07-19,2026-07-22,,
0x1759c8be41cf122e2e5965048f82c168ef2235f7,bsc,惯犯庄家（SIREN案·离场庄#1·核心链）,serial-actor,identity,serial-offenders,2026-07-22,SIREN分析2026-07-19 appendix whale_group「离场庄#1·核心链」,serial-offender,,,2026-07-19,2026-07-22,,
0x17a96d1771f4714adbc1267e43c8aabf4777ed97,bsc,惯犯庄家（QUQ案·大庄#1(刷量bot合约+EOA接力库存体系)）,serial-actor,identity,serial-offenders,2026-07-22,QUQ分析 appendix whale_group「大庄#1(刷量bot合约+EOA接力库存体系)」,serial-offender,,,2026-07-22,2026-07-22,,
0x182609ac1d2627e606631605c091c43bb4120d9a,bsc,惯犯庄家（SIREN案·离场庄#1·核心链）,serial-actor,identity,serial-offenders,2026-07-22,SIREN分析2026-07-19 appendix whale_group「离场庄#1·核心链」,serial-offender,,,2026-07-19,2026-07-22,,
0x1853f38868a139227a75cc5d64dc493a22c0c4ee,bsc,惯犯庄家（QUQ案·大庄#1(刷量bot合约+EOA接力库存体系)）,serial-actor,identity,serial-offenders,2026-07-22,QUQ分析 appendix whale_group「大庄#1(刷量bot合约+EOA接力库存体系)」,serial-offender,,,2026-07-22,2026-07-22,,
0x1868484c4687ca27130991019ba2f402ddc5c5b8,bsc,惯犯庄家（SIREN案·离场庄#1·核心链）,serial-actor,identity,serial-offenders,2026-07-22,SIREN分析2026-07-19 appendix whale_group「离场庄#1·核心链」,serial-offender,,,2026-07-19,2026-07-22,,
0x1873e1620866cc0fba98efa882db07e950033d2a,bsc,惯犯庄家（SIREN案·离场庄#1·核心链）,serial-actor,identity,serial-offenders,2026-07-22,SIREN分析2026-07-19 appendix whale_group「离场庄#1·核心链」,serial-offender,,,2026-07-19,2026-07-22,,
0x1891ab60169901406a89d0e070500fb6ce319bb9,bsc,惯犯庄家（SIREN案·离场庄#1·核心链）,serial-actor,identity,serial-offenders,2026-07-22,SIREN分析2026-07-19 appendix whale_group「离场庄#1·核心链」,serial-offender,,,2026-07-19,2026-07-22,,
0x18d9b2ea9f6e223e16a80089769347f93208def6,bsc,惯犯庄家（SIREN案·离场庄#1·核心链）,serial-actor,identity,serial-offenders,2026-07-22,SIREN分析2026-07-19 appendix whale_group「离场庄#1·核心链」,serial-offender,,,2026-07-19,2026-07-22,,
0x1911c4fd8cccc5931ab39e66779ea4b5a851827a,bsc,惯犯庄家（QUQ案·大庄#1(刷量bot合约+EOA接力库存体系)）,serial-actor,identity,serial-offenders,2026-07-22,QUQ分析 appendix whale_group「大庄#1(刷量bot合约+EOA接力库存体系)」,serial-offender,,,2026-07-22,2026-07-22,,
0x1948e630c06ad54dd3fd394d082e88ed2d3b31a2,bsc,惯犯庄家（SIREN案·离场庄#1·扩展与静置仓网）,serial-actor,identity,serial-offenders,2026-07-22,SIREN分析2026-07-19 appendix whale_group「离场庄#1·扩展与静置仓网」,serial-offender,,,2026-07-19,2026-07-22,,
0x1988ef25ecc0a40fe8399f0663487c086fe83c21,bsc,惯犯庄家（SIREN案·离场庄#1·核心链）,serial-actor,identity,serial-offenders,2026-07-22,SIREN分析2026-07-19 appendix whale_group「离场庄#1·核心链」,serial-offender,,,2026-07-19,2026-07-22,,
0x19dd4ba4fce276eb99088c22410c57970ca06180,bsc,惯犯庄家（QUQ案·大庄#1(刷量bot合约+EOA接力库存体系)）,serial-actor,identity,serial-offenders,2026-07-22,QUQ分析 appendix whale_group「大庄#1(刷量bot合约+EOA接力库存体系)」,serial-offender,,,2026-07-22,2026-07-22,,
0x1a13126291c403d7dc7c356dbdf24b2e631b3bf3,bsc,惯犯庄家（QUQ案·大庄#1(刷量bot合约+EOA接力库存体系)）,serial-actor,identity,serial-offenders,2026-07-22,QUQ分析 appendix whale_group「大庄#1(刷量bot合约+EOA接力库存体系)」,serial-offender,,,2026-07-22,2026-07-22,,
0x1a1c91d8cf77edd9c38a479eed25a82292e3066f,bsc,惯犯庄家（SIREN案·离场庄#1·核心链）,serial-actor,identity,serial-offenders,2026-07-22,SIREN分析2026-07-19 appendix whale_group「离场庄#1·核心链」,serial-offender,,,2026-07-19,2026-07-22,,
0x1a29375ee09b38afaa23bed65f30c85230e27599,bsc,惯犯庄家（QUQ案·大庄#1(刷量bot合约+EOA接力库存体系)）,serial-actor,identity,serial-offenders,2026-07-22,QUQ分析 appendix whale_group「大庄#1(刷量bot合约+EOA接力库存体系)」,serial-offender,,,2026-07-22,2026-07-22,,
0x1a35b355980b4cbbdc3336cbb36d979e91ccbac0,bsc,惯犯庄家（SIREN案·离场庄#1·核心链）,serial-actor,identity,serial-offenders,2026-07-22,SIREN分析2026-07-19 appendix whale_group「离场庄#1·核心链」,serial-offender,,,2026-07-19,2026-07-22,,
0x1a40696c961ebd7cc5141a803c9305b117745283,bsc,惯犯庄家（SIREN案·离场庄#1·核心链）,serial-actor,identity,serial-offenders,2026-07-22,SIREN分析2026-07-19 appendix whale_group「离场庄#1·核心链」,serial-offender,,,2026-07-19,2026-07-22,,
0x1a4b915c161e9357769a3e0fb5101109f3868f90,bsc,惯犯庄家（SIREN案·离场庄#1·核心链）,serial-actor,identity,serial-offenders,2026-07-22,SIREN分析2026-07-19 appendix whale_group「离场庄#1·核心链」,serial-offender,,,2026-07-19,2026-07-22,,
0x1a7c2437ff11a5fb13a8b75b123a1c3d566593e3,bsc,惯犯庄家（SIREN案·离场庄#1·核心链）,serial-actor,identity,serial-offenders,2026-07-22,SIREN分析2026-07-19 appendix whale_group「离场庄#1·核心链」,serial-offender,,,2026-07-19,2026-07-22,,
0x1abc49945f2910ef2ca8c0d1f4ebbace066febc0,bsc,惯犯庄家（QUQ案·大庄#1(刷量bot合约+EOA接力库存体系)）,serial-actor,identity,serial-offenders,2026-07-22,QUQ分析 appendix whale_group「大庄#1(刷量bot合约+EOA接力库存体系)」,serial-offender,,,2026-07-22,2026-07-22,,
0x1ac2d1716fc2d8bd4cb5256c2053413a47451632,bsc,惯犯庄家（QUQ案·大庄#1(刷量bot合约+EOA接力库存体系)）,serial-actor,identity,serial-offenders,2026-07-22,QUQ分析 appendix whale_group「大庄#1(刷量bot合约+EOA接力库存体系)」,serial-offender,,,2026-07-22,2026-07-22,,
0x1b2532b73ca56cb0efd708ed59a4f6e924d5d682,bsc,惯犯庄家（SIREN案·离场庄#1·核心链）,serial-actor,identity,serial-offenders,2026-07-22,SIREN分析2026-07-19 appendix whale_group「离场庄#1·核心链」,serial-offender,,,2026-07-19,2026-07-22,,
0x1b7c539a837bc1d309eb88c21ad3cd8f1435620b,bsc,惯犯庄家（SIREN案·离场庄#1·扩展与静置仓网）,serial-actor,identity,serial-offenders,2026-07-22,SIREN分析2026-07-19 appendix whale_group「离场庄#1·扩展与静置仓网」,serial-offender,,,2026-07-19,2026-07-22,,
0x1bb06df6f299cd411fe31123cca4165d964a6d04,bsc,惯犯庄家（SIREN案·离场庄#1·核心链）,serial-actor,identity,serial-offenders,2026-07-22,SIREN分析2026-07-19 appendix whale_group「离场庄#1·核心链」,serial-offender,,,2026-07-19,2026-07-22,,
0x1bdf26b083e41d239381f999dee3c64f26122af2,bsc,惯犯庄家（SIREN案·离场庄#1·核心链）,serial-actor,identity,serial-offenders,2026-07-22,SIREN分析2026-07-19 appendix whale_group「离场庄#1·核心链」,serial-offender,,,2026-07-19,2026-07-22,,
0x1be094e80bb3a7eb5ba6d015c94d9522641b1a53,bsc,惯犯庄家（SIREN案·离场庄#1·核心链）,serial-actor,identity,serial-offenders,2026-07-22,SIREN分析2026-07-19 appendix whale_group「离场庄#1·核心链」,serial-offender,,,2026-07-19,2026-07-22,,
0x1bf73246c7e73d42789b2dd8df888cab9417fb7f,bsc,惯犯庄家（SIREN案·离场庄#1·核心链）,serial-actor,identity,serial-offenders,2026-07-22,SIREN分析2026-07-19 appendix whale_group「离场庄#1·核心链」,serial-offender,,,2026-07-19,2026-07-22,,
0x1c11e2f4a65ea12085874049ac2a7fdb701c5569,bsc,惯犯庄家（SIREN案·离场庄#1·核心链）,serial-actor,identity,serial-offenders,2026-07-22,SIREN分析2026-07-19 appendix whale_group「离场庄#1·核心链」,serial-offender,,,2026-07-19,2026-07-22,,
0x1c1a6f83b79d4f147b5b075a45852d7e2581cc91,bsc,惯犯庄家（SIREN案·离场庄#1·核心链）,serial-actor,identity,serial-offenders,2026-07-22,SIREN分析2026-07-19 appendix whale_group「离场庄#1·核心链」,serial-offender,,,2026-07-19,2026-07-22,,
0x1c1d56e971f175f7d212e2fc8dcb6e2d6edee081,bsc,惯犯庄家（SIREN案·离场庄#1·核心链）,serial-actor,identity,serial-offenders,2026-07-22,SIREN分析2026-07-19 appendix whale_group「离场庄#1·核心链」,serial-offender,,,2026-07-19,2026-07-22,,
0x1c219ac8ad082cd62f034e35a6dedeb5cef205f7,bsc,惯犯庄家（QUQ案·大庄#1(刷量bot合约+EOA接力库存体系)）,serial-actor,identity,serial-offenders,2026-07-22,QUQ分析 appendix whale_group「大庄#1(刷量bot合约+EOA接力库存体系)」,serial-offender,,,2026-07-22,2026-07-22,,
0x1c24bcb04e695565674744d88517d8ba7e72488e,bsc,惯犯庄家（SIREN案·离场庄#1·核心链）,serial-actor,identity,serial-offenders,2026-07-22,SIREN分析2026-07-19 appendix whale_group「离场庄#1·核心链」,serial-offender,,,2026-07-19,2026-07-22,,
0x1c51587c7e79c6b8e77acb88f368357dc4e60542,bsc,惯犯庄家（QUQ案·大庄#1(刷量bot合约+EOA接力库存体系)）,serial-actor,identity,serial-offenders,2026-07-22,QUQ分析 appendix whale_group「大庄#1(刷量bot合约+EOA接力库存体系)」,serial-offender,,,2026-07-22,2026-07-22,,
0x1c5f1f76aaea3ba8999c11821400c9d66cf85d50,bsc,惯犯庄家（SIREN案·离场庄#1·核心链）,serial-actor,identity,serial-offenders,2026-07-22,SIREN分析2026-07-19 appendix whale_group「离场庄#1·核心链」,serial-offender,,,2026-07-19,2026-07-22,,
0x1c5fb1f8f079fb43d03c6d2283941fab90b36de0,bsc,惯犯庄家（SIREN案·离场庄#1·核心链）,serial-actor,identity,serial-offenders,2026-07-22,SIREN分析2026-07-19 appendix whale_group「离场庄#1·核心链」,serial-offender,,,2026-07-19,2026-07-22,,
0x1ca70497ff8362a5102e62d470c2e04438f84a0f,bsc,惯犯庄家（SIREN案·离场庄#1·核心链）,serial-actor,identity,serial-offenders,2026-07-22,SIREN分析2026-07-19 appendix whale_group「离场庄#1·核心链」,serial-offender,,,2026-07-19,2026-07-22,,
0x1d097a00ca05fe1b00c3f283c0abaf94f3cccc1d,bsc,惯犯庄家（QUQ案·大庄#1(刷量bot合约+EOA接力库存体系)）,serial-actor,identity,serial-offenders,2026-07-22,QUQ分析 appendix whale_group「大庄#1(刷量bot合约+EOA接力库存体系)」,serial-offender,,,2026-07-22,2026-07-22,,
0x1d4a6c64cf270635e91d6dde5541f055c343ef85,bsc,惯犯庄家（SIREN案·离场庄#1·核心链）,serial-actor,identity,serial-offenders,2026-07-22,SIREN分析2026-07-19 appendix whale_group「离场庄#1·核心链」,serial-offender,,,2026-07-19,2026-07-22,,
0x1db5f93bdd705af22d732f78da5c4d7d4c699124,bsc,惯犯庄家（SIREN案·离场庄#1·核心链）,serial-actor,identity,serial-offenders,2026-07-22,SIREN分析2026-07-19 appendix whale_group「离场庄#1·核心链」,serial-offender,,,2026-07-19,2026-07-22,,
0x1dde4713f631e285da4241a79eab61250df86049,bsc,惯犯庄家（SIREN案·离场庄#1·核心链）,serial-actor,identity,serial-offenders,2026-07-22,SIREN分析2026-07-19 appendix whale_group「离场庄#1·核心链」,serial-offender,,,2026-07-19,2026-07-22,,
0x1deb44bbcd25432a6c93335a8bd89af273be8b9d,bsc,惯犯庄家（SIREN案·离场庄#1·核心链）,serial-actor,identity,serial-offenders,2026-07-22,SIREN分析2026-07-19 appendix whale_group「离场庄#1·核心链」,serial-offender,,,2026-07-19,2026-07-22,,
0x1e0316222087b8d9816742b9563d2e2ac1b46834,bsc,惯犯庄家（SIREN案·离场庄#1·核心链）,serial-actor,identity,serial-offenders,2026-07-22,SIREN分析2026-07-19 appendix whale_group「离场庄#1·核心链」,serial-offender,,,2026-07-19,2026-07-22,,
0x1e0d1346c5ced11413bbd94987aa7bd1093e78db,bsc,惯犯庄家（SIREN案·离场庄#1·核心链）,serial-actor,identity,serial-offenders,2026-07-22,SIREN分析2026-07-19 appendix whale_group「离场庄#1·核心链」,serial-offender,,,2026-07-19,2026-07-22,,
0x1e1123d25b017f3fc3d282f9ec6e86a5ebd38eec,bsc,惯犯庄家（SIREN案·离场庄#1·核心链）,serial-actor,identity,serial-offenders,2026-07-22,SIREN分析2026-07-19 appendix whale_group「离场庄#1·核心链」,serial-offender,,,2026-07-19,2026-07-22,,
0x1e42021c784e502857a2da5dd5721172ab4c6426,bsc,惯犯庄家（QUQ案·大庄#1(刷量bot合约+EOA接力库存体系)）,serial-actor,identity,serial-offenders,2026-07-22,QUQ分析 appendix whale_group「大庄#1(刷量bot合约+EOA接力库存体系)」,serial-offender,,,2026-07-22,2026-07-22,,
0x1edc7963ed34d1ba67ccb79a1837aaa6d6d68ace,bsc,惯犯庄家（SIREN案·离场庄#1·核心链）,serial-actor,identity,serial-offenders,2026-07-22,SIREN分析2026-07-19 appendix whale_group「离场庄#1·核心链」,serial-offender,,,2026-07-19,2026-07-22,,
0x1f8ccf0234815f9abaf24909927e79f22e38518e,bsc,惯犯庄家（SIREN案·离场庄#1·核心链）,serial-actor,identity,serial-offenders,2026-07-22,SIREN分析2026-07-19 appendix whale_group「离场庄#1·核心链」,serial-offender,,,2026-07-19,2026-07-22,,
0x1f979198620f07bb20ec49fb00530fb0fa3430ba,bsc,惯犯庄家（SIREN案·离场庄#1·扩展与静置仓网）,serial-actor,identity,serial-offenders,2026-07-22,SIREN分析2026-07-19 appendix whale_group「离场庄#1·扩展与静置仓网」,serial-offender,,,2026-07-19,2026-07-22,,
0x1fa10bebc12caf75c45ee13b74e3ea27f2240691,bsc,惯犯庄家（SIREN案·离场庄#1·核心链）,serial-actor,identity,serial-offenders,2026-07-22,SIREN分析2026-07-19 appendix whale_group「离场庄#1·核心链」,serial-offender,,,2026-07-19,2026-07-22,,
0x1fa11480ac73f5781f53deaf7472a5f2e6e118ec,bsc,惯犯庄家（SIREN案·离场庄#1·核心链）,serial-actor,identity,serial-offenders,2026-07-22,SIREN分析2026-07-19 appendix whale_group「离场庄#1·核心链」,serial-offender,,,2026-07-19,2026-07-22,,
0x1ff5cc102e9c0d38532c684ae0b32d0338f944a0,bsc,惯犯庄家（QUQ案·大庄#1(刷量bot合约+EOA接力库存体系)）,serial-actor,identity,serial-offenders,2026-07-22,QUQ分析 appendix whale_group「大庄#1(刷量bot合约+EOA接力库存体系)」,serial-offender,,,2026-07-22,2026-07-22,,
0x200c6b87531b6f04ebee65365a244ddef63d420d,bsc,惯犯庄家（SIREN案·离场庄#1·扩展与静置仓网）,serial-actor,identity,serial-offenders,2026-07-22,SIREN分析2026-07-19 appendix whale_group「离场庄#1·扩展与静置仓网」,serial-offender,,,2026-07-19,2026-07-22,,
0x203a70adfd9c63f6867db71639c82d035d9fbae3,bsc,惯犯庄家（SIREN案·离场庄#1·核心链）,serial-actor,identity,serial-offenders,2026-07-22,SIREN分析2026-07-19 appendix whale_group「离场庄#1·核心链」,serial-offender,,,2026-07-19,2026-07-22,,
0x204b8c5f91e248d557a4ffab969bf26522a44928,bsc,惯犯庄家（QUQ案·大庄#1(刷量bot合约+EOA接力库存体系)）,serial-actor,identity,serial-offenders,2026-07-22,QUQ分析 appendix whale_group「大庄#1(刷量bot合约+EOA接力库存体系)」,serial-offender,,,2026-07-22,2026-07-22,,
0x2065ef34ffbccf6d66a20539000fa8fcc6450558,bsc,惯犯庄家（SIREN案·离场庄#1·核心链）,serial-actor,identity,serial-offenders,2026-07-22,SIREN分析2026-07-19 appendix whale_group「离场庄#1·核心链」,serial-offender,,,2026-07-19,2026-07-22,,
0x20ec493f6d5777d9d48c47e228d691e228067957,bsc,惯犯庄家（SIREN案·离场庄#1·核心链）,serial-actor,identity,serial-offenders,2026-07-22,SIREN分析2026-07-19 appendix whale_group「离场庄#1·核心链」,serial-offender,,,2026-07-19,2026-07-22,,
0x211f6914bb383de1bc6d7d6ab19758d0077e29c3,bsc,惯犯庄家（SIREN案·离场庄#1·核心链）,serial-actor,identity,serial-offenders,2026-07-22,SIREN分析2026-07-19 appendix whale_group「离场庄#1·核心链」,serial-offender,,,2026-07-19,2026-07-22,,
0x21215e89c91591c576c711c696982f3106680066,bsc,惯犯庄家（SIREN案·离场庄#1·核心链）,serial-actor,identity,serial-offenders,2026-07-22,SIREN分析2026-07-19 appendix whale_group「离场庄#1·核心链」,serial-offender,,,2026-07-19,2026-07-22,,
0x213b97bde80b089d4bb95915c12bfdf24922d5b8,bsc,惯犯庄家（SIREN案·离场庄#1·核心链）,serial-actor,identity,serial-offenders,2026-07-22,SIREN分析2026-07-19 appendix whale_group「离场庄#1·核心链」,serial-offender,,,2026-07-19,2026-07-22,,
0x216a0a7be9d82e2d4b29cf75ff71b7b79f788493,bsc,惯犯庄家（SIREN案·离场庄#1·核心链）,serial-actor,identity,serial-offenders,2026-07-22,SIREN分析2026-07-19 appendix whale_group「离场庄#1·核心链」,serial-offender,,,2026-07-19,2026-07-22,,
0x21c9e3010dafc623207427ddbac026e64c8ad279,bsc,惯犯庄家（SIREN案·离场庄#1·核心链）,serial-actor,identity,serial-offenders,2026-07-22,SIREN分析2026-07-19 appendix whale_group「离场庄#1·核心链」,serial-offender,,,2026-07-19,2026-07-22,,
0x21e35d8e4a249774acdcb3e6643ad8d74140fba2,bsc,惯犯庄家（QUQ案·大庄#1(刷量bot合约+EOA接力库存体系)）,serial-actor,identity,serial-offenders,2026-07-22,QUQ分析 appendix whale_group「大庄#1(刷量bot合约+EOA接力库存体系)」,serial-offender,,,2026-07-22,2026-07-22,,
0x21f7a4bcdb9939c294cc596901afdd37f024bfbd,bsc,惯犯庄家（SIREN案·离场庄#1·核心链）,serial-actor,identity,serial-offenders,2026-07-22,SIREN分析2026-07-19 appendix whale_group「离场庄#1·核心链」,serial-offender,,,2026-07-19,2026-07-22,,
0x21f97b3efb4902709b6286d6fee054b55d05fe31,bsc,惯犯庄家（SIREN案·离场庄#1·核心链）,serial-actor,identity,serial-offenders,2026-07-22,SIREN分析2026-07-19 appendix whale_group「离场庄#1·核心链」,serial-offender,,,2026-07-19,2026-07-22,,
0x221b53dbd227ccfe5a26767256ae93e209efbfd6,bsc,惯犯庄家（SIREN案·离场庄#1·核心链）,serial-actor,identity,serial-offenders,2026-07-22,SIREN分析2026-07-19 appendix whale_group「离场庄#1·核心链」,serial-offender,,,2026-07-19,2026-07-22,,
0x224aa475c34fb377f44ff44ad59b4d6063c38835,bsc,惯犯庄家（SIREN案·离场庄#1·核心链）,serial-actor,identity,serial-offenders,2026-07-22,SIREN分析2026-07-19 appendix whale_group「离场庄#1·核心链」,serial-offender,,,2026-07-19,2026-07-22,,
0x226619eb659114a32fb5e9bdd0e44f3fab6c6b96,bsc,惯犯庄家（QUQ案·大庄#1(刷量bot合约+EOA接力库存体系)）,serial-actor,identity,serial-offenders,2026-07-22,QUQ分析 appendix whale_group「大庄#1(刷量bot合约+EOA接力库存体系)」,serial-offender,,,2026-07-22,2026-07-22,,
0x22a0a9a97d613028cda1bfef5e4984f8b372eaba,bsc,惯犯庄家（SIREN案·离场庄#1·核心链）,serial-actor,identity,serial-offenders,2026-07-22,SIREN分析2026-07-19 appendix whale_group「离场庄#1·核心链」,serial-offender,,,2026-07-19,2026-07-22,,
0x22a8275d59a740d7a9e214c0cf98e51113ebb60a,bsc,惯犯庄家（SIREN案·离场庄#1·核心链）,serial-actor,identity,serial-offenders,2026-07-22,SIREN分析2026-07-19 appendix whale_group「离场庄#1·核心链」,serial-offender,,,2026-07-19,2026-07-22,,
0x22d1180dfb545afbf3ee9847759f89b33cfc15aa,bsc,惯犯庄家（SIREN案·离场庄#1·核心链）,serial-actor,identity,serial-offenders,2026-07-22,SIREN分析2026-07-19 appendix whale_group「离场庄#1·核心链」,serial-offender,,,2026-07-19,2026-07-22,,
0x22f4e763eebf6cb457a16ee4eeed9df26997235f,bsc,惯犯庄家（SIREN案·离场庄#1·扩展与静置仓网）,serial-actor,identity,serial-offenders,2026-07-22,SIREN分析2026-07-19 appendix whale_group「离场庄#1·扩展与静置仓网」,serial-offender,,,2026-07-19,2026-07-22,,
0x230219eaefa841968ef3bd454ec73654e1bb173d,bsc,惯犯庄家（SIREN案·离场庄#1·核心链）,serial-actor,identity,serial-offenders,2026-07-22,SIREN分析2026-07-19 appendix whale_group「离场庄#1·核心链」,serial-offender,,,2026-07-19,2026-07-22,,
0x2343e9d8052de15b2968344c5d14fa116a14fe9a,bsc,惯犯庄家（SIREN案·离场庄#1·核心链）,serial-actor,identity,serial-offenders,2026-07-22,SIREN分析2026-07-19 appendix whale_group「离场庄#1·核心链」,serial-offender,,,2026-07-19,2026-07-22,,
0x23870b7661739188ff313ede861707860a7678af,bsc,惯犯庄家（SIREN案·离场庄#1·扩展与静置仓网）,serial-actor,identity,serial-offenders,2026-07-22,SIREN分析2026-07-19 appendix whale_group「离场庄#1·扩展与静置仓网」,serial-offender,,,2026-07-19,2026-07-22,,
0x238a358808379702088667322f80ac48bad5e6c4,bsc,惯犯庄家（QUQ案·大庄#1(刷量bot合约+EOA接力库存体系)）,serial-actor,identity,serial-offenders,2026-07-22,QUQ分析 appendix whale_group「大庄#1(刷量bot合约+EOA接力库存体系)」,serial-offender,,,2026-07-22,2026-07-22,,
0x238dc774818a2b1011f73f3b36552c292d967470,bsc,惯犯庄家（SIREN案·离场庄#1·核心链）,serial-actor,identity,serial-offenders,2026-07-22,SIREN分析2026-07-19 appendix whale_group「离场庄#1·核心链」,serial-offender,,,2026-07-19,2026-07-22,,
0x2391fe64abd5d80246a91b7305c74efc1c9a485a,bsc,惯犯庄家（SIREN案·离场庄#1·核心链）,serial-actor,identity,serial-offenders,2026-07-22,SIREN分析2026-07-19 appendix whale_group「离场庄#1·核心链」,serial-offender,,,2026-07-19,2026-07-22,,
0x24046c3614400805a1e1682d70693483c1506a18,bsc,惯犯庄家（QUQ案·大庄#1(刷量bot合约+EOA接力库存体系)）,serial-actor,identity,serial-offenders,2026-07-22,QUQ分析 appendix whale_group「大庄#1(刷量bot合约+EOA接力库存体系)」,serial-offender,,,2026-07-22,2026-07-22,,
0x2407f072b61daa0334f87068f680f2d536c3e0fc,bsc,惯犯庄家（SIREN案·离场庄#1·扩展与静置仓网）,serial-actor,identity,serial-offenders,2026-07-22,SIREN分析2026-07-19 appendix whale_group「离场庄#1·扩展与静置仓网」,serial-offender,,,2026-07-19,2026-07-22,,
0x241092f17876ee7851c5ee4b2b9a591843a32111,bsc,惯犯庄家（SIREN案·离场庄#1·核心链）,serial-actor,identity,serial-offenders,2026-07-22,SIREN分析2026-07-19 appendix whale_group「离场庄#1·核心链」,serial-offender,,,2026-07-19,2026-07-22,,
0x242acdf370a91f902d8179961c30d6882ea4a08e,bsc,惯犯庄家（QUQ案·大庄#1(刷量bot合约+EOA接力库存体系)）,serial-actor,identity,serial-offenders,2026-07-22,QUQ分析 appendix whale_group「大庄#1(刷量bot合约+EOA接力库存体系)」,serial-offender,,,2026-07-22,2026-07-22,,
0x245b39138d207ae2bcf210ec882b7a29d77b1698,bsc,惯犯庄家（SIREN案·离场庄#1·核心链）,serial-actor,identity,serial-offenders,2026-07-22,SIREN分析2026-07-19 appendix whale_group「离场庄#1·核心链」,serial-offender,,,2026-07-19,2026-07-22,,
0x24c78ae0a3f6ff0988c6146443b426093f6a58fe,bsc,惯犯庄家（SIREN案·离场庄#1·核心链）,serial-actor,identity,serial-offenders,2026-07-22,SIREN分析2026-07-19 appendix whale_group「离场庄#1·核心链」,serial-offender,,,2026-07-19,2026-07-22,,
0x25091f5b324d8dfe128da344bb7b4541e2fa8755,bsc,惯犯庄家（SIREN案·离场庄#1·核心链）,serial-actor,identity,serial-offenders,2026-07-22,SIREN分析2026-07-19 appendix whale_group「离场庄#1·核心链」,serial-offender,,,2026-07-19,2026-07-22,,
0x253985896b40866e89d835e1a717d8b4a9181fc9,bsc,惯犯庄家（SIREN案·离场庄#1·核心链）,serial-actor,identity,serial-offenders,2026-07-22,SIREN分析2026-07-19 appendix whale_group「离场庄#1·核心链」,serial-offender,,,2026-07-19,2026-07-22,,
0x25a0c540ad745bb615c78da0c397da92c1bf98ef,bsc,惯犯庄家（SIREN案·离场庄#1·核心链）,serial-actor,identity,serial-offenders,2026-07-22,SIREN分析2026-07-19 appendix whale_group「离场庄#1·核心链」,serial-offender,,,2026-07-19,2026-07-22,,
0x25a30fe78b60511da0de50898615caf3789ae13f,bsc,惯犯庄家（SIREN案·离场庄#1·核心链）,serial-actor,identity,serial-offenders,2026-07-22,SIREN分析2026-07-19 appendix whale_group「离场庄#1·核心链」,serial-offender,,,2026-07-19,2026-07-22,,
0x25ccc03019754c7c464b4330b50b96e9844927f4,bsc,惯犯庄家（SIREN案·离场庄#1·核心链）,serial-actor,identity,serial-offenders,2026-07-22,SIREN分析2026-07-19 appendix whale_group「离场庄#1·核心链」,serial-offender,,,2026-07-19,2026-07-22,,
0x25db2ac269892b2d7c956cf326a8da398eedcf85,bsc,惯犯庄家（SIREN案·离场庄#1·核心链）,serial-actor,identity,serial-offenders,2026-07-22,SIREN分析2026-07-19 appendix whale_group「离场庄#1·核心链」,serial-offender,,,2026-07-19,2026-07-22,,
0x25f5a41baef948772bfe35d712508f6c393cfbc6,bsc,惯犯庄家（SIREN案·离场庄#1·核心链）,serial-actor,identity,serial-offenders,2026-07-22,SIREN分析2026-07-19 appendix whale_group「离场庄#1·核心链」,serial-offender,,,2026-07-19,2026-07-22,,
0x2642f35d64db68d1ae509d63f233d67717734742,bsc,惯犯庄家（SIREN案·离场庄#1·核心链）,serial-actor,identity,serial-offenders,2026-07-22,SIREN分析2026-07-19 appendix whale_group「离场庄#1·核心链」,serial-offender,,,2026-07-19,2026-07-22,,
0x26714045c9c6e5c29dd6ca8503000491f52fca8b,bsc,惯犯庄家（SIREN案·离场庄#1·核心链）,serial-actor,identity,serial-offenders,2026-07-22,SIREN分析2026-07-19 appendix whale_group「离场庄#1·核心链」,serial-offender,,,2026-07-19,2026-07-22,,
0x26f37207a8c58cf4cfd41f3cb04381837bbfc3cf,bsc,惯犯庄家（SIREN案·离场庄#1·核心链）,serial-actor,identity,serial-offenders,2026-07-22,SIREN分析2026-07-19 appendix whale_group「离场庄#1·核心链」,serial-offender,,,2026-07-19,2026-07-22,,
0x273d814f8a1e8c1c65bb3ed362dc96ad0324f96e,bsc,惯犯庄家（QUQ案·大庄#1(刷量bot合约+EOA接力库存体系)）,serial-actor,identity,serial-offenders,2026-07-22,QUQ分析 appendix whale_group「大庄#1(刷量bot合约+EOA接力库存体系)」,serial-offender,,,2026-07-22,2026-07-22,,
0x2777b55ae8e475826258391b4f59255e9f0c4edd,bsc,惯犯庄家（SIREN案·离场庄#1·核心链）,serial-actor,identity,serial-offenders,2026-07-22,SIREN分析2026-07-19 appendix whale_group「离场庄#1·核心链」,serial-offender,,,2026-07-19,2026-07-22,,
0x277b0097bb23390e99b100e2e9a200034c7cff96,bsc,惯犯庄家（SIREN案·离场庄#1·核心链）,serial-actor,identity,serial-offenders,2026-07-22,SIREN分析2026-07-19 appendix whale_group「离场庄#1·核心链」,serial-offender,,,2026-07-19,2026-07-22,,
0x2782441900bbd7164edf248f30500edcbd5f9a79,bsc,惯犯庄家（QUQ案·大庄#1(刷量bot合约+EOA接力库存体系)）,serial-actor,identity,serial-offenders,2026-07-22,QUQ分析 appendix whale_group「大庄#1(刷量bot合约+EOA接力库存体系)」,serial-offender,,,2026-07-22,2026-07-22,,
0x27bdfeeb60c2060159ce08a8cb86866ea0869c62,bsc,惯犯庄家（SIREN案·离场庄#1·扩展与静置仓网）,serial-actor,identity,serial-offenders,2026-07-22,SIREN分析2026-07-19 appendix whale_group「离场庄#1·扩展与静置仓网」,serial-offender,,,2026-07-19,2026-07-22,,
0x27f1866a4d301978ddea2c4a5dcb4bff15f91c88,bsc,惯犯庄家（SIREN案·离场庄#1·核心链）,serial-actor,identity,serial-offenders,2026-07-22,SIREN分析2026-07-19 appendix whale_group「离场庄#1·核心链」,serial-offender,,,2026-07-19,2026-07-22,,
0x2806dc42ae0ea2a6c54b979fd44e585a4e1c289f,bsc,惯犯庄家（SIREN案·离场庄#1·核心链）,serial-actor,identity,serial-offenders,2026-07-22,SIREN分析2026-07-19 appendix whale_group「离场庄#1·核心链」,serial-offender,,,2026-07-19,2026-07-22,,
0x281422503e3af797ba13ebb8dfe51c8059863963,bsc,惯犯庄家（哈基米案·项目方(dev工作室)）,serial-actor,identity,serial-offenders,2026-07-22,哈基米分析 appendix whale_group「项目方(dev工作室)」,serial-offender,,,2026-07-18,2026-07-22,,
0x281af7acae777960a8bf5f51798d79c2d0293dbc,bsc,惯犯庄家（SIREN案·离场庄#1·核心链）,serial-actor,identity,serial-offenders,2026-07-22,SIREN分析2026-07-19 appendix whale_group「离场庄#1·核心链」,serial-offender,,,2026-07-19,2026-07-22,,
0x28329badd474185da064fd46003ec606d82d23b5,bsc,惯犯庄家（QUQ案·大庄#1(刷量bot合约+EOA接力库存体系)）,serial-actor,identity,serial-offenders,2026-07-22,QUQ分析 appendix whale_group「大庄#1(刷量bot合约+EOA接力库存体系)」,serial-offender,,,2026-07-22,2026-07-22,,
0x2861ae8265c84e9f62015c60d637bfa0fcb049a0,bsc,惯犯庄家（QUQ案·大庄#1(刷量bot合约+EOA接力库存体系)）,serial-actor,identity,serial-offenders,2026-07-22,QUQ分析 appendix whale_group「大庄#1(刷量bot合约+EOA接力库存体系)」,serial-offender,,,2026-07-22,2026-07-22,,
0x28a5bbc7e5622d5e1f9053ac494b4add89bce719,bsc,惯犯庄家（SIREN案·离场庄#1·扩展与静置仓网）,serial-actor,identity,serial-offenders,2026-07-22,SIREN分析2026-07-19 appendix whale_group「离场庄#1·扩展与静置仓网」,serial-offender,,,2026-07-19,2026-07-22,,
0x292d012d7318514ba7cc4d38da54b19295867f72,bsc,惯犯庄家（SIREN案·离场庄#1·核心链）,serial-actor,identity,serial-offenders,2026-07-22,SIREN分析2026-07-19 appendix whale_group「离场庄#1·核心链」,serial-offender,,,2026-07-19,2026-07-22,,
0x298957d78817d5e6a1edd3ab2bfa875154a2275b,bsc,惯犯庄家（SIREN案·离场庄#1·核心链）,serial-actor,identity,serial-offenders,2026-07-22,SIREN分析2026-07-19 appendix whale_group「离场庄#1·核心链」,serial-offender,,,2026-07-19,2026-07-22,,
0x29a132200d4d12286162c959a10ed2ba60415177,bsc,惯犯庄家（SIREN案·离场庄#1·核心链）,serial-actor,identity,serial-offenders,2026-07-22,SIREN分析2026-07-19 appendix whale_group「离场庄#1·核心链」,serial-offender,,,2026-07-19,2026-07-22,,
0x2a22303042c9e189657a79ef89bb865794408c15,bsc,惯犯庄家（SIREN案·离场庄#1·核心链）,serial-actor,identity,serial-offenders,2026-07-22,SIREN分析2026-07-19 appendix whale_group「离场庄#1·核心链」,serial-offender,,,2026-07-19,2026-07-22,,
0x2a5a88fdf7c4ce6ea942f4451e9ba4cea7135db4,bsc,惯犯庄家（QUQ案·大庄#1(刷量bot合约+EOA接力库存体系)）,serial-actor,identity,serial-offenders,2026-07-22,QUQ分析 appendix whale_group「大庄#1(刷量bot合约+EOA接力库存体系)」,serial-offender,,,2026-07-22,2026-07-22,,
0x2a78cc510597d751bc22dfde2a88a2fc1ab2dfd5,bsc,惯犯庄家（QUQ案·大庄#1(刷量bot合约+EOA接力库存体系)）,serial-actor,identity,serial-offenders,2026-07-22,QUQ分析 appendix whale_group「大庄#1(刷量bot合约+EOA接力库存体系)」,serial-offender,,,2026-07-22,2026-07-22,,
0x2aa5d15eb36e5960d056e8fea6e7bb3e2a06a351,bsc,惯犯庄家（SIREN案·离场庄#1·核心链）,serial-actor,identity,serial-offenders,2026-07-22,SIREN分析2026-07-19 appendix whale_group「离场庄#1·核心链」,serial-offender,,,2026-07-19,2026-07-22,,
0x2afd13777007830dfb1677b10fee5653b3202b60,bsc,惯犯庄家（SIREN案·离场庄#1·核心链）,serial-actor,identity,serial-offenders,2026-07-22,SIREN分析2026-07-19 appendix whale_group「离场庄#1·核心链」,serial-offender,,,2026-07-19,2026-07-22,,
0x2b477fea5bacb70a1c31a12dfaa635be50e910c2,bsc,惯犯庄家（SIREN案·离场庄#1·核心链）,serial-actor,identity,serial-offenders,2026-07-22,SIREN分析2026-07-19 appendix whale_group「离场庄#1·核心链」,serial-offender,,,2026-07-19,2026-07-22,,
0x2b7526c5bdded52f670bd986cdeb8f1c8b7612de,bsc,惯犯庄家（SIREN案·离场庄#1·核心链）,serial-actor,identity,serial-offenders,2026-07-22,SIREN分析2026-07-19 appendix whale_group「离场庄#1·核心链」,serial-offender,,,2026-07-19,2026-07-22,,
0x2b78fde8a8439232c063c31dd8eedce2c3af51fa,bsc,惯犯庄家（SIREN案·离场庄#1·核心链）,serial-actor,identity,serial-offenders,2026-07-22,SIREN分析2026-07-19 appendix whale_group「离场庄#1·核心链」,serial-offender,,,2026-07-19,2026-07-22,,
0x2b7d3b0a6201cf6de826727615485139d18792ef,bsc,惯犯庄家（SIREN案·离场庄#1·扩展与静置仓网）,serial-actor,identity,serial-offenders,2026-07-22,SIREN分析2026-07-19 appendix whale_group「离场庄#1·扩展与静置仓网」,serial-offender,,,2026-07-19,2026-07-22,,
0x2b8364073d7312c4ee49881b7338913b725393b1,bsc,惯犯庄家（QUQ案·大庄#1(刷量bot合约+EOA接力库存体系)）,serial-actor,identity,serial-offenders,2026-07-22,QUQ分析 appendix whale_group「大庄#1(刷量bot合约+EOA接力库存体系)」,serial-offender,,,2026-07-22,2026-07-22,,
0x2bc958a68f0656662190748b32fd62f7915de2ef,bsc,惯犯庄家（SIREN案·离场庄#1·核心链）,serial-actor,identity,serial-offenders,2026-07-22,SIREN分析2026-07-19 appendix whale_group「离场庄#1·核心链」,serial-offender,,,2026-07-19,2026-07-22,,
0x2bdb5bd85b4de1de05a13dbb527b74f2e83826ad,bsc,惯犯庄家（SIREN案·离场庄#1·核心链）,serial-actor,identity,serial-offenders,2026-07-22,SIREN分析2026-07-19 appendix whale_group「离场庄#1·核心链」,serial-offender,,,2026-07-19,2026-07-22,,
0x2bf8da43887aab0ff190c9d9b6fe8544889b0279,bsc,惯犯庄家（SIREN案·离场庄#1·核心链）,serial-actor,identity,serial-offenders,2026-07-22,SIREN分析2026-07-19 appendix whale_group「离场庄#1·核心链」,serial-offender,,,2026-07-19,2026-07-22,,
0x2c9766d0c3ff447379778ab4f59bdd35d44ea759,bsc,惯犯庄家（QUQ案·大庄#1(刷量bot合约+EOA接力库存体系)）,serial-actor,identity,serial-offenders,2026-07-22,QUQ分析 appendix whale_group「大庄#1(刷量bot合约+EOA接力库存体系)」,serial-offender,,,2026-07-22,2026-07-22,,
0x2ca3417a2d8f76c7b06fdf4d6ffc29737b771dfa,bsc,惯犯庄家（SIREN案·离场庄#1·核心链）,serial-actor,identity,serial-offenders,2026-07-22,SIREN分析2026-07-19 appendix whale_group「离场庄#1·核心链」,serial-offender,,,2026-07-19,2026-07-22,,
0x2cc0a60adb6873fe161466a97d3e28544af2ca85,bsc,惯犯庄家（SIREN案·离场庄#1·核心链）,serial-actor,identity,serial-offenders,2026-07-22,SIREN分析2026-07-19 appendix whale_group「离场庄#1·核心链」,serial-offender,,,2026-07-19,2026-07-22,,
0x2d1090069cc00f1f19bbbc9886ce104fc3771ca2,bsc,惯犯庄家（QUQ案·大庄#1(刷量bot合约+EOA接力库存体系)）,serial-actor,identity,serial-offenders,2026-07-22,QUQ分析 appendix whale_group「大庄#1(刷量bot合约+EOA接力库存体系)」,serial-offender,,,2026-07-22,2026-07-22,,
0x2d259ba4e40a0efc514ad3a53b12a61044e1e89d,bsc,惯犯庄家（SIREN案·离场庄#1·核心链）,serial-actor,identity,serial-offenders,2026-07-22,SIREN分析2026-07-19 appendix whale_group「离场庄#1·核心链」,serial-offender,,,2026-07-19,2026-07-22,,
0x2d3cfedb9e52a625d7abaaab48b7d3fba0fbe602,bsc,惯犯庄家（SIREN案·离场庄#1·核心链）,serial-actor,identity,serial-offenders,2026-07-22,SIREN分析2026-07-19 appendix whale_group「离场庄#1·核心链」,serial-offender,,,2026-07-19,2026-07-22,,
0x2d5805a423d6ce771f06972ad4499f120902631a,bsc,惯犯庄家（QUQ案·大庄#1(刷量bot合约+EOA接力库存体系)）,serial-actor,identity,serial-offenders,2026-07-22,QUQ分析 appendix whale_group「大庄#1(刷量bot合约+EOA接力库存体系)」,serial-offender,,,2026-07-22,2026-07-22,,
0x2d8d4d30ffe4c3651bc6231bad48f3ea71b361b8,bsc,惯犯庄家（SIREN案·离场庄#1·核心链）,serial-actor,identity,serial-offenders,2026-07-22,SIREN分析2026-07-19 appendix whale_group「离场庄#1·核心链」,serial-offender,,,2026-07-19,2026-07-22,,
0x2d9473c4e17800ba2d353e5c8c6bb93ed645263a,bsc,惯犯庄家（QUQ案·大庄#1(刷量bot合约+EOA接力库存体系)）,serial-actor,identity,serial-offenders,2026-07-22,QUQ分析 appendix whale_group「大庄#1(刷量bot合约+EOA接力库存体系)」,serial-offender,,,2026-07-22,2026-07-22,,
0x2da3d6fa21596b60488c23e243e8cf2752d225f7,bsc,惯犯庄家（SIREN案·离场庄#1·核心链）,serial-actor,identity,serial-offenders,2026-07-22,SIREN分析2026-07-19 appendix whale_group「离场庄#1·核心链」,serial-offender,,,2026-07-19,2026-07-22,,
0x2db22b15c780d5ceede3380986e5de0132e5701c,bsc,惯犯庄家（SIREN案·离场庄#1·核心链）,serial-actor,identity,serial-offenders,2026-07-22,SIREN分析2026-07-19 appendix whale_group「离场庄#1·核心链」,serial-offender,,,2026-07-19,2026-07-22,,
0x2de04e3d67b74ac738e3b931bf683d67fb2a50bd,bsc,惯犯庄家（SIREN案·离场庄#1·核心链）,serial-actor,identity,serial-offenders,2026-07-22,SIREN分析2026-07-19 appendix whale_group「离场庄#1·核心链」,serial-offender,,,2026-07-19,2026-07-22,,
0x2e2480d273798c9de3e29df8915b45d9db1520c4,bsc,惯犯庄家（SIREN案·离场庄#1·核心链）,serial-actor,identity,serial-offenders,2026-07-22,SIREN分析2026-07-19 appendix whale_group「离场庄#1·核心链」,serial-offender,,,2026-07-19,2026-07-22,,
0x2e4c657c91deb90a97b90846bedfbaf6109e28b7,bsc,惯犯庄家（SIREN案·离场庄#1·核心链）,serial-actor,identity,serial-offenders,2026-07-22,SIREN分析2026-07-19 appendix whale_group「离场庄#1·核心链」,serial-offender,,,2026-07-19,2026-07-22,,
0x2e68548453237aa04e025f906f02562caec23f6c,bsc,惯犯庄家（SIREN案·离场庄#1·核心链）,serial-actor,identity,serial-offenders,2026-07-22,SIREN分析2026-07-19 appendix whale_group「离场庄#1·核心链」,serial-offender,,,2026-07-19,2026-07-22,,
0x2e73015156489770ed559f98d4a803ce37f8cd9c,bsc,惯犯庄家（SIREN案·离场庄#1·核心链）,serial-actor,identity,serial-offenders,2026-07-22,SIREN分析2026-07-19 appendix whale_group「离场庄#1·核心链」,serial-offender,,,2026-07-19,2026-07-22,,
0x2ea243cfa3e79f33547974d3b36ea5ab65ca68d3,bsc,惯犯庄家（SIREN案·离场庄#1·扩展与静置仓网）,serial-actor,identity,serial-offenders,2026-07-22,SIREN分析2026-07-19 appendix whale_group「离场庄#1·扩展与静置仓网」,serial-offender,,,2026-07-19,2026-07-22,,
0x2ed006aa630c11028443beeb93fc049cd6fe47c7,bsc,惯犯庄家（QUQ案·大庄#1(刷量bot合约+EOA接力库存体系)）,serial-actor,identity,serial-offenders,2026-07-22,QUQ分析 appendix whale_group「大庄#1(刷量bot合约+EOA接力库存体系)」,serial-offender,,,2026-07-22,2026-07-22,,
0x2f4706d13d2c37697e955445e3316ab8b6f43516,bsc,惯犯庄家（SIREN案·离场庄#1·核心链）,serial-actor,identity,serial-offenders,2026-07-22,SIREN分析2026-07-19 appendix whale_group「离场庄#1·核心链」,serial-offender,,,2026-07-19,2026-07-22,,
0x2f4712d71b2fc107174a466d1449fcd64317361f,bsc,惯犯庄家（SIREN案·离场庄#1·核心链）,serial-actor,identity,serial-offenders,2026-07-22,SIREN分析2026-07-19 appendix whale_group「离场庄#1·核心链」,serial-offender,,,2026-07-19,2026-07-22,,
0x2f49423451d403397a426fea265cc8e5eb9e63a6,bsc,惯犯庄家（SIREN案·离场庄#1·核心链）,serial-actor,identity,serial-offenders,2026-07-22,SIREN分析2026-07-19 appendix whale_group「离场庄#1·核心链」,serial-offender,,,2026-07-19,2026-07-22,,
0x2fb5ad801df3de6774e489f802237c83f7421cc7,bsc,惯犯庄家（SIREN案·离场庄#1·核心链）,serial-actor,identity,serial-offenders,2026-07-22,SIREN分析2026-07-19 appendix whale_group「离场庄#1·核心链」,serial-offender,,,2026-07-19,2026-07-22,,
0x2fb699f007ca5250696d3ab5f4abd2a7c1d69112,bsc,惯犯庄家（SIREN案·离场庄#1·核心链）,serial-actor,identity,serial-offenders,2026-07-22,SIREN分析2026-07-19 appendix whale_group「离场庄#1·核心链」,serial-offender,,,2026-07-19,2026-07-22,,
0x2fc843b34579f3e4312f4e7be447554d0bbb7632,bsc,惯犯庄家（SIREN案·离场庄#1·核心链）,serial-actor,identity,serial-offenders,2026-07-22,SIREN分析2026-07-19 appendix whale_group「离场庄#1·核心链」,serial-offender,,,2026-07-19,2026-07-22,,
0x2fd014a9618f42eb82dbc594a774a346d95f3e03,bsc,惯犯庄家（SIREN案·离场庄#1·核心链）,serial-actor,identity,serial-offenders,2026-07-22,SIREN分析2026-07-19 appendix whale_group「离场庄#1·核心链」,serial-offender,,,2026-07-19,2026-07-22,,
0x2fe5efa7fce1d4646905a7a3befbb90b5ce70be6,bsc,惯犯庄家（SIREN案·离场庄#1·扩展与静置仓网）,serial-actor,identity,serial-offenders,2026-07-22,SIREN分析2026-07-19 appendix whale_group「离场庄#1·扩展与静置仓网」,serial-offender,,,2026-07-19,2026-07-22,,
0x308110fdb9f72a6b7e7dde856fb7867def8531d5,bsc,惯犯庄家（QUQ案·大庄#1(刷量bot合约+EOA接力库存体系)）,serial-actor,identity,serial-offenders,2026-07-22,QUQ分析 appendix whale_group「大庄#1(刷量bot合约+EOA接力库存体系)」,serial-offender,,,2026-07-22,2026-07-22,,
0x309898366e0df4f4c119243a8f6c7eb5a1c9f37f,bsc,惯犯庄家（QUQ案·大庄#1(刷量bot合约+EOA接力库存体系)）,serial-actor,identity,serial-offenders,2026-07-22,QUQ分析 appendix whale_group「大庄#1(刷量bot合约+EOA接力库存体系)」,serial-offender,,,2026-07-22,2026-07-22,,
0x30e16c66019d2e12378a7354a83205883717150c,bsc,惯犯庄家（SIREN案·离场庄#1·核心链）,serial-actor,identity,serial-offenders,2026-07-22,SIREN分析2026-07-19 appendix whale_group「离场庄#1·核心链」,serial-offender,,,2026-07-19,2026-07-22,,
0x30efb67512e3489649acc2bcaf6f071b2702f225,bsc,惯犯庄家（SIREN案·离场庄#1·核心链）,serial-actor,identity,serial-offenders,2026-07-22,SIREN分析2026-07-19 appendix whale_group「离场庄#1·核心链」,serial-offender,,,2026-07-19,2026-07-22,,
0x31148905b05a7442a1e74eb1b82b9b76ce851eb5,bsc,惯犯庄家（SIREN案·离场庄#1·核心链）,serial-actor,identity,serial-offenders,2026-07-22,SIREN分析2026-07-19 appendix whale_group「离场庄#1·核心链」,serial-offender,,,2026-07-19,2026-07-22,,
0x3119c0ef175e0ce6ae15ecfc75aed0b39db4983b,bsc,惯犯庄家（QUQ案·大庄#1(刷量bot合约+EOA接力库存体系)）,serial-actor,identity,serial-offenders,2026-07-22,QUQ分析 appendix whale_group「大庄#1(刷量bot合约+EOA接力库存体系)」,serial-offender,,,2026-07-22,2026-07-22,,
0x321622b8072beb245dddec883d842859592bbbe6,bsc,惯犯庄家（SIREN案·离场庄#1·核心链）,serial-actor,identity,serial-offenders,2026-07-22,SIREN分析2026-07-19 appendix whale_group「离场庄#1·核心链」,serial-offender,,,2026-07-19,2026-07-22,,
0x32aee505bf402fc99aeb0588ab116d04e9ab2f5c,bsc,惯犯庄家（SIREN案·离场庄#1·核心链）,serial-actor,identity,serial-offenders,2026-07-22,SIREN分析2026-07-19 appendix whale_group「离场庄#1·核心链」,serial-offender,,,2026-07-19,2026-07-22,,
0x32b1f2eb34b277fa9deff37cc7493e0f02641827,bsc,惯犯庄家（SIREN案·离场庄#1·核心链）,serial-actor,identity,serial-offenders,2026-07-22,SIREN分析2026-07-19 appendix whale_group「离场庄#1·核心链」,serial-offender,,,2026-07-19,2026-07-22,,
0x33186463256d4d086d00c3f2a3897f064e832bbf,bsc,惯犯庄家（SIREN案·离场庄#1·核心链）,serial-actor,identity,serial-offenders,2026-07-22,SIREN分析2026-07-19 appendix whale_group「离场庄#1·核心链」,serial-offender,,,2026-07-19,2026-07-22,,
0x331e9760c2c56e7ada58aff5d57db94930008bc7,bsc,惯犯庄家（SIREN案·离场庄#1·核心链）,serial-actor,identity,serial-offenders,2026-07-22,SIREN分析2026-07-19 appendix whale_group「离场庄#1·核心链」,serial-offender,,,2026-07-19,2026-07-22,,
0x33217aeb4309d78494e29048ca6b93e909e95701,bsc,惯犯庄家（SIREN案·离场庄#1·核心链）,serial-actor,identity,serial-offenders,2026-07-22,SIREN分析2026-07-19 appendix whale_group「离场庄#1·核心链」,serial-offender,,,2026-07-19,2026-07-22,,
0x33956bc0677a43b97f6b1d7a72a1d7041f91ddfb,bsc,惯犯庄家（SIREN案·离场庄#1·核心链）,serial-actor,identity,serial-offenders,2026-07-22,SIREN分析2026-07-19 appendix whale_group「离场庄#1·核心链」,serial-offender,,,2026-07-19,2026-07-22,,
0x33b08e1e8b5495383eacd7c314c6de13ab2d5a63,bsc,惯犯庄家（SIREN案·离场庄#1·核心链）,serial-actor,identity,serial-offenders,2026-07-22,SIREN分析2026-07-19 appendix whale_group「离场庄#1·核心链」,serial-offender,,,2026-07-19,2026-07-22,,
0x33c78ace2e71dcd19fb2dc2de31bce75d0075586,bsc,惯犯庄家（SIREN案·离场庄#1·扩展与静置仓网）,serial-actor,identity,serial-offenders,2026-07-22,SIREN分析2026-07-19 appendix whale_group「离场庄#1·扩展与静置仓网」,serial-offender,,,2026-07-19,2026-07-22,,
0x33f3184168de4a75a3f64a1dc86b73e4eb4c7a43,bsc,惯犯庄家（QUQ案·大庄#1(刷量bot合约+EOA接力库存体系)）,serial-actor,identity,serial-offenders,2026-07-22,QUQ分析 appendix whale_group「大庄#1(刷量bot合约+EOA接力库存体系)」,serial-offender,,,2026-07-22,2026-07-22,,
0x341242af90cf75fee9f57ec0620a751e974f1c6d,bsc,惯犯庄家（SIREN案·离场庄#1·核心链）,serial-actor,identity,serial-offenders,2026-07-22,SIREN分析2026-07-19 appendix whale_group「离场庄#1·核心链」,serial-offender,,,2026-07-19,2026-07-22,,
0x3459ab3d828483ce1c71740e068792a3f227ae7b,bsc,惯犯庄家（SIREN案·离场庄#1·核心链）,serial-actor,identity,serial-offenders,2026-07-22,SIREN分析2026-07-19 appendix whale_group「离场庄#1·核心链」,serial-offender,,,2026-07-19,2026-07-22,,
0x3460016326204012220d84448f63a3dbecb3c808,bsc,惯犯庄家（SIREN案·离场庄#1·核心链）,serial-actor,identity,serial-offenders,2026-07-22,SIREN分析2026-07-19 appendix whale_group「离场庄#1·核心链」,serial-offender,,,2026-07-19,2026-07-22,,
0x34754b459600a8442e2523354e154a4ee2615204,bsc,惯犯庄家（SIREN案·离场庄#1·核心链）,serial-actor,identity,serial-offenders,2026-07-22,SIREN分析2026-07-19 appendix whale_group「离场庄#1·核心链」,serial-offender,,,2026-07-19,2026-07-22,,
0x34aae8e3080f052ade2374d889ac6dbc70b3bf67,bsc,惯犯庄家（QUQ案·大庄#1(刷量bot合约+EOA接力库存体系)）,serial-actor,identity,serial-offenders,2026-07-22,QUQ分析 appendix whale_group「大庄#1(刷量bot合约+EOA接力库存体系)」,serial-offender,,,2026-07-22,2026-07-22,,
0x34ceb576570af95b8b7b474da47b29d9bdbb37e5,bsc,惯犯庄家（QUQ案·大庄#1(刷量bot合约+EOA接力库存体系)）,serial-actor,identity,serial-offenders,2026-07-22,QUQ分析 appendix whale_group「大庄#1(刷量bot合约+EOA接力库存体系)」,serial-offender,,,2026-07-22,2026-07-22,,
0x34e333c8ec4a6b541e03591e7291474b251122e4,bsc,惯犯庄家（SIREN案·离场庄#1·核心链）,serial-actor,identity,serial-offenders,2026-07-22,SIREN分析2026-07-19 appendix whale_group「离场庄#1·核心链」,serial-offender,,,2026-07-19,2026-07-22,,
0x34ff1cf7247c7ddc8c4b89a4a3a525abefaa9c83,bsc,惯犯庄家（SIREN案·离场庄#1·核心链）,serial-actor,identity,serial-offenders,2026-07-22,SIREN分析2026-07-19 appendix whale_group「离场庄#1·核心链」,serial-offender,,,2026-07-19,2026-07-22,,
0x350460e3d2cc9ed711a16aa6b3cec93048bea9cd,bsc,惯犯庄家（SIREN案·离场庄#1·核心链）,serial-actor,identity,serial-offenders,2026-07-22,SIREN分析2026-07-19 appendix whale_group「离场庄#1·核心链」,serial-offender,,,2026-07-19,2026-07-22,,
0x352195e354c5a7731588c6366c15be1fbde6eb40,bsc,惯犯庄家（SIREN案·离场庄#1·核心链）,serial-actor,identity,serial-offenders,2026-07-22,SIREN分析2026-07-19 appendix whale_group「离场庄#1·核心链」,serial-offender,,,2026-07-19,2026-07-22,,
0x35547db662b26caeac035964adbe570033758869,bsc,惯犯庄家（SIREN案·离场庄#1·核心链）,serial-actor,identity,serial-offenders,2026-07-22,SIREN分析2026-07-19 appendix whale_group「离场庄#1·核心链」,serial-offender,,,2026-07-19,2026-07-22,,
0x357033b715fea3df713321b478f5b076cb8d28ac,bsc,惯犯庄家（SIREN案·离场庄#1·核心链）,serial-actor,identity,serial-offenders,2026-07-22,SIREN分析2026-07-19 appendix whale_group「离场庄#1·核心链」,serial-offender,,,2026-07-19,2026-07-22,,
0x357bd306a66ec322eecce78053d22251468bc2ea,bsc,惯犯庄家（SIREN案·离场庄#1·核心链）,serial-actor,identity,serial-offenders,2026-07-22,SIREN分析2026-07-19 appendix whale_group「离场庄#1·核心链」,serial-offender,,,2026-07-19,2026-07-22,,
0x359a15f43321f7f662b685fd162c2912b3ab93b8,bsc,惯犯庄家（SIREN案·离场庄#1·核心链）,serial-actor,identity,serial-offenders,2026-07-22,SIREN分析2026-07-19 appendix whale_group「离场庄#1·核心链」,serial-offender,,,2026-07-19,2026-07-22,,
0x35cca223657f98a330d2dee4abec52e9d73af994,bsc,惯犯庄家（QUQ案·大庄#1(刷量bot合约+EOA接力库存体系)）,serial-actor,identity,serial-offenders,2026-07-22,QUQ分析 appendix whale_group「大庄#1(刷量bot合约+EOA接力库存体系)」,serial-offender,,,2026-07-22,2026-07-22,,
0x362e9b7d937edb4c906d9e56137c207d76633c9f,bsc,惯犯庄家（SIREN案·离场庄#1·核心链）,serial-actor,identity,serial-offenders,2026-07-22,SIREN分析2026-07-19 appendix whale_group「离场庄#1·核心链」,serial-offender,,,2026-07-19,2026-07-22,,
0x36547a839418b088d338343e03e42ca2858a39bb,bsc,惯犯庄家（SIREN案·离场庄#1·核心链）,serial-actor,identity,serial-offenders,2026-07-22,SIREN分析2026-07-19 appendix whale_group「离场庄#1·核心链」,serial-offender,,,2026-07-19,2026-07-22,,
0x368ae4ec837c4a04cdc4645adc7c0db42316207b,bsc,惯犯庄家（SIREN案·离场庄#1·核心链）,serial-actor,identity,serial-offenders,2026-07-22,SIREN分析2026-07-19 appendix whale_group「离场庄#1·核心链」,serial-offender,,,2026-07-19,2026-07-22,,
0x36b854d67ba956fd359911e5d3c177caaaff9464,bsc,惯犯庄家（bibi案·庄#1·三地址·bundle发射（已清仓））,serial-actor,identity,serial-offenders,2026-07-22,bibi分析 appendix whale_group「庄#1·三地址·bundle发射（已清仓）」,serial-offender,,,2026-07-12,2026-07-22,,
0x36db5323a31d19b6899fa084acec21634ee98b48,bsc,惯犯庄家（SIREN案·离场庄#1·核心链）,serial-actor,identity,serial-offenders,2026-07-22,SIREN分析2026-07-19 appendix whale_group「离场庄#1·核心链」,serial-offender,,,2026-07-19,2026-07-22,,
0x36dc506b3262db873687b69eb5630e760d8ab346,bsc,惯犯庄家（SIREN案·离场庄#1·核心链）,serial-actor,identity,serial-offenders,2026-07-22,SIREN分析2026-07-19 appendix whale_group「离场庄#1·核心链」,serial-offender,,,2026-07-19,2026-07-22,,
0x36ed4ba632a0c737c77c50652bb931d184a18767,bsc,惯犯庄家（SIREN案·离场庄#1·核心链）,serial-actor,identity,serial-offenders,2026-07-22,SIREN分析2026-07-19 appendix whale_group「离场庄#1·核心链」,serial-offender,,,2026-07-19,2026-07-22,,
0x36f00c1c4d7cc20860826bb5409b65de481b989d,bsc,惯犯庄家（SIREN案·离场庄#1·核心链）,serial-actor,identity,serial-offenders,2026-07-22,SIREN分析2026-07-19 appendix whale_group「离场庄#1·核心链」,serial-offender,,,2026-07-19,2026-07-22,,
0x36f95aaa9e283e73857c844de40bfcfffb88bf04,bsc,惯犯庄家（SIREN案·离场庄#1·扩展与静置仓网）,serial-actor,identity,serial-offenders,2026-07-22,SIREN分析2026-07-19 appendix whale_group「离场庄#1·扩展与静置仓网」,serial-offender,,,2026-07-19,2026-07-22,,
0x370c933502559ce6b5144ebde8ae18d3a51211f3,bsc,惯犯庄家（SIREN案·离场庄#1·核心链）,serial-actor,identity,serial-offenders,2026-07-22,SIREN分析2026-07-19 appendix whale_group「离场庄#1·核心链」,serial-offender,,,2026-07-19,2026-07-22,,
0x37d0d8dd89a735800c6367f72b1c3a9e2ff93ec2,bsc,惯犯庄家（SIREN案·离场庄#1·扩展与静置仓网）,serial-actor,identity,serial-offenders,2026-07-22,SIREN分析2026-07-19 appendix whale_group「离场庄#1·扩展与静置仓网」,serial-offender,,,2026-07-19,2026-07-22,,
0x37e6354ed44ba88e524bae87d83a1d34b568e8b3,bsc,惯犯庄家（SIREN案·离场庄#1·扩展与静置仓网）,serial-actor,identity,serial-offenders,2026-07-22,SIREN分析2026-07-19 appendix whale_group「离场庄#1·扩展与静置仓网」,serial-offender,,,2026-07-19,2026-07-22,,
0x37f1c7afe074aec7fd11874457f887daf5a81cba,bsc,惯犯庄家（SIREN案·离场庄#1·核心链）,serial-actor,identity,serial-offenders,2026-07-22,SIREN分析2026-07-19 appendix whale_group「离场庄#1·核心链」,serial-offender,,,2026-07-19,2026-07-22,,
0x37f7ae337ce142d63f3bc0038bb0897f32081363,bsc,惯犯庄家（QUQ案·大庄#1(刷量bot合约+EOA接力库存体系)）,serial-actor,identity,serial-offenders,2026-07-22,QUQ分析 appendix whale_group「大庄#1(刷量bot合约+EOA接力库存体系)」,serial-offender,,,2026-07-22,2026-07-22,,
0x386a565ef5b72fd6cb52d9697757369d1a4cca78,bsc,惯犯庄家（SIREN案·离场庄#1·核心链）,serial-actor,identity,serial-offenders,2026-07-22,SIREN分析2026-07-19 appendix whale_group「离场庄#1·核心链」,serial-offender,,,2026-07-19,2026-07-22,,
0x38cc1ee9f87b7627caa1f1950bca9b1a7b0f2e95,bsc,惯犯庄家（SIREN案·离场庄#1·核心链）,serial-actor,identity,serial-offenders,2026-07-22,SIREN分析2026-07-19 appendix whale_group「离场庄#1·核心链」,serial-offender,,,2026-07-19,2026-07-22,,
0x3901c2e7d5564b9711da5a4197a1a2dc936dbdad,bsc,惯犯庄家（SIREN案·离场庄#1·核心链）,serial-actor,identity,serial-offenders,2026-07-22,SIREN分析2026-07-19 appendix whale_group「离场庄#1·核心链」,serial-offender,,,2026-07-19,2026-07-22,,
0x392930f34cd4815a032b211f0c3aef3a4df1cf93,bsc,惯犯庄家（QUQ案·大庄#1(刷量bot合约+EOA接力库存体系)）,serial-actor,identity,serial-offenders,2026-07-22,QUQ分析 appendix whale_group「大庄#1(刷量bot合约+EOA接力库存体系)」,serial-offender,,,2026-07-22,2026-07-22,,
0x39a58d878f3e69b423c5d93e724db309e1ca3c6a,bsc,惯犯庄家（SIREN案·离场庄#1·核心链）,serial-actor,identity,serial-offenders,2026-07-22,SIREN分析2026-07-19 appendix whale_group「离场庄#1·核心链」,serial-offender,,,2026-07-19,2026-07-22,,
0x39b39bf09c307470fe6421309a4a57ddcdabd282,bsc,惯犯庄家（SIREN案·离场庄#1·核心链）,serial-actor,identity,serial-offenders,2026-07-22,SIREN分析2026-07-19 appendix whale_group「离场庄#1·核心链」,serial-offender,,,2026-07-19,2026-07-22,,
0x39e97ec2f39ba4ab1fc6e60cca872fcc8cfe0727,bsc,惯犯庄家（哈基米案·项目方(dev工作室)）,serial-actor,identity,serial-offenders,2026-07-22,哈基米分析 appendix whale_group「项目方(dev工作室)」,serial-offender,,,2026-07-18,2026-07-22,,
0x39f9680c90a5b673bdaf9ef7e912cfabe55e0f09,bsc,惯犯庄家（QUQ案·大庄#1(刷量bot合约+EOA接力库存体系)）,serial-actor,identity,serial-offenders,2026-07-22,QUQ分析 appendix whale_group「大庄#1(刷量bot合约+EOA接力库存体系)」,serial-offender,,,2026-07-22,2026-07-22,,
0x3a11c87f65adc3dc67cdc10652c4b0fdd71ab894,bsc,惯犯庄家（SIREN案·离场庄#1·核心链）,serial-actor,identity,serial-offenders,2026-07-22,SIREN分析2026-07-19 appendix whale_group「离场庄#1·核心链」,serial-offender,,,2026-07-19,2026-07-22,,
0x3a16e0d5a27dad1f28b44b973684ed68f6f22c90,bsc,惯犯庄家（SIREN案·离场庄#1·扩展与静置仓网）,serial-actor,identity,serial-offenders,2026-07-22,SIREN分析2026-07-19 appendix whale_group「离场庄#1·扩展与静置仓网」,serial-offender,,,2026-07-19,2026-07-22,,
0x3a1a91a9b654d6b4901bb743b3cf594b32be14d1,bsc,惯犯庄家（SIREN案·离场庄#1·核心链）,serial-actor,identity,serial-offenders,2026-07-22,SIREN分析2026-07-19 appendix whale_group「离场庄#1·核心链」,serial-offender,,,2026-07-19,2026-07-22,,
0x3a55c884de0dd6fca3594e9179f3d1bd5b4e0213,bsc,惯犯庄家（SIREN案·离场庄#1·核心链）,serial-actor,identity,serial-offenders,2026-07-22,SIREN分析2026-07-19 appendix whale_group「离场庄#1·核心链」,serial-offender,,,2026-07-19,2026-07-22,,
0x3a5c9e9948741c579cd58cb2e3251f3c96078a59,bsc,惯犯庄家（SIREN案·离场庄#1·核心链）,serial-actor,identity,serial-offenders,2026-07-22,SIREN分析2026-07-19 appendix whale_group「离场庄#1·核心链」,serial-offender,,,2026-07-19,2026-07-22,,
0x3b32a518b466320174a1f2e116e9adc99209c61d,bsc,惯犯庄家（QUQ案·大庄#1(刷量bot合约+EOA接力库存体系)）,serial-actor,identity,serial-offenders,2026-07-22,QUQ分析 appendix whale_group「大庄#1(刷量bot合约+EOA接力库存体系)」,serial-offender,,,2026-07-22,2026-07-22,,
0x3b8e074944503d6e1f93a5dedda9886223df8957,bsc,惯犯庄家（SIREN案·离场庄#1·核心链）,serial-actor,identity,serial-offenders,2026-07-22,SIREN分析2026-07-19 appendix whale_group「离场庄#1·核心链」,serial-offender,,,2026-07-19,2026-07-22,,
0x3baa15adf7626ad95936a1f041ba1d1268d673df,bsc,惯犯庄家（SIREN案·离场庄#1·核心链）,serial-actor,identity,serial-offenders,2026-07-22,SIREN分析2026-07-19 appendix whale_group「离场庄#1·核心链」,serial-offender,,,2026-07-19,2026-07-22,,
0x3bc4c99d4840cb36e741537b3f7f460a0d0f6dc7,bsc,惯犯庄家（SIREN案·离场庄#1·核心链）,serial-actor,identity,serial-offenders,2026-07-22,SIREN分析2026-07-19 appendix whale_group「离场庄#1·核心链」,serial-offender,,,2026-07-19,2026-07-22,,
0x3bd698c229bd6da8f3454802cf68bbb758ffaaaf,bsc,惯犯庄家（SIREN案·离场庄#1·核心链）,serial-actor,identity,serial-offenders,2026-07-22,SIREN分析2026-07-19 appendix whale_group「离场庄#1·核心链」,serial-offender,,,2026-07-19,2026-07-22,,
0x3c12ddf581d9ee9c71e36b931817556cf5cc2522,bsc,惯犯庄家（QUQ案·大庄#1(刷量bot合约+EOA接力库存体系)）,serial-actor,identity,serial-offenders,2026-07-22,QUQ分析 appendix whale_group「大庄#1(刷量bot合约+EOA接力库存体系)」,serial-offender,,,2026-07-22,2026-07-22,,
0x3c1533fc2bfeaf3e632292f5cb8121e24e485e1a,bsc,惯犯庄家（SIREN案·离场庄#1·核心链）,serial-actor,identity,serial-offenders,2026-07-22,SIREN分析2026-07-19 appendix whale_group「离场庄#1·核心链」,serial-offender,,,2026-07-19,2026-07-22,,
0x3c548073e46262fad2e7f0ebd6f83c5c614aaa63,bsc,惯犯庄家（SIREN案·离场庄#1·核心链）,serial-actor,identity,serial-offenders,2026-07-22,SIREN分析2026-07-19 appendix whale_group「离场庄#1·核心链」,serial-offender,,,2026-07-19,2026-07-22,,
0x3c939b9e08e5bf20251198eafd78bc96887df4bf,bsc,惯犯庄家（SIREN案·离场庄#1·扩展与静置仓网）,serial-actor,identity,serial-offenders,2026-07-22,SIREN分析2026-07-19 appendix whale_group「离场庄#1·扩展与静置仓网」,serial-offender,,,2026-07-19,2026-07-22,,
0x3cb558254f48511cfd0034453f0454c8ae4ef07e,bsc,惯犯庄家（SIREN案·离场庄#1·核心链）,serial-actor,identity,serial-offenders,2026-07-22,SIREN分析2026-07-19 appendix whale_group「离场庄#1·核心链」,serial-offender,,,2026-07-19,2026-07-22,,
0x3ce665d8638ae609d6a7a1f460b0b522b9e09741,bsc,惯犯庄家（SIREN案·离场庄#1·核心链）,serial-actor,identity,serial-offenders,2026-07-22,SIREN分析2026-07-19 appendix whale_group「离场庄#1·核心链」,serial-offender,,,2026-07-19,2026-07-22,,
0x3d3a693d2d1d02b30a71138598960035749ee2a4,bsc,惯犯庄家（SIREN案·离场庄#1·核心链）,serial-actor,identity,serial-offenders,2026-07-22,SIREN分析2026-07-19 appendix whale_group「离场庄#1·核心链」,serial-offender,,,2026-07-19,2026-07-22,,
0x3d3e88c7c62a8450a26f5c9f3a017171a62a06e5,bsc,惯犯庄家（SIREN案·离场庄#1·扩展与静置仓网）,serial-actor,identity,serial-offenders,2026-07-22,SIREN分析2026-07-19 appendix whale_group「离场庄#1·扩展与静置仓网」,serial-offender,,,2026-07-19,2026-07-22,,
0x3d486d2f6cccf29ea849767d98221263969617ef,bsc,惯犯庄家（SIREN案·离场庄#1·核心链）,serial-actor,identity,serial-offenders,2026-07-22,SIREN分析2026-07-19 appendix whale_group「离场庄#1·核心链」,serial-offender,,,2026-07-19,2026-07-22,,
0x3d54c39f1d4a20fea998d7981064117721dfef4e,bsc,惯犯庄家（SIREN案·离场庄#1·核心链）,serial-actor,identity,serial-offenders,2026-07-22,SIREN分析2026-07-19 appendix whale_group「离场庄#1·核心链」,serial-offender,,,2026-07-19,2026-07-22,,
0x3d9d7c1a7f05389cbec6e67b4e0749b711f53a03,bsc,惯犯庄家（SIREN案·离场庄#1·核心链）,serial-actor,identity,serial-offenders,2026-07-22,SIREN分析2026-07-19 appendix whale_group「离场庄#1·核心链」,serial-offender,,,2026-07-19,2026-07-22,,
0x3da1137d487d01aaf730856fbfc845a5b62c1147,bsc,惯犯庄家（SIREN案·离场庄#1·核心链）,serial-actor,identity,serial-offenders,2026-07-22,SIREN分析2026-07-19 appendix whale_group「离场庄#1·核心链」,serial-offender,,,2026-07-19,2026-07-22,,
0x3dcb0612f4b7400aea46f4699b264aff245e1b8c,bsc,惯犯庄家（QUQ案·大庄#1(刷量bot合约+EOA接力库存体系)）,serial-actor,identity,serial-offenders,2026-07-22,QUQ分析 appendix whale_group「大庄#1(刷量bot合约+EOA接力库存体系)」,serial-offender,,,2026-07-22,2026-07-22,,
0x3e26310b091869d33a51b4e106db26d928c4d029,bsc,惯犯庄家（SIREN案·离场庄#1·核心链）,serial-actor,identity,serial-offenders,2026-07-22,SIREN分析2026-07-19 appendix whale_group「离场庄#1·核心链」,serial-offender,,,2026-07-19,2026-07-22,,
0x3ebe10f763caec8b772b46a201dc31886acb919f,bsc,惯犯庄家（SIREN案·离场庄#1·扩展与静置仓网）,serial-actor,identity,serial-offenders,2026-07-22,SIREN分析2026-07-19 appendix whale_group「离场庄#1·扩展与静置仓网」,serial-offender,,,2026-07-19,2026-07-22,,
0x3f1aba670a0234109be0222a805f3207117c2531,bsc,惯犯庄家（QUQ案·大庄#1(刷量bot合约+EOA接力库存体系)）,serial-actor,identity,serial-offenders,2026-07-22,QUQ分析 appendix whale_group「大庄#1(刷量bot合约+EOA接力库存体系)」,serial-offender,,,2026-07-22,2026-07-22,,
0x3f26517805fb51e3a582d88e64f0ae10f7a209c2,bsc,惯犯庄家（SIREN案·离场庄#1·核心链）,serial-actor,identity,serial-offenders,2026-07-22,SIREN分析2026-07-19 appendix whale_group「离场庄#1·核心链」,serial-offender,,,2026-07-19,2026-07-22,,
0x3f471b4130411f493f41dfbf5380079d23b76096,bsc,惯犯庄家（SIREN案·离场庄#1·核心链）,serial-actor,identity,serial-offenders,2026-07-22,SIREN分析2026-07-19 appendix whale_group「离场庄#1·核心链」,serial-offender,,,2026-07-19,2026-07-22,,
0x400cceb1070c0daf4fa951c71280f1f0b16a9b40,bsc,惯犯庄家（SIREN案·离场庄#1·核心链）,serial-actor,identity,serial-offenders,2026-07-22,SIREN分析2026-07-19 appendix whale_group「离场庄#1·核心链」,serial-offender,,,2026-07-19,2026-07-22,,
0x400dacaff26f8f8c9cbc08c31fd843a6746561ac,bsc,惯犯庄家（SIREN案·离场庄#1·核心链）,serial-actor,identity,serial-offenders,2026-07-22,SIREN分析2026-07-19 appendix whale_group「离场庄#1·核心链」,serial-offender,,,2026-07-19,2026-07-22,,
0x405eb7f7d87ead9dce9d0b0529851a9932785a04,bsc,惯犯庄家（SIREN案·离场庄#1·核心链）,serial-actor,identity,serial-offenders,2026-07-22,SIREN分析2026-07-19 appendix whale_group「离场庄#1·核心链」,serial-offender,,,2026-07-19,2026-07-22,,
0x40806b09c754f0ad1b2e3fb73a1d172122400a2f,bsc,惯犯庄家（QUQ案·大庄#1(刷量bot合约+EOA接力库存体系)）,serial-actor,identity,serial-offenders,2026-07-22,QUQ分析 appendix whale_group「大庄#1(刷量bot合约+EOA接力库存体系)」,serial-offender,,,2026-07-22,2026-07-22,,
0x4095d4c121300308df6e2d3f5920f07a04773ab7,bsc,惯犯庄家（QUQ案·大庄#1(刷量bot合约+EOA接力库存体系)）,serial-actor,identity,serial-offenders,2026-07-22,QUQ分析 appendix whale_group「大庄#1(刷量bot合约+EOA接力库存体系)」,serial-offender,,,2026-07-22,2026-07-22,,
0x40a881d1c0726a6318fccb765b3b6d5876f1c112,bsc,惯犯庄家（QUQ案·大庄#1(刷量bot合约+EOA接力库存体系)）,serial-actor,identity,serial-offenders,2026-07-22,QUQ分析 appendix whale_group「大庄#1(刷量bot合约+EOA接力库存体系)」,serial-offender,,,2026-07-22,2026-07-22,,
0x40e9fd32c40f314589b3c7f9a2e2a2616ee4dea8,bsc,惯犯庄家（SIREN案·离场庄#1·扩展与静置仓网）,serial-actor,identity,serial-offenders,2026-07-22,SIREN分析2026-07-19 appendix whale_group「离场庄#1·扩展与静置仓网」,serial-offender,,,2026-07-19,2026-07-22,,
0x410b72ccfeacbb20a31785edaa358d25a07e143d,bsc,惯犯庄家（QUQ案·大庄#1(刷量bot合约+EOA接力库存体系)）,serial-actor,identity,serial-offenders,2026-07-22,QUQ分析 appendix whale_group「大庄#1(刷量bot合约+EOA接力库存体系)」,serial-offender,,,2026-07-22,2026-07-22,,
0x41d95e600b2ac93809226179f9665db58cc4fcf9,bsc,惯犯庄家（SIREN案·离场庄#1·核心链）,serial-actor,identity,serial-offenders,2026-07-22,SIREN分析2026-07-19 appendix whale_group「离场庄#1·核心链」,serial-offender,,,2026-07-19,2026-07-22,,
0x421aaea0bc680eb1b7d930efb67596d7a005fcf9,bsc,惯犯庄家（SIREN案·离场庄#1·核心链）,serial-actor,identity,serial-offenders,2026-07-22,SIREN分析2026-07-19 appendix whale_group「离场庄#1·核心链」,serial-offender,,,2026-07-19,2026-07-22,,
0x426e28fb29e06c48f0a0f501e0a27d44c0f30fc8,bsc,惯犯庄家（SIREN案·离场庄#1·核心链）,serial-actor,identity,serial-offenders,2026-07-22,SIREN分析2026-07-19 appendix whale_group「离场庄#1·核心链」,serial-offender,,,2026-07-19,2026-07-22,,
0x429003aa079d83027c8893e009ab051d61d24f27,bsc,惯犯庄家（SIREN案·离场庄#1·核心链）,serial-actor,identity,serial-offenders,2026-07-22,SIREN分析2026-07-19 appendix whale_group「离场庄#1·核心链」,serial-offender,,,2026-07-19,2026-07-22,,
0x42d42d6be631e572164116a268a30b17b565b007,bsc,惯犯庄家（SIREN案·离场庄#1·核心链）,serial-actor,identity,serial-offenders,2026-07-22,SIREN分析2026-07-19 appendix whale_group「离场庄#1·核心链」,serial-offender,,,2026-07-19,2026-07-22,,
0x42e76afa148399604384f8b4a8ac96d644e9a448,bsc,惯犯庄家（SIREN案·离场庄#1·核心链）,serial-actor,identity,serial-offenders,2026-07-22,SIREN分析2026-07-19 appendix whale_group「离场庄#1·核心链」,serial-offender,,,2026-07-19,2026-07-22,,
0x438239f5513179afc39b4ef8ceb7391c977fa7e8,bsc,惯犯庄家（SIREN案·离场庄#1·核心链）,serial-actor,identity,serial-offenders,2026-07-22,SIREN分析2026-07-19 appendix whale_group「离场庄#1·核心链」,serial-offender,,,2026-07-19,2026-07-22,,
0x439a79ec48b343e658401dab658bbcd787244221,bsc,惯犯庄家（SIREN案·离场庄#1·核心链）,serial-actor,identity,serial-offenders,2026-07-22,SIREN分析2026-07-19 appendix whale_group「离场庄#1·核心链」,serial-offender,,,2026-07-19,2026-07-22,,
0x439b7be01cb58d8e83f989809168c39c618aff92,bsc,惯犯庄家（QUQ案·大庄#1(刷量bot合约+EOA接力库存体系)）,serial-actor,identity,serial-offenders,2026-07-22,QUQ分析 appendix whale_group「大庄#1(刷量bot合约+EOA接力库存体系)」,serial-offender,,,2026-07-22,2026-07-22,,
0x439fec33eee3d6e60bea876ab2395b181a4a4417,bsc,惯犯庄家（SIREN案·离场庄#1·核心链）,serial-actor,identity,serial-offenders,2026-07-22,SIREN分析2026-07-19 appendix whale_group「离场庄#1·核心链」,serial-offender,,,2026-07-19,2026-07-22,,
0x440fdb7c13aa0513c6d7ae65461309551c624521,bsc,惯犯庄家（SIREN案·离场庄#1·核心链）,serial-actor,identity,serial-offenders,2026-07-22,SIREN分析2026-07-19 appendix whale_group「离场庄#1·核心链」,serial-offender,,,2026-07-19,2026-07-22,,
0x442debe188bfc07dff2046ada850c4b8be9bad4b,bsc,惯犯庄家（QUQ案·大庄#1(刷量bot合约+EOA接力库存体系)）,serial-actor,identity,serial-offenders,2026-07-22,QUQ分析 appendix whale_group「大庄#1(刷量bot合约+EOA接力库存体系)」,serial-offender,,,2026-07-22,2026-07-22,,
0x44784d82d6746e4d3b8af4e75509f6aefd2cff3f,bsc,惯犯庄家（SIREN案·离场庄#1·核心链）,serial-actor,identity,serial-offenders,2026-07-22,SIREN分析2026-07-19 appendix whale_group「离场庄#1·核心链」,serial-offender,,,2026-07-19,2026-07-22,,
0x4482fe2d5d850801c84b6b66a78d32775c20834e,bsc,惯犯庄家（SIREN案·离场庄#1·核心链）,serial-actor,identity,serial-offenders,2026-07-22,SIREN分析2026-07-19 appendix whale_group「离场庄#1·核心链」,serial-offender,,,2026-07-19,2026-07-22,,
0x4498de08cc73bb03dd6b52ad93cea281909f2198,bsc,惯犯庄家（SIREN案·离场庄#1·核心链）,serial-actor,identity,serial-offenders,2026-07-22,SIREN分析2026-07-19 appendix whale_group「离场庄#1·核心链」,serial-offender,,,2026-07-19,2026-07-22,,
0x44af603e1de64fe74af7ac1fced8e74f022cc8b6,bsc,惯犯庄家（QUQ案·大庄#1(刷量bot合约+EOA接力库存体系)）,serial-actor,identity,serial-offenders,2026-07-22,QUQ分析 appendix whale_group「大庄#1(刷量bot合约+EOA接力库存体系)」,serial-offender,,,2026-07-22,2026-07-22,,
0x450ae858e50e51f7c55aedc4bf4e5e5069aa4420,bsc,惯犯庄家（SIREN案·离场庄#1·核心链）,serial-actor,identity,serial-offenders,2026-07-22,SIREN分析2026-07-19 appendix whale_group「离场庄#1·核心链」,serial-offender,,,2026-07-19,2026-07-22,,
0x4519bbe95e13b8904a55efe89d333671ff276acd,bsc,惯犯庄家（SIREN案·离场庄#1·核心链）,serial-actor,identity,serial-offenders,2026-07-22,SIREN分析2026-07-19 appendix whale_group「离场庄#1·核心链」,serial-offender,,,2026-07-19,2026-07-22,,
0x45636ffc67164b1350a042ef07e543574c35d458,bsc,惯犯庄家（SIREN案·离场庄#1·核心链）,serial-actor,identity,serial-offenders,2026-07-22,SIREN分析2026-07-19 appendix whale_group「离场庄#1·核心链」,serial-offender,,,2026-07-19,2026-07-22,,
0x45dcd0eb0d53d5c6f159e138953b4faea695edc7,bsc,惯犯庄家（SIREN案·离场庄#1·核心链）,serial-actor,identity,serial-offenders,2026-07-22,SIREN分析2026-07-19 appendix whale_group「离场庄#1·核心链」,serial-offender,,,2026-07-19,2026-07-22,,
0x460a3d4766d0aa9bf97b0b9d02c4302ed2eab7f0,bsc,惯犯庄家（SIREN案·离场庄#1·核心链）,serial-actor,identity,serial-offenders,2026-07-22,SIREN分析2026-07-19 appendix whale_group「离场庄#1·核心链」,serial-offender,,,2026-07-19,2026-07-22,,
0x4646b109235d6b7adc740342cef0846ee6418a28,bsc,惯犯庄家（SIREN案·离场庄#1·核心链）,serial-actor,identity,serial-offenders,2026-07-22,SIREN分析2026-07-19 appendix whale_group「离场庄#1·核心链」,serial-offender,,,2026-07-19,2026-07-22,,
0x4653feab35cb2424ef43590635d89371bb510164,bsc,惯犯庄家（SIREN案·离场庄#1·核心链）,serial-actor,identity,serial-offenders,2026-07-22,SIREN分析2026-07-19 appendix whale_group「离场庄#1·核心链」,serial-offender,,,2026-07-19,2026-07-22,,
0x46b63eabb7ce70a24614c9d115104d17cd050f5a,bsc,惯犯庄家（SIREN案·离场庄#1·核心链）,serial-actor,identity,serial-offenders,2026-07-22,SIREN分析2026-07-19 appendix whale_group「离场庄#1·核心链」,serial-offender,,,2026-07-19,2026-07-22,,
0x472adba7d1d666e594a5805ff44954b1b06a2e26,bsc,惯犯庄家（SIREN案·离场庄#1·核心链）,serial-actor,identity,serial-offenders,2026-07-22,SIREN分析2026-07-19 appendix whale_group「离场庄#1·核心链」,serial-offender,,,2026-07-19,2026-07-22,,
0x474532d11f058af5510740144a14c92f88466bd8,bsc,惯犯庄家（SIREN案·离场庄#1·核心链）,serial-actor,identity,serial-offenders,2026-07-22,SIREN分析2026-07-19 appendix whale_group「离场庄#1·核心链」,serial-offender,,,2026-07-19,2026-07-22,,
0x474bfe0cbf3a242b09f1f6719295cc75f9a7648c,bsc,惯犯庄家（SIREN案·离场庄#1·核心链）,serial-actor,identity,serial-offenders,2026-07-22,SIREN分析2026-07-19 appendix whale_group「离场庄#1·核心链」,serial-offender,,,2026-07-19,2026-07-22,,
0x47832c2fc98a4e884555407aeabc5ce519d4e70e,bsc,惯犯庄家（QUQ案·大庄#1(刷量bot合约+EOA接力库存体系)）,serial-actor,identity,serial-offenders,2026-07-22,QUQ分析 appendix whale_group「大庄#1(刷量bot合约+EOA接力库存体系)」,serial-offender,,,2026-07-22,2026-07-22,,
0x47b45682f6c9039ac65170b50be4fd5268b9041e,bsc,惯犯庄家（SIREN案·离场庄#1·核心链）,serial-actor,identity,serial-offenders,2026-07-22,SIREN分析2026-07-19 appendix whale_group「离场庄#1·核心链」,serial-offender,,,2026-07-19,2026-07-22,,
0x4857eea2dd2235d0467edd47fa78ebe66c8f4995,bsc,惯犯庄家（SIREN案·离场庄#1·核心链）,serial-actor,identity,serial-offenders,2026-07-22,SIREN分析2026-07-19 appendix whale_group「离场庄#1·核心链」,serial-offender,,,2026-07-19,2026-07-22,,
0x486adbfd3c0bb4b65dc1e02f73607d121fa61a66,bsc,惯犯庄家（SIREN案·离场庄#1·核心链）,serial-actor,identity,serial-offenders,2026-07-22,SIREN分析2026-07-19 appendix whale_group「离场庄#1·核心链」,serial-offender,,,2026-07-19,2026-07-22,,
0x487e431976b9a5462991019c959822c5c7e088d3,bsc,惯犯庄家（SIREN案·离场庄#1·核心链）,serial-actor,identity,serial-offenders,2026-07-22,SIREN分析2026-07-19 appendix whale_group「离场庄#1·核心链」,serial-offender,,,2026-07-19,2026-07-22,,
0x487e6c111c6c54cf4fc61470fcc1d3d5c14e991b,bsc,惯犯庄家（SIREN案·离场庄#1·扩展与静置仓网）,serial-actor,identity,serial-offenders,2026-07-22,SIREN分析2026-07-19 appendix whale_group「离场庄#1·扩展与静置仓网」,serial-offender,,,2026-07-19,2026-07-22,,
0x48bff775f93f0f5fed5bde5fc9474cb66b15dff5,bsc,惯犯庄家（SIREN案·离场庄#1·核心链）,serial-actor,identity,serial-offenders,2026-07-22,SIREN分析2026-07-19 appendix whale_group「离场庄#1·核心链」,serial-offender,,,2026-07-19,2026-07-22,,
0x48e075f9def7d6b9e4ca57431f5b8634b2310f41,bsc,惯犯庄家（SIREN案·离场庄#1·核心链）,serial-actor,identity,serial-offenders,2026-07-22,SIREN分析2026-07-19 appendix whale_group「离场庄#1·核心链」,serial-offender,,,2026-07-19,2026-07-22,,
0x4931c5faf4bc0ca35cd71ed7375942022e2ddfb1,bsc,惯犯庄家（QUQ案·大庄#1(刷量bot合约+EOA接力库存体系)）,serial-actor,identity,serial-offenders,2026-07-22,QUQ分析 appendix whale_group「大庄#1(刷量bot合约+EOA接力库存体系)」,serial-offender,,,2026-07-22,2026-07-22,,
0x498363abc11cefe216fda3b1d1e82f24f08ab192,bsc,惯犯庄家（SIREN案·离场庄#1·核心链）,serial-actor,identity,serial-offenders,2026-07-22,SIREN分析2026-07-19 appendix whale_group「离场庄#1·核心链」,serial-offender,,,2026-07-19,2026-07-22,,
0x4a3114bd3d5546a5b300deb741f14dd0e30a6232,bsc,惯犯庄家（SIREN案·离场庄#1·核心链）,serial-actor,identity,serial-offenders,2026-07-22,SIREN分析2026-07-19 appendix whale_group「离场庄#1·核心链」,serial-offender,,,2026-07-19,2026-07-22,,
0x4a53c2c5b09a72103b4732600b3c8d2a654b3ae1,bsc,惯犯庄家（SIREN案·离场庄#1·扩展与静置仓网）,serial-actor,identity,serial-offenders,2026-07-22,SIREN分析2026-07-19 appendix whale_group「离场庄#1·扩展与静置仓网」,serial-offender,,,2026-07-19,2026-07-22,,
0x4a96912a4dc2d9c6253842628a46156a9e4e45cc,bsc,惯犯庄家（SIREN案·离场庄#1·扩展与静置仓网）,serial-actor,identity,serial-offenders,2026-07-22,SIREN分析2026-07-19 appendix whale_group「离场庄#1·扩展与静置仓网」,serial-offender,,,2026-07-19,2026-07-22,,
0x4ab93df930c43e0da761e3924fb93b3e403411d3,bsc,惯犯庄家（SIREN案·离场庄#1·核心链）,serial-actor,identity,serial-offenders,2026-07-22,SIREN分析2026-07-19 appendix whale_group「离场庄#1·核心链」,serial-offender,,,2026-07-19,2026-07-22,,
0x4b12d7b75ae4e013eec422125c509439e18edc67,bsc,惯犯庄家（SIREN案·离场庄#1·核心链）,serial-actor,identity,serial-offenders,2026-07-22,SIREN分析2026-07-19 appendix whale_group「离场庄#1·核心链」,serial-offender,,,2026-07-19,2026-07-22,,
0x4b2775a8cfd19a52022bdbda4bd5bba4aab8c712,bsc,惯犯庄家（QUQ案·大庄#1(刷量bot合约+EOA接力库存体系)）,serial-actor,identity,serial-offenders,2026-07-22,QUQ分析 appendix whale_group「大庄#1(刷量bot合约+EOA接力库存体系)」,serial-offender,,,2026-07-22,2026-07-22,,
0x4b52b93f3320f7dd1d670e3359d3eb3062b9939c,bsc,惯犯庄家（SIREN案·离场庄#1·核心链）,serial-actor,identity,serial-offenders,2026-07-22,SIREN分析2026-07-19 appendix whale_group「离场庄#1·核心链」,serial-offender,,,2026-07-19,2026-07-22,,
0x4b8930970ae6ec0cb83f9b03eebae504014a7c32,bsc,惯犯庄家（QUQ案·大庄#1(刷量bot合约+EOA接力库存体系)）,serial-actor,identity,serial-offenders,2026-07-22,QUQ分析 appendix whale_group「大庄#1(刷量bot合约+EOA接力库存体系)」,serial-offender,,,2026-07-22,2026-07-22,,
0x4bd63fac22bb0e86d344a906601ba88085c2a988,bsc,惯犯庄家（SIREN案·离场庄#1·核心链）,serial-actor,identity,serial-offenders,2026-07-22,SIREN分析2026-07-19 appendix whale_group「离场庄#1·核心链」,serial-offender,,,2026-07-19,2026-07-22,,
0x4bef155c05d26bbbd9cb91a5980570c5b06a5133,bsc,惯犯庄家（QUQ案·大庄#1(刷量bot合约+EOA接力库存体系)）,serial-actor,identity,serial-offenders,2026-07-22,QUQ分析 appendix whale_group「大庄#1(刷量bot合约+EOA接力库存体系)」,serial-offender,,,2026-07-22,2026-07-22,,
0x4c28b0e25add84b8c7a74d0f379d193390778324,bsc,惯犯庄家（SIREN案·离场庄#1·扩展与静置仓网）,serial-actor,identity,serial-offenders,2026-07-22,SIREN分析2026-07-19 appendix whale_group「离场庄#1·扩展与静置仓网」,serial-offender,,,2026-07-19,2026-07-22,,
0x4c54fe09f50deb7f334c5daad3abf7732d898ce6,bsc,惯犯庄家（SIREN案·离场庄#1·核心链）,serial-actor,identity,serial-offenders,2026-07-22,SIREN分析2026-07-19 appendix whale_group「离场庄#1·核心链」,serial-offender,,,2026-07-19,2026-07-22,,
0x4c609356d381fe319aaf090c276f4b6cebde6926,bsc,惯犯庄家（SIREN案·离场庄#1·核心链）,serial-actor,identity,serial-offenders,2026-07-22,SIREN分析2026-07-19 appendix whale_group「离场庄#1·核心链」,serial-offender,,,2026-07-19,2026-07-22,,
0x4d0f78fd6da1dc671aec1c26051e8d9a4fa5f1f8,bsc,惯犯庄家（SIREN案·离场庄#1·核心链）,serial-actor,identity,serial-offenders,2026-07-22,SIREN分析2026-07-19 appendix whale_group「离场庄#1·核心链」,serial-offender,,,2026-07-19,2026-07-22,,
0x4d144b0257baeb78744f3a974d4e4c0d4d116dc7,bsc,惯犯庄家（SIREN案·离场庄#1·核心链）,serial-actor,identity,serial-offenders,2026-07-22,SIREN分析2026-07-19 appendix whale_group「离场庄#1·核心链」,serial-offender,,,2026-07-19,2026-07-22,,
0x4d18dbde85b7b63f4087fda4f5e706018d64c362,bsc,惯犯庄家（QUQ案·大庄#1(刷量bot合约+EOA接力库存体系)）,serial-actor,identity,serial-offenders,2026-07-22,QUQ分析 appendix whale_group「大庄#1(刷量bot合约+EOA接力库存体系)」,serial-offender,,,2026-07-22,2026-07-22,,
0x4d265c9c55218fa816715e3781d999b08fd8a76e,bsc,惯犯庄家（QUQ案·大庄#1(刷量bot合约+EOA接力库存体系)）,serial-actor,identity,serial-offenders,2026-07-22,QUQ分析 appendix whale_group「大庄#1(刷量bot合约+EOA接力库存体系)」,serial-offender,,,2026-07-22,2026-07-22,,
0x4d45305e7620c2f32e4eb95ed408726a046c1c1c,bsc,惯犯庄家（SIREN案·离场庄#1·核心链）,serial-actor,identity,serial-offenders,2026-07-22,SIREN分析2026-07-19 appendix whale_group「离场庄#1·核心链」,serial-offender,,,2026-07-19,2026-07-22,,
0x4daeac6edaae62246047fdc20ea3477934dbf512,bsc,惯犯庄家（SIREN案·离场庄#1·核心链）,serial-actor,identity,serial-offenders,2026-07-22,SIREN分析2026-07-19 appendix whale_group「离场庄#1·核心链」,serial-offender,,,2026-07-19,2026-07-22,,
0x4dbab24448f5c57a6f803828bb3278694db992eb,bsc,惯犯庄家（SIREN案·离场庄#1·核心链）,serial-actor,identity,serial-offenders,2026-07-22,SIREN分析2026-07-19 appendix whale_group「离场庄#1·核心链」,serial-offender,,,2026-07-19,2026-07-22,,
0x4e2099ce67773a5f265018738e1b7f526aa85ff2,bsc,惯犯庄家（SIREN案·离场庄#1·核心链）,serial-actor,identity,serial-offenders,2026-07-22,SIREN分析2026-07-19 appendix whale_group「离场庄#1·核心链」,serial-offender,,,2026-07-19,2026-07-22,,
0x4e465555c905714dd7b98894080915f3d32cfcdc,bsc,惯犯庄家（SIREN案·离场庄#1·核心链）,serial-actor,identity,serial-offenders,2026-07-22,SIREN分析2026-07-19 appendix whale_group「离场庄#1·核心链」,serial-offender,,,2026-07-19,2026-07-22,,
0x4f6c103a909f95a06741de4f13a10feae9b79b68,bsc,惯犯庄家（SIREN案·离场庄#1·核心链）,serial-actor,identity,serial-offenders,2026-07-22,SIREN分析2026-07-19 appendix whale_group「离场庄#1·核心链」,serial-offender,,,2026-07-19,2026-07-22,,
0x4f79ffd217ea2a03259a0dc7135406bf24d04300,bsc,惯犯庄家（SIREN案·离场庄#1·核心链）,serial-actor,identity,serial-offenders,2026-07-22,SIREN分析2026-07-19 appendix whale_group「离场庄#1·核心链」,serial-offender,,,2026-07-19,2026-07-22,,
0x4f965faa7df0d9a4fed311cae6dabbd88c674a3f,bsc,惯犯庄家（SIREN案·离场庄#1·核心链）,serial-actor,identity,serial-offenders,2026-07-22,SIREN分析2026-07-19 appendix whale_group「离场庄#1·核心链」,serial-offender,,,2026-07-19,2026-07-22,,
0x4fe61d69aa589999a841ae5c8e41890f1b4189ba,bsc,惯犯庄家（SIREN案·离场庄#1·核心链）,serial-actor,identity,serial-offenders,2026-07-22,SIREN分析2026-07-19 appendix whale_group「离场庄#1·核心链」,serial-offender,,,2026-07-19,2026-07-22,,
0x4fef810c4f57a5edf3f0ef3079ecd7b41321b116,bsc,惯犯庄家（SIREN案·离场庄#1·核心链）,serial-actor,identity,serial-offenders,2026-07-22,SIREN分析2026-07-19 appendix whale_group「离场庄#1·核心链」,serial-offender,,,2026-07-19,2026-07-22,,
0x4ff1d40fb7b56665bf95d8d8e3a5320de46709a1,bsc,惯犯庄家（QUQ案·大庄#1(刷量bot合约+EOA接力库存体系)）,serial-actor,identity,serial-offenders,2026-07-22,QUQ分析 appendix whale_group「大庄#1(刷量bot合约+EOA接力库存体系)」,serial-offender,,,2026-07-22,2026-07-22,,
0x5026cf1e61a40f837d2097f5ee79aca5725a521e,bsc,惯犯庄家（SIREN案·离场庄#1·核心链）,serial-actor,identity,serial-offenders,2026-07-22,SIREN分析2026-07-19 appendix whale_group「离场庄#1·核心链」,serial-offender,,,2026-07-19,2026-07-22,,
0x50482337378e45351e6e696bfb5d35ac89dd8697,bsc,惯犯庄家（SIREN案·离场庄#1·核心链）,serial-actor,identity,serial-offenders,2026-07-22,SIREN分析2026-07-19 appendix whale_group「离场庄#1·核心链」,serial-offender,,,2026-07-19,2026-07-22,,
0x5081009478c33f490cef156ce08863762fec1d3d,bsc,惯犯庄家（SIREN案·离场庄#1·核心链）,serial-actor,identity,serial-offenders,2026-07-22,SIREN分析2026-07-19 appendix whale_group「离场庄#1·核心链」,serial-offender,,,2026-07-19,2026-07-22,,
0x5092bcf5cf8655eb9c3affc9f5fdd93b4ff33be6,bsc,惯犯庄家（SIREN案·离场庄#1·核心链）,serial-actor,identity,serial-offenders,2026-07-22,SIREN分析2026-07-19 appendix whale_group「离场庄#1·核心链」,serial-offender,,,2026-07-19,2026-07-22,,
0x50d5a2dac0664407ee3578f8b31c261778e49357,bsc,惯犯庄家（SIREN案·离场庄#1·核心链）,serial-actor,identity,serial-offenders,2026-07-22,SIREN分析2026-07-19 appendix whale_group「离场庄#1·核心链」,serial-offender,,,2026-07-19,2026-07-22,,
0x50fccd115f0839b41af03f34036a14c479dae4b8,bsc,惯犯庄家（SIREN案·离场庄#1·核心链）,serial-actor,identity,serial-offenders,2026-07-22,SIREN分析2026-07-19 appendix whale_group「离场庄#1·核心链」,serial-offender,,,2026-07-19,2026-07-22,,
0x5154c4386e8069494f792fb1b1cf1981815c2b6e,bsc,惯犯庄家（SIREN案·离场庄#1·核心链）,serial-actor,identity,serial-offenders,2026-07-22,SIREN分析2026-07-19 appendix whale_group「离场庄#1·核心链」,serial-offender,,,2026-07-19,2026-07-22,,
0x517b46535cb5ef119f3bf0d3486dbfbcf5fbc975,bsc,惯犯庄家（SIREN案·离场庄#1·核心链）,serial-actor,identity,serial-offenders,2026-07-22,SIREN分析2026-07-19 appendix whale_group「离场庄#1·核心链」,serial-offender,,,2026-07-19,2026-07-22,,
0x5211565de597b37f28e46a0acd3fc4071b3c416d,bsc,惯犯庄家（QUQ案·大庄#1(刷量bot合约+EOA接力库存体系)）,serial-actor,identity,serial-offenders,2026-07-22,QUQ分析 appendix whale_group「大庄#1(刷量bot合约+EOA接力库存体系)」,serial-offender,,,2026-07-22,2026-07-22,,
0x52d2cbf1efa93fa8358dc0f8081d9da1726a81ae,bsc,惯犯庄家（SIREN案·离场庄#1·核心链）,serial-actor,identity,serial-offenders,2026-07-22,SIREN分析2026-07-19 appendix whale_group「离场庄#1·核心链」,serial-offender,,,2026-07-19,2026-07-22,,
0x52e868e60b37a637359a010977e4a86b63ab266c,bsc,惯犯庄家（SIREN案·离场庄#1·扩展与静置仓网）,serial-actor,identity,serial-offenders,2026-07-22,SIREN分析2026-07-19 appendix whale_group「离场庄#1·扩展与静置仓网」,serial-offender,,,2026-07-19,2026-07-22,,
0x5301c543885f2b76a40a333f0cfc98c1d6266961,bsc,惯犯庄家（SIREN案·离场庄#1·核心链）,serial-actor,identity,serial-offenders,2026-07-22,SIREN分析2026-07-19 appendix whale_group「离场庄#1·核心链」,serial-offender,,,2026-07-19,2026-07-22,,
0x53061d249f9d2ce035975d621da6ddee8115f123,bsc,惯犯庄家（SIREN案·离场庄#1·核心链）,serial-actor,identity,serial-offenders,2026-07-22,SIREN分析2026-07-19 appendix whale_group「离场庄#1·核心链」,serial-offender,,,2026-07-19,2026-07-22,,
0x530cc32c03526e2524819fce376189b8996d584c,bsc,惯犯庄家（SIREN案·离场庄#1·核心链）,serial-actor,identity,serial-offenders,2026-07-22,SIREN分析2026-07-19 appendix whale_group「离场庄#1·核心链」,serial-offender,,,2026-07-19,2026-07-22,,
0x5382b7ee83f8f46d7969541cb8fe623359a92757,bsc,惯犯庄家（SIREN案·离场庄#1·核心链）,serial-actor,identity,serial-offenders,2026-07-22,SIREN分析2026-07-19 appendix whale_group「离场庄#1·核心链」,serial-offender,,,2026-07-19,2026-07-22,,
0x538683f180055c5efeb5e34974fef5183989155d,bsc,惯犯庄家（SIREN案·离场庄#1·核心链）,serial-actor,identity,serial-offenders,2026-07-22,SIREN分析2026-07-19 appendix whale_group「离场庄#1·核心链」,serial-offender,,,2026-07-19,2026-07-22,,
0x538987f91536f4e1be7704a9e8b6ffeb4880ec17,bsc,惯犯庄家（SIREN案·离场庄#1·核心链）,serial-actor,identity,serial-offenders,2026-07-22,SIREN分析2026-07-19 appendix whale_group「离场庄#1·核心链」,serial-offender,,,2026-07-19,2026-07-22,,
0x539c44a05820f6b9e131f2e4078e22f6e90bf7fc,bsc,惯犯庄家（QUQ案·大庄#1(刷量bot合约+EOA接力库存体系)）,serial-actor,identity,serial-offenders,2026-07-22,QUQ分析 appendix whale_group「大庄#1(刷量bot合约+EOA接力库存体系)」,serial-offender,,,2026-07-22,2026-07-22,,
0x53e7b53eeed24b456e2b6e07dd1a4b7c872085a1,bsc,惯犯庄家（QUQ案·大庄#1(刷量bot合约+EOA接力库存体系)）,serial-actor,identity,serial-offenders,2026-07-22,QUQ分析 appendix whale_group「大庄#1(刷量bot合约+EOA接力库存体系)」,serial-offender,,,2026-07-22,2026-07-22,,
0x53ec1a9d945714dce65081e2d57492b862e9663b,bsc,惯犯庄家（SIREN案·离场庄#1·核心链）,serial-actor,identity,serial-offenders,2026-07-22,SIREN分析2026-07-19 appendix whale_group「离场庄#1·核心链」,serial-offender,,,2026-07-19,2026-07-22,,
0x54118cc70aa19391d7a7c11d00ce11e56b8b28e6,bsc,惯犯庄家（SIREN案·离场庄#1·扩展与静置仓网）,serial-actor,identity,serial-offenders,2026-07-22,SIREN分析2026-07-19 appendix whale_group「离场庄#1·扩展与静置仓网」,serial-offender,,,2026-07-19,2026-07-22,,
0x543c875da6234947c2c5e0317bc05e010c400a53,bsc,惯犯庄家（SIREN案·离场庄#1·核心链）,serial-actor,identity,serial-offenders,2026-07-22,SIREN分析2026-07-19 appendix whale_group「离场庄#1·核心链」,serial-offender,,,2026-07-19,2026-07-22,,
0x54406a31747d1ff9bd05833492aa6a529d3cf9ab,bsc,惯犯庄家（SIREN案·离场庄#1·核心链）,serial-actor,identity,serial-offenders,2026-07-22,SIREN分析2026-07-19 appendix whale_group「离场庄#1·核心链」,serial-offender,,,2026-07-19,2026-07-22,,
0x544b910f5a4dc4b04f5a4d2fc85c5e4dbeaa9f2f,bsc,惯犯庄家（SIREN案·离场庄#1·核心链）,serial-actor,identity,serial-offenders,2026-07-22,SIREN分析2026-07-19 appendix whale_group「离场庄#1·核心链」,serial-offender,,,2026-07-19,2026-07-22,,
0x54665e42c6c63f1a813b0b1d3a7f60b553fef963,bsc,惯犯庄家（SIREN案·离场庄#1·扩展与静置仓网）,serial-actor,identity,serial-offenders,2026-07-22,SIREN分析2026-07-19 appendix whale_group「离场庄#1·扩展与静置仓网」,serial-offender,,,2026-07-19,2026-07-22,,
0x54acfb165925995c5f6958b70489ee81f4413023,bsc,惯犯庄家（SIREN案·离场庄#1·核心链）,serial-actor,identity,serial-offenders,2026-07-22,SIREN分析2026-07-19 appendix whale_group「离场庄#1·核心链」,serial-offender,,,2026-07-19,2026-07-22,,
0x54fe2301e202958f3890118815af1a9a0315990a,bsc,惯犯庄家（SIREN案·离场庄#1·核心链）,serial-actor,identity,serial-offenders,2026-07-22,SIREN分析2026-07-19 appendix whale_group「离场庄#1·核心链」,serial-offender,,,2026-07-19,2026-07-22,,
0x556b9306565093c855aea9ae92a594704c2cd59e,bsc,惯犯庄家（QUQ案·大庄#1(刷量bot合约+EOA接力库存体系)）,serial-actor,identity,serial-offenders,2026-07-22,QUQ分析 appendix whale_group「大庄#1(刷量bot合约+EOA接力库存体系)」,serial-offender,,,2026-07-22,2026-07-22,,
0x557f3226d13ba79e533f9d16f93b5fa38a027039,bsc,惯犯庄家（SIREN案·离场庄#1·核心链）,serial-actor,identity,serial-offenders,2026-07-22,SIREN分析2026-07-19 appendix whale_group「离场庄#1·核心链」,serial-offender,,,2026-07-19,2026-07-22,,
0x559600e5c7ef9f99661a9a5818be3cd8151b32f7,bsc,惯犯庄家（SIREN案·离场庄#1·核心链）,serial-actor,identity,serial-offenders,2026-07-22,SIREN分析2026-07-19 appendix whale_group「离场庄#1·核心链」,serial-offender,,,2026-07-19,2026-07-22,,
0x55bbdc1aaaed8664c13f729254fc3913e842b190,bsc,惯犯庄家（SIREN案·离场庄#1·核心链）,serial-actor,identity,serial-offenders,2026-07-22,SIREN分析2026-07-19 appendix whale_group「离场庄#1·核心链」,serial-offender,,,2026-07-19,2026-07-22,,
0x55de9329f1dedde7e05101da02259db31d3cf226,bsc,惯犯庄家（SIREN案·离场庄#1·核心链）,serial-actor,identity,serial-offenders,2026-07-22,SIREN分析2026-07-19 appendix whale_group「离场庄#1·核心链」,serial-offender,,,2026-07-19,2026-07-22,,
0x561beec8614eaa3038f03bce7cb4f72b3d271d8e,bsc,惯犯庄家（AKE案·小庄#1）,serial-actor,identity,serial-offenders,2026-07-22,AKE分析 appendix whale_group「小庄#1」,serial-offender,,,2026-07-19,2026-07-22,,
0x56ceee01b13429f0084cb992c4fe4ad3c95b1a88,bsc,惯犯庄家（QUQ案·大庄#1(刷量bot合约+EOA接力库存体系)）,serial-actor,identity,serial-offenders,2026-07-22,QUQ分析 appendix whale_group「大庄#1(刷量bot合约+EOA接力库存体系)」,serial-offender,,,2026-07-22,2026-07-22,,
0x56f8aa4f4c3fb0b10dd52e5b2d92e7c01ebc0071,bsc,惯犯庄家（SIREN案·离场庄#1·核心链）,serial-actor,identity,serial-offenders,2026-07-22,SIREN分析2026-07-19 appendix whale_group「离场庄#1·核心链」,serial-offender,,,2026-07-19,2026-07-22,,
0x5702a1fa2795384d4ff404a92f1716496d165161,bsc,惯犯庄家（QUQ案·大庄#1(刷量bot合约+EOA接力库存体系)）,serial-actor,identity,serial-offenders,2026-07-22,QUQ分析 appendix whale_group「大庄#1(刷量bot合约+EOA接力库存体系)」,serial-offender,,,2026-07-22,2026-07-22,,
0x570810bb87e1205272f6e015000db9eccc0dbcbe,bsc,惯犯庄家（SIREN案·离场庄#1·核心链）,serial-actor,identity,serial-offenders,2026-07-22,SIREN分析2026-07-19 appendix whale_group「离场庄#1·核心链」,serial-offender,,,2026-07-19,2026-07-22,,
0x574ac93fa040636a89daa075c5d983cf8955e8c7,bsc,惯犯庄家（SIREN案·离场庄#1·核心链）,serial-actor,identity,serial-offenders,2026-07-22,SIREN分析2026-07-19 appendix whale_group「离场庄#1·核心链」,serial-offender,,,2026-07-19,2026-07-22,,
0x57870d8f86adf148924ff6413f68623cece22bd3,bsc,惯犯庄家（SIREN案·离场庄#1·核心链）,serial-actor,identity,serial-offenders,2026-07-22,SIREN分析2026-07-19 appendix whale_group「离场庄#1·核心链」,serial-offender,,,2026-07-19,2026-07-22,,
0x5802bae7dd1fc7a1c1879ddf7f69b1570b2f01a7,bsc,惯犯庄家（SIREN案·离场庄#1·核心链）,serial-actor,identity,serial-offenders,2026-07-22,SIREN分析2026-07-19 appendix whale_group「离场庄#1·核心链」,serial-offender,,,2026-07-19,2026-07-22,,
0x583e2ac52baa0bbfcf0b0dc170021ef9a142ee95,bsc,惯犯庄家（SIREN案·离场庄#1·核心链）,serial-actor,identity,serial-offenders,2026-07-22,SIREN分析2026-07-19 appendix whale_group「离场庄#1·核心链」,serial-offender,,,2026-07-19,2026-07-22,,
0x584a7c3a2f8bac54e328caa46d4950ee04163649,bsc,惯犯庄家（SIREN案·离场庄#1·核心链）,serial-actor,identity,serial-offenders,2026-07-22,SIREN分析2026-07-19 appendix whale_group「离场庄#1·核心链」,serial-offender,,,2026-07-19,2026-07-22,,
0x5872d7c2275789f0247fac600060ee193ee8ad5d,bsc,惯犯庄家（SIREN案·离场庄#1·扩展与静置仓网）,serial-actor,identity,serial-offenders,2026-07-22,SIREN分析2026-07-19 appendix whale_group「离场庄#1·扩展与静置仓网」,serial-offender,,,2026-07-19,2026-07-22,,
0x58a2d4943d3bfe7ea840cdbea2e01ebf673fceca,bsc,惯犯庄家（SIREN案·离场庄#1·核心链）,serial-actor,identity,serial-offenders,2026-07-22,SIREN分析2026-07-19 appendix whale_group「离场庄#1·核心链」,serial-offender,,,2026-07-19,2026-07-22,,
0x58e5b5815c02ccbf1220729dbb9ca797991ce1e8,bsc,惯犯庄家（SIREN案·离场庄#1·核心链）,serial-actor,identity,serial-offenders,2026-07-22,SIREN分析2026-07-19 appendix whale_group「离场庄#1·核心链」,serial-offender,,,2026-07-19,2026-07-22,,
0x593da0e05439064bcb2459f4d58f675a5eb33239,bsc,惯犯庄家（SIREN案·离场庄#1·核心链）,serial-actor,identity,serial-offenders,2026-07-22,SIREN分析2026-07-19 appendix whale_group「离场庄#1·核心链」,serial-offender,,,2026-07-19,2026-07-22,,
0x5940c8a20bef15fa7b9675efffbf4e661b15bce6,bsc,惯犯庄家（SIREN案·离场庄#1·扩展与静置仓网）,serial-actor,identity,serial-offenders,2026-07-22,SIREN分析2026-07-19 appendix whale_group「离场庄#1·扩展与静置仓网」,serial-offender,,,2026-07-19,2026-07-22,,
0x5963cebe06eee691a5bad7764744a4fcf1054df1,bsc,惯犯庄家（SIREN案·离场庄#1·核心链）,serial-actor,identity,serial-offenders,2026-07-22,SIREN分析2026-07-19 appendix whale_group「离场庄#1·核心链」,serial-offender,,,2026-07-19,2026-07-22,,
0x597987b2bdd4a9e58a1a751a3e3c20613907d8e9,bsc,惯犯庄家（QUQ案·大庄#1(刷量bot合约+EOA接力库存体系)）,serial-actor,identity,serial-offenders,2026-07-22,QUQ分析 appendix whale_group「大庄#1(刷量bot合约+EOA接力库存体系)」,serial-offender,,,2026-07-22,2026-07-22,,
0x5983ca30b6e22e51fd8b5553efcba7bcb63f846e,bsc,惯犯庄家（SIREN案·离场庄#1·核心链）,serial-actor,identity,serial-offenders,2026-07-22,SIREN分析2026-07-19 appendix whale_group「离场庄#1·核心链」,serial-offender,,,2026-07-19,2026-07-22,,
0x59bbf3f99b351a1197a6cdf7b52eb65051dd0457,bsc,惯犯庄家（SIREN案·离场庄#1·核心链）,serial-actor,identity,serial-offenders,2026-07-22,SIREN分析2026-07-19 appendix whale_group「离场庄#1·核心链」,serial-offender,,,2026-07-19,2026-07-22,,
0x5a1d410bbe7447f1e81b9185b426ccd9377cda24,bsc,惯犯庄家（SIREN案·离场庄#1·核心链）,serial-actor,identity,serial-offenders,2026-07-22,SIREN分析2026-07-19 appendix whale_group「离场庄#1·核心链」,serial-offender,,,2026-07-19,2026-07-22,,
0x5a407bd30efd09e0b3ebf950f2d15aacfaceb0b3,bsc,惯犯庄家（SIREN案·离场庄#1·核心链）,serial-actor,identity,serial-offenders,2026-07-22,SIREN分析2026-07-19 appendix whale_group「离场庄#1·核心链」,serial-offender,,,2026-07-19,2026-07-22,,
0x5aa10adbebaf74a352b36165aba42b79ba9f7af9,bsc,惯犯庄家（SIREN案·离场庄#1·核心链）,serial-actor,identity,serial-offenders,2026-07-22,SIREN分析2026-07-19 appendix whale_group「离场庄#1·核心链」,serial-offender,,,2026-07-19,2026-07-22,,
0x5aa5693c3652463e5645ad098b5c1e11c48c6a7c,bsc,惯犯庄家（QUQ案·大庄#1(刷量bot合约+EOA接力库存体系)）,serial-actor,identity,serial-offenders,2026-07-22,QUQ分析 appendix whale_group「大庄#1(刷量bot合约+EOA接力库存体系)」,serial-offender,,,2026-07-22,2026-07-22,,
0x5ac24c1e519cfcd4566c5e087047b5ba6001990a,bsc,惯犯庄家（SIREN案·离场庄#1·扩展与静置仓网）,serial-actor,identity,serial-offenders,2026-07-22,SIREN分析2026-07-19 appendix whale_group「离场庄#1·扩展与静置仓网」,serial-offender,,,2026-07-19,2026-07-22,,
0x5ae7e891aa2926baac4055a523f6f38eaddcdde1,bsc,惯犯庄家（SIREN案·离场庄#1·核心链）,serial-actor,identity,serial-offenders,2026-07-22,SIREN分析2026-07-19 appendix whale_group「离场庄#1·核心链」,serial-offender,,,2026-07-19,2026-07-22,,
0x5af917a280a3f1e49a52e67cef32ffd48c55a62e,bsc,惯犯庄家（SIREN案·离场庄#1·核心链）,serial-actor,identity,serial-offenders,2026-07-22,SIREN分析2026-07-19 appendix whale_group「离场庄#1·核心链」,serial-offender,,,2026-07-19,2026-07-22,,
0x5b19a5fae1ae93f44153773f70f9ddb664819d0e,bsc,惯犯庄家（SIREN案·离场庄#1·核心链）,serial-actor,identity,serial-offenders,2026-07-22,SIREN分析2026-07-19 appendix whale_group「离场庄#1·核心链」,serial-offender,,,2026-07-19,2026-07-22,,
0x5b754c84c35e3ba0d959317e57bd79c907eaa720,bsc,惯犯庄家（SIREN案·离场庄#1·核心链）,serial-actor,identity,serial-offenders,2026-07-22,SIREN分析2026-07-19 appendix whale_group「离场庄#1·核心链」,serial-offender,,,2026-07-19,2026-07-22,,
0x5ba1cc8f9636e9c3690a8f4d94925dc0403d6952,bsc,惯犯庄家（SIREN案·离场庄#1·核心链）,serial-actor,identity,serial-offenders,2026-07-22,SIREN分析2026-07-19 appendix whale_group「离场庄#1·核心链」,serial-offender,,,2026-07-19,2026-07-22,,
0x5ba89890748362cf58a8ba2593a3e655a91b43be,bsc,惯犯庄家（SIREN案·离场庄#1·核心链）,serial-actor,identity,serial-offenders,2026-07-22,SIREN分析2026-07-19 appendix whale_group「离场庄#1·核心链」,serial-offender,,,2026-07-19,2026-07-22,,
0x5c1db991615d01e4cf79ec75987a94a4f78b3cee,bsc,惯犯庄家（SIREN案·离场庄#1·核心链）,serial-actor,identity,serial-offenders,2026-07-22,SIREN分析2026-07-19 appendix whale_group「离场庄#1·核心链」,serial-offender,,,2026-07-19,2026-07-22,,
0x5caec7b7483c4131b2ad3b138e54874c42064ab4,bsc,惯犯庄家（SIREN案·离场庄#1·核心链）,serial-actor,identity,serial-offenders,2026-07-22,SIREN分析2026-07-19 appendix whale_group「离场庄#1·核心链」,serial-offender,,,2026-07-19,2026-07-22,,
0x5cec18520714fa5e9cec18381f686fd9bfdfddac,bsc,惯犯庄家（SIREN案·离场庄#1·核心链）,serial-actor,identity,serial-offenders,2026-07-22,SIREN分析2026-07-19 appendix whale_group「离场庄#1·核心链」,serial-offender,,,2026-07-19,2026-07-22,,
0x5d869fa4d38bf370a34553743453cc1dadda8800,bsc,惯犯庄家（SIREN案·离场庄#1·核心链）,serial-actor,identity,serial-offenders,2026-07-22,SIREN分析2026-07-19 appendix whale_group「离场庄#1·核心链」,serial-offender,,,2026-07-19,2026-07-22,,
0x5d877da54b2f50077fbfce05af7abbc0fa01123a,bsc,惯犯庄家（SIREN案·离场庄#1·核心链）,serial-actor,identity,serial-offenders,2026-07-22,SIREN分析2026-07-19 appendix whale_group「离场庄#1·核心链」,serial-offender,,,2026-07-19,2026-07-22,,
0x5d8c47068cec10b3ddacb4800a008a41c35d3204,bsc,惯犯庄家（SIREN案·离场庄#1·核心链）,serial-actor,identity,serial-offenders,2026-07-22,SIREN分析2026-07-19 appendix whale_group「离场庄#1·核心链」,serial-offender,,,2026-07-19,2026-07-22,,
0x5db31c16a5431fd74c46add659246f7d915e4c64,bsc,惯犯庄家（QUQ案·大庄#1(刷量bot合约+EOA接力库存体系)）,serial-actor,identity,serial-offenders,2026-07-22,QUQ分析 appendix whale_group「大庄#1(刷量bot合约+EOA接力库存体系)」,serial-offender,,,2026-07-22,2026-07-22,,
0x5dbc592beb40a007dd3013dcc05b8223f4021345,bsc,惯犯庄家（SIREN案·离场庄#1·核心链）,serial-actor,identity,serial-offenders,2026-07-22,SIREN分析2026-07-19 appendix whale_group「离场庄#1·核心链」,serial-offender,,,2026-07-19,2026-07-22,,
0x5dfe67b40901d11ee2beca97655507dbed340b4e,bsc,惯犯庄家（SIREN案·离场庄#1·核心链）,serial-actor,identity,serial-offenders,2026-07-22,SIREN分析2026-07-19 appendix whale_group「离场庄#1·核心链」,serial-offender,,,2026-07-19,2026-07-22,,
0x5e067db14b0b0834dd68250d65160748c066e8c7,bsc,惯犯庄家（SIREN案·离场庄#1·核心链）,serial-actor,identity,serial-offenders,2026-07-22,SIREN分析2026-07-19 appendix whale_group「离场庄#1·核心链」,serial-offender,,,2026-07-19,2026-07-22,,
0x5e344990354789436744d6c9eaf1845382fca800,bsc,惯犯庄家（SIREN案·离场庄#1·核心链）,serial-actor,identity,serial-offenders,2026-07-22,SIREN分析2026-07-19 appendix whale_group「离场庄#1·核心链」,serial-offender,,,2026-07-19,2026-07-22,,
0x5e8d837862de9695a48e091ac47c3284e8c89c92,bsc,惯犯庄家（SIREN案·离场庄#1·核心链）,serial-actor,identity,serial-offenders,2026-07-22,SIREN分析2026-07-19 appendix whale_group「离场庄#1·核心链」,serial-offender,,,2026-07-19,2026-07-22,,
0x5e8df78fc85b743269717ae6ad9f6bd7a4781535,bsc,惯犯庄家（SIREN案·离场庄#1·核心链）,serial-actor,identity,serial-offenders,2026-07-22,SIREN分析2026-07-19 appendix whale_group「离场庄#1·核心链」,serial-offender,,,2026-07-19,2026-07-22,,
0x5ecdf6dc30e59162ac9f9325e54573e33dd85bbe,bsc,惯犯庄家（SIREN案·离场庄#1·核心链）,serial-actor,identity,serial-offenders,2026-07-22,SIREN分析2026-07-19 appendix whale_group「离场庄#1·核心链」,serial-offender,,,2026-07-19,2026-07-22,,
0x5ed73d61e081a1ca8146018f03d5229deb4454fd,bsc,惯犯庄家（SIREN案·离场庄#1·核心链）,serial-actor,identity,serial-offenders,2026-07-22,SIREN分析2026-07-19 appendix whale_group「离场庄#1·核心链」,serial-offender,,,2026-07-19,2026-07-22,,
0x5f5312949e54ba7558ae4a5a2e0a1b91e474c021,bsc,惯犯庄家（SIREN案·离场庄#1·核心链）,serial-actor,identity,serial-offenders,2026-07-22,SIREN分析2026-07-19 appendix whale_group「离场庄#1·核心链」,serial-offender,,,2026-07-19,2026-07-22,,
0x5fce1f0ac0b205e1c012dba1ec0828d6842caeb7,bsc,惯犯庄家（SIREN案·离场庄#1·核心链）,serial-actor,identity,serial-offenders,2026-07-22,SIREN分析2026-07-19 appendix whale_group「离场庄#1·核心链」,serial-offender,,,2026-07-19,2026-07-22,,
0x6015126d7d23648c2e4466693b8deab005ffaba8,bsc,惯犯庄家（QUQ案·大庄#1(刷量bot合约+EOA接力库存体系)）,serial-actor,identity,serial-offenders,2026-07-22,QUQ分析 appendix whale_group「大庄#1(刷量bot合约+EOA接力库存体系)」,serial-offender,,,2026-07-22,2026-07-22,,
0x605c50b1dc6981fcb812a25d6a5a247601ecb221,bsc,惯犯庄家（SIREN案·离场庄#1·扩展与静置仓网）,serial-actor,identity,serial-offenders,2026-07-22,SIREN分析2026-07-19 appendix whale_group「离场庄#1·扩展与静置仓网」,serial-offender,,,2026-07-19,2026-07-22,,
0x6073c1cb3903a01a55329e78a5d02d66749dcd2f,bsc,惯犯庄家（SIREN案·离场庄#1·核心链）,serial-actor,identity,serial-offenders,2026-07-22,SIREN分析2026-07-19 appendix whale_group「离场庄#1·核心链」,serial-offender,,,2026-07-19,2026-07-22,,
0x60bf7641f0dc5e09a20857dac615c10bf7c64389,bsc,惯犯庄家（SIREN案·离场庄#1·核心链）,serial-actor,identity,serial-offenders,2026-07-22,SIREN分析2026-07-19 appendix whale_group「离场庄#1·核心链」,serial-offender,,,2026-07-19,2026-07-22,,
0x60d179efca493a2410ccc0edf20df21c4b8c4491,bsc,惯犯庄家（SIREN案·离场庄#1·核心链）,serial-actor,identity,serial-offenders,2026-07-22,SIREN分析2026-07-19 appendix whale_group「离场庄#1·核心链」,serial-offender,,,2026-07-19,2026-07-22,,
0x60defdc7aaed5c8a144ec1abaffe2763942ef7bb,bsc,惯犯庄家（QUQ案·大庄#1(刷量bot合约+EOA接力库存体系)）,serial-actor,identity,serial-offenders,2026-07-22,QUQ分析 appendix whale_group「大庄#1(刷量bot合约+EOA接力库存体系)」,serial-offender,,,2026-07-22,2026-07-22,,
0x61292dbfce10559a029e3ba568285a8837792e71,bsc,惯犯庄家（SIREN案·离场庄#1·核心链）,serial-actor,identity,serial-offenders,2026-07-22,SIREN分析2026-07-19 appendix whale_group「离场庄#1·核心链」,serial-offender,,,2026-07-19,2026-07-22,,
0x61436c1c6b713fde009ffa647b838d497f54fd43,bsc,惯犯庄家（SIREN案·离场庄#1·核心链）,serial-actor,identity,serial-offenders,2026-07-22,SIREN分析2026-07-19 appendix whale_group「离场庄#1·核心链」,serial-offender,,,2026-07-19,2026-07-22,,
0x61687b7ff538778c8df451151b3615287908fc54,bsc,惯犯庄家（QUQ案·大庄#1(刷量bot合约+EOA接力库存体系)）,serial-actor,identity,serial-offenders,2026-07-22,QUQ分析 appendix whale_group「大庄#1(刷量bot合约+EOA接力库存体系)」,serial-offender,,,2026-07-22,2026-07-22,,
0x61a9c02b039ef2af8ddea2b448f89fabb489912f,bsc,惯犯庄家（QUQ案·大庄#1(刷量bot合约+EOA接力库存体系)）,serial-actor,identity,serial-offenders,2026-07-22,QUQ分析 appendix whale_group「大庄#1(刷量bot合约+EOA接力库存体系)」,serial-offender,,,2026-07-22,2026-07-22,,
0x624fc8368fe11be00d8b2f3fe0b9d0053bec21b9,bsc,惯犯庄家（QUQ案·大庄#1(刷量bot合约+EOA接力库存体系)）,serial-actor,identity,serial-offenders,2026-07-22,QUQ分析 appendix whale_group「大庄#1(刷量bot合约+EOA接力库存体系)」,serial-offender,,,2026-07-22,2026-07-22,,
0x6291fa48c9fa189eda02709070449a2697d04076,bsc,惯犯庄家（SIREN案·离场庄#1·核心链）,serial-actor,identity,serial-offenders,2026-07-22,SIREN分析2026-07-19 appendix whale_group「离场庄#1·核心链」,serial-offender,,,2026-07-19,2026-07-22,,
0x629dd1c1196b6586beb58e5ff3bf3da1ff1015da,bsc,惯犯庄家（SIREN案·离场庄#1·核心链）,serial-actor,identity,serial-offenders,2026-07-22,SIREN分析2026-07-19 appendix whale_group「离场庄#1·核心链」,serial-offender,,,2026-07-19,2026-07-22,,
0x62be511b62d3d8df925e0f18524e8166a41cfee3,bsc,惯犯庄家（SIREN案·离场庄#1·核心链）,serial-actor,identity,serial-offenders,2026-07-22,SIREN分析2026-07-19 appendix whale_group「离场庄#1·核心链」,serial-offender,,,2026-07-19,2026-07-22,,
0x62bf069a4ef015adace5268d722bde3b073fecd7,bsc,惯犯庄家（SIREN案·离场庄#1·核心链）,serial-actor,identity,serial-offenders,2026-07-22,SIREN分析2026-07-19 appendix whale_group「离场庄#1·核心链」,serial-offender,,,2026-07-19,2026-07-22,,
0x62e484e9c5a2b3eb78f9d8d8311af5c3791d2ff0,bsc,惯犯庄家（SIREN案·离场庄#1·核心链）,serial-actor,identity,serial-offenders,2026-07-22,SIREN分析2026-07-19 appendix whale_group「离场庄#1·核心链」,serial-offender,,,2026-07-19,2026-07-22,,
0x63b0a0d33fe906c668b1de4875bfaf562a9d8c5b,bsc,惯犯庄家（QUQ案·大庄#1(刷量bot合约+EOA接力库存体系)）,serial-actor,identity,serial-offenders,2026-07-22,QUQ分析 appendix whale_group「大庄#1(刷量bot合约+EOA接力库存体系)」,serial-offender,,,2026-07-22,2026-07-22,,
0x63e18215cf10fdbe3f0f79a341a49f91427d6cc9,bsc,惯犯庄家（SIREN案·离场庄#1·核心链）,serial-actor,identity,serial-offenders,2026-07-22,SIREN分析2026-07-19 appendix whale_group「离场庄#1·核心链」,serial-offender,,,2026-07-19,2026-07-22,,
0x63ee0e26ee1141150a68ccf9b0cec5227c19327e,bsc,惯犯庄家（QUQ案·大庄#1(刷量bot合约+EOA接力库存体系)）,serial-actor,identity,serial-offenders,2026-07-22,QUQ分析 appendix whale_group「大庄#1(刷量bot合约+EOA接力库存体系)」,serial-offender,,,2026-07-22,2026-07-22,,
0x64281c149282c310e7d7aa04c96857046347d1d2,bsc,惯犯庄家（SIREN案·离场庄#1·核心链）,serial-actor,identity,serial-offenders,2026-07-22,SIREN分析2026-07-19 appendix whale_group「离场庄#1·核心链」,serial-offender,,,2026-07-19,2026-07-22,,
0x6435e4b09407509122c39186a4e19401a4712b7d,bsc,惯犯庄家（QUQ案·大庄#1(刷量bot合约+EOA接力库存体系)）,serial-actor,identity,serial-offenders,2026-07-22,QUQ分析 appendix whale_group「大庄#1(刷量bot合约+EOA接力库存体系)」,serial-offender,,,2026-07-22,2026-07-22,,
0x643bc2df86051a6cbeae0e0fae00094f8e73d7f7,bsc,惯犯庄家（SIREN案·离场庄#1·核心链）,serial-actor,identity,serial-offenders,2026-07-22,SIREN分析2026-07-19 appendix whale_group「离场庄#1·核心链」,serial-offender,,,2026-07-19,2026-07-22,,
0x6449b24d8dad7cef8ece12d7d5c8d0e0ef355a48,bsc,惯犯庄家（SIREN案·离场庄#1·核心链）,serial-actor,identity,serial-offenders,2026-07-22,SIREN分析2026-07-19 appendix whale_group「离场庄#1·核心链」,serial-offender,,,2026-07-19,2026-07-22,,
0x648b2568882c50c65bd1f677ec41c9a273bd9921,bsc,惯犯庄家（SIREN案·离场庄#1·核心链）,serial-actor,identity,serial-offenders,2026-07-22,SIREN分析2026-07-19 appendix whale_group「离场庄#1·核心链」,serial-offender,,,2026-07-19,2026-07-22,,
0x64cc6c6f2c6440ffb41cb8afe46a7eecc6eb2235,bsc,惯犯庄家（SIREN案·离场庄#1·核心链）,serial-actor,identity,serial-offenders,2026-07-22,SIREN分析2026-07-19 appendix whale_group「离场庄#1·核心链」,serial-offender,,,2026-07-19,2026-07-22,,
0x64e82c71e163faadf0efdf430cbb8d1d6d53b86b,bsc,惯犯庄家（QUQ案·大庄#1(刷量bot合约+EOA接力库存体系)）,serial-actor,identity,serial-offenders,2026-07-22,QUQ分析 appendix whale_group「大庄#1(刷量bot合约+EOA接力库存体系)」,serial-offender,,,2026-07-22,2026-07-22,,
0x64ede9770eb1680b048a23b858a433a7d972f2dd,bsc,惯犯庄家（SIREN案·离场庄#1·核心链）,serial-actor,identity,serial-offenders,2026-07-22,SIREN分析2026-07-19 appendix whale_group「离场庄#1·核心链」,serial-offender,,,2026-07-19,2026-07-22,,
0x6543c852973476a2c5e1939efca7e60d231babce,bsc,惯犯庄家（SIREN案·离场庄#1·核心链）,serial-actor,identity,serial-offenders,2026-07-22,SIREN分析2026-07-19 appendix whale_group「离场庄#1·核心链」,serial-offender,,,2026-07-19,2026-07-22,,
0x65a074673cc4953caf23a81b5d17f6d5d5a02fff,bsc,惯犯庄家（SIREN案·离场庄#1·核心链）,serial-actor,identity,serial-offenders,2026-07-22,SIREN分析2026-07-19 appendix whale_group「离场庄#1·核心链」,serial-offender,,,2026-07-19,2026-07-22,,
0x65a404b140fa76ce1cc9d19ee81c86c9d7eeffea,bsc,惯犯庄家（SIREN案·离场庄#1·核心链）,serial-actor,identity,serial-offenders,2026-07-22,SIREN分析2026-07-19 appendix whale_group「离场庄#1·核心链」,serial-offender,,,2026-07-19,2026-07-22,,
0x65f3a60a5a3da3081db90c693f2686e71fa4cc5b,bsc,惯犯庄家（QUQ案·大庄#1(刷量bot合约+EOA接力库存体系)）,serial-actor,identity,serial-offenders,2026-07-22,QUQ分析 appendix whale_group「大庄#1(刷量bot合约+EOA接力库存体系)」,serial-offender,,,2026-07-22,2026-07-22,,
0x661a9615add4f098f54f6ca5466b98755c51b0a6,bsc,惯犯庄家（SIREN案·离场庄#1·核心链）,serial-actor,identity,serial-offenders,2026-07-22,SIREN分析2026-07-19 appendix whale_group「离场庄#1·核心链」,serial-offender,,,2026-07-19,2026-07-22,,
0x66249d27dd0f6cc76b699390e312b230ab115b6c,bsc,惯犯庄家（SIREN案·离场庄#1·核心链）,serial-actor,identity,serial-offenders,2026-07-22,SIREN分析2026-07-19 appendix whale_group「离场庄#1·核心链」,serial-offender,,,2026-07-19,2026-07-22,,
0x66725cbe32a1e1bc5e8676582ae0275172b18812,bsc,惯犯庄家（SIREN案·离场庄#1·核心链）,serial-actor,identity,serial-offenders,2026-07-22,SIREN分析2026-07-19 appendix whale_group「离场庄#1·核心链」,serial-offender,,,2026-07-19,2026-07-22,,
0x66ad59f6800d791913a2b3d0a13b2087d7ee2e49,bsc,惯犯庄家（SIREN案·离场庄#1·核心链）,serial-actor,identity,serial-offenders,2026-07-22,SIREN分析2026-07-19 appendix whale_group「离场庄#1·核心链」,serial-offender,,,2026-07-19,2026-07-22,,
0x66f032bdf9dc26b20c9f17ad44555c454e67f4de,bsc,惯犯庄家（QUQ案·大庄#1(刷量bot合约+EOA接力库存体系)）,serial-actor,identity,serial-offenders,2026-07-22,QUQ分析 appendix whale_group「大庄#1(刷量bot合约+EOA接力库存体系)」,serial-offender,,,2026-07-22,2026-07-22,,
0x6725941498fc427ca753c40b114688705a9f75f7,bsc,惯犯庄家（SIREN案·离场庄#1·核心链）,serial-actor,identity,serial-offenders,2026-07-22,SIREN分析2026-07-19 appendix whale_group「离场庄#1·核心链」,serial-offender,,,2026-07-19,2026-07-22,,
0x672d17f3ad4e05864f20f23b52a249c25c7713fd,bsc,惯犯庄家（SIREN案·离场庄#1·核心链）,serial-actor,identity,serial-offenders,2026-07-22,SIREN分析2026-07-19 appendix whale_group「离场庄#1·核心链」,serial-offender,,,2026-07-19,2026-07-22,,
0x6752b178e2ed13bcee6951cef907b44c95c5d630,bsc,惯犯庄家（QUQ案·大庄#1(刷量bot合约+EOA接力库存体系)）,serial-actor,identity,serial-offenders,2026-07-22,QUQ分析 appendix whale_group「大庄#1(刷量bot合约+EOA接力库存体系)」,serial-offender,,,2026-07-22,2026-07-22,,
0x677607b4cfa5a7cc0a760326a9f48b4d3ede8dec,bsc,惯犯庄家（SIREN案·离场庄#1·核心链）,serial-actor,identity,serial-offenders,2026-07-22,SIREN分析2026-07-19 appendix whale_group「离场庄#1·核心链」,serial-offender,,,2026-07-19,2026-07-22,,
0x67da1a6209d97da321f0a2f03e93cb13194a31e4,bsc,惯犯庄家（SIREN案·离场庄#1·核心链）,serial-actor,identity,serial-offenders,2026-07-22,SIREN分析2026-07-19 appendix whale_group「离场庄#1·核心链」,serial-offender,,,2026-07-19,2026-07-22,,
0x67e0279d04e4dfbc5a9117083687991f0716be3f,bsc,惯犯庄家（SIREN案·离场庄#1·核心链）,serial-actor,identity,serial-offenders,2026-07-22,SIREN分析2026-07-19 appendix whale_group「离场庄#1·核心链」,serial-offender,,,2026-07-19,2026-07-22,,
0x6807070709a39199f1bd80d6c006497303841e2f,bsc,惯犯庄家（SIREN案·离场庄#1·扩展与静置仓网）,serial-actor,identity,serial-offenders,2026-07-22,SIREN分析2026-07-19 appendix whale_group「离场庄#1·扩展与静置仓网」,serial-offender,,,2026-07-19,2026-07-22,,
0x692aba16c7c4fd56e8c7396b24e5574d4df0ea6d,bsc,惯犯庄家（SIREN案·离场庄#1·核心链）,serial-actor,identity,serial-offenders,2026-07-22,SIREN分析2026-07-19 appendix whale_group「离场庄#1·核心链」,serial-offender,,,2026-07-19,2026-07-22,,
0x6930ba5daa054a3d3eb880f8e9d2216e84c941bf,bsc,惯犯庄家（SIREN案·离场庄#1·核心链）,serial-actor,identity,serial-offenders,2026-07-22,SIREN分析2026-07-19 appendix whale_group「离场庄#1·核心链」,serial-offender,,,2026-07-19,2026-07-22,,
0x693a46756cbc85994913745f6aa2fbf974be3309,bsc,惯犯庄家（QUQ案·大庄#1(刷量bot合约+EOA接力库存体系)）,serial-actor,identity,serial-offenders,2026-07-22,QUQ分析 appendix whale_group「大庄#1(刷量bot合约+EOA接力库存体系)」,serial-offender,,,2026-07-22,2026-07-22,,
0x694e3a0fa181dcc4252ab4a03bea56ba479bbe97,bsc,惯犯庄家（SIREN案·离场庄#1·核心链）,serial-actor,identity,serial-offenders,2026-07-22,SIREN分析2026-07-19 appendix whale_group「离场庄#1·核心链」,serial-offender,,,2026-07-19,2026-07-22,,
0x696d396a660cf25791012720082676822dee9d58,bsc,惯犯庄家（SIREN案·离场庄#1·核心链）,serial-actor,identity,serial-offenders,2026-07-22,SIREN分析2026-07-19 appendix whale_group「离场庄#1·核心链」,serial-offender,,,2026-07-19,2026-07-22,,
0x69eea37a12b6b8e2559f5f68a45c9d5829355a53,bsc,惯犯庄家（SIREN案·离场庄#1·核心链）,serial-actor,identity,serial-offenders,2026-07-22,SIREN分析2026-07-19 appendix whale_group「离场庄#1·核心链」,serial-offender,,,2026-07-19,2026-07-22,,
0x6a1b533f467c4db771f527f116fd1fcc1c594fde,bsc,惯犯庄家（SIREN案·离场庄#1·核心链）,serial-actor,identity,serial-offenders,2026-07-22,SIREN分析2026-07-19 appendix whale_group「离场庄#1·核心链」,serial-offender,,,2026-07-19,2026-07-22,,
0x6a644cf02f067caee622bb46cdcf644a0892b612,bsc,惯犯庄家（SIREN案·离场庄#1·核心链）,serial-actor,identity,serial-offenders,2026-07-22,SIREN分析2026-07-19 appendix whale_group「离场庄#1·核心链」,serial-offender,,,2026-07-19,2026-07-22,,
0x6aa687c06f99f1f360d3234a901a2c0ac0f479d9,bsc,惯犯庄家（SIREN案·离场庄#1·核心链）,serial-actor,identity,serial-offenders,2026-07-22,SIREN分析2026-07-19 appendix whale_group「离场庄#1·核心链」,serial-offender,,,2026-07-19,2026-07-22,,
0x6aece9b308935e58158eead1ed5d925e9ba82826,bsc,惯犯庄家（SIREN案·离场庄#1·核心链）,serial-actor,identity,serial-offenders,2026-07-22,SIREN分析2026-07-19 appendix whale_group「离场庄#1·核心链」,serial-offender,,,2026-07-19,2026-07-22,,
0x6af92a778bd3dd134bbc4cac8a4afed8ec379e3a,bsc,惯犯庄家（SIREN案·离场庄#1·核心链）,serial-actor,identity,serial-offenders,2026-07-22,SIREN分析2026-07-19 appendix whale_group「离场庄#1·核心链」,serial-offender,,,2026-07-19,2026-07-22,,
0x6b3affc894b0d2d566e5ff03ad79188f1b65bfff,bsc,惯犯庄家（QUQ案·大庄#1(刷量bot合约+EOA接力库存体系)）,serial-actor,identity,serial-offenders,2026-07-22,QUQ分析 appendix whale_group「大庄#1(刷量bot合约+EOA接力库存体系)」,serial-offender,,,2026-07-22,2026-07-22,,
0x6b438272da7552b9025ee4188b052f2f5fc0ca8e,bsc,惯犯庄家（QUQ案·大庄#1(刷量bot合约+EOA接力库存体系)）,serial-actor,identity,serial-offenders,2026-07-22,QUQ分析 appendix whale_group「大庄#1(刷量bot合约+EOA接力库存体系)」,serial-offender,,,2026-07-22,2026-07-22,,
0x6b5030b0d60780bc876b4aebd891655181909e7f,bsc,惯犯庄家（SIREN案·离场庄#1·核心链）,serial-actor,identity,serial-offenders,2026-07-22,SIREN分析2026-07-19 appendix whale_group「离场庄#1·核心链」,serial-offender,,,2026-07-19,2026-07-22,,
0x6b62f9e09fd035e8a2d2b3eb5fb04d917a37067c,bsc,惯犯庄家（SIREN案·离场庄#1·扩展与静置仓网）,serial-actor,identity,serial-offenders,2026-07-22,SIREN分析2026-07-19 appendix whale_group「离场庄#1·扩展与静置仓网」,serial-offender,,,2026-07-19,2026-07-22,,
0x6b6310e89868d51a000d9112de078d8977df4767,bsc,惯犯庄家（SIREN案·离场庄#1·扩展与静置仓网）,serial-actor,identity,serial-offenders,2026-07-22,SIREN分析2026-07-19 appendix whale_group「离场庄#1·扩展与静置仓网」,serial-offender,,,2026-07-19,2026-07-22,,
0x6b637e3c5690e2c2c20827fe2351fcacee2bc47a,bsc,惯犯庄家（SIREN案·离场庄#1·核心链）,serial-actor,identity,serial-offenders,2026-07-22,SIREN分析2026-07-19 appendix whale_group「离场庄#1·核心链」,serial-offender,,,2026-07-19,2026-07-22,,
0x6b7b05acec4cecfc0c7e7f2a768f3a48dab2dd0a,bsc,惯犯庄家（SIREN案·离场庄#1·核心链）,serial-actor,identity,serial-offenders,2026-07-22,SIREN分析2026-07-19 appendix whale_group「离场庄#1·核心链」,serial-offender,,,2026-07-19,2026-07-22,,
0x6c02d4d39cae4c76d4e571b4aa4bbb6c492067d1,bsc,惯犯庄家（SIREN案·离场庄#1·核心链）,serial-actor,identity,serial-offenders,2026-07-22,SIREN分析2026-07-19 appendix whale_group「离场庄#1·核心链」,serial-offender,,,2026-07-19,2026-07-22,,
0x6c3d0b9be0ee8f54cf1254ffb5276590d6abe135,bsc,惯犯庄家（SIREN案·离场庄#1·核心链）,serial-actor,identity,serial-offenders,2026-07-22,SIREN分析2026-07-19 appendix whale_group「离场庄#1·核心链」,serial-offender,,,2026-07-19,2026-07-22,,
0x6c531cd47489fe8ed0354915950b9ad42b202aeb,bsc,惯犯庄家（SIREN案·离场庄#1·核心链）,serial-actor,identity,serial-offenders,2026-07-22,SIREN分析2026-07-19 appendix whale_group「离场庄#1·核心链」,serial-offender,,,2026-07-19,2026-07-22,,
0x6c6844eb0405b46a390b8e983b36b2cf072c2291,bsc,惯犯庄家（SIREN案·离场庄#1·核心链）,serial-actor,identity,serial-offenders,2026-07-22,SIREN分析2026-07-19 appendix whale_group「离场庄#1·核心链」,serial-offender,,,2026-07-19,2026-07-22,,
0x6c9aa9bdd43a9a1c8dd02c43193136b506075bd4,bsc,惯犯庄家（SIREN案·离场庄#1·核心链）,serial-actor,identity,serial-offenders,2026-07-22,SIREN分析2026-07-19 appendix whale_group「离场庄#1·核心链」,serial-offender,,,2026-07-19,2026-07-22,,
0x6ca15b25efde5e71690c5d1188c07416ba6610fa,bsc,惯犯庄家（QUQ案·大庄#1(刷量bot合约+EOA接力库存体系)）,serial-actor,identity,serial-offenders,2026-07-22,QUQ分析 appendix whale_group「大庄#1(刷量bot合约+EOA接力库存体系)」,serial-offender,,,2026-07-22,2026-07-22,,
0x6ceddef65c6a16ba03531ac4a1f410d004e440e4,bsc,惯犯庄家（SIREN案·离场庄#1·核心链）,serial-actor,identity,serial-offenders,2026-07-22,SIREN分析2026-07-19 appendix whale_group「离场庄#1·核心链」,serial-offender,,,2026-07-19,2026-07-22,,
0x6cf5b47492f5d9d71d39cef5896a69599386ac23,bsc,惯犯庄家（SIREN案·离场庄#1·核心链）,serial-actor,identity,serial-offenders,2026-07-22,SIREN分析2026-07-19 appendix whale_group「离场庄#1·核心链」,serial-offender,,,2026-07-19,2026-07-22,,
0x6d630661080b62e1acd65db7784092c161845829,bsc,惯犯庄家（QUQ案·大庄#1(刷量bot合约+EOA接力库存体系)）,serial-actor,identity,serial-offenders,2026-07-22,QUQ分析 appendix whale_group「大庄#1(刷量bot合约+EOA接力库存体系)」,serial-offender,,,2026-07-22,2026-07-22,,
0x6d79cbc002d90e38b68389d85f9dd09d32af2506,bsc,惯犯庄家（SIREN案·离场庄#1·核心链）,serial-actor,identity,serial-offenders,2026-07-22,SIREN分析2026-07-19 appendix whale_group「离场庄#1·核心链」,serial-offender,,,2026-07-19,2026-07-22,,
0x6d8ac12004fb24f401be6b8a4249fb8b460c4962,bsc,惯犯庄家（QUQ案·大庄#1(刷量bot合约+EOA接力库存体系)）,serial-actor,identity,serial-offenders,2026-07-22,QUQ分析 appendix whale_group「大庄#1(刷量bot合约+EOA接力库存体系)」,serial-offender,,,2026-07-22,2026-07-22,,
0x6e35f7b78d1aa04d4231b599e86a490e6b49faa7,bsc,惯犯庄家（QUQ案·大庄#1(刷量bot合约+EOA接力库存体系)）,serial-actor,identity,serial-offenders,2026-07-22,QUQ分析 appendix whale_group「大庄#1(刷量bot合约+EOA接力库存体系)」,serial-offender,,,2026-07-22,2026-07-22,,
0x6e37c7ead1e898e577f33cc234ad4bde755b4eff,bsc,惯犯庄家（SIREN案·离场庄#1·核心链）,serial-actor,identity,serial-offenders,2026-07-22,SIREN分析2026-07-19 appendix whale_group「离场庄#1·核心链」,serial-offender,,,2026-07-19,2026-07-22,,
0x6e4141d33021b52c91c28608403db4a0ffb50ec6,bsc,惯犯庄家（QUQ案·大庄#1(刷量bot合约+EOA接力库存体系)）,serial-actor,identity,serial-offenders,2026-07-22,QUQ分析 appendix whale_group「大庄#1(刷量bot合约+EOA接力库存体系)」,serial-offender,,,2026-07-22,2026-07-22,,
0x6e5320a2ee960f9ba3d3377f45813a8f90488f1f,bsc,惯犯庄家（SIREN案·离场庄#1·核心链）,serial-actor,identity,serial-offenders,2026-07-22,SIREN分析2026-07-19 appendix whale_group「离场庄#1·核心链」,serial-offender,,,2026-07-19,2026-07-22,,
0x6e952d0261bf5ea60f226abaee5445011e4d01d0,bsc,惯犯庄家（SIREN案·离场庄#1·扩展与静置仓网）,serial-actor,identity,serial-offenders,2026-07-22,SIREN分析2026-07-19 appendix whale_group「离场庄#1·扩展与静置仓网」,serial-offender,,,2026-07-19,2026-07-22,,
0x6ed6fe9d3506869302e0da8762199480a359c6c5,bsc,惯犯庄家（SIREN案·离场庄#1·核心链）,serial-actor,identity,serial-offenders,2026-07-22,SIREN分析2026-07-19 appendix whale_group「离场庄#1·核心链」,serial-offender,,,2026-07-19,2026-07-22,,
0x6edaec2fd5da48bf637bfc662fbc124c5388902d,bsc,惯犯庄家（SIREN案·离场庄#1·核心链）,serial-actor,identity,serial-offenders,2026-07-22,SIREN分析2026-07-19 appendix whale_group「离场庄#1·核心链」,serial-offender,,,2026-07-19,2026-07-22,,
0x6eedd0cc108ff8d74530a0154f10d78b1d5615aa,bsc,惯犯庄家（SIREN案·离场庄#1·核心链）,serial-actor,identity,serial-offenders,2026-07-22,SIREN分析2026-07-19 appendix whale_group「离场庄#1·核心链」,serial-offender,,,2026-07-19,2026-07-22,,
0x6f2f340067ff168619916c39b5b83175aa63dcf4,bsc,惯犯庄家（SIREN案·离场庄#1·核心链）,serial-actor,identity,serial-offenders,2026-07-22,SIREN分析2026-07-19 appendix whale_group「离场庄#1·核心链」,serial-offender,,,2026-07-19,2026-07-22,,
0x6fe007c6580a316bea66820484000bb28ac58ae1,bsc,惯犯庄家（SIREN案·离场庄#1·核心链）,serial-actor,identity,serial-offenders,2026-07-22,SIREN分析2026-07-19 appendix whale_group「离场庄#1·核心链」,serial-offender,,,2026-07-19,2026-07-22,,
0x6fe2aa937ff5d47d252129aee5897cc53979c558,bsc,惯犯庄家（SIREN案·离场庄#1·核心链）,serial-actor,identity,serial-offenders,2026-07-22,SIREN分析2026-07-19 appendix whale_group「离场庄#1·核心链」,serial-offender,,,2026-07-19,2026-07-22,,
0x6fec207f973548f2f5ccbdeaa474249ab79d49de,bsc,惯犯庄家（SIREN案·离场庄#1·核心链）,serial-actor,identity,serial-offenders,2026-07-22,SIREN分析2026-07-19 appendix whale_group「离场庄#1·核心链」,serial-offender,,,2026-07-19,2026-07-22,,
0x6feff0dd8c7eca63efb329cd6bcda8b645030537,bsc,惯犯庄家（SIREN案·离场庄#1·核心链）,serial-actor,identity,serial-offenders,2026-07-22,SIREN分析2026-07-19 appendix whale_group「离场庄#1·核心链」,serial-offender,,,2026-07-19,2026-07-22,,
0x7041b407b7a02c156925900980d5153ad1ea60f5,bsc,惯犯庄家（SIREN案·离场庄#1·核心链）,serial-actor,identity,serial-offenders,2026-07-22,SIREN分析2026-07-19 appendix whale_group「离场庄#1·核心链」,serial-offender,,,2026-07-19,2026-07-22,,
0x70511d9bf789762b9a0021107d0542fea9325ed6,bsc,惯犯庄家（QUQ案·大庄#1(刷量bot合约+EOA接力库存体系)）,serial-actor,identity,serial-offenders,2026-07-22,QUQ分析 appendix whale_group「大庄#1(刷量bot合约+EOA接力库存体系)」,serial-offender,,,2026-07-22,2026-07-22,,
0x70637099460395fbf08be48b2bb62f7284e2e340,bsc,惯犯庄家（SIREN案·离场庄#1·核心链）,serial-actor,identity,serial-offenders,2026-07-22,SIREN分析2026-07-19 appendix whale_group「离场庄#1·核心链」,serial-offender,,,2026-07-19,2026-07-22,,
0x707fa65a2ef5fa3bc82f9ac9107761db7fdf29dd,bsc,惯犯庄家（SIREN案·离场庄#1·核心链）,serial-actor,identity,serial-offenders,2026-07-22,SIREN分析2026-07-19 appendix whale_group「离场庄#1·核心链」,serial-offender,,,2026-07-19,2026-07-22,,
0x70a4761e1bfe45675a9221f3f537e60f8fdf72b8,bsc,惯犯庄家（SIREN案·离场庄#1·核心链）,serial-actor,identity,serial-offenders,2026-07-22,SIREN分析2026-07-19 appendix whale_group「离场庄#1·核心链」,serial-offender,,,2026-07-19,2026-07-22,,
0x70c69520eb6595d102bfd8aed8fc58428489c4e4,bsc,惯犯庄家（SIREN案·离场庄#1·扩展与静置仓网）,serial-actor,identity,serial-offenders,2026-07-22,SIREN分析2026-07-19 appendix whale_group「离场庄#1·扩展与静置仓网」,serial-offender,,,2026-07-19,2026-07-22,,
0x70f47a0fa99fe2f123bacf3e1a8203b458329197,bsc,惯犯庄家（SIREN案·离场庄#1·核心链）,serial-actor,identity,serial-offenders,2026-07-22,SIREN分析2026-07-19 appendix whale_group「离场庄#1·核心链」,serial-offender,,,2026-07-19,2026-07-22,,
0x70fb4838f27157ae2e82ddeb07f20550539fce38,bsc,惯犯庄家（SIREN案·离场庄#1·核心链）,serial-actor,identity,serial-offenders,2026-07-22,SIREN分析2026-07-19 appendix whale_group「离场庄#1·核心链」,serial-offender,,,2026-07-19,2026-07-22,,
0x71429825c5375d4d232703e04b968f7938e7754e,bsc,惯犯庄家（QUQ案·大庄#1(刷量bot合约+EOA接力库存体系)）,serial-actor,identity,serial-offenders,2026-07-22,QUQ分析 appendix whale_group「大庄#1(刷量bot合约+EOA接力库存体系)」,serial-offender,,,2026-07-22,2026-07-22,,
0x71487d5778b894ee017871b6b733d22b65ba93ef,bsc,惯犯庄家（SIREN案·离场庄#1·核心链）,serial-actor,identity,serial-offenders,2026-07-22,SIREN分析2026-07-19 appendix whale_group「离场庄#1·核心链」,serial-offender,,,2026-07-19,2026-07-22,,
0x71af8008efee9e852e1f52cc077d9d62783ba699,bsc,惯犯庄家（SIREN案·离场庄#1·核心链）,serial-actor,identity,serial-offenders,2026-07-22,SIREN分析2026-07-19 appendix whale_group「离场庄#1·核心链」,serial-offender,,,2026-07-19,2026-07-22,,
0x71b9c7d1137489136259aa0336c0c28729cbb5bd,bsc,惯犯庄家（SIREN案·离场庄#1·核心链）,serial-actor,identity,serial-offenders,2026-07-22,SIREN分析2026-07-19 appendix whale_group「离场庄#1·核心链」,serial-offender,,,2026-07-19,2026-07-22,,
0x71bd72b6af86463c7b544d0bd075e126b815293a,bsc,惯犯庄家（SIREN案·离场庄#1·核心链）,serial-actor,identity,serial-offenders,2026-07-22,SIREN分析2026-07-19 appendix whale_group「离场庄#1·核心链」,serial-offender,,,2026-07-19,2026-07-22,,
0x71dce07042b731196d9aeb7d46c677275118756e,bsc,惯犯庄家（SIREN案·离场庄#1·核心链）,serial-actor,identity,serial-offenders,2026-07-22,SIREN分析2026-07-19 appendix whale_group「离场庄#1·核心链」,serial-offender,,,2026-07-19,2026-07-22,,
0x71e9f0f78e04deac5f253f70f8abe96581459bdb,bsc,惯犯庄家（SIREN案·离场庄#1·核心链）,serial-actor,identity,serial-offenders,2026-07-22,SIREN分析2026-07-19 appendix whale_group「离场庄#1·核心链」,serial-offender,,,2026-07-19,2026-07-22,,
0x7261161eec1c5227a69f5ac5d3a4891c1f659db4,bsc,惯犯庄家（SIREN案·离场庄#1·核心链）,serial-actor,identity,serial-offenders,2026-07-22,SIREN分析2026-07-19 appendix whale_group「离场庄#1·核心链」,serial-offender,,,2026-07-19,2026-07-22,,
0x726cdef44953bc97d1f2db22a08df75ea16dd4de,bsc,惯犯庄家（SIREN案·离场庄#1·核心链）,serial-actor,identity,serial-offenders,2026-07-22,SIREN分析2026-07-19 appendix whale_group「离场庄#1·核心链」,serial-offender,,,2026-07-19,2026-07-22,,
0x72fb03ee7b41c29c442ffad48d6166aa85310083,bsc,惯犯庄家（SIREN案·离场庄#1·核心链）,serial-actor,identity,serial-offenders,2026-07-22,SIREN分析2026-07-19 appendix whale_group「离场庄#1·核心链」,serial-offender,,,2026-07-19,2026-07-22,,
0x73824aeb103181fd472e81b30ea68a749279f549,bsc,惯犯庄家（SIREN案·离场庄#1·核心链）,serial-actor,identity,serial-offenders,2026-07-22,SIREN分析2026-07-19 appendix whale_group「离场庄#1·核心链」,serial-offender,,,2026-07-19,2026-07-22,,
0x73e27d9a2a2050e62ae4283334d024950a604f75,bsc,惯犯庄家（SIREN案·离场庄#1·核心链）,serial-actor,identity,serial-offenders,2026-07-22,SIREN分析2026-07-19 appendix whale_group「离场庄#1·核心链」,serial-offender,,,2026-07-19,2026-07-22,,
0x7433a200d5abe3ac781a2f08b3f71a97dc31796b,bsc,惯犯庄家（SIREN案·离场庄#1·核心链）,serial-actor,identity,serial-offenders,2026-07-22,SIREN分析2026-07-19 appendix whale_group「离场庄#1·核心链」,serial-offender,,,2026-07-19,2026-07-22,,
0x745fa3dcbc112f8d6d002148310203b2708f57b7,bsc,惯犯庄家（SIREN案·离场庄#1·核心链）,serial-actor,identity,serial-offenders,2026-07-22,SIREN分析2026-07-19 appendix whale_group「离场庄#1·核心链」,serial-offender,,,2026-07-19,2026-07-22,,
0x7467a1ff2f66933057776ebf8a985613904ece0b,bsc,惯犯庄家（SIREN案·离场庄#1·核心链）,serial-actor,identity,serial-offenders,2026-07-22,SIREN分析2026-07-19 appendix whale_group「离场庄#1·核心链」,serial-offender,,,2026-07-19,2026-07-22,,
0x7472c52b8e26958fe94a3a65adfa9bcb1f5d082e,bsc,惯犯庄家（SIREN案·离场庄#1·核心链）,serial-actor,identity,serial-offenders,2026-07-22,SIREN分析2026-07-19 appendix whale_group「离场庄#1·核心链」,serial-offender,,,2026-07-19,2026-07-22,,
0x747fcac44f2fab5c9aa32d00837e433ae9b43c05,bsc,惯犯庄家（SIREN案·离场庄#1·核心链）,serial-actor,identity,serial-offenders,2026-07-22,SIREN分析2026-07-19 appendix whale_group「离场庄#1·核心链」,serial-offender,,,2026-07-19,2026-07-22,,
0x74d5b1a3602ccb58438d4265a4608117cb0c2582,bsc,惯犯庄家（QUQ案·大庄#1(刷量bot合约+EOA接力库存体系)）,serial-actor,identity,serial-offenders,2026-07-22,QUQ分析 appendix whale_group「大庄#1(刷量bot合约+EOA接力库存体系)」,serial-offender,,,2026-07-22,2026-07-22,,
0x7520d0421b79894ede4bf98a360d11f3a0029de2,bsc,惯犯庄家（SIREN案·离场庄#1·核心链）,serial-actor,identity,serial-offenders,2026-07-22,SIREN分析2026-07-19 appendix whale_group「离场庄#1·核心链」,serial-offender,,,2026-07-19,2026-07-22,,
0x75305a19910e151632942f7c933955ed3d13d7bb,bsc,惯犯庄家（SIREN案·离场庄#1·核心链）,serial-actor,identity,serial-offenders,2026-07-22,SIREN分析2026-07-19 appendix whale_group「离场庄#1·核心链」,serial-offender,,,2026-07-19,2026-07-22,,
0x7556854f51284e89ed45f85a3e6af72f3d5434d5,bsc,惯犯庄家（SIREN案·离场庄#1·核心链）,serial-actor,identity,serial-offenders,2026-07-22,SIREN分析2026-07-19 appendix whale_group「离场庄#1·核心链」,serial-offender,,,2026-07-19,2026-07-22,,
0x760eb510f0a1a8bc9e09acd25701ee9b1391263e,bsc,惯犯庄家（QUQ案·大庄#1(刷量bot合约+EOA接力库存体系)）,serial-actor,identity,serial-offenders,2026-07-22,QUQ分析 appendix whale_group「大庄#1(刷量bot合约+EOA接力库存体系)」,serial-offender,,,2026-07-22,2026-07-22,,
0x7633728f3d9663521c9854693b57ff137b6b0614,bsc,惯犯庄家（SIREN案·离场庄#1·核心链）,serial-actor,identity,serial-offenders,2026-07-22,SIREN分析2026-07-19 appendix whale_group「离场庄#1·核心链」,serial-offender,,,2026-07-19,2026-07-22,,
0x7690d459e63c4934eb3e3c455ee18f04f014a955,bsc,惯犯庄家（SIREN案·离场庄#1·核心链）,serial-actor,identity,serial-offenders,2026-07-22,SIREN分析2026-07-19 appendix whale_group「离场庄#1·核心链」,serial-offender,,,2026-07-19,2026-07-22,,
0x76d8173342bdccbe1f89ec9c436f5b6fad37baad,bsc,惯犯庄家（SIREN案·离场庄#1·核心链）,serial-actor,identity,serial-offenders,2026-07-22,SIREN分析2026-07-19 appendix whale_group「离场庄#1·核心链」,serial-offender,,,2026-07-19,2026-07-22,,
0x76e08be43e5936d232f9527f703f3e625cdb950e,bsc,惯犯庄家（SIREN案·离场庄#1·核心链）,serial-actor,identity,serial-offenders,2026-07-22,SIREN分析2026-07-19 appendix whale_group「离场庄#1·核心链」,serial-offender,,,2026-07-19,2026-07-22,,
0x771bfde8310bab903f91e0e13e363fe3e3d75997,bsc,惯犯庄家（QUQ案·大庄#1(刷量bot合约+EOA接力库存体系)）,serial-actor,identity,serial-offenders,2026-07-22,QUQ分析 appendix whale_group「大庄#1(刷量bot合约+EOA接力库存体系)」,serial-offender,,,2026-07-22,2026-07-22,,
0x772129156c35d8f4790185d20b328f78ae6f512e,bsc,惯犯庄家（SIREN案·离场庄#1·核心链）,serial-actor,identity,serial-offenders,2026-07-22,SIREN分析2026-07-19 appendix whale_group「离场庄#1·核心链」,serial-offender,,,2026-07-19,2026-07-22,,
0x7722351ed0039edbe66bd1588db4a3e2f2cd6821,bsc,惯犯庄家（SIREN案·离场庄#1·核心链）,serial-actor,identity,serial-offenders,2026-07-22,SIREN分析2026-07-19 appendix whale_group「离场庄#1·核心链」,serial-offender,,,2026-07-19,2026-07-22,,
0x7759932aa724ee17862f9d6f5c41d6f68ccb015c,bsc,惯犯庄家（SIREN案·离场庄#1·核心链）,serial-actor,identity,serial-offenders,2026-07-22,SIREN分析2026-07-19 appendix whale_group「离场庄#1·核心链」,serial-offender,,,2026-07-19,2026-07-22,,
0x77642582f824187433633d7c93cc9496b6523076,bsc,惯犯庄家（SIREN案·离场庄#1·核心链）,serial-actor,identity,serial-offenders,2026-07-22,SIREN分析2026-07-19 appendix whale_group「离场庄#1·核心链」,serial-offender,,,2026-07-19,2026-07-22,,
0x779a74436eda060911b2c4f209d34ea155f3df09,bsc,惯犯庄家（QUQ案·大庄#1(刷量bot合约+EOA接力库存体系)）,serial-actor,identity,serial-offenders,2026-07-22,QUQ分析 appendix whale_group「大庄#1(刷量bot合约+EOA接力库存体系)」,serial-offender,,,2026-07-22,2026-07-22,,
0x77a8ba575020e095ae23ae5a36195f3eac92386e,bsc,惯犯庄家（SIREN案·离场庄#1·核心链）,serial-actor,identity,serial-offenders,2026-07-22,SIREN分析2026-07-19 appendix whale_group「离场庄#1·核心链」,serial-offender,,,2026-07-19,2026-07-22,,
0x77f7f2d3aa153cfb28bb5a616a937d5fb149cbf9,bsc,惯犯庄家（SIREN案·离场庄#1·核心链）,serial-actor,identity,serial-offenders,2026-07-22,SIREN分析2026-07-19 appendix whale_group「离场庄#1·核心链」,serial-offender,,,2026-07-19,2026-07-22,,
0x782dee573be5353181be10a0ff09fe489a023518,bsc,惯犯庄家（SIREN案·离场庄#1·核心链）,serial-actor,identity,serial-offenders,2026-07-22,SIREN分析2026-07-19 appendix whale_group「离场庄#1·核心链」,serial-offender,,,2026-07-19,2026-07-22,,
0x788429aeb2e83c816c5e31d5a4524a08b8826229,bsc,惯犯庄家（SIREN案·离场庄#1·核心链）,serial-actor,identity,serial-offenders,2026-07-22,SIREN分析2026-07-19 appendix whale_group「离场庄#1·核心链」,serial-offender,,,2026-07-19,2026-07-22,,
0x791feaa14384c63aeab3ccf105df61225a70e0e7,bsc,惯犯庄家（SIREN案·离场庄#1·核心链）,serial-actor,identity,serial-offenders,2026-07-22,SIREN分析2026-07-19 appendix whale_group「离场庄#1·核心链」,serial-offender,,,2026-07-19,2026-07-22,,
0x7940fe30779decdbe11ef3626e8a8796db3bc476,bsc,惯犯庄家（SIREN案·离场庄#1·核心链）,serial-actor,identity,serial-offenders,2026-07-22,SIREN分析2026-07-19 appendix whale_group「离场庄#1·核心链」,serial-offender,,,2026-07-19,2026-07-22,,
0x798a6ddce425ae6f99e4f12b0d0ab2645eaaa7ad,bsc,惯犯庄家（SIREN案·离场庄#1·核心链）,serial-actor,identity,serial-offenders,2026-07-22,SIREN分析2026-07-19 appendix whale_group「离场庄#1·核心链」,serial-offender,,,2026-07-19,2026-07-22,,
0x799cac2a3f80d0ba71b28d871fbb35e77590bcd4,bsc,惯犯庄家（SIREN案·离场庄#1·核心链）,serial-actor,identity,serial-offenders,2026-07-22,SIREN分析2026-07-19 appendix whale_group「离场庄#1·核心链」,serial-offender,,,2026-07-19,2026-07-22,,
0x799fc443deb9069651f6bbc06284260534d53f5d,bsc,惯犯庄家（SIREN案·离场庄#1·核心链）,serial-actor,identity,serial-offenders,2026-07-22,SIREN分析2026-07-19 appendix whale_group「离场庄#1·核心链」,serial-offender,,,2026-07-19,2026-07-22,,
0x79b0f15f93f7c8fe2513ff3c8d77df840785e2e5,bsc,惯犯庄家（SIREN案·离场庄#1·核心链）,serial-actor,identity,serial-offenders,2026-07-22,SIREN分析2026-07-19 appendix whale_group「离场庄#1·核心链」,serial-offender,,,2026-07-19,2026-07-22,,
0x79dd19e2eb5435e44ad356ace7bdacf17fa3695a,bsc,惯犯庄家（SIREN案·离场庄#1·核心链）,serial-actor,identity,serial-offenders,2026-07-22,SIREN分析2026-07-19 appendix whale_group「离场庄#1·核心链」,serial-offender,,,2026-07-19,2026-07-22,,
0x7a2497ad6e4eba70089c375455fd4cf19d580ce1,bsc,惯犯庄家（QUQ案·大庄#1(刷量bot合约+EOA接力库存体系)）,serial-actor,identity,serial-offenders,2026-07-22,QUQ分析 appendix whale_group「大庄#1(刷量bot合约+EOA接力库存体系)」,serial-offender,,,2026-07-22,2026-07-22,,
0x7a2c7d81225431e850088fc5febe2c99934f865f,bsc,惯犯庄家（SIREN案·离场庄#1·核心链）,serial-actor,identity,serial-offenders,2026-07-22,SIREN分析2026-07-19 appendix whale_group「离场庄#1·核心链」,serial-offender,,,2026-07-19,2026-07-22,,
0x7a4462bbef32e1f08ba1ecdb0617668ea48ba2f2,bsc,惯犯庄家（SIREN案·离场庄#1·核心链）,serial-actor,identity,serial-offenders,2026-07-22,SIREN分析2026-07-19 appendix whale_group「离场庄#1·核心链」,serial-offender,,,2026-07-19,2026-07-22,,
0x7a4a42c0b0711f624c092d4d3df89edaa73cd630,bsc,惯犯庄家（SIREN案·离场庄#1·核心链）,serial-actor,identity,serial-offenders,2026-07-22,SIREN分析2026-07-19 appendix whale_group「离场庄#1·核心链」,serial-offender,,,2026-07-19,2026-07-22,,
0x7b5d896deccf2e0d0516bb8eae913f8b68a8347f,bsc,惯犯庄家（SIREN案·离场庄#1·核心链）,serial-actor,identity,serial-offenders,2026-07-22,SIREN分析2026-07-19 appendix whale_group「离场庄#1·核心链」,serial-offender,,,2026-07-19,2026-07-22,,
0x7b74270e79f329e838cecf784d9a9b4d6443824a,bsc,惯犯庄家（SIREN案·离场庄#1·核心链）,serial-actor,identity,serial-offenders,2026-07-22,SIREN分析2026-07-19 appendix whale_group「离场庄#1·核心链」,serial-offender,,,2026-07-19,2026-07-22,,
0x7b8a01b39d58278b5de7e48c8449c9f4f5170613,bsc,惯犯庄家（QUQ案·大庄#1(刷量bot合约+EOA接力库存体系)）,serial-actor,identity,serial-offenders,2026-07-22,QUQ分析 appendix whale_group「大庄#1(刷量bot合约+EOA接力库存体系)」,serial-offender,,,2026-07-22,2026-07-22,,
0x7bd1f6db11aedf8072a11faf5239f903783dda1b,bsc,惯犯庄家（SIREN案·离场庄#1·核心链）,serial-actor,identity,serial-offenders,2026-07-22,SIREN分析2026-07-19 appendix whale_group「离场庄#1·核心链」,serial-offender,,,2026-07-19,2026-07-22,,
0x7bf8b4b9a74d5e55f022f3f311eda6142426e783,bsc,惯犯庄家（QUQ案·大庄#1(刷量bot合约+EOA接力库存体系)）,serial-actor,identity,serial-offenders,2026-07-22,QUQ分析 appendix whale_group「大庄#1(刷量bot合约+EOA接力库存体系)」,serial-offender,,,2026-07-22,2026-07-22,,
0x7c408ca9cec03c4a4539cd774afb1c68815b030d,bsc,惯犯庄家（SIREN案·离场庄#1·核心链）,serial-actor,identity,serial-offenders,2026-07-22,SIREN分析2026-07-19 appendix whale_group「离场庄#1·核心链」,serial-offender,,,2026-07-19,2026-07-22,,
0x7c7bbfcdd1685ef5a6d02cf67d0cc1dc5322a7b6,bsc,惯犯庄家（SIREN案·离场庄#1·核心链）,serial-actor,identity,serial-offenders,2026-07-22,SIREN分析2026-07-19 appendix whale_group「离场庄#1·核心链」,serial-offender,,,2026-07-19,2026-07-22,,
0x7c93812f28163cbc13d5a25ab914367d1443a7bb,bsc,惯犯庄家（SIREN案·离场庄#1·核心链）,serial-actor,identity,serial-offenders,2026-07-22,SIREN分析2026-07-19 appendix whale_group「离场庄#1·核心链」,serial-offender,,,2026-07-19,2026-07-22,,
0x7cbf5b99fcb23b00b681e472b3ab453a5cf70237,bsc,惯犯庄家（SIREN案·离场庄#1·核心链）,serial-actor,identity,serial-offenders,2026-07-22,SIREN分析2026-07-19 appendix whale_group「离场庄#1·核心链」,serial-offender,,,2026-07-19,2026-07-22,,
0x7d5fcafed1511eeb33b658a3a49f52e8da4992e3,bsc,惯犯庄家（SIREN案·离场庄#1·核心链）,serial-actor,identity,serial-offenders,2026-07-22,SIREN分析2026-07-19 appendix whale_group「离场庄#1·核心链」,serial-offender,,,2026-07-19,2026-07-22,,
0x7daf96892d8859c38e5899e668c819288ee74fe8,bsc,惯犯庄家（QUQ案·大庄#1(刷量bot合约+EOA接力库存体系)）,serial-actor,identity,serial-offenders,2026-07-22,QUQ分析 appendix whale_group「大庄#1(刷量bot合约+EOA接力库存体系)」,serial-offender,,,2026-07-22,2026-07-22,,
0x7dc2946762d3f8e0475212abd1468beef6613319,bsc,惯犯庄家（SIREN案·离场庄#1·核心链）,serial-actor,identity,serial-offenders,2026-07-22,SIREN分析2026-07-19 appendix whale_group「离场庄#1·核心链」,serial-offender,,,2026-07-19,2026-07-22,,
0x7dc777e0cf3c8762e8d82829cf7a6d69c640ab3a,bsc,惯犯庄家（SIREN案·离场庄#1·核心链）,serial-actor,identity,serial-offenders,2026-07-22,SIREN分析2026-07-19 appendix whale_group「离场庄#1·核心链」,serial-offender,,,2026-07-19,2026-07-22,,
0x7ddad64ef601d2b1b383c0733e3412c00549f102,bsc,惯犯庄家（SIREN案·离场庄#1·核心链）,serial-actor,identity,serial-offenders,2026-07-22,SIREN分析2026-07-19 appendix whale_group「离场庄#1·核心链」,serial-offender,,,2026-07-19,2026-07-22,,
0x7dde8bc4f8ef932e5b7817fd8d81a448674764ec,bsc,惯犯庄家（SIREN案·离场庄#1·核心链）,serial-actor,identity,serial-offenders,2026-07-22,SIREN分析2026-07-19 appendix whale_group「离场庄#1·核心链」,serial-offender,,,2026-07-19,2026-07-22,,
0x7de49033772e70abd24360979c95e1b91ab0a389,bsc,惯犯庄家（QUQ案·大庄#1(刷量bot合约+EOA接力库存体系)）,serial-actor,identity,serial-offenders,2026-07-22,QUQ分析 appendix whale_group「大庄#1(刷量bot合约+EOA接力库存体系)」,serial-offender,,,2026-07-22,2026-07-22,,
0x7de63793530b7220c364758accd06adef07791d5,bsc,惯犯庄家（QUQ案·大庄#1(刷量bot合约+EOA接力库存体系)）,serial-actor,identity,serial-offenders,2026-07-22,QUQ分析 appendix whale_group「大庄#1(刷量bot合约+EOA接力库存体系)」,serial-offender,,,2026-07-22,2026-07-22,,
0x7de779efba85b5b0cc2b4a8ab0640ce10ac6eae3,bsc,惯犯庄家（QUQ案·大庄#1(刷量bot合约+EOA接力库存体系)）,serial-actor,identity,serial-offenders,2026-07-22,QUQ分析 appendix whale_group「大庄#1(刷量bot合约+EOA接力库存体系)」,serial-offender,,,2026-07-22,2026-07-22,,
0x7defdd46a7ca6ec77dbb53110485750f4362a06a,bsc,惯犯庄家（QUQ案·大庄#1(刷量bot合约+EOA接力库存体系)）,serial-actor,identity,serial-offenders,2026-07-22,QUQ分析 appendix whale_group「大庄#1(刷量bot合约+EOA接力库存体系)」,serial-offender,,,2026-07-22,2026-07-22,,
0x7dfd6f989f8369089b9453bb1cefb9687d9251f0,bsc,惯犯庄家（SIREN案·离场庄#1·核心链）,serial-actor,identity,serial-offenders,2026-07-22,SIREN分析2026-07-19 appendix whale_group「离场庄#1·核心链」,serial-offender,,,2026-07-19,2026-07-22,,
0x7e18e5300cc513c2da5a9a1355761f8e3b7c10f7,bsc,惯犯庄家（QUQ案·大庄#1(刷量bot合约+EOA接力库存体系)）,serial-actor,identity,serial-offenders,2026-07-22,QUQ分析 appendix whale_group「大庄#1(刷量bot合约+EOA接力库存体系)」,serial-offender,,,2026-07-22,2026-07-22,,
0x7e5fbdc0434395ee3b7023a1240786cca6d4d3d0,bsc,惯犯庄家（SIREN案·离场庄#1·核心链）,serial-actor,identity,serial-offenders,2026-07-22,SIREN分析2026-07-19 appendix whale_group「离场庄#1·核心链」,serial-offender,,,2026-07-19,2026-07-22,,
0x7ea45b3094376d9fe521588287512b07e7568b0e,bsc,惯犯庄家（SIREN案·离场庄#1·核心链）,serial-actor,identity,serial-offenders,2026-07-22,SIREN分析2026-07-19 appendix whale_group「离场庄#1·核心链」,serial-offender,,,2026-07-19,2026-07-22,,
0x7eab93f80cca6d5e61bcf98b70f6fa2f269aa467,bsc,惯犯庄家（SIREN案·离场庄#1·扩展与静置仓网）,serial-actor,identity,serial-offenders,2026-07-22,SIREN分析2026-07-19 appendix whale_group「离场庄#1·扩展与静置仓网」,serial-offender,,,2026-07-19,2026-07-22,,
0x7ed285f3472340fe17f4ffcf35e7c991052634b4,bsc,惯犯庄家（SIREN案·离场庄#1·核心链）,serial-actor,identity,serial-offenders,2026-07-22,SIREN分析2026-07-19 appendix whale_group「离场庄#1·核心链」,serial-offender,,,2026-07-19,2026-07-22,,
0x7eed3023c24dd2d4a4d2cdafef390d5f8ca2e529,bsc,惯犯庄家（SIREN案·离场庄#1·核心链）,serial-actor,identity,serial-offenders,2026-07-22,SIREN分析2026-07-19 appendix whale_group「离场庄#1·核心链」,serial-offender,,,2026-07-19,2026-07-22,,
0x7f600887819fcfe02e43379a8120e82dfbc2d02f,bsc,惯犯庄家（SIREN案·离场庄#1·核心链）,serial-actor,identity,serial-offenders,2026-07-22,SIREN分析2026-07-19 appendix whale_group「离场庄#1·核心链」,serial-offender,,,2026-07-19,2026-07-22,,
0x7f926411775ccd3b4be66b19c1491060226f580c,bsc,惯犯庄家（SIREN案·离场庄#1·核心链）,serial-actor,identity,serial-offenders,2026-07-22,SIREN分析2026-07-19 appendix whale_group「离场庄#1·核心链」,serial-offender,,,2026-07-19,2026-07-22,,
0x7fa9a2b64d6ddb3604e807689d9d5aee287e10f9,bsc,惯犯庄家（SIREN案·离场庄#1·核心链）,serial-actor,identity,serial-offenders,2026-07-22,SIREN分析2026-07-19 appendix whale_group「离场庄#1·核心链」,serial-offender,,,2026-07-19,2026-07-22,,
0x7faa0a44d43067bd6e7aa62011dce204ae15a390,bsc,惯犯庄家（SIREN案·离场庄#1·核心链）,serial-actor,identity,serial-offenders,2026-07-22,SIREN分析2026-07-19 appendix whale_group「离场庄#1·核心链」,serial-offender,,,2026-07-19,2026-07-22,,
0x8004dda8f86410db92c6eae2da37cc9deeb1b2ba,bsc,惯犯庄家（SIREN案·离场庄#1·核心链）,serial-actor,identity,serial-offenders,2026-07-22,SIREN分析2026-07-19 appendix whale_group「离场庄#1·核心链」,serial-offender,,,2026-07-19,2026-07-22,,
0x8089b41dfa1509773309b0cdd6b6049fa8a443fd,bsc,惯犯庄家（SIREN案·离场庄#1·核心链）,serial-actor,identity,serial-offenders,2026-07-22,SIREN分析2026-07-19 appendix whale_group「离场庄#1·核心链」,serial-offender,,,2026-07-19,2026-07-22,,
0x80b37bf21a41d986ee91c15aff25bd7f6a2ab3e5,bsc,惯犯庄家（SIREN案·离场庄#1·核心链）,serial-actor,identity,serial-offenders,2026-07-22,SIREN分析2026-07-19 appendix whale_group「离场庄#1·核心链」,serial-offender,,,2026-07-19,2026-07-22,,
0x80b449825f78f6bd2ab4a8af68630f15d35a6d4b,bsc,惯犯庄家（SIREN案·离场庄#1·扩展与静置仓网）,serial-actor,identity,serial-offenders,2026-07-22,SIREN分析2026-07-19 appendix whale_group「离场庄#1·扩展与静置仓网」,serial-offender,,,2026-07-19,2026-07-22,,
0x80bc77455482591a5e65a863045ab54d2d59f31a,bsc,惯犯庄家（SIREN案·离场庄#1·核心链）,serial-actor,identity,serial-offenders,2026-07-22,SIREN分析2026-07-19 appendix whale_group「离场庄#1·核心链」,serial-offender,,,2026-07-19,2026-07-22,,
0x80d903586315f0840e4eb14b0c6dd2b84745f59d,bsc,惯犯庄家（SIREN案·离场庄#1·核心链）,serial-actor,identity,serial-offenders,2026-07-22,SIREN分析2026-07-19 appendix whale_group「离场庄#1·核心链」,serial-offender,,,2026-07-19,2026-07-22,,
0x80ed46cc5ef24ede221d3fb13c24c40764528f22,bsc,惯犯庄家（SIREN案·离场庄#1·核心链）,serial-actor,identity,serial-offenders,2026-07-22,SIREN分析2026-07-19 appendix whale_group「离场庄#1·核心链」,serial-offender,,,2026-07-19,2026-07-22,,
0x810f786bf8762bd6ba96e6619a2b28fdb3a177a3,bsc,惯犯庄家（SIREN案·离场庄#1·扩展与静置仓网）,serial-actor,identity,serial-offenders,2026-07-22,SIREN分析2026-07-19 appendix whale_group「离场庄#1·扩展与静置仓网」,serial-offender,,,2026-07-19,2026-07-22,,
0x8111ba036ad5b8224acd119b7eb46dd57bf72fa8,bsc,惯犯庄家（SIREN案·离场庄#1·核心链）,serial-actor,identity,serial-offenders,2026-07-22,SIREN分析2026-07-19 appendix whale_group「离场庄#1·核心链」,serial-offender,,,2026-07-19,2026-07-22,,
0x8132111a0683e26bcbf59b3e8694ae35143bf6af,bsc,惯犯庄家（SIREN案·离场庄#1·核心链）,serial-actor,identity,serial-offenders,2026-07-22,SIREN分析2026-07-19 appendix whale_group「离场庄#1·核心链」,serial-offender,,,2026-07-19,2026-07-22,,
0x8225479faacaacefe9819b9449b00e8beb9fda16,bsc,惯犯庄家（SIREN案·离场庄#1·核心链）,serial-actor,identity,serial-offenders,2026-07-22,SIREN分析2026-07-19 appendix whale_group「离场庄#1·核心链」,serial-offender,,,2026-07-19,2026-07-22,,
0x827ef1e45b2dc4860531ccf190f437998b3a7803,bsc,惯犯庄家（SIREN案·离场庄#1·核心链）,serial-actor,identity,serial-offenders,2026-07-22,SIREN分析2026-07-19 appendix whale_group「离场庄#1·核心链」,serial-offender,,,2026-07-19,2026-07-22,,
0x8282eea572af59dd7fa0102efadc2e71e94082ee,bsc,惯犯庄家（SIREN案·离场庄#1·核心链）,serial-actor,identity,serial-offenders,2026-07-22,SIREN分析2026-07-19 appendix whale_group「离场庄#1·核心链」,serial-offender,,,2026-07-19,2026-07-22,,
0x8289b7fea90da020042a607999c139b8fe12c957,bsc,惯犯庄家（SIREN案·离场庄#1·核心链）,serial-actor,identity,serial-offenders,2026-07-22,SIREN分析2026-07-19 appendix whale_group「离场庄#1·核心链」,serial-offender,,,2026-07-19,2026-07-22,,
0x82dcf1fde9ce5011121c05cf74c3bf9c1f002f01,bsc,惯犯庄家（bibi案·庄#1·三地址·bundle发射（已清仓））,serial-actor,identity,serial-offenders,2026-07-22,bibi分析 appendix whale_group「庄#1·三地址·bundle发射（已清仓）」,serial-offender,,,2026-07-12,2026-07-22,,
0x82e365be53add71eefba9991a02a120d9deb443a,bsc,惯犯庄家（SIREN案·离场庄#1·核心链）,serial-actor,identity,serial-offenders,2026-07-22,SIREN分析2026-07-19 appendix whale_group「离场庄#1·核心链」,serial-offender,,,2026-07-19,2026-07-22,,
0x840b931b7bff4c1a16e5d60a1438b061b885e939,bsc,惯犯庄家（SIREN案·离场庄#1·核心链）,serial-actor,identity,serial-offenders,2026-07-22,SIREN分析2026-07-19 appendix whale_group「离场庄#1·核心链」,serial-offender,,,2026-07-19,2026-07-22,,
0x840da4d5217ea45e732ab73f257711368c0f02b4,bsc,惯犯庄家（SIREN案·离场庄#1·核心链）,serial-actor,identity,serial-offenders,2026-07-22,SIREN分析2026-07-19 appendix whale_group「离场庄#1·核心链」,serial-offender,,,2026-07-19,2026-07-22,,
0x8468f8cbbafcb209a3c24b883c6b13ddeec948c3,bsc,惯犯庄家（SIREN案·离场庄#1·核心链）,serial-actor,identity,serial-offenders,2026-07-22,SIREN分析2026-07-19 appendix whale_group「离场庄#1·核心链」,serial-offender,,,2026-07-19,2026-07-22,,
0x849238f461dab93fbfc124d6ef02898a7af3980b,bsc,惯犯庄家（SIREN案·离场庄#1·核心链）,serial-actor,identity,serial-offenders,2026-07-22,SIREN分析2026-07-19 appendix whale_group「离场庄#1·核心链」,serial-offender,,,2026-07-19,2026-07-22,,
0x84de94ea290d4d407670691281f3cd5c9622e637,bsc,惯犯庄家（SIREN案·离场庄#1·核心链）,serial-actor,identity,serial-offenders,2026-07-22,SIREN分析2026-07-19 appendix whale_group「离场庄#1·核心链」,serial-offender,,,2026-07-19,2026-07-22,,
0x85346e6fc09cc192429c5a2823f1aa18365ce8ae,bsc,惯犯庄家（SIREN案·离场庄#1·核心链）,serial-actor,identity,serial-offenders,2026-07-22,SIREN分析2026-07-19 appendix whale_group「离场庄#1·核心链」,serial-offender,,,2026-07-19,2026-07-22,,
0x85378e4ba55d68c38902f97735bb6159dadb8cae,bsc,惯犯庄家（SIREN案·离场庄#1·核心链）,serial-actor,identity,serial-offenders,2026-07-22,SIREN分析2026-07-19 appendix whale_group「离场庄#1·核心链」,serial-offender,,,2026-07-19,2026-07-22,,
0x85627e63499049670391024e43a669001a572420,bsc,惯犯庄家（SIREN案·离场庄#1·核心链）,serial-actor,identity,serial-offenders,2026-07-22,SIREN分析2026-07-19 appendix whale_group「离场庄#1·核心链」,serial-offender,,,2026-07-19,2026-07-22,,
0x85700eb9ca8faef990cf24f023b6aa8d5f00f80e,bsc,惯犯庄家（SIREN案·离场庄#1·核心链）,serial-actor,identity,serial-offenders,2026-07-22,SIREN分析2026-07-19 appendix whale_group「离场庄#1·核心链」,serial-offender,,,2026-07-19,2026-07-22,,
0x85be85ff468fa1fab906f6017a3e6be40e884f39,bsc,惯犯庄家（SIREN案·离场庄#1·核心链）,serial-actor,identity,serial-offenders,2026-07-22,SIREN分析2026-07-19 appendix whale_group「离场庄#1·核心链」,serial-offender,,,2026-07-19,2026-07-22,,
0x862c738d4c3b023eae5b212fb4b69adab5b3c1b5,bsc,惯犯庄家（SIREN案·离场庄#1·核心链）,serial-actor,identity,serial-offenders,2026-07-22,SIREN分析2026-07-19 appendix whale_group「离场庄#1·核心链」,serial-offender,,,2026-07-19,2026-07-22,,
0x865166dca4519a0aee3fe30db27dd5de799d7c5c,bsc,惯犯庄家（SIREN案·离场庄#1·扩展与静置仓网）,serial-actor,identity,serial-offenders,2026-07-22,SIREN分析2026-07-19 appendix whale_group「离场庄#1·扩展与静置仓网」,serial-offender,,,2026-07-19,2026-07-22,,
0x8746f2bac84d6d73716e305904dcd7c0c2de02a7,bsc,惯犯庄家（SIREN案·离场庄#1·核心链）,serial-actor,identity,serial-offenders,2026-07-22,SIREN分析2026-07-19 appendix whale_group「离场庄#1·核心链」,serial-offender,,,2026-07-19,2026-07-22,,
0x874d72cdcbe90897eeb9f726abe4fb1bd945d71d,bsc,惯犯庄家（SIREN案·离场庄#1·核心链）,serial-actor,identity,serial-offenders,2026-07-22,SIREN分析2026-07-19 appendix whale_group「离场庄#1·核心链」,serial-offender,,,2026-07-19,2026-07-22,,
0x875f77e21021a3edf1540cc6752a639c6276a149,bsc,惯犯庄家（QUQ案·大庄#1(刷量bot合约+EOA接力库存体系)）,serial-actor,identity,serial-offenders,2026-07-22,QUQ分析 appendix whale_group「大庄#1(刷量bot合约+EOA接力库存体系)」,serial-offender,,,2026-07-22,2026-07-22,,
0x8761c4e3fb59aedac5459f3eb920c7323985bd1b,bsc,惯犯庄家（SIREN案·离场庄#1·扩展与静置仓网）,serial-actor,identity,serial-offenders,2026-07-22,SIREN分析2026-07-19 appendix whale_group「离场庄#1·扩展与静置仓网」,serial-offender,,,2026-07-19,2026-07-22,,
0x876b81cf21d6f57b05c395c0fe8ff5a7585cb826,bsc,惯犯庄家（SIREN案·离场庄#1·核心链）,serial-actor,identity,serial-offenders,2026-07-22,SIREN分析2026-07-19 appendix whale_group「离场庄#1·核心链」,serial-offender,,,2026-07-19,2026-07-22,,
0x883d302ba073a291779034c9e36d7c32ec83e373,bsc,惯犯庄家（QUQ案·大庄#1(刷量bot合约+EOA接力库存体系)）,serial-actor,identity,serial-offenders,2026-07-22,QUQ分析 appendix whale_group「大庄#1(刷量bot合约+EOA接力库存体系)」,serial-offender,,,2026-07-22,2026-07-22,,
0x88cbc58e412f7f266d519ddd185e4938cf30969a,bsc,惯犯庄家（SIREN案·离场庄#1·扩展与静置仓网）,serial-actor,identity,serial-offenders,2026-07-22,SIREN分析2026-07-19 appendix whale_group「离场庄#1·扩展与静置仓网」,serial-offender,,,2026-07-19,2026-07-22,,
0x88f0158f78a824cee3bb3c33aa514326d0f24332,bsc,惯犯庄家（SIREN案·离场庄#1·核心链）,serial-actor,identity,serial-offenders,2026-07-22,SIREN分析2026-07-19 appendix whale_group「离场庄#1·核心链」,serial-offender,,,2026-07-19,2026-07-22,,
0x892f94afd434c4db2afc110d146d48301e23b06b,bsc,惯犯庄家（SIREN案·离场庄#1·核心链）,serial-actor,identity,serial-offenders,2026-07-22,SIREN分析2026-07-19 appendix whale_group「离场庄#1·核心链」,serial-offender,,,2026-07-19,2026-07-22,,
0x897db46a511e69d15a6c876ec2a6d4bf51762703,bsc,惯犯庄家（SIREN案·离场庄#1·核心链）,serial-actor,identity,serial-offenders,2026-07-22,SIREN分析2026-07-19 appendix whale_group「离场庄#1·核心链」,serial-offender,,,2026-07-19,2026-07-22,,
0x89878defbcb76e6df089913404319bfaf289b65e,bsc,惯犯庄家（SIREN案·离场庄#1·核心链）,serial-actor,identity,serial-offenders,2026-07-22,SIREN分析2026-07-19 appendix whale_group「离场庄#1·核心链」,serial-offender,,,2026-07-19,2026-07-22,,
0x89b8aa89fdd0507a99d334cbe3c808fafc7d850e,bsc,惯犯庄家（QUQ案·大庄#1(刷量bot合约+EOA接力库存体系)）,serial-actor,identity,serial-offenders,2026-07-22,QUQ分析 appendix whale_group「大庄#1(刷量bot合约+EOA接力库存体系)」,serial-offender,,,2026-07-22,2026-07-22,,
0x8a367ae52d4c201e08b774b33bb7a3500f63d92b,bsc,惯犯庄家（QUQ案·大庄#1(刷量bot合约+EOA接力库存体系)）,serial-actor,identity,serial-offenders,2026-07-22,QUQ分析 appendix whale_group「大庄#1(刷量bot合约+EOA接力库存体系)」,serial-offender,,,2026-07-22,2026-07-22,,
0x8a7077d7e4ca8724f75a280c4bb3f69afcc90e97,bsc,惯犯庄家（SIREN案·离场庄#1·核心链）,serial-actor,identity,serial-offenders,2026-07-22,SIREN分析2026-07-19 appendix whale_group「离场庄#1·核心链」,serial-offender,,,2026-07-19,2026-07-22,,
0x8a8ae8de7724d43b2f7022a32570930cf79583f6,bsc,惯犯庄家（SIREN案·离场庄#1·核心链）,serial-actor,identity,serial-offenders,2026-07-22,SIREN分析2026-07-19 appendix whale_group「离场庄#1·核心链」,serial-offender,,,2026-07-19,2026-07-22,,
0x8aa752d27557b21a6eb6d7198090f92ef7a6d006,bsc,惯犯庄家（SIREN案·离场庄#1·核心链）,serial-actor,identity,serial-offenders,2026-07-22,SIREN分析2026-07-19 appendix whale_group「离场庄#1·核心链」,serial-offender,,,2026-07-19,2026-07-22,,
0x8aabcdcb08a5d086b1e54f7f63f097a3a12b8a05,bsc,惯犯庄家（SIREN案·离场庄#1·核心链）,serial-actor,identity,serial-offenders,2026-07-22,SIREN分析2026-07-19 appendix whale_group「离场庄#1·核心链」,serial-offender,,,2026-07-19,2026-07-22,,
0x8adca60127f531718b6b1c66a042bd28433973bb,bsc,惯犯庄家（SIREN案·离场庄#1·核心链）,serial-actor,identity,serial-offenders,2026-07-22,SIREN分析2026-07-19 appendix whale_group「离场庄#1·核心链」,serial-offender,,,2026-07-19,2026-07-22,,
0x8b55fedb204c62580ff1e91a43c6c1a1e86709f6,bsc,惯犯庄家（QUQ案·大庄#1(刷量bot合约+EOA接力库存体系)）,serial-actor,identity,serial-offenders,2026-07-22,QUQ分析 appendix whale_group「大庄#1(刷量bot合约+EOA接力库存体系)」,serial-offender,,,2026-07-22,2026-07-22,,
0x8b5ce54a855c1b5d6659a171a93244a689b05ebf,bsc,惯犯庄家（SIREN案·离场庄#1·核心链）,serial-actor,identity,serial-offenders,2026-07-22,SIREN分析2026-07-19 appendix whale_group「离场庄#1·核心链」,serial-offender,,,2026-07-19,2026-07-22,,
0x8b7b6e9b04d2cf4cade49ecf1f1d962889d95399,bsc,惯犯庄家（SIREN案·离场庄#1·核心链）,serial-actor,identity,serial-offenders,2026-07-22,SIREN分析2026-07-19 appendix whale_group「离场庄#1·核心链」,serial-offender,,,2026-07-19,2026-07-22,,
0x8bb5f43a3dba100d2ddef8ef9c14f908b85c9e19,bsc,惯犯庄家（SIREN案·离场庄#1·核心链）,serial-actor,identity,serial-offenders,2026-07-22,SIREN分析2026-07-19 appendix whale_group「离场庄#1·核心链」,serial-offender,,,2026-07-19,2026-07-22,,
0x8c31a795f225d33ce84e801e8ce5527db80f0295,bsc,惯犯庄家（SIREN案·离场庄#1·核心链）,serial-actor,identity,serial-offenders,2026-07-22,SIREN分析2026-07-19 appendix whale_group「离场庄#1·核心链」,serial-offender,,,2026-07-19,2026-07-22,,
0x8c46c0ebf2784eecbfc0e4d9c2b8e6c70fa15dc3,bsc,惯犯庄家（SIREN案·离场庄#1·核心链）,serial-actor,identity,serial-offenders,2026-07-22,SIREN分析2026-07-19 appendix whale_group「离场庄#1·核心链」,serial-offender,,,2026-07-19,2026-07-22,,
0x8c686304ef770193b4a0ef5593dce255c46e8f79,bsc,惯犯庄家（SIREN案·离场庄#1·核心链）,serial-actor,identity,serial-offenders,2026-07-22,SIREN分析2026-07-19 appendix whale_group「离场庄#1·核心链」,serial-offender,,,2026-07-19,2026-07-22,,
0x8c7b77b5104520f8b48b3d59e73930acf3c84695,bsc,惯犯庄家（SIREN案·离场庄#1·核心链）,serial-actor,identity,serial-offenders,2026-07-22,SIREN分析2026-07-19 appendix whale_group「离场庄#1·核心链」,serial-offender,,,2026-07-19,2026-07-22,,
0x8c8649e9c821d46e29bcf2d31ff4168e71352408,bsc,惯犯庄家（QUQ案·大庄#1(刷量bot合约+EOA接力库存体系)）,serial-actor,identity,serial-offenders,2026-07-22,QUQ分析 appendix whale_group「大庄#1(刷量bot合约+EOA接力库存体系)」,serial-offender,,,2026-07-22,2026-07-22,,
0x8c864d0c8e476bf9eb9d620c10e1296fb0e2f940,bsc,惯犯庄家（QUQ案·大庄#1(刷量bot合约+EOA接力库存体系)）,serial-actor,identity,serial-offenders,2026-07-22,QUQ分析 appendix whale_group「大庄#1(刷量bot合约+EOA接力库存体系)」,serial-offender,,,2026-07-22,2026-07-22,,
0x8cafaec346884f00025f63a749338ecef539f2b8,bsc,惯犯庄家（SIREN案·离场庄#1·核心链）,serial-actor,identity,serial-offenders,2026-07-22,SIREN分析2026-07-19 appendix whale_group「离场庄#1·核心链」,serial-offender,,,2026-07-19,2026-07-22,,
0x8cd53371e1b571949aec50bfa617e348f1692eb3,bsc,惯犯庄家（SIREN案·离场庄#1·核心链）,serial-actor,identity,serial-offenders,2026-07-22,SIREN分析2026-07-19 appendix whale_group「离场庄#1·核心链」,serial-offender,,,2026-07-19,2026-07-22,,
0x8d0cd3d9bb77387bac9f629410b40d2cb9931b86,bsc,惯犯庄家（SIREN案·离场庄#1·核心链）,serial-actor,identity,serial-offenders,2026-07-22,SIREN分析2026-07-19 appendix whale_group「离场庄#1·核心链」,serial-offender,,,2026-07-19,2026-07-22,,
0x8dbb3c51e78fda7e49a3e51dd04fd717fd037e07,bsc,惯犯庄家（SIREN案·离场庄#1·核心链）,serial-actor,identity,serial-offenders,2026-07-22,SIREN分析2026-07-19 appendix whale_group「离场庄#1·核心链」,serial-offender,,,2026-07-19,2026-07-22,,
0x8e0968b4c4dc59f18eb5cf5e806d038ae04684c9,bsc,惯犯庄家（SIREN案·离场庄#1·核心链）,serial-actor,identity,serial-offenders,2026-07-22,SIREN分析2026-07-19 appendix whale_group「离场庄#1·核心链」,serial-offender,,,2026-07-19,2026-07-22,,
0x8e48328167998d23298bba8f0a779e3a04468528,bsc,惯犯庄家（SIREN案·离场庄#1·核心链）,serial-actor,identity,serial-offenders,2026-07-22,SIREN分析2026-07-19 appendix whale_group「离场庄#1·核心链」,serial-offender,,,2026-07-19,2026-07-22,,
0x8e7f9ea95d861b1da77cd1a64e33af0933967ad8,bsc,惯犯庄家（SIREN案·离场庄#1·核心链）,serial-actor,identity,serial-offenders,2026-07-22,SIREN分析2026-07-19 appendix whale_group「离场庄#1·核心链」,serial-offender,,,2026-07-19,2026-07-22,,
0x8e8737908690295c7fdbed489323d31cb2e4d3c3,bsc,惯犯庄家（SIREN案·离场庄#1·核心链）,serial-actor,identity,serial-offenders,2026-07-22,SIREN分析2026-07-19 appendix whale_group「离场庄#1·核心链」,serial-offender,,,2026-07-19,2026-07-22,,
0x8f10b468b06c6fd214b65f87778827f7d113f996,bsc,惯犯庄家（QUQ案·大庄#1(刷量bot合约+EOA接力库存体系)）,serial-actor,identity,serial-offenders,2026-07-22,QUQ分析 appendix whale_group「大庄#1(刷量bot合约+EOA接力库存体系)」,serial-offender,,,2026-07-22,2026-07-22,,
0x8f484306398ab0eb0879f6048e6a521db4d6a5f4,bsc,惯犯庄家（SIREN案·离场庄#1·核心链）,serial-actor,identity,serial-offenders,2026-07-22,SIREN分析2026-07-19 appendix whale_group「离场庄#1·核心链」,serial-offender,,,2026-07-19,2026-07-22,,
0x8f5f8d2a4b6ca5d0d6a5cb43620b1e5d95ab2d2a,bsc,惯犯庄家（SIREN案·离场庄#1·核心链）,serial-actor,identity,serial-offenders,2026-07-22,SIREN分析2026-07-19 appendix whale_group「离场庄#1·核心链」,serial-offender,,,2026-07-19,2026-07-22,,
0x8f65c081dfb7c4100a993c5f6744e1ec015d7e7c,bsc,惯犯庄家（SIREN案·离场庄#1·核心链）,serial-actor,identity,serial-offenders,2026-07-22,SIREN分析2026-07-19 appendix whale_group「离场庄#1·核心链」,serial-offender,,,2026-07-19,2026-07-22,,
0x8f68f44a9b808bbe8cf39f421932cc94c379e24c,bsc,惯犯庄家（QUQ案·大庄#1(刷量bot合约+EOA接力库存体系)）,serial-actor,identity,serial-offenders,2026-07-22,QUQ分析 appendix whale_group「大庄#1(刷量bot合约+EOA接力库存体系)」,serial-offender,,,2026-07-22,2026-07-22,,
0x8fb8e799860867fcd511cd048642203382d10509,bsc,惯犯庄家（SIREN案·离场庄#1·核心链）,serial-actor,identity,serial-offenders,2026-07-22,SIREN分析2026-07-19 appendix whale_group「离场庄#1·核心链」,serial-offender,,,2026-07-19,2026-07-22,,
0x8fc8084015cdde173ec5c9b3bfb1b394e03aac98,bsc,惯犯庄家（SIREN案·离场庄#1·核心链）,serial-actor,identity,serial-offenders,2026-07-22,SIREN分析2026-07-19 appendix whale_group「离场庄#1·核心链」,serial-offender,,,2026-07-19,2026-07-22,,
0x8feaacd8c4e938b235dcdd7e236946bba1704a46,bsc,惯犯庄家（SIREN案·离场庄#1·核心链）,serial-actor,identity,serial-offenders,2026-07-22,SIREN分析2026-07-19 appendix whale_group「离场庄#1·核心链」,serial-offender,,,2026-07-19,2026-07-22,,
0x901d7712320aa78ff90a0a54c1684a34038a056d,bsc,惯犯庄家（SIREN案·离场庄#1·核心链）,serial-actor,identity,serial-offenders,2026-07-22,SIREN分析2026-07-19 appendix whale_group「离场庄#1·核心链」,serial-offender,,,2026-07-19,2026-07-22,,
0x904d4eb148b966e724bb1208e3c0f5b75adfad09,bsc,惯犯庄家（QUQ案·大庄#1(刷量bot合约+EOA接力库存体系)）,serial-actor,identity,serial-offenders,2026-07-22,QUQ分析 appendix whale_group「大庄#1(刷量bot合约+EOA接力库存体系)」,serial-offender,,,2026-07-22,2026-07-22,,
0x90a997cb667a4a507863d2d79822a8933381141b,bsc,惯犯庄家（SIREN案·离场庄#1·核心链）,serial-actor,identity,serial-offenders,2026-07-22,SIREN分析2026-07-19 appendix whale_group「离场庄#1·核心链」,serial-offender,,,2026-07-19,2026-07-22,,
0x90d2e93ac356f92ea6acbe8a47bc13c0d4c05a81,bsc,惯犯庄家（SIREN案·离场庄#1·核心链）,serial-actor,identity,serial-offenders,2026-07-22,SIREN分析2026-07-19 appendix whale_group「离场庄#1·核心链」,serial-offender,,,2026-07-19,2026-07-22,,
0x90ec8ca23e552aff4640cb1aed7441d3e74b8404,bsc,惯犯庄家（SIREN案·离场庄#1·核心链）,serial-actor,identity,serial-offenders,2026-07-22,SIREN分析2026-07-19 appendix whale_group「离场庄#1·核心链」,serial-offender,,,2026-07-19,2026-07-22,,
0x90fbdaeccd358737510d334ff6d6c2470fc57ce9,bsc,惯犯庄家（SIREN案·离场庄#1·核心链）,serial-actor,identity,serial-offenders,2026-07-22,SIREN分析2026-07-19 appendix whale_group「离场庄#1·核心链」,serial-offender,,,2026-07-19,2026-07-22,,
0x91788a918d884af761de2096a6db94f5c0929a3b,bsc,惯犯庄家（SIREN案·离场庄#1·核心链）,serial-actor,identity,serial-offenders,2026-07-22,SIREN分析2026-07-19 appendix whale_group「离场庄#1·核心链」,serial-offender,,,2026-07-19,2026-07-22,,
0x918ed4c1b1cb63ac607bc536cffd5619ebe00d46,bsc,惯犯庄家（SIREN案·离场庄#1·核心链）,serial-actor,identity,serial-offenders,2026-07-22,SIREN分析2026-07-19 appendix whale_group「离场庄#1·核心链」,serial-offender,,,2026-07-19,2026-07-22,,
0x919cd8620f176a02c06e1119bc11627f8af8ba95,bsc,惯犯庄家（QUQ案·大庄#1(刷量bot合约+EOA接力库存体系)）,serial-actor,identity,serial-offenders,2026-07-22,QUQ分析 appendix whale_group「大庄#1(刷量bot合约+EOA接力库存体系)」,serial-offender,,,2026-07-22,2026-07-22,,
0x91cdd36ea1a8c58847fe121d4e4b5471872f445f,bsc,惯犯庄家（SIREN案·离场庄#1·核心链）,serial-actor,identity,serial-offenders,2026-07-22,SIREN分析2026-07-19 appendix whale_group「离场庄#1·核心链」,serial-offender,,,2026-07-19,2026-07-22,,
0x9214c902eea5ff0b63be6e15c639f2a2be811485,bsc,惯犯庄家（SIREN案·离场庄#1·核心链）,serial-actor,identity,serial-offenders,2026-07-22,SIREN分析2026-07-19 appendix whale_group「离场庄#1·核心链」,serial-offender,,,2026-07-19,2026-07-22,,
0x9230dba28571d499d147d2079d985b00ff53a14f,bsc,惯犯庄家（SIREN案·离场庄#1·核心链）,serial-actor,identity,serial-offenders,2026-07-22,SIREN分析2026-07-19 appendix whale_group「离场庄#1·核心链」,serial-offender,,,2026-07-19,2026-07-22,,
0x923d56c6182d62413fb9c3c875a8ad8bd22aab7a,bsc,惯犯庄家（SIREN案·离场庄#1·核心链）,serial-actor,identity,serial-offenders,2026-07-22,SIREN分析2026-07-19 appendix whale_group「离场庄#1·核心链」,serial-offender,,,2026-07-19,2026-07-22,,
0x92c5903b6a9bf3c24a0ec94be011fc4ec67126a3,bsc,惯犯庄家（SIREN案·离场庄#1·核心链）,serial-actor,identity,serial-offenders,2026-07-22,SIREN分析2026-07-19 appendix whale_group「离场庄#1·核心链」,serial-offender,,,2026-07-19,2026-07-22,,
0x92da55855905713b53012ebd1bae3f427eda2bd1,bsc,惯犯庄家（SIREN案·离场庄#1·核心链）,serial-actor,identity,serial-offenders,2026-07-22,SIREN分析2026-07-19 appendix whale_group「离场庄#1·核心链」,serial-offender,,,2026-07-19,2026-07-22,,
0x9359e079fb50fb9b2939b7cb87aeddb5767c8b65,bsc,惯犯庄家（SIREN案·离场庄#1·核心链）,serial-actor,identity,serial-offenders,2026-07-22,SIREN分析2026-07-19 appendix whale_group「离场庄#1·核心链」,serial-offender,,,2026-07-19,2026-07-22,,
0x93b996f91e60502af0c9a4d7d94a8668257d4800,bsc,惯犯庄家（SIREN案·离场庄#1·扩展与静置仓网）,serial-actor,identity,serial-offenders,2026-07-22,SIREN分析2026-07-19 appendix whale_group「离场庄#1·扩展与静置仓网」,serial-offender,,,2026-07-19,2026-07-22,,
0x93d1d19e5705ada0b1cb08210d09c805a2ff20d3,bsc,惯犯庄家（SIREN案·离场庄#1·核心链）,serial-actor,identity,serial-offenders,2026-07-22,SIREN分析2026-07-19 appendix whale_group「离场庄#1·核心链」,serial-offender,,,2026-07-19,2026-07-22,,
0x93dab09c512e55d8c6f03df874d5031eb568a5ac,bsc,惯犯庄家（QUQ案·大庄#1(刷量bot合约+EOA接力库存体系)）,serial-actor,identity,serial-offenders,2026-07-22,QUQ分析 appendix whale_group「大庄#1(刷量bot合约+EOA接力库存体系)」,serial-offender,,,2026-07-22,2026-07-22,,
0x93fe98a915580dfa9ad763804e6b0d7940409be9,bsc,惯犯庄家（QUQ案·大庄#1(刷量bot合约+EOA接力库存体系)）,serial-actor,identity,serial-offenders,2026-07-22,QUQ分析 appendix whale_group「大庄#1(刷量bot合约+EOA接力库存体系)」,serial-offender,,,2026-07-22,2026-07-22,,
0x94085307bd97ba044b4784921e8b2c8b0f851707,bsc,惯犯庄家（SIREN案·离场庄#1·核心链）,serial-actor,identity,serial-offenders,2026-07-22,SIREN分析2026-07-19 appendix whale_group「离场庄#1·核心链」,serial-offender,,,2026-07-19,2026-07-22,,
0x942274f4ed3e23180e29ff62b5a3ef27bccb5d4d,bsc,惯犯庄家（SIREN案·离场庄#1·核心链）,serial-actor,identity,serial-offenders,2026-07-22,SIREN分析2026-07-19 appendix whale_group「离场庄#1·核心链」,serial-offender,,,2026-07-19,2026-07-22,,
0x943cc011ee894ce7db7e618fc781c7a4931a16b4,bsc,惯犯庄家（SIREN案·离场庄#1·核心链）,serial-actor,identity,serial-offenders,2026-07-22,SIREN分析2026-07-19 appendix whale_group「离场庄#1·核心链」,serial-offender,,,2026-07-19,2026-07-22,,
0x94570dafe99f6cceb60318d56223cf997e3c688f,bsc,惯犯庄家（SIREN案·离场庄#1·核心链）,serial-actor,identity,serial-offenders,2026-07-22,SIREN分析2026-07-19 appendix whale_group「离场庄#1·核心链」,serial-offender,,,2026-07-19,2026-07-22,,
0x9485ff32b6b4444c21d5abe4d9a2283d127075a2,bsc,惯犯庄家（QUQ案·大庄#1(刷量bot合约+EOA接力库存体系)）,serial-actor,identity,serial-offenders,2026-07-22,QUQ分析 appendix whale_group「大庄#1(刷量bot合约+EOA接力库存体系)」,serial-offender,,,2026-07-22,2026-07-22,,
0x95035a4b30caa92841ed73bb33870703b4613296,bsc,惯犯庄家（SIREN案·离场庄#1·核心链）,serial-actor,identity,serial-offenders,2026-07-22,SIREN分析2026-07-19 appendix whale_group「离场庄#1·核心链」,serial-offender,,,2026-07-19,2026-07-22,,
0x9523e3f46f2dff52b2b0e2521832025737e78754,bsc,惯犯庄家（SIREN案·离场庄#1·核心链）,serial-actor,identity,serial-offenders,2026-07-22,SIREN分析2026-07-19 appendix whale_group「离场庄#1·核心链」,serial-offender,,,2026-07-19,2026-07-22,,
0x953b779adaee869671b4bfe25533305ea84ff920,bsc,惯犯庄家（SIREN案·离场庄#1·核心链）,serial-actor,identity,serial-offenders,2026-07-22,SIREN分析2026-07-19 appendix whale_group「离场庄#1·核心链」,serial-offender,,,2026-07-19,2026-07-22,,
0x95514bfce2088323c26a0cf00d922d59acd59e47,bsc,惯犯庄家（SIREN案·离场庄#1·核心链）,serial-actor,identity,serial-offenders,2026-07-22,SIREN分析2026-07-19 appendix whale_group「离场庄#1·核心链」,serial-offender,,,2026-07-19,2026-07-22,,
0x9552a1270b2a9a7db043e8df710f2b38370018e5,bsc,惯犯庄家（SIREN案·离场庄#1·核心链）,serial-actor,identity,serial-offenders,2026-07-22,SIREN分析2026-07-19 appendix whale_group「离场庄#1·核心链」,serial-offender,,,2026-07-19,2026-07-22,,
0x956502618ae497f9e6d004efef9b097bd8498d31,bsc,惯犯庄家（SIREN案·离场庄#1·核心链）,serial-actor,identity,serial-offenders,2026-07-22,SIREN分析2026-07-19 appendix whale_group「离场庄#1·核心链」,serial-offender,,,2026-07-19,2026-07-22,,
0x9576c99a4dcad7e426de406f43fd91120ea72f4e,bsc,惯犯庄家（QUQ案·大庄#1(刷量bot合约+EOA接力库存体系)）,serial-actor,identity,serial-offenders,2026-07-22,QUQ分析 appendix whale_group「大庄#1(刷量bot合约+EOA接力库存体系)」,serial-offender,,,2026-07-22,2026-07-22,,
0x95acc94d580dd0313940ee2e8e78aa347914f712,bsc,惯犯庄家（SIREN案·离场庄#1·核心链）,serial-actor,identity,serial-offenders,2026-07-22,SIREN分析2026-07-19 appendix whale_group「离场庄#1·核心链」,serial-offender,,,2026-07-19,2026-07-22,,
0x95df2693b312cb9ac7ea169aabeae04bac58015c,bsc,惯犯庄家（QUQ案·大庄#1(刷量bot合约+EOA接力库存体系)）,serial-actor,identity,serial-offenders,2026-07-22,QUQ分析 appendix whale_group「大庄#1(刷量bot合约+EOA接力库存体系)」,serial-offender,,,2026-07-22,2026-07-22,,
0x96103e9da017c0852246c30ccf928d9366fd244f,bsc,惯犯庄家（SIREN案·离场庄#1·扩展与静置仓网）,serial-actor,identity,serial-offenders,2026-07-22,SIREN分析2026-07-19 appendix whale_group「离场庄#1·扩展与静置仓网」,serial-offender,,,2026-07-19,2026-07-22,,
0x96117536b49543a364ce9bdd87958a42494c7186,bsc,惯犯庄家（SIREN案·离场庄#1·核心链）,serial-actor,identity,serial-offenders,2026-07-22,SIREN分析2026-07-19 appendix whale_group「离场庄#1·核心链」,serial-offender,,,2026-07-19,2026-07-22,,
0x963910ba23b4439bc26c8487daf325ac6d6f7a7b,bsc,惯犯庄家（SIREN案·离场庄#1·核心链）,serial-actor,identity,serial-offenders,2026-07-22,SIREN分析2026-07-19 appendix whale_group「离场庄#1·核心链」,serial-offender,,,2026-07-19,2026-07-22,,
0x963b7ba7675830374555ab532e033b0d64573797,bsc,惯犯庄家（SIREN案·离场庄#1·核心链）,serial-actor,identity,serial-offenders,2026-07-22,SIREN分析2026-07-19 appendix whale_group「离场庄#1·核心链」,serial-offender,,,2026-07-19,2026-07-22,,
0x966c558029986a570b60b002110925b2ea8f8a77,bsc,惯犯庄家（SIREN案·离场庄#1·核心链）,serial-actor,identity,serial-offenders,2026-07-22,SIREN分析2026-07-19 appendix whale_group「离场庄#1·核心链」,serial-offender,,,2026-07-19,2026-07-22,,
0x96805b915a4fc2f5cb8c2324dfe7924cb4f3257d,bsc,惯犯庄家（QUQ案·大庄#1(刷量bot合约+EOA接力库存体系)）,serial-actor,identity,serial-offenders,2026-07-22,QUQ分析 appendix whale_group「大庄#1(刷量bot合约+EOA接力库存体系)」,serial-offender,,,2026-07-22,2026-07-22,,
0x968f1d6b93e2cf3dd85f81141119b8b1714964ec,bsc,惯犯庄家（SIREN案·离场庄#1·核心链）,serial-actor,identity,serial-offenders,2026-07-22,SIREN分析2026-07-19 appendix whale_group「离场庄#1·核心链」,serial-offender,,,2026-07-19,2026-07-22,,
0x96992cf232ee9d86dd052ff74f18a8e647813383,bsc,惯犯庄家（SIREN案·离场庄#1·核心链）,serial-actor,identity,serial-offenders,2026-07-22,SIREN分析2026-07-19 appendix whale_group「离场庄#1·核心链」,serial-offender,,,2026-07-19,2026-07-22,,
0x969db51de1550f70a01066773438560a0ef64bab,bsc,惯犯庄家（SIREN案·离场庄#1·核心链）,serial-actor,identity,serial-offenders,2026-07-22,SIREN分析2026-07-19 appendix whale_group「离场庄#1·核心链」,serial-offender,,,2026-07-19,2026-07-22,,
0x970f770533e03f8652fcdfc3c5d372d42dbbfa29,bsc,惯犯庄家（SIREN案·离场庄#1·核心链）,serial-actor,identity,serial-offenders,2026-07-22,SIREN分析2026-07-19 appendix whale_group「离场庄#1·核心链」,serial-offender,,,2026-07-19,2026-07-22,,
0x979bdff97c53c766e530165127c1be5623f01d21,bsc,惯犯庄家（QUQ案·大庄#1(刷量bot合约+EOA接力库存体系)）,serial-actor,identity,serial-offenders,2026-07-22,QUQ分析 appendix whale_group「大庄#1(刷量bot合约+EOA接力库存体系)」,serial-offender,,,2026-07-22,2026-07-22,,
0x97aa3cbe216b2cae5ec0893375e652b36aab56a0,bsc,惯犯庄家（SIREN案·离场庄#1·核心链）,serial-actor,identity,serial-offenders,2026-07-22,SIREN分析2026-07-19 appendix whale_group「离场庄#1·核心链」,serial-offender,,,2026-07-19,2026-07-22,,
0x97c664a9679346ec2bfa76e738a782a9957bdad9,bsc,惯犯庄家（SIREN案·离场庄#1·核心链）,serial-actor,identity,serial-offenders,2026-07-22,SIREN分析2026-07-19 appendix whale_group「离场庄#1·核心链」,serial-offender,,,2026-07-19,2026-07-22,,
0x97e230f2cd38348481b4654ca3d35a40ee98bea2,bsc,惯犯庄家（SIREN案·离场庄#1·核心链）,serial-actor,identity,serial-offenders,2026-07-22,SIREN分析2026-07-19 appendix whale_group「离场庄#1·核心链」,serial-offender,,,2026-07-19,2026-07-22,,
0x97e7ccaa30ca9d3b36723d276f35574f0334fc80,bsc,惯犯庄家（SIREN案·离场庄#1·扩展与静置仓网）,serial-actor,identity,serial-offenders,2026-07-22,SIREN分析2026-07-19 appendix whale_group「离场庄#1·扩展与静置仓网」,serial-offender,,,2026-07-19,2026-07-22,,
0x97f4d4d6bae12da0920b1d78525ca72d05ea00e8,bsc,惯犯庄家（SIREN案·离场庄#1·核心链）,serial-actor,identity,serial-offenders,2026-07-22,SIREN分析2026-07-19 appendix whale_group「离场庄#1·核心链」,serial-offender,,,2026-07-19,2026-07-22,,
0x98039ee8b422bbaeb969358de256bda38fc975a3,bsc,惯犯庄家（SIREN案·离场庄#1·核心链）,serial-actor,identity,serial-offenders,2026-07-22,SIREN分析2026-07-19 appendix whale_group「离场庄#1·核心链」,serial-offender,,,2026-07-19,2026-07-22,,
0x987b1e5141e282c5630806468194312aad45eb74,bsc,惯犯庄家（SIREN案·离场庄#1·核心链）,serial-actor,identity,serial-offenders,2026-07-22,SIREN分析2026-07-19 appendix whale_group「离场庄#1·核心链」,serial-offender,,,2026-07-19,2026-07-22,,
0x987be9de566725ec01848e39b901598d0a92be69,bsc,惯犯庄家（SIREN案·离场庄#1·扩展与静置仓网）,serial-actor,identity,serial-offenders,2026-07-22,SIREN分析2026-07-19 appendix whale_group「离场庄#1·扩展与静置仓网」,serial-offender,,,2026-07-19,2026-07-22,,
0x9899243a6dfe59904f367b33e7f6a8b698b43e13,bsc,惯犯庄家（SIREN案·离场庄#1·核心链）,serial-actor,identity,serial-offenders,2026-07-22,SIREN分析2026-07-19 appendix whale_group「离场庄#1·核心链」,serial-offender,,,2026-07-19,2026-07-22,,
0x98c7ecb6c2cdfa34e0596ae50ef7f43ef68dec99,bsc,惯犯庄家（SIREN案·离场庄#1·核心链）,serial-actor,identity,serial-offenders,2026-07-22,SIREN分析2026-07-19 appendix whale_group「离场庄#1·核心链」,serial-offender,,,2026-07-19,2026-07-22,,
0x990636ecb3ff04d33d92e970d3d588bf5cd8d086,bsc,惯犯庄家（QUQ案·大庄#1(刷量bot合约+EOA接力库存体系)）,serial-actor,identity,serial-offenders,2026-07-22,QUQ分析 appendix whale_group「大庄#1(刷量bot合约+EOA接力库存体系)」,serial-offender,,,2026-07-22,2026-07-22,,
0x990bc53c9b9b177c1a04a5c0c2c6df2b3c7f6d04,bsc,惯犯庄家（QUQ案·大庄#1(刷量bot合约+EOA接力库存体系)）,serial-actor,identity,serial-offenders,2026-07-22,QUQ分析 appendix whale_group「大庄#1(刷量bot合约+EOA接力库存体系)」,serial-offender,,,2026-07-22,2026-07-22,,
0x99130149cc846c999d620e431ba149fc7adda517,bsc,惯犯庄家（SIREN案·离场庄#1·核心链）,serial-actor,identity,serial-offenders,2026-07-22,SIREN分析2026-07-19 appendix whale_group「离场庄#1·核心链」,serial-offender,,,2026-07-19,2026-07-22,,
0x991857a910d3ac6fdc9be89f2401a9e395e01694,bsc,惯犯庄家（SIREN案·离场庄#1·核心链）,serial-actor,identity,serial-offenders,2026-07-22,SIREN分析2026-07-19 appendix whale_group「离场庄#1·核心链」,serial-offender,,,2026-07-19,2026-07-22,,
0x994b42e63c313ef6052a46786357621f9d8063d5,bsc,惯犯庄家（SIREN案·离场庄#1·核心链）,serial-actor,identity,serial-offenders,2026-07-22,SIREN分析2026-07-19 appendix whale_group「离场庄#1·核心链」,serial-offender,,,2026-07-19,2026-07-22,,
0x997c7d8b5781e200c596187538bca75b05726bc2,bsc,惯犯庄家（SIREN案·离场庄#1·核心链）,serial-actor,identity,serial-offenders,2026-07-22,SIREN分析2026-07-19 appendix whale_group「离场庄#1·核心链」,serial-offender,,,2026-07-19,2026-07-22,,
0x9999b0cdd35d7f3b281ba02efc0d228486940515,bsc,惯犯庄家（QUQ案·大庄#1(刷量bot合约+EOA接力库存体系)）,serial-actor,identity,serial-offenders,2026-07-22,QUQ分析 appendix whale_group「大庄#1(刷量bot合约+EOA接力库存体系)」,serial-offender,,,2026-07-22,2026-07-22,,
0x99bbea1a0755cce4f2e39d506bba9ed483645f3d,bsc,惯犯庄家（SIREN案·离场庄#1·核心链）,serial-actor,identity,serial-offenders,2026-07-22,SIREN分析2026-07-19 appendix whale_group「离场庄#1·核心链」,serial-offender,,,2026-07-19,2026-07-22,,
0x9a1829673c973910be43420ecbf890b6ecea4d51,bsc,惯犯庄家（SIREN案·离场庄#1·核心链）,serial-actor,identity,serial-offenders,2026-07-22,SIREN分析2026-07-19 appendix whale_group「离场庄#1·核心链」,serial-offender,,,2026-07-19,2026-07-22,,
0x9a6dfd540ba8785ae8265a3de9280a36f507ea85,bsc,惯犯庄家（SIREN案·离场庄#1·核心链）,serial-actor,identity,serial-offenders,2026-07-22,SIREN分析2026-07-19 appendix whale_group「离场庄#1·核心链」,serial-offender,,,2026-07-19,2026-07-22,,
0x9aa449533dcb4eb4447b8c70437f82e70f6c30b3,bsc,惯犯庄家（SIREN案·离场庄#1·核心链）,serial-actor,identity,serial-offenders,2026-07-22,SIREN分析2026-07-19 appendix whale_group「离场庄#1·核心链」,serial-offender,,,2026-07-19,2026-07-22,,
0x9ac93378bc1bc5a5bbd7d46bf69355d527821afb,bsc,惯犯庄家（SIREN案·离场庄#1·核心链）,serial-actor,identity,serial-offenders,2026-07-22,SIREN分析2026-07-19 appendix whale_group「离场庄#1·核心链」,serial-offender,,,2026-07-19,2026-07-22,,
0x9ad1729c038e1187df2332b6986a1b105f68ea8b,bsc,惯犯庄家（SIREN案·离场庄#1·核心链）,serial-actor,identity,serial-offenders,2026-07-22,SIREN分析2026-07-19 appendix whale_group「离场庄#1·核心链」,serial-offender,,,2026-07-19,2026-07-22,,
0x9ad5f28717867a72abe5f5de8b06e28f4f2757e6,bsc,惯犯庄家（SIREN案·离场庄#1·核心链）,serial-actor,identity,serial-offenders,2026-07-22,SIREN分析2026-07-19 appendix whale_group「离场庄#1·核心链」,serial-offender,,,2026-07-19,2026-07-22,,
0x9aeaac58b7638d0883e7e1d751fbf2a6b914e894,bsc,惯犯庄家（SIREN案·离场庄#1·核心链）,serial-actor,identity,serial-offenders,2026-07-22,SIREN分析2026-07-19 appendix whale_group「离场庄#1·核心链」,serial-offender,,,2026-07-19,2026-07-22,,
0x9b05b632a024dcc2faa95016638f591cfe0f4a3b,bsc,惯犯庄家（SIREN案·离场庄#1·核心链）,serial-actor,identity,serial-offenders,2026-07-22,SIREN分析2026-07-19 appendix whale_group「离场庄#1·核心链」,serial-offender,,,2026-07-19,2026-07-22,,
0x9b6c639f3c342d4a07459315fe89516d4cab179a,bsc,惯犯庄家（SIREN案·离场庄#1·核心链）,serial-actor,identity,serial-offenders,2026-07-22,SIREN分析2026-07-19 appendix whale_group「离场庄#1·核心链」,serial-offender,,,2026-07-19,2026-07-22,,
0x9b924bfb442213efe398ab975412cb68987982a2,bsc,惯犯庄家（SIREN案·离场庄#1·核心链）,serial-actor,identity,serial-offenders,2026-07-22,SIREN分析2026-07-19 appendix whale_group「离场庄#1·核心链」,serial-offender,,,2026-07-19,2026-07-22,,
0x9ba59c5ddb435e60ccf55597592628d31c958e89,bsc,惯犯庄家（SIREN案·离场庄#1·核心链）,serial-actor,identity,serial-offenders,2026-07-22,SIREN分析2026-07-19 appendix whale_group「离场庄#1·核心链」,serial-offender,,,2026-07-19,2026-07-22,,
0x9bbbef14c908134728a94a7d773cf1b7ee05ab7d,bsc,惯犯庄家（SIREN案·离场庄#1·核心链）,serial-actor,identity,serial-offenders,2026-07-22,SIREN分析2026-07-19 appendix whale_group「离场庄#1·核心链」,serial-offender,,,2026-07-19,2026-07-22,,
0x9bcd4a75684140472f1968ed47d67f6b43e12cad,bsc,惯犯庄家（SIREN案·离场庄#1·核心链）,serial-actor,identity,serial-offenders,2026-07-22,SIREN分析2026-07-19 appendix whale_group「离场庄#1·核心链」,serial-offender,,,2026-07-19,2026-07-22,,
0x9bf3eaed9723343fc1662e011b84817f5731d496,bsc,惯犯庄家（SIREN案·离场庄#1·核心链）,serial-actor,identity,serial-offenders,2026-07-22,SIREN分析2026-07-19 appendix whale_group「离场庄#1·核心链」,serial-offender,,,2026-07-19,2026-07-22,,
0x9c760132725ed8ca1381c1c471657dc78850cce3,bsc,惯犯庄家（SIREN案·离场庄#1·扩展与静置仓网）,serial-actor,identity,serial-offenders,2026-07-22,SIREN分析2026-07-19 appendix whale_group「离场庄#1·扩展与静置仓网」,serial-offender,,,2026-07-19,2026-07-22,,
0x9c9929ae2f457de9ad8d198b48274e16d9342262,bsc,惯犯庄家（QUQ案·大庄#1(刷量bot合约+EOA接力库存体系)）,serial-actor,identity,serial-offenders,2026-07-22,QUQ分析 appendix whale_group「大庄#1(刷量bot合约+EOA接力库存体系)」,serial-offender,,,2026-07-22,2026-07-22,,
0x9cca198ce12423c0906f9e387e0a47be62bca74f,bsc,惯犯庄家（SIREN案·离场庄#1·核心链）,serial-actor,identity,serial-offenders,2026-07-22,SIREN分析2026-07-19 appendix whale_group「离场庄#1·核心链」,serial-offender,,,2026-07-19,2026-07-22,,
0x9cecccfe1350f01b835b0cd90f3e42248d3aeb77,bsc,惯犯庄家（SIREN案·离场庄#1·核心链）,serial-actor,identity,serial-offenders,2026-07-22,SIREN分析2026-07-19 appendix whale_group「离场庄#1·核心链」,serial-offender,,,2026-07-19,2026-07-22,,
0x9d33ddedde9fa0b0491e0f3b7bf2c76b60c0082f,bsc,惯犯庄家（SIREN案·离场庄#1·核心链）,serial-actor,identity,serial-offenders,2026-07-22,SIREN分析2026-07-19 appendix whale_group「离场庄#1·核心链」,serial-offender,,,2026-07-19,2026-07-22,,
0x9d6121ab461d5c2c402d9d5c40d20b5c3f948c0f,bsc,惯犯庄家（SIREN案·离场庄#1·核心链）,serial-actor,identity,serial-offenders,2026-07-22,SIREN分析2026-07-19 appendix whale_group「离场庄#1·核心链」,serial-offender,,,2026-07-19,2026-07-22,,
0x9d7e011bc1319de76033684cce24ee44dca236e0,bsc,惯犯庄家（SIREN案·离场庄#1·扩展与静置仓网）,serial-actor,identity,serial-offenders,2026-07-22,SIREN分析2026-07-19 appendix whale_group「离场庄#1·扩展与静置仓网」,serial-offender,,,2026-07-19,2026-07-22,,
0x9dc0038516ddf8cdb67c2fc81c875bce3371d185,bsc,惯犯庄家（SIREN案·离场庄#1·扩展与静置仓网）,serial-actor,identity,serial-offenders,2026-07-22,SIREN分析2026-07-19 appendix whale_group「离场庄#1·扩展与静置仓网」,serial-offender,,,2026-07-19,2026-07-22,,
0x9dd34ca96f77003485d6bd7db3448b77f6711f45,bsc,惯犯庄家（SIREN案·离场庄#1·核心链）,serial-actor,identity,serial-offenders,2026-07-22,SIREN分析2026-07-19 appendix whale_group「离场庄#1·核心链」,serial-offender,,,2026-07-19,2026-07-22,,
0x9de8605afba034994f1fdad233d1179717c4ec2c,bsc,惯犯庄家（SIREN案·离场庄#1·核心链）,serial-actor,identity,serial-offenders,2026-07-22,SIREN分析2026-07-19 appendix whale_group「离场庄#1·核心链」,serial-offender,,,2026-07-19,2026-07-22,,
0x9de97fe569241b1f9dc736b47f13c67e0be915f5,bsc,惯犯庄家（SIREN案·离场庄#1·核心链）,serial-actor,identity,serial-offenders,2026-07-22,SIREN分析2026-07-19 appendix whale_group「离场庄#1·核心链」,serial-offender,,,2026-07-19,2026-07-22,,
0x9deb133fe1109e66a3ddfe5c752193a37a772e9d,bsc,惯犯庄家（QUQ案·大庄#1(刷量bot合约+EOA接力库存体系)）,serial-actor,identity,serial-offenders,2026-07-22,QUQ分析 appendix whale_group「大庄#1(刷量bot合约+EOA接力库存体系)」,serial-offender,,,2026-07-22,2026-07-22,,
0x9eae9d39d53e0d5e20635b5bb5b109a8cb4a747a,bsc,惯犯庄家（SIREN案·离场庄#1·核心链）,serial-actor,identity,serial-offenders,2026-07-22,SIREN分析2026-07-19 appendix whale_group「离场庄#1·核心链」,serial-offender,,,2026-07-19,2026-07-22,,
0x9ef5e01743504869d5622464b7fc79cdae56e434,bsc,惯犯庄家（SIREN案·离场庄#1·核心链）,serial-actor,identity,serial-offenders,2026-07-22,SIREN分析2026-07-19 appendix whale_group「离场庄#1·核心链」,serial-offender,,,2026-07-19,2026-07-22,,
0x9f48518218a213ee2062ab28e41d4c9de080b566,bsc,惯犯庄家（SIREN案·离场庄#1·核心链）,serial-actor,identity,serial-offenders,2026-07-22,SIREN分析2026-07-19 appendix whale_group「离场庄#1·核心链」,serial-offender,,,2026-07-19,2026-07-22,,
0x9f7b82cf726904b7eab9e63cfe6ff4f0dbc79417,bsc,惯犯庄家（SIREN案·离场庄#1·核心链）,serial-actor,identity,serial-offenders,2026-07-22,SIREN分析2026-07-19 appendix whale_group「离场庄#1·核心链」,serial-offender,,,2026-07-19,2026-07-22,,
0xa09492690959584b1667fc7aba9fb0434fe65761,bsc,惯犯庄家（SIREN案·离场庄#1·核心链）,serial-actor,identity,serial-offenders,2026-07-22,SIREN分析2026-07-19 appendix whale_group「离场庄#1·核心链」,serial-offender,,,2026-07-19,2026-07-22,,
0xa0e1d28b8363f68cede12a6372da70934078b78e,bsc,惯犯庄家（SIREN案·离场庄#1·核心链）,serial-actor,identity,serial-offenders,2026-07-22,SIREN分析2026-07-19 appendix whale_group「离场庄#1·核心链」,serial-offender,,,2026-07-19,2026-07-22,,
0xa0f4b73d8714c6b2c493bf170577e6ebc4d1f11c,bsc,惯犯庄家（QUQ案·大庄#1(刷量bot合约+EOA接力库存体系)）,serial-actor,identity,serial-offenders,2026-07-22,QUQ分析 appendix whale_group「大庄#1(刷量bot合约+EOA接力库存体系)」,serial-offender,,,2026-07-22,2026-07-22,,
0xa1267cb6b44d213e396a9d5127cd202dc81a6928,bsc,惯犯庄家（SIREN案·离场庄#1·核心链）,serial-actor,identity,serial-offenders,2026-07-22,SIREN分析2026-07-19 appendix whale_group「离场庄#1·核心链」,serial-offender,,,2026-07-19,2026-07-22,,
0xa153ab3dcc5f46ac0574e5147abbc74cb709cc3b,bsc,惯犯庄家（QUQ案·大庄#1(刷量bot合约+EOA接力库存体系)）,serial-actor,identity,serial-offenders,2026-07-22,QUQ分析 appendix whale_group「大庄#1(刷量bot合约+EOA接力库存体系)」,serial-offender,,,2026-07-22,2026-07-22,,
0xa15bfdba6683e31ee15fe422fd4a6246a907a123,bsc,惯犯庄家（SIREN案·离场庄#1·核心链）,serial-actor,identity,serial-offenders,2026-07-22,SIREN分析2026-07-19 appendix whale_group「离场庄#1·核心链」,serial-offender,,,2026-07-19,2026-07-22,,
0xa17f00912771cc391a06994cd67431686f4ec01a,bsc,惯犯庄家（SIREN案·离场庄#1·核心链）,serial-actor,identity,serial-offenders,2026-07-22,SIREN分析2026-07-19 appendix whale_group「离场庄#1·核心链」,serial-offender,,,2026-07-19,2026-07-22,,
0xa1e8a6cb6ccf3a23d809f4676941574f1ef11449,bsc,惯犯庄家（SIREN案·离场庄#1·核心链）,serial-actor,identity,serial-offenders,2026-07-22,SIREN分析2026-07-19 appendix whale_group「离场庄#1·核心链」,serial-offender,,,2026-07-19,2026-07-22,,
0xa1f70f510b2c711752dbdcc4e5bd123d53839182,bsc,惯犯庄家（QUQ案·大庄#1(刷量bot合约+EOA接力库存体系)）,serial-actor,identity,serial-offenders,2026-07-22,QUQ分析 appendix whale_group「大庄#1(刷量bot合约+EOA接力库存体系)」,serial-offender,,,2026-07-22,2026-07-22,,
0xa20695938aa6166979e0399c887d3d3d3cf3630a,bsc,惯犯庄家（SIREN案·离场庄#1·扩展与静置仓网）,serial-actor,identity,serial-offenders,2026-07-22,SIREN分析2026-07-19 appendix whale_group「离场庄#1·扩展与静置仓网」,serial-offender,,,2026-07-19,2026-07-22,,
0xa212bc038476a07e2444f9c85b6a1a1b6672e5df,bsc,惯犯庄家（SIREN案·离场庄#1·核心链）,serial-actor,identity,serial-offenders,2026-07-22,SIREN分析2026-07-19 appendix whale_group「离场庄#1·核心链」,serial-offender,,,2026-07-19,2026-07-22,,
0xa21883eb0df77384404a64d8f386b811dd9dafe1,bsc,惯犯庄家（SIREN案·离场庄#1·核心链）,serial-actor,identity,serial-offenders,2026-07-22,SIREN分析2026-07-19 appendix whale_group「离场庄#1·核心链」,serial-offender,,,2026-07-19,2026-07-22,,
0xa2f420f2deba7eafe2a87ab220732746aa2bc83b,bsc,惯犯庄家（SIREN案·离场庄#1·核心链）,serial-actor,identity,serial-offenders,2026-07-22,SIREN分析2026-07-19 appendix whale_group「离场庄#1·核心链」,serial-offender,,,2026-07-19,2026-07-22,,
0xa2f5a64c37974ad88db75c5c0760c147f183a990,bsc,惯犯庄家（SIREN案·离场庄#1·核心链）,serial-actor,identity,serial-offenders,2026-07-22,SIREN分析2026-07-19 appendix whale_group「离场庄#1·核心链」,serial-offender,,,2026-07-19,2026-07-22,,
0xa2fc8c2a91e6513748de0f00b9ef1e5e73c4280c,bsc,惯犯庄家（QUQ案·大庄#1(刷量bot合约+EOA接力库存体系)）,serial-actor,identity,serial-offenders,2026-07-22,QUQ分析 appendix whale_group「大庄#1(刷量bot合约+EOA接力库存体系)」,serial-offender,,,2026-07-22,2026-07-22,,
0xa315a991bbfe3993cd520bfa4669569a3c0f34be,bsc,惯犯庄家（SIREN案·离场庄#1·核心链）,serial-actor,identity,serial-offenders,2026-07-22,SIREN分析2026-07-19 appendix whale_group「离场庄#1·核心链」,serial-offender,,,2026-07-19,2026-07-22,,
0xa31fdd9eb231f114d8165c28b95a29e513ffe670,bsc,惯犯庄家（SIREN案·离场庄#1·核心链）,serial-actor,identity,serial-offenders,2026-07-22,SIREN分析2026-07-19 appendix whale_group「离场庄#1·核心链」,serial-offender,,,2026-07-19,2026-07-22,,
0xa34b3bcc864cbc73ac0f291573b488a232b84387,bsc,惯犯庄家（SIREN案·离场庄#1·核心链）,serial-actor,identity,serial-offenders,2026-07-22,SIREN分析2026-07-19 appendix whale_group「离场庄#1·核心链」,serial-offender,,,2026-07-19,2026-07-22,,
0xa36cc9fad57f0a2c9f599a7223f6b7257dff2740,bsc,惯犯庄家（SIREN案·离场庄#1·扩展与静置仓网）,serial-actor,identity,serial-offenders,2026-07-22,SIREN分析2026-07-19 appendix whale_group「离场庄#1·扩展与静置仓网」,serial-offender,,,2026-07-19,2026-07-22,,
0xa3e6631a2247df94d207b0f345a97b67d5d0d08d,bsc,惯犯庄家（SIREN案·离场庄#1·核心链）,serial-actor,identity,serial-offenders,2026-07-22,SIREN分析2026-07-19 appendix whale_group「离场庄#1·核心链」,serial-offender,,,2026-07-19,2026-07-22,,
0xa3fb39e06c0d83b6946ecae6ffebec6232298ca9,bsc,惯犯庄家（QUQ案·大庄#1(刷量bot合约+EOA接力库存体系)）,serial-actor,identity,serial-offenders,2026-07-22,QUQ分析 appendix whale_group「大庄#1(刷量bot合约+EOA接力库存体系)」,serial-offender,,,2026-07-22,2026-07-22,,
0xa4275d42d38170b85abdeb0b1a06f4196fadcebc,bsc,惯犯庄家（SIREN案·离场庄#1·核心链）,serial-actor,identity,serial-offenders,2026-07-22,SIREN分析2026-07-19 appendix whale_group「离场庄#1·核心链」,serial-offender,,,2026-07-19,2026-07-22,,
0xa430e11378974bd0c74d739b8a1d6e3af9078dc5,bsc,惯犯庄家（SIREN案·离场庄#1·核心链）,serial-actor,identity,serial-offenders,2026-07-22,SIREN分析2026-07-19 appendix whale_group「离场庄#1·核心链」,serial-offender,,,2026-07-19,2026-07-22,,
0xa44073e0cba3c1bfcdee7b766488b57bf5cbc5df,bsc,惯犯庄家（SIREN案·离场庄#1·核心链）,serial-actor,identity,serial-offenders,2026-07-22,SIREN分析2026-07-19 appendix whale_group「离场庄#1·核心链」,serial-offender,,,2026-07-19,2026-07-22,,
0xa457bbc56d7671468651cc5e470021dbaa6034bd,bsc,惯犯庄家（SIREN案·离场庄#1·核心链）,serial-actor,identity,serial-offenders,2026-07-22,SIREN分析2026-07-19 appendix whale_group「离场庄#1·核心链」,serial-offender,,,2026-07-19,2026-07-22,,
0xa47674e8a85f7b40526ce7c2706cca0edc814409,bsc,惯犯庄家（SIREN案·离场庄#1·核心链）,serial-actor,identity,serial-offenders,2026-07-22,SIREN分析2026-07-19 appendix whale_group「离场庄#1·核心链」,serial-offender,,,2026-07-19,2026-07-22,,
0xa47e70add79dbe4a03b54f3d7617bd8e22454fc7,bsc,惯犯庄家（SIREN案·离场庄#1·核心链）,serial-actor,identity,serial-offenders,2026-07-22,SIREN分析2026-07-19 appendix whale_group「离场庄#1·核心链」,serial-offender,,,2026-07-19,2026-07-22,,
0xa48789c060bc82a44c73a4ecbf18adf0fcfc1ea1,bsc,惯犯庄家（SIREN案·离场庄#1·核心链）,serial-actor,identity,serial-offenders,2026-07-22,SIREN分析2026-07-19 appendix whale_group「离场庄#1·核心链」,serial-offender,,,2026-07-19,2026-07-22,,
0xa49ab8d9df4d165722d583d58fe5eb4ad421c20f,bsc,惯犯庄家（SIREN案·离场庄#1·核心链）,serial-actor,identity,serial-offenders,2026-07-22,SIREN分析2026-07-19 appendix whale_group「离场庄#1·核心链」,serial-offender,,,2026-07-19,2026-07-22,,
0xa4c8d548190c0e09641f42002af0035a166dd68d,bsc,惯犯庄家（QUQ案·大庄#1(刷量bot合约+EOA接力库存体系)）,serial-actor,identity,serial-offenders,2026-07-22,QUQ分析 appendix whale_group「大庄#1(刷量bot合约+EOA接力库存体系)」,serial-offender,,,2026-07-22,2026-07-22,,
0xa4d8ca843293b45cb2f61d54509186ca81a34408,bsc,惯犯庄家（QUQ案·大庄#1(刷量bot合约+EOA接力库存体系)）,serial-actor,identity,serial-offenders,2026-07-22,QUQ分析 appendix whale_group「大庄#1(刷量bot合约+EOA接力库存体系)」,serial-offender,,,2026-07-22,2026-07-22,,
0xa50c77dce685b8d68131b2c65411a48c534f764d,bsc,惯犯庄家（SIREN案·离场庄#1·扩展与静置仓网）,serial-actor,identity,serial-offenders,2026-07-22,SIREN分析2026-07-19 appendix whale_group「离场庄#1·扩展与静置仓网」,serial-offender,,,2026-07-19,2026-07-22,,
0xa5666e8b7dadcea1c6a636fd40684945fceb16f1,bsc,惯犯庄家（QUQ案·大庄#1(刷量bot合约+EOA接力库存体系)）,serial-actor,identity,serial-offenders,2026-07-22,QUQ分析 appendix whale_group「大庄#1(刷量bot合约+EOA接力库存体系)」,serial-offender,,,2026-07-22,2026-07-22,,
0xa57d42258718a32289bed480127ee29ce6ffe6b1,bsc,惯犯庄家（SIREN案·离场庄#1·核心链）,serial-actor,identity,serial-offenders,2026-07-22,SIREN分析2026-07-19 appendix whale_group「离场庄#1·核心链」,serial-offender,,,2026-07-19,2026-07-22,,
0xa595b2cf54364157518b48a8ca6c9f901ff7a5b1,bsc,惯犯庄家（SIREN案·离场庄#1·核心链）,serial-actor,identity,serial-offenders,2026-07-22,SIREN分析2026-07-19 appendix whale_group「离场庄#1·核心链」,serial-offender,,,2026-07-19,2026-07-22,,
0xa59688623092a80df6b5a6f9e0db79e9af1a65e4,bsc,惯犯庄家（SIREN案·离场庄#1·核心链）,serial-actor,identity,serial-offenders,2026-07-22,SIREN分析2026-07-19 appendix whale_group「离场庄#1·核心链」,serial-offender,,,2026-07-19,2026-07-22,,
0xa5a3bb045361c3f316fde590c3d21ea39d4784e7,bsc,惯犯庄家（SIREN案·离场庄#1·扩展与静置仓网）,serial-actor,identity,serial-offenders,2026-07-22,SIREN分析2026-07-19 appendix whale_group「离场庄#1·扩展与静置仓网」,serial-offender,,,2026-07-19,2026-07-22,,
0xa5a4d3187f46af0c486e18e7a08db0b1985edd4f,bsc,惯犯庄家（SIREN案·离场庄#1·核心链）,serial-actor,identity,serial-offenders,2026-07-22,SIREN分析2026-07-19 appendix whale_group「离场庄#1·核心链」,serial-offender,,,2026-07-19,2026-07-22,,
0xa5c23ad93f79fc3c151b8372b9aed7ff1d9ae2a7,bsc,惯犯庄家（SIREN案·离场庄#1·核心链）,serial-actor,identity,serial-offenders,2026-07-22,SIREN分析2026-07-19 appendix whale_group「离场庄#1·核心链」,serial-offender,,,2026-07-19,2026-07-22,,
0xa643cc4cbf72cf94000adc335e35623112e670b6,bsc,惯犯庄家（SIREN案·离场庄#1·核心链）,serial-actor,identity,serial-offenders,2026-07-22,SIREN分析2026-07-19 appendix whale_group「离场庄#1·核心链」,serial-offender,,,2026-07-19,2026-07-22,,
0xa64efdfba9917e4ae29cbff28eaccde1ecc8831e,bsc,惯犯庄家（SIREN案·离场庄#1·核心链）,serial-actor,identity,serial-offenders,2026-07-22,SIREN分析2026-07-19 appendix whale_group「离场庄#1·核心链」,serial-offender,,,2026-07-19,2026-07-22,,
0xa6694695a33df27f6a87c0bf85dde8d90f6b4cba,bsc,惯犯庄家（SIREN案·离场庄#1·核心链）,serial-actor,identity,serial-offenders,2026-07-22,SIREN分析2026-07-19 appendix whale_group「离场庄#1·核心链」,serial-offender,,,2026-07-19,2026-07-22,,
0xa681856e0086c09ccc7d328e09e15331e7df78e3,bsc,惯犯庄家（SIREN案·离场庄#1·核心链）,serial-actor,identity,serial-offenders,2026-07-22,SIREN分析2026-07-19 appendix whale_group「离场庄#1·核心链」,serial-offender,,,2026-07-19,2026-07-22,,
0xa6aeb894065ad623c48fac1fc1ee131b0c66750a,bsc,惯犯庄家（SIREN案·离场庄#1·核心链）,serial-actor,identity,serial-offenders,2026-07-22,SIREN分析2026-07-19 appendix whale_group「离场庄#1·核心链」,serial-offender,,,2026-07-19,2026-07-22,,
0xa6cc32e134980dc07847bc95d5f316895d14dfb8,bsc,惯犯庄家（SIREN案·离场庄#1·扩展与静置仓网）,serial-actor,identity,serial-offenders,2026-07-22,SIREN分析2026-07-19 appendix whale_group「离场庄#1·扩展与静置仓网」,serial-offender,,,2026-07-19,2026-07-22,,
0xa6e64d5e6f43b493a95e85e641b79d469056e7c4,bsc,惯犯庄家（SIREN案·离场庄#1·核心链）,serial-actor,identity,serial-offenders,2026-07-22,SIREN分析2026-07-19 appendix whale_group「离场庄#1·核心链」,serial-offender,,,2026-07-19,2026-07-22,,
0xa6f307090f35df022bc1540d1185db2067f6e299,bsc,惯犯庄家（SIREN案·离场庄#1·核心链）,serial-actor,identity,serial-offenders,2026-07-22,SIREN分析2026-07-19 appendix whale_group「离场庄#1·核心链」,serial-offender,,,2026-07-19,2026-07-22,,
0xa70bd0b37fa650ed2d7aceeac59cea65cd057ed0,bsc,惯犯庄家（SIREN案·离场庄#1·核心链）,serial-actor,identity,serial-offenders,2026-07-22,SIREN分析2026-07-19 appendix whale_group「离场庄#1·核心链」,serial-offender,,,2026-07-19,2026-07-22,,
0xa71dfbb1c89395f8db974d4721d35313916c2184,bsc,惯犯庄家（QUQ案·大庄#1(刷量bot合约+EOA接力库存体系)）,serial-actor,identity,serial-offenders,2026-07-22,QUQ分析 appendix whale_group「大庄#1(刷量bot合约+EOA接力库存体系)」,serial-offender,,,2026-07-22,2026-07-22,,
0xa750037d47bc61cf2515d2adff5015a047623b26,bsc,惯犯庄家（SIREN案·离场庄#1·核心链）,serial-actor,identity,serial-offenders,2026-07-22,SIREN分析2026-07-19 appendix whale_group「离场庄#1·核心链」,serial-offender,,,2026-07-19,2026-07-22,,
0xa7de1daf0e122e1d792fba04a4d64cc2fe9d6272,bsc,惯犯庄家（SIREN案·离场庄#1·核心链）,serial-actor,identity,serial-offenders,2026-07-22,SIREN分析2026-07-19 appendix whale_group「离场庄#1·核心链」,serial-offender,,,2026-07-19,2026-07-22,,
0xa81517ca7003b5906e6dc042d41b3d13904d1156,bsc,惯犯庄家（SIREN案·离场庄#1·核心链）,serial-actor,identity,serial-offenders,2026-07-22,SIREN分析2026-07-19 appendix whale_group「离场庄#1·核心链」,serial-offender,,,2026-07-19,2026-07-22,,
0xa81ce402fea45acdf985f8102a37c98ae1abe176,bsc,惯犯庄家（QUQ案·大庄#1(刷量bot合约+EOA接力库存体系)）,serial-actor,identity,serial-offenders,2026-07-22,QUQ分析 appendix whale_group「大庄#1(刷量bot合约+EOA接力库存体系)」,serial-offender,,,2026-07-22,2026-07-22,,
0xa836d9d02a098dc733e577577443cc3cb736b6d6,bsc,惯犯庄家（SIREN案·离场庄#1·核心链）,serial-actor,identity,serial-offenders,2026-07-22,SIREN分析2026-07-19 appendix whale_group「离场庄#1·核心链」,serial-offender,,,2026-07-19,2026-07-22,,
0xa8d63c5681c8e45bfc9837903f601a687e7a2608,bsc,惯犯庄家（SIREN案·离场庄#1·核心链）,serial-actor,identity,serial-offenders,2026-07-22,SIREN分析2026-07-19 appendix whale_group「离场庄#1·核心链」,serial-offender,,,2026-07-19,2026-07-22,,
0xa8dc920672a097946217d603a3a2507f2637eb8e,bsc,惯犯庄家（SIREN案·离场庄#1·核心链）,serial-actor,identity,serial-offenders,2026-07-22,SIREN分析2026-07-19 appendix whale_group「离场庄#1·核心链」,serial-offender,,,2026-07-19,2026-07-22,,
0xa8f47611d1970a7a50126734799da91a61043182,bsc,惯犯庄家（SIREN案·离场庄#1·核心链）,serial-actor,identity,serial-offenders,2026-07-22,SIREN分析2026-07-19 appendix whale_group「离场庄#1·核心链」,serial-offender,,,2026-07-19,2026-07-22,,
0xa9016410576ef91e0d8b78353576642c7586fa0f,bsc,惯犯庄家（SIREN案·离场庄#1·扩展与静置仓网）,serial-actor,identity,serial-offenders,2026-07-22,SIREN分析2026-07-19 appendix whale_group「离场庄#1·扩展与静置仓网」,serial-offender,,,2026-07-19,2026-07-22,,
0xa9632a3b4a990b2ccf9c32425710589b9b3c2d1d,bsc,惯犯庄家（SIREN案·离场庄#1·核心链）,serial-actor,identity,serial-offenders,2026-07-22,SIREN分析2026-07-19 appendix whale_group「离场庄#1·核心链」,serial-offender,,,2026-07-19,2026-07-22,,
0xa96f32d81b82816955bdcf5237263ef88601efb1,bsc,惯犯庄家（SIREN案·离场庄#1·扩展与静置仓网）,serial-actor,identity,serial-offenders,2026-07-22,SIREN分析2026-07-19 appendix whale_group「离场庄#1·扩展与静置仓网」,serial-offender,,,2026-07-19,2026-07-22,,
0xa9ac45eaa53fc04bfd560f03f214b2366d37edef,bsc,惯犯庄家（SIREN案·离场庄#1·核心链）,serial-actor,identity,serial-offenders,2026-07-22,SIREN分析2026-07-19 appendix whale_group「离场庄#1·核心链」,serial-offender,,,2026-07-19,2026-07-22,,
0xaa52dd46d77536ff296658dae185966f7ab74db2,bsc,惯犯庄家（SIREN案·离场庄#1·核心链）,serial-actor,identity,serial-offenders,2026-07-22,SIREN分析2026-07-19 appendix whale_group「离场庄#1·核心链」,serial-offender,,,2026-07-19,2026-07-22,,
0xaa86268030aae432ac471f220080ba3e46b52b43,bsc,惯犯庄家（SIREN案·离场庄#1·扩展与静置仓网）,serial-actor,identity,serial-offenders,2026-07-22,SIREN分析2026-07-19 appendix whale_group「离场庄#1·扩展与静置仓网」,serial-offender,,,2026-07-19,2026-07-22,,
0xaa9c06e618c023dcdb5cd25dff2858a81dbc91fc,bsc,惯犯庄家（SIREN案·离场庄#1·扩展与静置仓网）,serial-actor,identity,serial-offenders,2026-07-22,SIREN分析2026-07-19 appendix whale_group「离场庄#1·扩展与静置仓网」,serial-offender,,,2026-07-19,2026-07-22,,
0xaabc9e866ec3204da3db3ac8cc9aa89cdf62eb68,bsc,惯犯庄家（SIREN案·离场庄#1·核心链）,serial-actor,identity,serial-offenders,2026-07-22,SIREN分析2026-07-19 appendix whale_group「离场庄#1·核心链」,serial-offender,,,2026-07-19,2026-07-22,,
0xaaf784d7b31595aac8850740fa9ddb87774517b8,bsc,惯犯庄家（SIREN案·离场庄#1·核心链）,serial-actor,identity,serial-offenders,2026-07-22,SIREN分析2026-07-19 appendix whale_group「离场庄#1·核心链」,serial-offender,,,2026-07-19,2026-07-22,,
0xabec5ab563dce2ee51cdd12627698efbf6541d3f,bsc,惯犯庄家（SIREN案·离场庄#1·核心链）,serial-actor,identity,serial-offenders,2026-07-22,SIREN分析2026-07-19 appendix whale_group「离场庄#1·核心链」,serial-offender,,,2026-07-19,2026-07-22,,
0xac01ee0bd97e750792731490ece2e6e57471463c,bsc,惯犯庄家（SIREN案·离场庄#1·核心链）,serial-actor,identity,serial-offenders,2026-07-22,SIREN分析2026-07-19 appendix whale_group「离场庄#1·核心链」,serial-offender,,,2026-07-19,2026-07-22,,
0xac33574c95f8a9ccd80d829a89feaac4b370f85c,bsc,惯犯庄家（SIREN案·离场庄#1·核心链）,serial-actor,identity,serial-offenders,2026-07-22,SIREN分析2026-07-19 appendix whale_group「离场庄#1·核心链」,serial-offender,,,2026-07-19,2026-07-22,,
0xac383e3769221cc38ff69e044e343053ae363a76,bsc,惯犯庄家（SIREN案·离场庄#1·核心链）,serial-actor,identity,serial-offenders,2026-07-22,SIREN分析2026-07-19 appendix whale_group「离场庄#1·核心链」,serial-offender,,,2026-07-19,2026-07-22,,
0xac44b50a059c16b83143b455ccb67dae91d93345,bsc,惯犯庄家（SIREN案·离场庄#1·核心链）,serial-actor,identity,serial-offenders,2026-07-22,SIREN分析2026-07-19 appendix whale_group「离场庄#1·核心链」,serial-offender,,,2026-07-19,2026-07-22,,
0xac5f4576106f6367621017fbb3ea2feec12c3d5b,bsc,惯犯庄家（SIREN案·离场庄#1·核心链）,serial-actor,identity,serial-offenders,2026-07-22,SIREN分析2026-07-19 appendix whale_group「离场庄#1·核心链」,serial-offender,,,2026-07-19,2026-07-22,,
0xac98db68951a67500dc56bc3709dcdb7a335f7df,bsc,惯犯庄家（SIREN案·离场庄#1·扩展与静置仓网）,serial-actor,identity,serial-offenders,2026-07-22,SIREN分析2026-07-19 appendix whale_group「离场庄#1·扩展与静置仓网」,serial-offender,,,2026-07-19,2026-07-22,,
0xace78baf1774dbcea2a66aa146c67f9c10f58adc,bsc,惯犯庄家（SIREN案·离场庄#1·核心链）,serial-actor,identity,serial-offenders,2026-07-22,SIREN分析2026-07-19 appendix whale_group「离场庄#1·核心链」,serial-offender,,,2026-07-19,2026-07-22,,
0xacf594da59780fbe3a47fb3267e1d4892f5ffd46,bsc,惯犯庄家（SIREN案·离场庄#1·核心链）,serial-actor,identity,serial-offenders,2026-07-22,SIREN分析2026-07-19 appendix whale_group「离场庄#1·核心链」,serial-offender,,,2026-07-19,2026-07-22,,
0xad219d115c9d621f1e906df7ae77c4c755951e19,bsc,惯犯庄家（QUQ案·大庄#1(刷量bot合约+EOA接力库存体系)）,serial-actor,identity,serial-offenders,2026-07-22,QUQ分析 appendix whale_group「大庄#1(刷量bot合约+EOA接力库存体系)」,serial-offender,,,2026-07-22,2026-07-22,,
0xad3b67bca8935cb510c8d18bd45f0b94f54a968f,bsc,惯犯庄家（QUQ案·大庄#1(刷量bot合约+EOA接力库存体系)）,serial-actor,identity,serial-offenders,2026-07-22,QUQ分析 appendix whale_group「大庄#1(刷量bot合约+EOA接力库存体系)」,serial-offender,,,2026-07-22,2026-07-22,,
0xad7c9e70287e05b4247762edf5814af6f0a4039e,bsc,惯犯庄家（SIREN案·离场庄#1·核心链）,serial-actor,identity,serial-offenders,2026-07-22,SIREN分析2026-07-19 appendix whale_group「离场庄#1·核心链」,serial-offender,,,2026-07-19,2026-07-22,,
0xadd0ca1ad8c3fa768e37b2fa072c7528674da971,bsc,惯犯庄家（SIREN案·离场庄#1·核心链）,serial-actor,identity,serial-offenders,2026-07-22,SIREN分析2026-07-19 appendix whale_group「离场庄#1·核心链」,serial-offender,,,2026-07-19,2026-07-22,,
0xadd27567288799713660d8c2fd897d922fe005a4,bsc,惯犯庄家（QUQ案·大庄#1(刷量bot合约+EOA接力库存体系)）,serial-actor,identity,serial-offenders,2026-07-22,QUQ分析 appendix whale_group「大庄#1(刷量bot合约+EOA接力库存体系)」,serial-offender,,,2026-07-22,2026-07-22,,
0xae240635dd8436505c64ca1681d4be85188222d2,bsc,惯犯庄家（SIREN案·离场庄#1·核心链）,serial-actor,identity,serial-offenders,2026-07-22,SIREN分析2026-07-19 appendix whale_group「离场庄#1·核心链」,serial-offender,,,2026-07-19,2026-07-22,,
0xae3de0a37f24246b34e4724035183e6ac7d4e5a4,bsc,惯犯庄家（SIREN案·离场庄#1·核心链）,serial-actor,identity,serial-offenders,2026-07-22,SIREN分析2026-07-19 appendix whale_group「离场庄#1·核心链」,serial-offender,,,2026-07-19,2026-07-22,,
0xae4bc1cad840cc44ada2b099279f237c77e75534,bsc,惯犯庄家（SIREN案·离场庄#1·核心链）,serial-actor,identity,serial-offenders,2026-07-22,SIREN分析2026-07-19 appendix whale_group「离场庄#1·核心链」,serial-offender,,,2026-07-19,2026-07-22,,
0xae800b007ec1c4661fcf39bb0992e7bc5632feed,bsc,惯犯庄家（SIREN案·离场庄#1·核心链）,serial-actor,identity,serial-offenders,2026-07-22,SIREN分析2026-07-19 appendix whale_group「离场庄#1·核心链」,serial-offender,,,2026-07-19,2026-07-22,,
0xaee9e71edcd8622d3e8f21a82a75c581a73fce15,bsc,惯犯庄家（SIREN案·离场庄#1·核心链）,serial-actor,identity,serial-offenders,2026-07-22,SIREN分析2026-07-19 appendix whale_group「离场庄#1·核心链」,serial-offender,,,2026-07-19,2026-07-22,,
0xaf3b03fa4f7873b84cfe275e5bc47bc55746d2ec,bsc,惯犯庄家（SIREN案·离场庄#1·核心链）,serial-actor,identity,serial-offenders,2026-07-22,SIREN分析2026-07-19 appendix whale_group「离场庄#1·核心链」,serial-offender,,,2026-07-19,2026-07-22,,
0xaf3b0daac0c0445ae5ea4e89502c18c0a50397dc,bsc,惯犯庄家（SIREN案·离场庄#1·核心链）,serial-actor,identity,serial-offenders,2026-07-22,SIREN分析2026-07-19 appendix whale_group「离场庄#1·核心链」,serial-offender,,,2026-07-19,2026-07-22,,
0xafc1191aa73113286b1d4f898fed85b238779eab,bsc,惯犯庄家（SIREN案·离场庄#1·核心链）,serial-actor,identity,serial-offenders,2026-07-22,SIREN分析2026-07-19 appendix whale_group「离场庄#1·核心链」,serial-offender,,,2026-07-19,2026-07-22,,
0xafd24a2f5fe62a81e9a5d3aef0e3620737dbe22f,bsc,惯犯庄家（QUQ案·大庄#1(刷量bot合约+EOA接力库存体系)）,serial-actor,identity,serial-offenders,2026-07-22,QUQ分析 appendix whale_group「大庄#1(刷量bot合约+EOA接力库存体系)」,serial-offender,,,2026-07-22,2026-07-22,,
0xb00ec49681fbce96dd49cf5f4af019f5321b3a45,bsc,惯犯庄家（SIREN案·离场庄#1·核心链）,serial-actor,identity,serial-offenders,2026-07-22,SIREN分析2026-07-19 appendix whale_group「离场庄#1·核心链」,serial-offender,,,2026-07-19,2026-07-22,,
0xb030461e2c636b93a49aa94eea8259d3da1768e5,bsc,惯犯庄家（SIREN案·离场庄#1·核心链）,serial-actor,identity,serial-offenders,2026-07-22,SIREN分析2026-07-19 appendix whale_group「离场庄#1·核心链」,serial-offender,,,2026-07-19,2026-07-22,,
0xb0415763d724ccc3ae9ba58b4cb8e97f46a0f33d,bsc,惯犯庄家（SIREN案·离场庄#1·核心链）,serial-actor,identity,serial-offenders,2026-07-22,SIREN分析2026-07-19 appendix whale_group「离场庄#1·核心链」,serial-offender,,,2026-07-19,2026-07-22,,
0xb05c27e745646598222538775d577fe10b05e1e9,bsc,惯犯庄家（SIREN案·离场庄#1·核心链）,serial-actor,identity,serial-offenders,2026-07-22,SIREN分析2026-07-19 appendix whale_group「离场庄#1·核心链」,serial-offender,,,2026-07-19,2026-07-22,,
0xb06d98dcbcdaae176d82e894428f79c449cb79c6,bsc,惯犯庄家（SIREN案·离场庄#1·核心链）,serial-actor,identity,serial-offenders,2026-07-22,SIREN分析2026-07-19 appendix whale_group「离场庄#1·核心链」,serial-offender,,,2026-07-19,2026-07-22,,
0xb0a6fe01059b228ef5b3a3f93b84e7e1c4636c0e,bsc,惯犯庄家（SIREN案·离场庄#1·核心链）,serial-actor,identity,serial-offenders,2026-07-22,SIREN分析2026-07-19 appendix whale_group「离场庄#1·核心链」,serial-offender,,,2026-07-19,2026-07-22,,
0xb0c5bd6b64ad553439d3954a347bda98cefa1095,bsc,惯犯庄家（SIREN案·离场庄#1·核心链）,serial-actor,identity,serial-offenders,2026-07-22,SIREN分析2026-07-19 appendix whale_group「离场庄#1·核心链」,serial-offender,,,2026-07-19,2026-07-22,,
0xb119a646b6fc808416810e79de4ccb8b59b2385a,bsc,惯犯庄家（QUQ案·大庄#1(刷量bot合约+EOA接力库存体系)）,serial-actor,identity,serial-offenders,2026-07-22,QUQ分析 appendix whale_group「大庄#1(刷量bot合约+EOA接力库存体系)」,serial-offender,,,2026-07-22,2026-07-22,,
0xb1273fabd7bac67cba8784250beae85b7312b427,bsc,惯犯庄家（SIREN案·离场庄#1·核心链）,serial-actor,identity,serial-offenders,2026-07-22,SIREN分析2026-07-19 appendix whale_group「离场庄#1·核心链」,serial-offender,,,2026-07-19,2026-07-22,,
0xb15077b93137f9fdab02ea65782d870a8d6f1584,bsc,惯犯庄家（SIREN案·离场庄#1·核心链）,serial-actor,identity,serial-offenders,2026-07-22,SIREN分析2026-07-19 appendix whale_group「离场庄#1·核心链」,serial-offender,,,2026-07-19,2026-07-22,,
0xb159392ed122ffec066efb6ba4377d7651d79092,bsc,惯犯庄家（SIREN案·离场庄#1·核心链）,serial-actor,identity,serial-offenders,2026-07-22,SIREN分析2026-07-19 appendix whale_group「离场庄#1·核心链」,serial-offender,,,2026-07-19,2026-07-22,,
0xb1c5b2ca2f0af1424897ab7377cbeda4ab9a6699,bsc,惯犯庄家（SIREN案·离场庄#1·核心链）,serial-actor,identity,serial-offenders,2026-07-22,SIREN分析2026-07-19 appendix whale_group「离场庄#1·核心链」,serial-offender,,,2026-07-19,2026-07-22,,
0xb1f7c4c5224afb81dfc28c001f4210bac3ab7904,bsc,惯犯庄家（SIREN案·离场庄#1·核心链）,serial-actor,identity,serial-offenders,2026-07-22,SIREN分析2026-07-19 appendix whale_group「离场庄#1·核心链」,serial-offender,,,2026-07-19,2026-07-22,,
0xb20a689c9daf43f32cac1c6d83dfc69bd80bdc0a,bsc,惯犯庄家（SIREN案·离场庄#1·核心链）,serial-actor,identity,serial-offenders,2026-07-22,SIREN分析2026-07-19 appendix whale_group「离场庄#1·核心链」,serial-offender,,,2026-07-19,2026-07-22,,
0xb2394343f9f4bfa95596e1d457e8b365e46d1ccc,bsc,惯犯庄家（SIREN案·离场庄#1·核心链）,serial-actor,identity,serial-offenders,2026-07-22,SIREN分析2026-07-19 appendix whale_group「离场庄#1·核心链」,serial-offender,,,2026-07-19,2026-07-22,,
0xb265ef7f7cb2df59014ed483a1bfc0029c0eee6e,bsc,惯犯庄家（SIREN案·离场庄#1·核心链）,serial-actor,identity,serial-offenders,2026-07-22,SIREN分析2026-07-19 appendix whale_group「离场庄#1·核心链」,serial-offender,,,2026-07-19,2026-07-22,,
0xb2bc635cfa1ac0e63414a3fadc2458b4c8e7f51c,bsc,惯犯庄家（SIREN案·离场庄#1·扩展与静置仓网）,serial-actor,identity,serial-offenders,2026-07-22,SIREN分析2026-07-19 appendix whale_group「离场庄#1·扩展与静置仓网」,serial-offender,,,2026-07-19,2026-07-22,,
0xb2d048759b2577067867a6f00c1c96edd66c2cd8,bsc,惯犯庄家（QUQ案·大庄#1(刷量bot合约+EOA接力库存体系)）,serial-actor,identity,serial-offenders,2026-07-22,QUQ分析 appendix whale_group「大庄#1(刷量bot合约+EOA接力库存体系)」,serial-offender,,,2026-07-22,2026-07-22,,
0xb2d871092c2244a4463a6773d73f62e9586d1f25,bsc,惯犯庄家（QUQ案·大庄#1(刷量bot合约+EOA接力库存体系)）,serial-actor,identity,serial-offenders,2026-07-22,QUQ分析 appendix whale_group「大庄#1(刷量bot合约+EOA接力库存体系)」,serial-offender,,,2026-07-22,2026-07-22,,
0xb2dc0125c605020b674648960c536f29e5dc5379,bsc,惯犯庄家（SIREN案·离场庄#1·核心链）,serial-actor,identity,serial-offenders,2026-07-22,SIREN分析2026-07-19 appendix whale_group「离场庄#1·核心链」,serial-offender,,,2026-07-19,2026-07-22,,
0xb2e30391d9c6b8f1dd0ae36c0152b0defbccf7e7,bsc,惯犯庄家（SIREN案·离场庄#1·核心链）,serial-actor,identity,serial-offenders,2026-07-22,SIREN分析2026-07-19 appendix whale_group「离场庄#1·核心链」,serial-offender,,,2026-07-19,2026-07-22,,
0xb2e93b142da2fbdeebf5df299a36e32c11195c84,bsc,惯犯庄家（SIREN案·离场庄#1·核心链）,serial-actor,identity,serial-offenders,2026-07-22,SIREN分析2026-07-19 appendix whale_group「离场庄#1·核心链」,serial-offender,,,2026-07-19,2026-07-22,,
0xb33ff7fa378faf966ef3aec8d4e5a548d7871f24,bsc,惯犯庄家（SIREN案·离场庄#1·核心链）,serial-actor,identity,serial-offenders,2026-07-22,SIREN分析2026-07-19 appendix whale_group「离场庄#1·核心链」,serial-offender,,,2026-07-19,2026-07-22,,
0xb35e1079f78f9226a74295ce83f79ccb8514112d,bsc,惯犯庄家（SIREN案·离场庄#1·扩展与静置仓网）,serial-actor,identity,serial-offenders,2026-07-22,SIREN分析2026-07-19 appendix whale_group「离场庄#1·扩展与静置仓网」,serial-offender,,,2026-07-19,2026-07-22,,
0xb3c47da87518b32852729bd780ac8ccbb8d0b648,bsc,惯犯庄家（SIREN案·离场庄#1·核心链）,serial-actor,identity,serial-offenders,2026-07-22,SIREN分析2026-07-19 appendix whale_group「离场庄#1·核心链」,serial-offender,,,2026-07-19,2026-07-22,,
0xb4293a0be7effb059a644abd72b244c355188f8e,bsc,惯犯庄家（SIREN案·离场庄#1·扩展与静置仓网）,serial-actor,identity,serial-offenders,2026-07-22,SIREN分析2026-07-19 appendix whale_group「离场庄#1·扩展与静置仓网」,serial-offender,,,2026-07-19,2026-07-22,,
0xb484d331e377e139a40c084cb4841307cdc49604,bsc,惯犯庄家（SIREN案·离场庄#1·核心链）,serial-actor,identity,serial-offenders,2026-07-22,SIREN分析2026-07-19 appendix whale_group「离场庄#1·核心链」,serial-offender,,,2026-07-19,2026-07-22,,
0xb48ff931a15a06d77ef72eaf092e189418e786a4,bsc,惯犯庄家（SIREN案·离场庄#1·核心链）,serial-actor,identity,serial-offenders,2026-07-22,SIREN分析2026-07-19 appendix whale_group「离场庄#1·核心链」,serial-offender,,,2026-07-19,2026-07-22,,
0xb49c8f54a6d0a84b7d78e668f1a9707546adbffe,bsc,惯犯庄家（SIREN案·离场庄#1·核心链）,serial-actor,identity,serial-offenders,2026-07-22,SIREN分析2026-07-19 appendix whale_group「离场庄#1·核心链」,serial-offender,,,2026-07-19,2026-07-22,,
0xb4acbc082b5e7ded571c98ee4257778a9d784b36,bsc,惯犯庄家（QUQ案·大庄#1(刷量bot合约+EOA接力库存体系)）,serial-actor,identity,serial-offenders,2026-07-22,QUQ分析 appendix whale_group「大庄#1(刷量bot合约+EOA接力库存体系)」,serial-offender,,,2026-07-22,2026-07-22,,
0xb4c5376319d259489a966effe1df2b7d88664f26,bsc,惯犯庄家（SIREN案·离场庄#1·核心链）,serial-actor,identity,serial-offenders,2026-07-22,SIREN分析2026-07-19 appendix whale_group「离场庄#1·核心链」,serial-offender,,,2026-07-19,2026-07-22,,
0xb4cb40e3442c8b4a3462ae3ec9b4e430606cf0ba,bsc,惯犯庄家（SIREN案·离场庄#1·核心链）,serial-actor,identity,serial-offenders,2026-07-22,SIREN分析2026-07-19 appendix whale_group「离场庄#1·核心链」,serial-offender,,,2026-07-19,2026-07-22,,
0xb57a00f0c46585db22926c365b849ec7699f6a45,bsc,惯犯庄家（SIREN案·离场庄#1·核心链）,serial-actor,identity,serial-offenders,2026-07-22,SIREN分析2026-07-19 appendix whale_group「离场庄#1·核心链」,serial-offender,,,2026-07-19,2026-07-22,,
0xb5c333993fcfa23e3cd3c69dea2b11ca05197664,bsc,惯犯庄家（SIREN案·离场庄#1·核心链）,serial-actor,identity,serial-offenders,2026-07-22,SIREN分析2026-07-19 appendix whale_group「离场庄#1·核心链」,serial-offender,,,2026-07-19,2026-07-22,,
0xb63139cfd145786cfc99a7429582351bc7588724,bsc,惯犯庄家（QUQ案·大庄#1(刷量bot合约+EOA接力库存体系)）,serial-actor,identity,serial-offenders,2026-07-22,QUQ分析 appendix whale_group「大庄#1(刷量bot合约+EOA接力库存体系)」,serial-offender,,,2026-07-22,2026-07-22,,
0xb69973128cc7d6a77a8a7de2742d72788bf895c8,bsc,惯犯庄家（SIREN案·离场庄#1·核心链）,serial-actor,identity,serial-offenders,2026-07-22,SIREN分析2026-07-19 appendix whale_group「离场庄#1·核心链」,serial-offender,,,2026-07-19,2026-07-22,,
0xb6ee150c5d9d85af866757e7f2dcfd26e586e6db,bsc,惯犯庄家（SIREN案·离场庄#1·核心链）,serial-actor,identity,serial-offenders,2026-07-22,SIREN分析2026-07-19 appendix whale_group「离场庄#1·核心链」,serial-offender,,,2026-07-19,2026-07-22,,
0xb7365273bbf818f1d2188310b6038512ed7310ce,bsc,惯犯庄家（SIREN案·离场庄#1·扩展与静置仓网）,serial-actor,identity,serial-offenders,2026-07-22,SIREN分析2026-07-19 appendix whale_group「离场庄#1·扩展与静置仓网」,serial-offender,,,2026-07-19,2026-07-22,,
0xb74e0949caea9ad79bba2b7459ea5350abd82aff,bsc,惯犯庄家（SIREN案·离场庄#1·核心链）,serial-actor,identity,serial-offenders,2026-07-22,SIREN分析2026-07-19 appendix whale_group「离场庄#1·核心链」,serial-offender,,,2026-07-19,2026-07-22,,
0xb760cedc52198013392f45fc977e39a33d6ac99d,bsc,惯犯庄家（SIREN案·离场庄#1·核心链）,serial-actor,identity,serial-offenders,2026-07-22,SIREN分析2026-07-19 appendix whale_group「离场庄#1·核心链」,serial-offender,,,2026-07-19,2026-07-22,,
0xb782d29c3f2656c69b31be379b0c1dab91a5bf07,bsc,惯犯庄家（SIREN案·离场庄#1·核心链）,serial-actor,identity,serial-offenders,2026-07-22,SIREN分析2026-07-19 appendix whale_group「离场庄#1·核心链」,serial-offender,,,2026-07-19,2026-07-22,,
0xb87ac0862a3263ed9d31211f3d9b553474fba02b,bsc,惯犯庄家（SIREN案·离场庄#1·核心链）,serial-actor,identity,serial-offenders,2026-07-22,SIREN分析2026-07-19 appendix whale_group「离场庄#1·核心链」,serial-offender,,,2026-07-19,2026-07-22,,
0xba482040dda4ad3e779b797183f22092f616187c,bsc,惯犯庄家（QUQ案·大庄#1(刷量bot合约+EOA接力库存体系)）,serial-actor,identity,serial-offenders,2026-07-22,QUQ分析 appendix whale_group「大庄#1(刷量bot合约+EOA接力库存体系)」,serial-offender,,,2026-07-22,2026-07-22,,
0xba493d723584cf74938c030578b5dff68b0e6152,bsc,惯犯庄家（SIREN案·离场庄#1·核心链）,serial-actor,identity,serial-offenders,2026-07-22,SIREN分析2026-07-19 appendix whale_group「离场庄#1·核心链」,serial-offender,,,2026-07-19,2026-07-22,,
0xba5985dd65e4a02d4499417df9b91fd58d85e6b2,bsc,惯犯庄家（SIREN案·离场庄#1·核心链）,serial-actor,identity,serial-offenders,2026-07-22,SIREN分析2026-07-19 appendix whale_group「离场庄#1·核心链」,serial-offender,,,2026-07-19,2026-07-22,,
0xba79e255b87f298b9439c82e85b7b591060a3f82,bsc,惯犯庄家（SIREN案·离场庄#1·核心链）,serial-actor,identity,serial-offenders,2026-07-22,SIREN分析2026-07-19 appendix whale_group「离场庄#1·核心链」,serial-offender,,,2026-07-19,2026-07-22,,
0xbaa914354a0f8befdf5675f1c4ba42048c5077b5,bsc,惯犯庄家（SIREN案·离场庄#1·核心链）,serial-actor,identity,serial-offenders,2026-07-22,SIREN分析2026-07-19 appendix whale_group「离场庄#1·核心链」,serial-offender,,,2026-07-19,2026-07-22,,
0xbaf2cfe7d6e6778c3f97eca1366a7f934d76de5a,bsc,惯犯庄家（SIREN案·离场庄#1·核心链）,serial-actor,identity,serial-offenders,2026-07-22,SIREN分析2026-07-19 appendix whale_group「离场庄#1·核心链」,serial-offender,,,2026-07-19,2026-07-22,,
0xbb010a9e54e7d31a006b2db9a682d061d0c804d3,bsc,惯犯庄家（SIREN案·离场庄#1·核心链）,serial-actor,identity,serial-offenders,2026-07-22,SIREN分析2026-07-19 appendix whale_group「离场庄#1·核心链」,serial-offender,,,2026-07-19,2026-07-22,,
0xbb1c838d42100964b0ff7f1f4b4e97dca5d319ff,bsc,惯犯庄家（SIREN案·离场庄#1·核心链）,serial-actor,identity,serial-offenders,2026-07-22,SIREN分析2026-07-19 appendix whale_group「离场庄#1·核心链」,serial-offender,,,2026-07-19,2026-07-22,,
0xbb205634d23540bff342e2f940c89d099396116a,bsc,惯犯庄家（SIREN案·离场庄#1·扩展与静置仓网）,serial-actor,identity,serial-offenders,2026-07-22,SIREN分析2026-07-19 appendix whale_group「离场庄#1·扩展与静置仓网」,serial-offender,,,2026-07-19,2026-07-22,,
0xbb2171ef9b1a6e15a4f2cce1d9748fc27eef9f55,bsc,惯犯庄家（QUQ案·大庄#1(刷量bot合约+EOA接力库存体系)）,serial-actor,identity,serial-offenders,2026-07-22,QUQ分析 appendix whale_group「大庄#1(刷量bot合约+EOA接力库存体系)」,serial-offender,,,2026-07-22,2026-07-22,,
0xbb8c81edbe7da2b160ed70a05f09b212ea762272,bsc,惯犯庄家（SIREN案·离场庄#1·核心链）,serial-actor,identity,serial-offenders,2026-07-22,SIREN分析2026-07-19 appendix whale_group「离场庄#1·核心链」,serial-offender,,,2026-07-19,2026-07-22,,
0xbc0db72805d0bea2a9ab014f809e8059f936b782,bsc,惯犯庄家（SIREN案·离场庄#1·核心链）,serial-actor,identity,serial-offenders,2026-07-22,SIREN分析2026-07-19 appendix whale_group「离场庄#1·核心链」,serial-offender,,,2026-07-19,2026-07-22,,
0xbc57a359491f077aa178b8dc168fef236f8b0622,bsc,惯犯庄家（SIREN案·离场庄#1·核心链）,serial-actor,identity,serial-offenders,2026-07-22,SIREN分析2026-07-19 appendix whale_group「离场庄#1·核心链」,serial-offender,,,2026-07-19,2026-07-22,,
0xbca99084a3207c09a0e24423b95a83ef9ccc156d,bsc,惯犯庄家（SIREN案·离场庄#1·核心链）,serial-actor,identity,serial-offenders,2026-07-22,SIREN分析2026-07-19 appendix whale_group「离场庄#1·核心链」,serial-offender,,,2026-07-19,2026-07-22,,
0xbcb5e029ef6da0341ba4587ce2d3016764b9b795,bsc,惯犯庄家（QUQ案·大庄#1(刷量bot合约+EOA接力库存体系)）,serial-actor,identity,serial-offenders,2026-07-22,QUQ分析 appendix whale_group「大庄#1(刷量bot合约+EOA接力库存体系)」,serial-offender,,,2026-07-22,2026-07-22,,
0xbcece75854e41006fa4b827f7eefdc16b0ba1da1,bsc,惯犯庄家（SIREN案·离场庄#1·核心链）,serial-actor,identity,serial-offenders,2026-07-22,SIREN分析2026-07-19 appendix whale_group「离场庄#1·核心链」,serial-offender,,,2026-07-19,2026-07-22,,
0xbced14177a41eda64718cfa75c9f0e1d76acfab3,bsc,惯犯庄家（SIREN案·离场庄#1·核心链）,serial-actor,identity,serial-offenders,2026-07-22,SIREN分析2026-07-19 appendix whale_group「离场庄#1·核心链」,serial-offender,,,2026-07-19,2026-07-22,,
0xbcf2e8ff3a44bf674434a3546247b728eb5979fb,bsc,惯犯庄家（SIREN案·离场庄#1·核心链）,serial-actor,identity,serial-offenders,2026-07-22,SIREN分析2026-07-19 appendix whale_group「离场庄#1·核心链」,serial-offender,,,2026-07-19,2026-07-22,,
0xbcf72aa50557a9e962f68377e275091cb964a474,bsc,惯犯庄家（SIREN案·离场庄#1·核心链）,serial-actor,identity,serial-offenders,2026-07-22,SIREN分析2026-07-19 appendix whale_group「离场庄#1·核心链」,serial-offender,,,2026-07-19,2026-07-22,,
0xbcf7e43529037c08bf40e1b19ca8af2141b9eb10,bsc,惯犯庄家（SIREN案·离场庄#1·核心链）,serial-actor,identity,serial-offenders,2026-07-22,SIREN分析2026-07-19 appendix whale_group「离场庄#1·核心链」,serial-offender,,,2026-07-19,2026-07-22,,
0xbd20036d6a2c0564eb37816009ee14f22d975635,bsc,惯犯庄家（SIREN案·离场庄#1·核心链）,serial-actor,identity,serial-offenders,2026-07-22,SIREN分析2026-07-19 appendix whale_group「离场庄#1·核心链」,serial-offender,,,2026-07-19,2026-07-22,,
0xbd453d679aca3de47cadaff8521deb4837e3693f,bsc,惯犯庄家（QUQ案·大庄#1(刷量bot合约+EOA接力库存体系)）,serial-actor,identity,serial-offenders,2026-07-22,QUQ分析 appendix whale_group「大庄#1(刷量bot合约+EOA接力库存体系)」,serial-offender,,,2026-07-22,2026-07-22,,
0xbd78eecacb7aa02971358d4e4626bbf21d3eca02,bsc,惯犯庄家（SIREN案·离场庄#1·核心链）,serial-actor,identity,serial-offenders,2026-07-22,SIREN分析2026-07-19 appendix whale_group「离场庄#1·核心链」,serial-offender,,,2026-07-19,2026-07-22,,
0xbd7ccdc2dc2e42cf87eac66c51b81b6867c7b072,bsc,惯犯庄家（哈基米案·项目方(dev工作室)）,serial-actor,identity,serial-offenders,2026-07-22,哈基米分析 appendix whale_group「项目方(dev工作室)」,serial-offender,,,2026-07-18,2026-07-22,,
0xbd8a87a2fb63de76dee9ca1df83303acc5ea980f,bsc,惯犯庄家（SIREN案·离场庄#1·核心链）,serial-actor,identity,serial-offenders,2026-07-22,SIREN分析2026-07-19 appendix whale_group「离场庄#1·核心链」,serial-offender,,,2026-07-19,2026-07-22,,
0xbdb223161eb3d1c6e2dbde429f85d7461f0b8d1d,bsc,惯犯庄家（SIREN案·离场庄#1·核心链）,serial-actor,identity,serial-offenders,2026-07-22,SIREN分析2026-07-19 appendix whale_group「离场庄#1·核心链」,serial-offender,,,2026-07-19,2026-07-22,,
0xbdc0f711bc1eb7c20fed017ea521228cea8a9912,bsc,惯犯庄家（QUQ案·大庄#1(刷量bot合约+EOA接力库存体系)）,serial-actor,identity,serial-offenders,2026-07-22,QUQ分析 appendix whale_group「大庄#1(刷量bot合约+EOA接力库存体系)」,serial-offender,,,2026-07-22,2026-07-22,,
0xbe2954eb86a241dde16192d72fd1296651bc7188,bsc,惯犯庄家（SIREN案·离场庄#1·核心链）,serial-actor,identity,serial-offenders,2026-07-22,SIREN分析2026-07-19 appendix whale_group「离场庄#1·核心链」,serial-offender,,,2026-07-19,2026-07-22,,
0xbe3f1f809997f164abca7c16559c14779b57acfb,bsc,惯犯庄家（SIREN案·离场庄#1·扩展与静置仓网）,serial-actor,identity,serial-offenders,2026-07-22,SIREN分析2026-07-19 appendix whale_group「离场庄#1·扩展与静置仓网」,serial-offender,,,2026-07-19,2026-07-22,,
0xbe5a22eb362a1f0fed4fb46883ada3332c02d195,bsc,惯犯庄家（SIREN案·离场庄#1·核心链）,serial-actor,identity,serial-offenders,2026-07-22,SIREN分析2026-07-19 appendix whale_group「离场庄#1·核心链」,serial-offender,,,2026-07-19,2026-07-22,,
0xbeab0c10773c2e3f52ffdafc57403db70dee289e,bsc,惯犯庄家（SIREN案·离场庄#1·核心链）,serial-actor,identity,serial-offenders,2026-07-22,SIREN分析2026-07-19 appendix whale_group「离场庄#1·核心链」,serial-offender,,,2026-07-19,2026-07-22,,
0xbee9be77dcee03cde17669dd72293bbe5472c379,bsc,惯犯庄家（SIREN案·离场庄#1·核心链）,serial-actor,identity,serial-offenders,2026-07-22,SIREN分析2026-07-19 appendix whale_group「离场庄#1·核心链」,serial-offender,,,2026-07-19,2026-07-22,,
0xbef0ae16e1ccf80149b7995bbc942827cf1f2e59,bsc,惯犯庄家（SIREN案·离场庄#1·核心链）,serial-actor,identity,serial-offenders,2026-07-22,SIREN分析2026-07-19 appendix whale_group「离场庄#1·核心链」,serial-offender,,,2026-07-19,2026-07-22,,
0xbf2e25a64d9011ce6e659c1f9739ee231b0c19af,bsc,惯犯庄家（SIREN案·离场庄#1·核心链）,serial-actor,identity,serial-offenders,2026-07-22,SIREN分析2026-07-19 appendix whale_group「离场庄#1·核心链」,serial-offender,,,2026-07-19,2026-07-22,,
0xbf39f79d0bd7210979cbae485cca48b09542798d,bsc,惯犯庄家（QUQ案·大庄#1(刷量bot合约+EOA接力库存体系)）,serial-actor,identity,serial-offenders,2026-07-22,QUQ分析 appendix whale_group「大庄#1(刷量bot合约+EOA接力库存体系)」,serial-offender,,,2026-07-22,2026-07-22,,
0xbf3a64112a0d65bb4bb00ba66b99cedaae3b48ad,bsc,惯犯庄家（SIREN案·离场庄#1·核心链）,serial-actor,identity,serial-offenders,2026-07-22,SIREN分析2026-07-19 appendix whale_group「离场庄#1·核心链」,serial-offender,,,2026-07-19,2026-07-22,,
0xbf7619a53480933501752430bb14ee9147a455ca,bsc,惯犯庄家（QUQ案·大庄#1(刷量bot合约+EOA接力库存体系)）,serial-actor,identity,serial-offenders,2026-07-22,QUQ分析 appendix whale_group「大庄#1(刷量bot合约+EOA接力库存体系)」,serial-offender,,,2026-07-22,2026-07-22,,
0xbf7b03796a743635692b7e41b69a86b92867ebce,bsc,惯犯庄家（SIREN案·离场庄#1·核心链）,serial-actor,identity,serial-offenders,2026-07-22,SIREN分析2026-07-19 appendix whale_group「离场庄#1·核心链」,serial-offender,,,2026-07-19,2026-07-22,,
0xbf9552dc0a979fbe21ced574530f25d2285411d6,bsc,惯犯庄家（SIREN案·离场庄#1·核心链）,serial-actor,identity,serial-offenders,2026-07-22,SIREN分析2026-07-19 appendix whale_group「离场庄#1·核心链」,serial-offender,,,2026-07-19,2026-07-22,,
0xbfad96fd0dc543d661a26e60e9540c20b1ac2507,bsc,惯犯庄家（SIREN案·离场庄#1·核心链）,serial-actor,identity,serial-offenders,2026-07-22,SIREN分析2026-07-19 appendix whale_group「离场庄#1·核心链」,serial-offender,,,2026-07-19,2026-07-22,,
0xc017401fbed1e059094cf7236622cc1d4149b798,bsc,惯犯庄家（SIREN案·离场庄#1·核心链）,serial-actor,identity,serial-offenders,2026-07-22,SIREN分析2026-07-19 appendix whale_group「离场庄#1·核心链」,serial-offender,,,2026-07-19,2026-07-22,,
0xc01cb6dcb4a93e8f5cb95ab244754e0afcf378fa,bsc,惯犯庄家（SIREN案·离场庄#1·核心链）,serial-actor,identity,serial-offenders,2026-07-22,SIREN分析2026-07-19 appendix whale_group「离场庄#1·核心链」,serial-offender,,,2026-07-19,2026-07-22,,
0xc026ee38f35f8f7730d610e53442196a7f0f89b5,bsc,惯犯庄家（SIREN案·离场庄#1·核心链）,serial-actor,identity,serial-offenders,2026-07-22,SIREN分析2026-07-19 appendix whale_group「离场庄#1·核心链」,serial-offender,,,2026-07-19,2026-07-22,,
0xc063cc3ec262df758cb92016bde7db3bd30d7ce0,bsc,惯犯庄家（SIREN案·离场庄#1·核心链）,serial-actor,identity,serial-offenders,2026-07-22,SIREN分析2026-07-19 appendix whale_group「离场庄#1·核心链」,serial-offender,,,2026-07-19,2026-07-22,,
0xc08679146113b05806959225bc1cd0dcc6b8f2f6,bsc,惯犯庄家（SIREN案·离场庄#1·核心链）,serial-actor,identity,serial-offenders,2026-07-22,SIREN分析2026-07-19 appendix whale_group「离场庄#1·核心链」,serial-offender,,,2026-07-19,2026-07-22,,
0xc0e78e834dc34199ec049822edd754cee5d65ba1,bsc,惯犯庄家（SIREN案·离场庄#1·核心链）,serial-actor,identity,serial-offenders,2026-07-22,SIREN分析2026-07-19 appendix whale_group「离场庄#1·核心链」,serial-offender,,,2026-07-19,2026-07-22,,
0xc17061053780eab41585b99c973e67bb5804ed67,bsc,惯犯庄家（SIREN案·离场庄#1·核心链）,serial-actor,identity,serial-offenders,2026-07-22,SIREN分析2026-07-19 appendix whale_group「离场庄#1·核心链」,serial-offender,,,2026-07-19,2026-07-22,,
0xc26c6323dc1979b1d5f8598c1241c03adb18c11e,bsc,惯犯庄家（QUQ案·大庄#1(刷量bot合约+EOA接力库存体系)）,serial-actor,identity,serial-offenders,2026-07-22,QUQ分析 appendix whale_group「大庄#1(刷量bot合约+EOA接力库存体系)」,serial-offender,,,2026-07-22,2026-07-22,,
0xc2b08f904ad9853e333bcc35c3a6ffd4ff0f985b,bsc,惯犯庄家（SIREN案·离场庄#1·核心链）,serial-actor,identity,serial-offenders,2026-07-22,SIREN分析2026-07-19 appendix whale_group「离场庄#1·核心链」,serial-offender,,,2026-07-19,2026-07-22,,
0xc2c1522b04a52172524fb360c10887981872065a,bsc,惯犯庄家（SIREN案·离场庄#1·核心链）,serial-actor,identity,serial-offenders,2026-07-22,SIREN分析2026-07-19 appendix whale_group「离场庄#1·核心链」,serial-offender,,,2026-07-19,2026-07-22,,
0xc2e98d2f2b5dfda314cddad7a0d92bd1d7d07975,bsc,惯犯庄家（SIREN案·离场庄#1·核心链）,serial-actor,identity,serial-offenders,2026-07-22,SIREN分析2026-07-19 appendix whale_group「离场庄#1·核心链」,serial-offender,,,2026-07-19,2026-07-22,,
0xc31b95ff420841ba653b35326941497d1461cb5e,bsc,惯犯庄家（SIREN案·离场庄#1·核心链）,serial-actor,identity,serial-offenders,2026-07-22,SIREN分析2026-07-19 appendix whale_group「离场庄#1·核心链」,serial-offender,,,2026-07-19,2026-07-22,,
0xc3b4b7f3d85a810ca10ae6e3e79ed20516857ab5,bsc,惯犯庄家（SIREN案·离场庄#1·核心链）,serial-actor,identity,serial-offenders,2026-07-22,SIREN分析2026-07-19 appendix whale_group「离场庄#1·核心链」,serial-offender,,,2026-07-19,2026-07-22,,
0xc3cb44738b48a2eabf4824abfe8b113188810e57,bsc,惯犯庄家（SIREN案·离场庄#1·核心链）,serial-actor,identity,serial-offenders,2026-07-22,SIREN分析2026-07-19 appendix whale_group「离场庄#1·核心链」,serial-offender,,,2026-07-19,2026-07-22,,
0xc42b51a6eb5c365b4ec2b0288db1677bc0758805,bsc,惯犯庄家（SIREN案·离场庄#1·核心链）,serial-actor,identity,serial-offenders,2026-07-22,SIREN分析2026-07-19 appendix whale_group「离场庄#1·核心链」,serial-offender,,,2026-07-19,2026-07-22,,
0xc4638815f5e6878ca89fba0d7389bea56108cb31,bsc,惯犯庄家（QUQ案·大庄#1(刷量bot合约+EOA接力库存体系)）,serial-actor,identity,serial-offenders,2026-07-22,QUQ分析 appendix whale_group「大庄#1(刷量bot合约+EOA接力库存体系)」,serial-offender,,,2026-07-22,2026-07-22,,
0xc47367c3f5f0f1a5f72c8e92a526a43ea1458e91,bsc,惯犯庄家（SIREN案·离场庄#1·核心链）,serial-actor,identity,serial-offenders,2026-07-22,SIREN分析2026-07-19 appendix whale_group「离场庄#1·核心链」,serial-offender,,,2026-07-19,2026-07-22,,
0xc4d9817d72468178998e0d90f0ec4859a97ddab9,bsc,惯犯庄家（SIREN案·离场庄#1·核心链）,serial-actor,identity,serial-offenders,2026-07-22,SIREN分析2026-07-19 appendix whale_group「离场庄#1·核心链」,serial-offender,,,2026-07-19,2026-07-22,,
0xc4ec5f5bb2f3a887a86e2c9990b73ec2562febbb,bsc,惯犯庄家（QUQ案·大庄#1(刷量bot合约+EOA接力库存体系)）,serial-actor,identity,serial-offenders,2026-07-22,QUQ分析 appendix whale_group「大庄#1(刷量bot合约+EOA接力库存体系)」,serial-offender,,,2026-07-22,2026-07-22,,
0xc50e9a9c3029bd8d6d7394e92f7881f3ff40c784,bsc,惯犯庄家（SIREN案·离场庄#1·核心链）,serial-actor,identity,serial-offenders,2026-07-22,SIREN分析2026-07-19 appendix whale_group「离场庄#1·核心链」,serial-offender,,,2026-07-19,2026-07-22,,
0xc5749863d04ae3790b63b85c5b96bb3e86c2dde9,bsc,惯犯庄家（SIREN案·离场庄#1·核心链）,serial-actor,identity,serial-offenders,2026-07-22,SIREN分析2026-07-19 appendix whale_group「离场庄#1·核心链」,serial-offender,,,2026-07-19,2026-07-22,,
0xc61c082e90c717e32b3fa0c74479e294a2006563,bsc,惯犯庄家（SIREN案·离场庄#1·核心链）,serial-actor,identity,serial-offenders,2026-07-22,SIREN分析2026-07-19 appendix whale_group「离场庄#1·核心链」,serial-offender,,,2026-07-19,2026-07-22,,
0xc6593a5865aab0e858be4aed72c69c2e2214c8c4,bsc,惯犯庄家（SIREN案·离场庄#1·核心链）,serial-actor,identity,serial-offenders,2026-07-22,SIREN分析2026-07-19 appendix whale_group「离场庄#1·核心链」,serial-offender,,,2026-07-19,2026-07-22,,
0xc69408ca636c46bc665d9d4f971df63fa5cc8d33,bsc,惯犯庄家（SIREN案·离场庄#1·核心链）,serial-actor,identity,serial-offenders,2026-07-22,SIREN分析2026-07-19 appendix whale_group「离场庄#1·核心链」,serial-offender,,,2026-07-19,2026-07-22,,
0xc69785e0ebc7602821cc1c2bd23b89505e3c058f,bsc,惯犯庄家（QUQ案·大庄#1(刷量bot合约+EOA接力库存体系)）,serial-actor,identity,serial-offenders,2026-07-22,QUQ分析 appendix whale_group「大庄#1(刷量bot合约+EOA接力库存体系)」,serial-offender,,,2026-07-22,2026-07-22,,
0xc6a2c6f2829fda7f789f4c9edb664a445d990cbe,bsc,惯犯庄家（SIREN案·离场庄#1·核心链）,serial-actor,identity,serial-offenders,2026-07-22,SIREN分析2026-07-19 appendix whale_group「离场庄#1·核心链」,serial-offender,,,2026-07-19,2026-07-22,,
0xc6cc51c6408217a42863dcc812e3878318a380a8,bsc,惯犯庄家（SIREN案·离场庄#1·核心链）,serial-actor,identity,serial-offenders,2026-07-22,SIREN分析2026-07-19 appendix whale_group「离场庄#1·核心链」,serial-offender,,,2026-07-19,2026-07-22,,
0xc73cd4b4f00a7b5073d44d321bc46bc031c3275c,bsc,惯犯庄家（SIREN案·离场庄#1·核心链）,serial-actor,identity,serial-offenders,2026-07-22,SIREN分析2026-07-19 appendix whale_group「离场庄#1·核心链」,serial-offender,,,2026-07-19,2026-07-22,,
0xc77634f0e3b9cb90fd95300c003370077ec3dd0e,bsc,惯犯庄家（SIREN案·离场庄#1·核心链）,serial-actor,identity,serial-offenders,2026-07-22,SIREN分析2026-07-19 appendix whale_group「离场庄#1·核心链」,serial-offender,,,2026-07-19,2026-07-22,,
0xc7868844a21217358297f7d2e8feffbc9c816ae3,bsc,惯犯庄家（SIREN案·离场庄#1·核心链）,serial-actor,identity,serial-offenders,2026-07-22,SIREN分析2026-07-19 appendix whale_group「离场庄#1·核心链」,serial-offender,,,2026-07-19,2026-07-22,,
0xc78e7281de03d0b8984554167583fca7b007ab43,bsc,惯犯庄家（SIREN案·离场庄#1·核心链）,serial-actor,identity,serial-offenders,2026-07-22,SIREN分析2026-07-19 appendix whale_group「离场庄#1·核心链」,serial-offender,,,2026-07-19,2026-07-22,,
0xc7fdd944b749554644ce771edaf8c97834dc1b2c,bsc,惯犯庄家（SIREN案·离场庄#1·核心链）,serial-actor,identity,serial-offenders,2026-07-22,SIREN分析2026-07-19 appendix whale_group「离场庄#1·核心链」,serial-offender,,,2026-07-19,2026-07-22,,
0xc823c2ba12a997b8bfbd02c271a1fbae4e70e172,bsc,惯犯庄家（SIREN案·离场庄#1·核心链）,serial-actor,identity,serial-offenders,2026-07-22,SIREN分析2026-07-19 appendix whale_group「离场庄#1·核心链」,serial-offender,,,2026-07-19,2026-07-22,,
0xc82e1c21680130dce26b8a82c97e962a112aa078,bsc,惯犯庄家（SIREN案·离场庄#1·核心链）,serial-actor,identity,serial-offenders,2026-07-22,SIREN分析2026-07-19 appendix whale_group「离场庄#1·核心链」,serial-offender,,,2026-07-19,2026-07-22,,
0xc84832c1d195b1de3d48319b256aed0eb17c41b1,bsc,惯犯庄家（SIREN案·离场庄#1·核心链）,serial-actor,identity,serial-offenders,2026-07-22,SIREN分析2026-07-19 appendix whale_group「离场庄#1·核心链」,serial-offender,,,2026-07-19,2026-07-22,,
0xc85553e0e7e4b216ad50c5abe59e8f607a20d951,bsc,惯犯庄家（SIREN案·离场庄#1·核心链）,serial-actor,identity,serial-offenders,2026-07-22,SIREN分析2026-07-19 appendix whale_group「离场庄#1·核心链」,serial-offender,,,2026-07-19,2026-07-22,,
0xc888497961e0e043f343265ebf0d4184e38bcdd8,bsc,惯犯庄家（SIREN案·离场庄#1·核心链）,serial-actor,identity,serial-offenders,2026-07-22,SIREN分析2026-07-19 appendix whale_group「离场庄#1·核心链」,serial-offender,,,2026-07-19,2026-07-22,,
0xc89bf9471fea271b720a0f063b97bac2ad5aaf2d,bsc,惯犯庄家（SIREN案·离场庄#1·核心链）,serial-actor,identity,serial-offenders,2026-07-22,SIREN分析2026-07-19 appendix whale_group「离场庄#1·核心链」,serial-offender,,,2026-07-19,2026-07-22,,
0xc8da1184d498142a5630f1c64e45ca2bb6ee4b7a,bsc,惯犯庄家（SIREN案·离场庄#1·核心链）,serial-actor,identity,serial-offenders,2026-07-22,SIREN分析2026-07-19 appendix whale_group「离场庄#1·核心链」,serial-offender,,,2026-07-19,2026-07-22,,
0xc8e151798566eedc436b58e801f9125be87ff71c,bsc,惯犯庄家（SIREN案·离场庄#1·扩展与静置仓网）,serial-actor,identity,serial-offenders,2026-07-22,SIREN分析2026-07-19 appendix whale_group「离场庄#1·扩展与静置仓网」,serial-offender,,,2026-07-19,2026-07-22,,
0xc926f77c117a59b23f944b745ac794b31c7b7b55,bsc,惯犯庄家（SIREN案·离场庄#1·核心链）,serial-actor,identity,serial-offenders,2026-07-22,SIREN分析2026-07-19 appendix whale_group「离场庄#1·核心链」,serial-offender,,,2026-07-19,2026-07-22,,
0xc92daa7f0eb1b1b4c99fbbf4c4eaf49d8fe03891,bsc,惯犯庄家（SIREN案·离场庄#1·核心链）,serial-actor,identity,serial-offenders,2026-07-22,SIREN分析2026-07-19 appendix whale_group「离场庄#1·核心链」,serial-offender,,,2026-07-19,2026-07-22,,
0xc93c9b656526e26e142ec84c7e2343aa6f4c4000,bsc,惯犯庄家（SIREN案·离场庄#1·核心链）,serial-actor,identity,serial-offenders,2026-07-22,SIREN分析2026-07-19 appendix whale_group「离场庄#1·核心链」,serial-offender,,,2026-07-19,2026-07-22,,
0xc95513b8a4eb64bf8c42c525f1c6bc9b8d91ea87,bsc,惯犯庄家（SIREN案·离场庄#1·核心链）,serial-actor,identity,serial-offenders,2026-07-22,SIREN分析2026-07-19 appendix whale_group「离场庄#1·核心链」,serial-offender,,,2026-07-19,2026-07-22,,
0xc9617aa5251ad9a50de8254e14ce24ad6f4a7691,bsc,惯犯庄家（SIREN案·离场庄#1·核心链）,serial-actor,identity,serial-offenders,2026-07-22,SIREN分析2026-07-19 appendix whale_group「离场庄#1·核心链」,serial-offender,,,2026-07-19,2026-07-22,,
0xc9625d39d648bebf7f270e150d143ee1005388a0,bsc,惯犯庄家（SIREN案·离场庄#1·核心链）,serial-actor,identity,serial-offenders,2026-07-22,SIREN分析2026-07-19 appendix whale_group「离场庄#1·核心链」,serial-offender,,,2026-07-19,2026-07-22,,
0xc9e3dc07364936877f803d649513dc18aff90feb,bsc,惯犯庄家（SIREN案·离场庄#1·核心链）,serial-actor,identity,serial-offenders,2026-07-22,SIREN分析2026-07-19 appendix whale_group「离场庄#1·核心链」,serial-offender,,,2026-07-19,2026-07-22,,
0xca0b3cf5c517973580d0cf77457a8c09b73ac978,bsc,惯犯庄家（SIREN案·离场庄#1·核心链）,serial-actor,identity,serial-offenders,2026-07-22,SIREN分析2026-07-19 appendix whale_group「离场庄#1·核心链」,serial-offender,,,2026-07-19,2026-07-22,,
0xca254e56ec96812df3deacfafd84c49a33e14eb5,bsc,惯犯庄家（SIREN案·离场庄#1·核心链）,serial-actor,identity,serial-offenders,2026-07-22,SIREN分析2026-07-19 appendix whale_group「离场庄#1·核心链」,serial-offender,,,2026-07-19,2026-07-22,,
0xca5ec011cee3ccb3d97d28f746d1b27781ae5f4c,bsc,惯犯庄家（QUQ案·大庄#1(刷量bot合约+EOA接力库存体系)）,serial-actor,identity,serial-offenders,2026-07-22,QUQ分析 appendix whale_group「大庄#1(刷量bot合约+EOA接力库存体系)」,serial-offender,,,2026-07-22,2026-07-22,,
0xca7fd9c89622fdf4e9b796d7b313bba65eb59356,bsc,惯犯庄家（SIREN案·离场庄#1·核心链）,serial-actor,identity,serial-offenders,2026-07-22,SIREN分析2026-07-19 appendix whale_group「离场庄#1·核心链」,serial-offender,,,2026-07-19,2026-07-22,,
0xcaa95e22b29ad87777f21e75bc3cd231358f0d33,bsc,惯犯庄家（SIREN案·离场庄#1·核心链）,serial-actor,identity,serial-offenders,2026-07-22,SIREN分析2026-07-19 appendix whale_group「离场庄#1·核心链」,serial-offender,,,2026-07-19,2026-07-22,,
0xcaad5ce4bf4e5d1e107b35623a53ba623c6fda0a,bsc,惯犯庄家（SIREN案·离场庄#1·核心链）,serial-actor,identity,serial-offenders,2026-07-22,SIREN分析2026-07-19 appendix whale_group「离场庄#1·核心链」,serial-offender,,,2026-07-19,2026-07-22,,
0xcae214dcc97572152a667d7c9c06b39d7790efea,bsc,惯犯庄家（SIREN案·离场庄#1·扩展与静置仓网）,serial-actor,identity,serial-offenders,2026-07-22,SIREN分析2026-07-19 appendix whale_group「离场庄#1·扩展与静置仓网」,serial-offender,,,2026-07-19,2026-07-22,,
0xcaebc30bddb9a33f13527d55aa98fd6dd43f793e,bsc,惯犯庄家（SIREN案·离场庄#1·核心链）,serial-actor,identity,serial-offenders,2026-07-22,SIREN分析2026-07-19 appendix whale_group「离场庄#1·核心链」,serial-offender,,,2026-07-19,2026-07-22,,
0xcafe11ffb430d07ed30b25812da446e6edc8cd1b,bsc,惯犯庄家（SIREN案·离场庄#1·核心链）,serial-actor,identity,serial-offenders,2026-07-22,SIREN分析2026-07-19 appendix whale_group「离场庄#1·核心链」,serial-offender,,,2026-07-19,2026-07-22,,
0xcb17dcb294de27bdb45134482d47b4488a8dd49e,bsc,惯犯庄家（SIREN案·离场庄#1·核心链）,serial-actor,identity,serial-offenders,2026-07-22,SIREN分析2026-07-19 appendix whale_group「离场庄#1·核心链」,serial-offender,,,2026-07-19,2026-07-22,,
0xcb4babdffe06e599bc59c3f63e9f9dd4261b7142,bsc,惯犯庄家（SIREN案·离场庄#1·核心链）,serial-actor,identity,serial-offenders,2026-07-22,SIREN分析2026-07-19 appendix whale_group「离场庄#1·核心链」,serial-offender,,,2026-07-19,2026-07-22,,
0xcb674d14d48c4d21947bae5f6a14b1c989be1c63,bsc,惯犯庄家（SIREN案·离场庄#1·核心链）,serial-actor,identity,serial-offenders,2026-07-22,SIREN分析2026-07-19 appendix whale_group「离场庄#1·核心链」,serial-offender,,,2026-07-19,2026-07-22,,
0xcb70420cab90584367dd6b0d20e28ddc156fb59e,bsc,惯犯庄家（SIREN案·离场庄#1·核心链）,serial-actor,identity,serial-offenders,2026-07-22,SIREN分析2026-07-19 appendix whale_group「离场庄#1·核心链」,serial-offender,,,2026-07-19,2026-07-22,,
0xcb8998bbfca114efe1ada107156d027f25c769b5,bsc,惯犯庄家（SIREN案·离场庄#1·核心链）,serial-actor,identity,serial-offenders,2026-07-22,SIREN分析2026-07-19 appendix whale_group「离场庄#1·核心链」,serial-offender,,,2026-07-19,2026-07-22,,
0xcb89a23a0e562dc536b5525dc230d9b68e5c695b,bsc,惯犯庄家（SIREN案·离场庄#1·核心链）,serial-actor,identity,serial-offenders,2026-07-22,SIREN分析2026-07-19 appendix whale_group「离场庄#1·核心链」,serial-offender,,,2026-07-19,2026-07-22,,
0xcbd79bf33e3a206e7246b1e8eed8eb65103cb23a,bsc,惯犯庄家（SIREN案·离场庄#1·核心链）,serial-actor,identity,serial-offenders,2026-07-22,SIREN分析2026-07-19 appendix whale_group「离场庄#1·核心链」,serial-offender,,,2026-07-19,2026-07-22,,
0xcc11e72aa78b944d21efa47b80d66b27a0df657a,bsc,惯犯庄家（QUQ案·大庄#1(刷量bot合约+EOA接力库存体系)）,serial-actor,identity,serial-offenders,2026-07-22,QUQ分析 appendix whale_group「大庄#1(刷量bot合约+EOA接力库存体系)」,serial-offender,,,2026-07-22,2026-07-22,,
0xcc7aebf6ffff600a5e44263412ebb2c5266bc15f,bsc,惯犯庄家（SIREN案·离场庄#1·核心链）,serial-actor,identity,serial-offenders,2026-07-22,SIREN分析2026-07-19 appendix whale_group「离场庄#1·核心链」,serial-offender,,,2026-07-19,2026-07-22,,
0xccf4b3debb720d069bc9de4b55906e988e18696b,bsc,惯犯庄家（SIREN案·离场庄#1·核心链）,serial-actor,identity,serial-offenders,2026-07-22,SIREN分析2026-07-19 appendix whale_group「离场庄#1·核心链」,serial-offender,,,2026-07-19,2026-07-22,,
0xcd160cd8bf5a7a51df94d878ac56b2c64cd3db68,bsc,惯犯庄家（SIREN案·离场庄#1·核心链）,serial-actor,identity,serial-offenders,2026-07-22,SIREN分析2026-07-19 appendix whale_group「离场庄#1·核心链」,serial-offender,,,2026-07-19,2026-07-22,,
0xcd839d6ad2c8df78281bd576c0f47d49142dda34,bsc,惯犯庄家（SIREN案·离场庄#1·核心链）,serial-actor,identity,serial-offenders,2026-07-22,SIREN分析2026-07-19 appendix whale_group「离场庄#1·核心链」,serial-offender,,,2026-07-19,2026-07-22,,
0xcd989a7a37020366bf9052a85ad6325c178971d4,bsc,惯犯庄家（SIREN案·离场庄#1·扩展与静置仓网）,serial-actor,identity,serial-offenders,2026-07-22,SIREN分析2026-07-19 appendix whale_group「离场庄#1·扩展与静置仓网」,serial-offender,,,2026-07-19,2026-07-22,,
0xcdc439fe09c7b225e23e0a8bc7d5ff08e73d6574,bsc,惯犯庄家（SIREN案·离场庄#1·核心链）,serial-actor,identity,serial-offenders,2026-07-22,SIREN分析2026-07-19 appendix whale_group「离场庄#1·核心链」,serial-offender,,,2026-07-19,2026-07-22,,
0xcddb91d95cccac4155eeb50e842e9640a41c33e7,bsc,惯犯庄家（SIREN案·离场庄#1·核心链）,serial-actor,identity,serial-offenders,2026-07-22,SIREN分析2026-07-19 appendix whale_group「离场庄#1·核心链」,serial-offender,,,2026-07-19,2026-07-22,,
0xce0e775e66997c31c822fcd4cc62e25245097b9e,bsc,惯犯庄家（SIREN案·离场庄#1·核心链）,serial-actor,identity,serial-offenders,2026-07-22,SIREN分析2026-07-19 appendix whale_group「离场庄#1·核心链」,serial-offender,,,2026-07-19,2026-07-22,,
0xce155981e7586fa3ef089f1f03cc0d0d2a44d7da,bsc,惯犯庄家（SIREN案·离场庄#1·核心链）,serial-actor,identity,serial-offenders,2026-07-22,SIREN分析2026-07-19 appendix whale_group「离场庄#1·核心链」,serial-offender,,,2026-07-19,2026-07-22,,
0xce51c6d2c284a196f53585965e4f3c2146030e37,bsc,惯犯庄家（SIREN案·离场庄#1·核心链）,serial-actor,identity,serial-offenders,2026-07-22,SIREN分析2026-07-19 appendix whale_group「离场庄#1·核心链」,serial-offender,,,2026-07-19,2026-07-22,,
0xce6c274a5fa2c74dfbfd2db6741aa538f6bc5bbf,bsc,惯犯庄家（SIREN案·离场庄#1·核心链）,serial-actor,identity,serial-offenders,2026-07-22,SIREN分析2026-07-19 appendix whale_group「离场庄#1·核心链」,serial-offender,,,2026-07-19,2026-07-22,,
0xce71c59b06f06bff65c1a181f703df30da716887,bsc,惯犯庄家（SIREN案·离场庄#1·核心链）,serial-actor,identity,serial-offenders,2026-07-22,SIREN分析2026-07-19 appendix whale_group「离场庄#1·核心链」,serial-offender,,,2026-07-19,2026-07-22,,
0xceb887179abdbaabc2ae8537218fa3b363b1db80,bsc,惯犯庄家（SIREN案·离场庄#1·核心链）,serial-actor,identity,serial-offenders,2026-07-22,SIREN分析2026-07-19 appendix whale_group「离场庄#1·核心链」,serial-offender,,,2026-07-19,2026-07-22,,
0xcefa943010dfa5b78369eb19348eb27242a4277a,bsc,惯犯庄家（QUQ案·大庄#1(刷量bot合约+EOA接力库存体系)）,serial-actor,identity,serial-offenders,2026-07-22,QUQ分析 appendix whale_group「大庄#1(刷量bot合约+EOA接力库存体系)」,serial-offender,,,2026-07-22,2026-07-22,,
0xceff9f9e6464d29459d496db56f10e5d6ac445e0,bsc,惯犯庄家（SIREN案·离场庄#1·核心链）,serial-actor,identity,serial-offenders,2026-07-22,SIREN分析2026-07-19 appendix whale_group「离场庄#1·核心链」,serial-offender,,,2026-07-19,2026-07-22,,
0xcf154067fb2433d77c8357d7884b51751aae2381,bsc,惯犯庄家（SIREN案·离场庄#1·核心链）,serial-actor,identity,serial-offenders,2026-07-22,SIREN分析2026-07-19 appendix whale_group「离场庄#1·核心链」,serial-offender,,,2026-07-19,2026-07-22,,
0xcf27ed17364d094f7540e034b3c3d953321d17fa,bsc,惯犯庄家（SIREN案·离场庄#1·核心链）,serial-actor,identity,serial-offenders,2026-07-22,SIREN分析2026-07-19 appendix whale_group「离场庄#1·核心链」,serial-offender,,,2026-07-19,2026-07-22,,
0xcfa5f5c23a4284889e3db4afda4ecdab994b2375,bsc,惯犯庄家（SIREN案·离场庄#1·核心链）,serial-actor,identity,serial-offenders,2026-07-22,SIREN分析2026-07-19 appendix whale_group「离场庄#1·核心链」,serial-offender,,,2026-07-19,2026-07-22,,
0xcfaae50a48b61e0b4d91e3064b2c742753d7be47,bsc,惯犯庄家（SIREN案·离场庄#1·核心链）,serial-actor,identity,serial-offenders,2026-07-22,SIREN分析2026-07-19 appendix whale_group「离场庄#1·核心链」,serial-offender,,,2026-07-19,2026-07-22,,
0xcffdaca3a69dfeb449271a9c65ca3857ff5b2b51,bsc,惯犯庄家（SIREN案·离场庄#1·核心链）,serial-actor,identity,serial-offenders,2026-07-22,SIREN分析2026-07-19 appendix whale_group「离场庄#1·核心链」,serial-offender,,,2026-07-19,2026-07-22,,
0xd010acb61683f039a1e7722c37810830a5277ff6,bsc,惯犯庄家（SIREN案·离场庄#1·核心链）,serial-actor,identity,serial-offenders,2026-07-22,SIREN分析2026-07-19 appendix whale_group「离场庄#1·核心链」,serial-offender,,,2026-07-19,2026-07-22,,
0xd02d4cce799b0e29e63d4b86f5b35b5fedeb0b82,bsc,惯犯庄家（SIREN案·离场庄#1·核心链）,serial-actor,identity,serial-offenders,2026-07-22,SIREN分析2026-07-19 appendix whale_group「离场庄#1·核心链」,serial-offender,,,2026-07-19,2026-07-22,,
0xd02d8bd605f21f2d6e9ab97f5fce49d07e73d586,bsc,惯犯庄家（SIREN案·离场庄#1·核心链）,serial-actor,identity,serial-offenders,2026-07-22,SIREN分析2026-07-19 appendix whale_group「离场庄#1·核心链」,serial-offender,,,2026-07-19,2026-07-22,,
0xd04073a76297683905ec346f849cee2d1bf0d181,bsc,惯犯庄家（SIREN案·离场庄#1·核心链）,serial-actor,identity,serial-offenders,2026-07-22,SIREN分析2026-07-19 appendix whale_group「离场庄#1·核心链」,serial-offender,,,2026-07-19,2026-07-22,,
0xd043b2ae1958519ddc51a6f9a0f0e0178ac8a9d6,bsc,惯犯庄家（QUQ案·大庄#1(刷量bot合约+EOA接力库存体系)）,serial-actor,identity,serial-offenders,2026-07-22,QUQ分析 appendix whale_group「大庄#1(刷量bot合约+EOA接力库存体系)」,serial-offender,,,2026-07-22,2026-07-22,,
0xd0471f0cbf5c44ef388d233f7a1fe60e0c958c99,bsc,惯犯庄家（QUQ案·大庄#1(刷量bot合约+EOA接力库存体系)）,serial-actor,identity,serial-offenders,2026-07-22,QUQ分析 appendix whale_group「大庄#1(刷量bot合约+EOA接力库存体系)」,serial-offender,,,2026-07-22,2026-07-22,,
0xd0a29974e673bcc2b1246d0f04356ed138b498f1,bsc,惯犯庄家（SIREN案·离场庄#1·核心链）,serial-actor,identity,serial-offenders,2026-07-22,SIREN分析2026-07-19 appendix whale_group「离场庄#1·核心链」,serial-offender,,,2026-07-19,2026-07-22,,
0xd0a56cf3288a19a2e7f163c71918fb0d026d56ba,bsc,惯犯庄家（SIREN案·离场庄#1·核心链）,serial-actor,identity,serial-offenders,2026-07-22,SIREN分析2026-07-19 appendix whale_group「离场庄#1·核心链」,serial-offender,,,2026-07-19,2026-07-22,,
0xd1057d9c590808cfaffc3fadad87773ecae0c046,bsc,惯犯庄家（SIREN案·离场庄#1·核心链）,serial-actor,identity,serial-offenders,2026-07-22,SIREN分析2026-07-19 appendix whale_group「离场庄#1·核心链」,serial-offender,,,2026-07-19,2026-07-22,,
0xd118166239537db9f3484d355505246636025d0b,bsc,惯犯庄家（SIREN案·离场庄#1·核心链）,serial-actor,identity,serial-offenders,2026-07-22,SIREN分析2026-07-19 appendix whale_group「离场庄#1·核心链」,serial-offender,,,2026-07-19,2026-07-22,,
0xd145ca892da309287c9e980740ca9f08a5517942,bsc,惯犯庄家（SIREN案·离场庄#1·核心链）,serial-actor,identity,serial-offenders,2026-07-22,SIREN分析2026-07-19 appendix whale_group「离场庄#1·核心链」,serial-offender,,,2026-07-19,2026-07-22,,
0xd14ffbff26321f902c14afc95521780ccfb4fb55,bsc,惯犯庄家（SIREN案·离场庄#1·核心链）,serial-actor,identity,serial-offenders,2026-07-22,SIREN分析2026-07-19 appendix whale_group「离场庄#1·核心链」,serial-offender,,,2026-07-19,2026-07-22,,
0xd152f549545093347a162dce210e7293f1452150,bsc,惯犯庄家（QUQ案·大庄#1(刷量bot合约+EOA接力库存体系)）,serial-actor,identity,serial-offenders,2026-07-22,QUQ分析 appendix whale_group「大庄#1(刷量bot合约+EOA接力库存体系)」,serial-offender,,,2026-07-22,2026-07-22,,
0xd1571090484583113466f5ce84d0f6fe87cb8583,bsc,惯犯庄家（SIREN案·离场庄#1·核心链）,serial-actor,identity,serial-offenders,2026-07-22,SIREN分析2026-07-19 appendix whale_group「离场庄#1·核心链」,serial-offender,,,2026-07-19,2026-07-22,,
0xd166dcf6df01e53f9e2c427e259b633a825ff00c,bsc,惯犯庄家（SIREN案·离场庄#1·核心链）,serial-actor,identity,serial-offenders,2026-07-22,SIREN分析2026-07-19 appendix whale_group「离场庄#1·核心链」,serial-offender,,,2026-07-19,2026-07-22,,
0xd1b2a1c7546380484415b04e5882a7c2e8106a7b,bsc,惯犯庄家（SIREN案·离场庄#1·核心链）,serial-actor,identity,serial-offenders,2026-07-22,SIREN分析2026-07-19 appendix whale_group「离场庄#1·核心链」,serial-offender,,,2026-07-19,2026-07-22,,
0xd1e0ae6382af8a36897baa407718c7dcc2fa0c5c,bsc,惯犯庄家（SIREN案·离场庄#1·核心链）,serial-actor,identity,serial-offenders,2026-07-22,SIREN分析2026-07-19 appendix whale_group「离场庄#1·核心链」,serial-offender,,,2026-07-19,2026-07-22,,
0xd1f174c48365aed60c4421ecf84f3eb18ffc991a,bsc,惯犯庄家（SIREN案·离场庄#1·核心链）,serial-actor,identity,serial-offenders,2026-07-22,SIREN分析2026-07-19 appendix whale_group「离场庄#1·核心链」,serial-offender,,,2026-07-19,2026-07-22,,
0xd20848330339e1295b8c8bfa78d42c2b2df11cb7,bsc,惯犯庄家（SIREN案·离场庄#1·核心链）,serial-actor,identity,serial-offenders,2026-07-22,SIREN分析2026-07-19 appendix whale_group「离场庄#1·核心链」,serial-offender,,,2026-07-19,2026-07-22,,
0xd2397d2e7ab7e4ae53d6e6808558d93a23c64535,bsc,惯犯庄家（SIREN案·离场庄#1·核心链）,serial-actor,identity,serial-offenders,2026-07-22,SIREN分析2026-07-19 appendix whale_group「离场庄#1·核心链」,serial-offender,,,2026-07-19,2026-07-22,,
0xd2450e1c7b7e13320c6b66a25858d3960490e34f,bsc,惯犯庄家（SIREN案·离场庄#1·核心链）,serial-actor,identity,serial-offenders,2026-07-22,SIREN分析2026-07-19 appendix whale_group「离场庄#1·核心链」,serial-offender,,,2026-07-19,2026-07-22,,
0xd26155f222339fb504e1372140e1b70c18e28fbc,bsc,惯犯庄家（SIREN案·离场庄#1·核心链）,serial-actor,identity,serial-offenders,2026-07-22,SIREN分析2026-07-19 appendix whale_group「离场庄#1·核心链」,serial-offender,,,2026-07-19,2026-07-22,,
0xd287e58cb0ce628af5700d7396fb5da871916045,bsc,惯犯庄家（SIREN案·离场庄#1·核心链）,serial-actor,identity,serial-offenders,2026-07-22,SIREN分析2026-07-19 appendix whale_group「离场庄#1·核心链」,serial-offender,,,2026-07-19,2026-07-22,,
0xd28d24e35248753986291e8ba214e5f419a0e2ae,bsc,惯犯庄家（SIREN案·离场庄#1·核心链）,serial-actor,identity,serial-offenders,2026-07-22,SIREN分析2026-07-19 appendix whale_group「离场庄#1·核心链」,serial-offender,,,2026-07-19,2026-07-22,,
0xd2b37ade14708bf18904047b1e31f8166d39612b,bsc,惯犯庄家（QUQ案·大庄#1(刷量bot合约+EOA接力库存体系)）,serial-actor,identity,serial-offenders,2026-07-22,QUQ分析 appendix whale_group「大庄#1(刷量bot合约+EOA接力库存体系)」,serial-offender,,,2026-07-22,2026-07-22,,
0xd2beb971b76f33228dacbbde352b63514875ff56,bsc,惯犯庄家（SIREN案·离场庄#1·核心链）,serial-actor,identity,serial-offenders,2026-07-22,SIREN分析2026-07-19 appendix whale_group「离场庄#1·核心链」,serial-offender,,,2026-07-19,2026-07-22,,
0xd2c8b1e1070fb7b01fec138ecca744043c3e5df9,bsc,惯犯庄家（SIREN案·离场庄#1·扩展与静置仓网）,serial-actor,identity,serial-offenders,2026-07-22,SIREN分析2026-07-19 appendix whale_group「离场庄#1·扩展与静置仓网」,serial-offender,,,2026-07-19,2026-07-22,,
0xd302ebd26676a08e78ca51b8db8337a3e5f28085,bsc,惯犯庄家（SIREN案·离场庄#1·核心链）,serial-actor,identity,serial-offenders,2026-07-22,SIREN分析2026-07-19 appendix whale_group「离场庄#1·核心链」,serial-offender,,,2026-07-19,2026-07-22,,
0xd3257771ec587ed4813dc5c50535cca26222dd49,bsc,惯犯庄家（QUQ案·大庄#1(刷量bot合约+EOA接力库存体系)）,serial-actor,identity,serial-offenders,2026-07-22,QUQ分析 appendix whale_group「大庄#1(刷量bot合约+EOA接力库存体系)」,serial-offender,,,2026-07-22,2026-07-22,,
0xd33a47f83c10ee5713b0cf2a4a1f3a3ffe92ee5a,bsc,惯犯庄家（SIREN案·离场庄#1·核心链）,serial-actor,identity,serial-offenders,2026-07-22,SIREN分析2026-07-19 appendix whale_group「离场庄#1·核心链」,serial-offender,,,2026-07-19,2026-07-22,,
0xd34082d1ffb52a3218a3e06faf1a82c8711c2f9a,bsc,惯犯庄家（SIREN案·离场庄#1·核心链）,serial-actor,identity,serial-offenders,2026-07-22,SIREN分析2026-07-19 appendix whale_group「离场庄#1·核心链」,serial-offender,,,2026-07-19,2026-07-22,,
0xd344e44b8c06202c5cec64746c61019122aa1108,bsc,惯犯庄家（SIREN案·离场庄#1·核心链）,serial-actor,identity,serial-offenders,2026-07-22,SIREN分析2026-07-19 appendix whale_group「离场庄#1·核心链」,serial-offender,,,2026-07-19,2026-07-22,,
0xd35082d1be21093f98f7401d5288ce0af8be4df6,bsc,惯犯庄家（SIREN案·离场庄#1·核心链）,serial-actor,identity,serial-offenders,2026-07-22,SIREN分析2026-07-19 appendix whale_group「离场庄#1·核心链」,serial-offender,,,2026-07-19,2026-07-22,,
0xd3cb5bcf294c60aed6bb7f51fb0efa912a374902,bsc,惯犯庄家（SIREN案·离场庄#1·核心链）,serial-actor,identity,serial-offenders,2026-07-22,SIREN分析2026-07-19 appendix whale_group「离场庄#1·核心链」,serial-offender,,,2026-07-19,2026-07-22,,
0xd430fd0a2c3dc332b5a15154f2c5693afcb4f2ad,bsc,惯犯庄家（SIREN案·离场庄#1·核心链）,serial-actor,identity,serial-offenders,2026-07-22,SIREN分析2026-07-19 appendix whale_group「离场庄#1·核心链」,serial-offender,,,2026-07-19,2026-07-22,,
0xd442f3e1c6baee8828cc2329420904f35b67ad90,bsc,惯犯庄家（SIREN案·离场庄#1·核心链）,serial-actor,identity,serial-offenders,2026-07-22,SIREN分析2026-07-19 appendix whale_group「离场庄#1·核心链」,serial-offender,,,2026-07-19,2026-07-22,,
0xd45d35adb439d20841192965367ec1918cb55dd9,bsc,惯犯庄家（SIREN案·离场庄#1·核心链）,serial-actor,identity,serial-offenders,2026-07-22,SIREN分析2026-07-19 appendix whale_group「离场庄#1·核心链」,serial-offender,,,2026-07-19,2026-07-22,,
0xd49d9525efaa1472355919682db2ab1ee175fec1,bsc,惯犯庄家（SIREN案·离场庄#1·核心链）,serial-actor,identity,serial-offenders,2026-07-22,SIREN分析2026-07-19 appendix whale_group「离场庄#1·核心链」,serial-offender,,,2026-07-19,2026-07-22,,
0xd4cfbfef84299e6cdd83a3b51c5052776798f42e,bsc,惯犯庄家（SIREN案·离场庄#1·核心链）,serial-actor,identity,serial-offenders,2026-07-22,SIREN分析2026-07-19 appendix whale_group「离场庄#1·核心链」,serial-offender,,,2026-07-19,2026-07-22,,
0xd5b56a96a956dc19cf3218bae65c05e62356769e,bsc,惯犯庄家（QUQ案·大庄#1(刷量bot合约+EOA接力库存体系)）,serial-actor,identity,serial-offenders,2026-07-22,QUQ分析 appendix whale_group「大庄#1(刷量bot合约+EOA接力库存体系)」,serial-offender,,,2026-07-22,2026-07-22,,
0xd5babf99197bd045c85416ce114b6a4fe6e55340,bsc,惯犯庄家（QUQ案·大庄#1(刷量bot合约+EOA接力库存体系)）,serial-actor,identity,serial-offenders,2026-07-22,QUQ分析 appendix whale_group「大庄#1(刷量bot合约+EOA接力库存体系)」,serial-offender,,,2026-07-22,2026-07-22,,
0xd6196d89216aed8aec7f54b8ff3517850ed9d1f0,bsc,惯犯庄家（SIREN案·离场庄#1·核心链）,serial-actor,identity,serial-offenders,2026-07-22,SIREN分析2026-07-19 appendix whale_group「离场庄#1·核心链」,serial-offender,,,2026-07-19,2026-07-22,,
0xd64fee1ba8ffc5340dd0d36d2409fee60cd231ee,bsc,惯犯庄家（SIREN案·离场庄#1·核心链）,serial-actor,identity,serial-offenders,2026-07-22,SIREN分析2026-07-19 appendix whale_group「离场庄#1·核心链」,serial-offender,,,2026-07-19,2026-07-22,,
0xd67bf4a1eac9c38559c5e1c8dcd0602725247dd7,bsc,惯犯庄家（SIREN案·离场庄#1·扩展与静置仓网）,serial-actor,identity,serial-offenders,2026-07-22,SIREN分析2026-07-19 appendix whale_group「离场庄#1·扩展与静置仓网」,serial-offender,,,2026-07-19,2026-07-22,,
0xd6cf94137a8503b9ab5d1391647e8c180e003fae,bsc,惯犯庄家（SIREN案·离场庄#1·核心链）,serial-actor,identity,serial-offenders,2026-07-22,SIREN分析2026-07-19 appendix whale_group「离场庄#1·核心链」,serial-offender,,,2026-07-19,2026-07-22,,
0xd717b7c28774d51da7d10306d10ea1e48bfc16ba,bsc,惯犯庄家（SIREN案·离场庄#1·核心链）,serial-actor,identity,serial-offenders,2026-07-22,SIREN分析2026-07-19 appendix whale_group「离场庄#1·核心链」,serial-offender,,,2026-07-19,2026-07-22,,
0xd73530fedf65392b8927be6ee1dc0ba91d9c4ec8,bsc,惯犯庄家（SIREN案·离场庄#1·核心链）,serial-actor,identity,serial-offenders,2026-07-22,SIREN分析2026-07-19 appendix whale_group「离场庄#1·核心链」,serial-offender,,,2026-07-19,2026-07-22,,
0xd75c193ff5a1a39b2814364289a706e86f5b2435,bsc,惯犯庄家（SIREN案·离场庄#1·核心链）,serial-actor,identity,serial-offenders,2026-07-22,SIREN分析2026-07-19 appendix whale_group「离场庄#1·核心链」,serial-offender,,,2026-07-19,2026-07-22,,
0xd774fd7c09be266e075884780d7a04f7f4c63f58,bsc,惯犯庄家（SIREN案·离场庄#1·核心链）,serial-actor,identity,serial-offenders,2026-07-22,SIREN分析2026-07-19 appendix whale_group「离场庄#1·核心链」,serial-offender,,,2026-07-19,2026-07-22,,
0xd7767ed104250b07aa6b3e231c5b126a007174d2,bsc,惯犯庄家（QUQ案·大庄#1(刷量bot合约+EOA接力库存体系)）,serial-actor,identity,serial-offenders,2026-07-22,QUQ分析 appendix whale_group「大庄#1(刷量bot合约+EOA接力库存体系)」,serial-offender,,,2026-07-22,2026-07-22,,
0xd7a900aedc9759ae2031f7815ad0b74d4664b6a4,bsc,惯犯庄家（SIREN案·离场庄#1·核心链）,serial-actor,identity,serial-offenders,2026-07-22,SIREN分析2026-07-19 appendix whale_group「离场庄#1·核心链」,serial-offender,,,2026-07-19,2026-07-22,,
0xd7bb1948e7f6a7fe274526be57815e3d590335a4,bsc,惯犯庄家（SIREN案·离场庄#1·核心链）,serial-actor,identity,serial-offenders,2026-07-22,SIREN分析2026-07-19 appendix whale_group「离场庄#1·核心链」,serial-offender,,,2026-07-19,2026-07-22,,
0xd7fac3a918bd11116440948d68abf12239efebac,bsc,惯犯庄家（SIREN案·离场庄#1·核心链）,serial-actor,identity,serial-offenders,2026-07-22,SIREN分析2026-07-19 appendix whale_group「离场庄#1·核心链」,serial-offender,,,2026-07-19,2026-07-22,,
0xd874192085936da75843ca1b2f5f26b2d88cf224,bsc,惯犯庄家（SIREN案·离场庄#1·核心链）,serial-actor,identity,serial-offenders,2026-07-22,SIREN分析2026-07-19 appendix whale_group「离场庄#1·核心链」,serial-offender,,,2026-07-19,2026-07-22,,
0xd87ac8845f2e9ec2abfde9216f17e3c97c4a2a78,bsc,惯犯庄家（SIREN案·离场庄#1·扩展与静置仓网）,serial-actor,identity,serial-offenders,2026-07-22,SIREN分析2026-07-19 appendix whale_group「离场庄#1·扩展与静置仓网」,serial-offender,,,2026-07-19,2026-07-22,,
0xd8adb1a35a199afbddecec938694b2534e7fb84b,bsc,惯犯庄家（SIREN案·离场庄#1·核心链）,serial-actor,identity,serial-offenders,2026-07-22,SIREN分析2026-07-19 appendix whale_group「离场庄#1·核心链」,serial-offender,,,2026-07-19,2026-07-22,,
0xd8e1617a5d14fae27c61635fdaf8cd46189fd7ce,bsc,惯犯庄家（SIREN案·离场庄#1·核心链）,serial-actor,identity,serial-offenders,2026-07-22,SIREN分析2026-07-19 appendix whale_group「离场庄#1·核心链」,serial-offender,,,2026-07-19,2026-07-22,,
0xd9c3e14f414c26b54bc5682ed848c1caca5f69f3,bsc,惯犯庄家（QUQ案·大庄#1(刷量bot合约+EOA接力库存体系)）,serial-actor,identity,serial-offenders,2026-07-22,QUQ分析 appendix whale_group「大庄#1(刷量bot合约+EOA接力库存体系)」,serial-offender,,,2026-07-22,2026-07-22,,
0xd9d87b95ca1c7c4fb36edc294e6c1f6403707c6c,bsc,惯犯庄家（SIREN案·离场庄#1·核心链）,serial-actor,identity,serial-offenders,2026-07-22,SIREN分析2026-07-19 appendix whale_group「离场庄#1·核心链」,serial-offender,,,2026-07-19,2026-07-22,,
0xd9db539a96efad1b5d6e899406471749ca4a08ee,bsc,惯犯庄家（SIREN案·离场庄#1·核心链）,serial-actor,identity,serial-offenders,2026-07-22,SIREN分析2026-07-19 appendix whale_group「离场庄#1·核心链」,serial-offender,,,2026-07-19,2026-07-22,,
0xdaae9f236b0586b3f42d10f211cfd2f837043135,bsc,惯犯庄家（SIREN案·离场庄#1·核心链）,serial-actor,identity,serial-offenders,2026-07-22,SIREN分析2026-07-19 appendix whale_group「离场庄#1·核心链」,serial-offender,,,2026-07-19,2026-07-22,,
0xdab5edfc6c7c01a96e12a0ac4ca98761c39fceca,bsc,惯犯庄家（SIREN案·离场庄#1·核心链）,serial-actor,identity,serial-offenders,2026-07-22,SIREN分析2026-07-19 appendix whale_group「离场庄#1·核心链」,serial-offender,,,2026-07-19,2026-07-22,,
0xdabe481410468b1540c0b5400718f23a8c80b400,bsc,惯犯庄家（SIREN案·离场庄#1·核心链）,serial-actor,identity,serial-offenders,2026-07-22,SIREN分析2026-07-19 appendix whale_group「离场庄#1·核心链」,serial-offender,,,2026-07-19,2026-07-22,,
0xdb448c8d37cf0b3875793ec1e49b15ed24b511e8,bsc,惯犯庄家（SIREN案·离场庄#1·扩展与静置仓网）,serial-actor,identity,serial-offenders,2026-07-22,SIREN分析2026-07-19 appendix whale_group「离场庄#1·扩展与静置仓网」,serial-offender,,,2026-07-19,2026-07-22,,
0xdb615ed17165aeedcda2022817d97ebe517e4df1,bsc,惯犯庄家（SIREN案·离场庄#1·核心链）,serial-actor,identity,serial-offenders,2026-07-22,SIREN分析2026-07-19 appendix whale_group「离场庄#1·核心链」,serial-offender,,,2026-07-19,2026-07-22,,
0xdb69e0884c80778547a698af747efc199fdb7a61,bsc,惯犯庄家（SIREN案·离场庄#1·核心链）,serial-actor,identity,serial-offenders,2026-07-22,SIREN分析2026-07-19 appendix whale_group「离场庄#1·核心链」,serial-offender,,,2026-07-19,2026-07-22,,
0xdbabbc07adce34c33326bdec374a415e64c5eff7,bsc,惯犯庄家（QUQ案·大庄#1(刷量bot合约+EOA接力库存体系)）,serial-actor,identity,serial-offenders,2026-07-22,QUQ分析 appendix whale_group「大庄#1(刷量bot合约+EOA接力库存体系)」,serial-offender,,,2026-07-22,2026-07-22,,
0xdc08529a33a7121b89865b3130c83b23d33edcbb,bsc,惯犯庄家（SIREN案·离场庄#1·核心链）,serial-actor,identity,serial-offenders,2026-07-22,SIREN分析2026-07-19 appendix whale_group「离场庄#1·核心链」,serial-offender,,,2026-07-19,2026-07-22,,
0xdc8854605051e8d276fc620c38727284d9ddf5f1,bsc,惯犯庄家（SIREN案·离场庄#1·核心链）,serial-actor,identity,serial-offenders,2026-07-22,SIREN分析2026-07-19 appendix whale_group「离场庄#1·核心链」,serial-offender,,,2026-07-19,2026-07-22,,
0xdcb935e8a26a8bb31f4973ddf74abe195d2cb62e,bsc,惯犯庄家（SIREN案·离场庄#1·扩展与静置仓网）,serial-actor,identity,serial-offenders,2026-07-22,SIREN分析2026-07-19 appendix whale_group「离场庄#1·扩展与静置仓网」,serial-offender,,,2026-07-19,2026-07-22,,
0xdcde7823082e9aa00b095ed0c472657ac59d339f,bsc,惯犯庄家（QUQ案·大庄#1(刷量bot合约+EOA接力库存体系)）,serial-actor,identity,serial-offenders,2026-07-22,QUQ分析 appendix whale_group「大庄#1(刷量bot合约+EOA接力库存体系)」,serial-offender,,,2026-07-22,2026-07-22,,
0xdd08e924a6fd118a047ab1ca77d0adbb635a3128,bsc,惯犯庄家（QUQ案·大庄#1(刷量bot合约+EOA接力库存体系)）,serial-actor,identity,serial-offenders,2026-07-22,QUQ分析 appendix whale_group「大庄#1(刷量bot合约+EOA接力库存体系)」,serial-offender,,,2026-07-22,2026-07-22,,
0xdd3d4407bd48c21d867899089e188a6995b1067e,bsc,惯犯庄家（QUQ案·大庄#1(刷量bot合约+EOA接力库存体系)）,serial-actor,identity,serial-offenders,2026-07-22,QUQ分析 appendix whale_group「大庄#1(刷量bot合约+EOA接力库存体系)」,serial-offender,,,2026-07-22,2026-07-22,,
0xdd674a374cfcbf049be85f849a44a2fb80081473,bsc,惯犯庄家（SIREN案·离场庄#1·核心链）,serial-actor,identity,serial-offenders,2026-07-22,SIREN分析2026-07-19 appendix whale_group「离场庄#1·核心链」,serial-offender,,,2026-07-19,2026-07-22,,
0xdd9f0cf63712b99b8e71f68bf57def0759911bcb,bsc,惯犯庄家（SIREN案·离场庄#1·核心链）,serial-actor,identity,serial-offenders,2026-07-22,SIREN分析2026-07-19 appendix whale_group「离场庄#1·核心链」,serial-offender,,,2026-07-19,2026-07-22,,
0xde1850a8f5406fcc9bc464475f707f5943b0bf7e,bsc,惯犯庄家（QUQ案·大庄#1(刷量bot合约+EOA接力库存体系)）,serial-actor,identity,serial-offenders,2026-07-22,QUQ分析 appendix whale_group「大庄#1(刷量bot合约+EOA接力库存体系)」,serial-offender,,,2026-07-22,2026-07-22,,
0xde27dfe9d843c88915761622f7e2e2e31512bac6,bsc,惯犯庄家（SIREN案·离场庄#1·核心链）,serial-actor,identity,serial-offenders,2026-07-22,SIREN分析2026-07-19 appendix whale_group「离场庄#1·核心链」,serial-offender,,,2026-07-19,2026-07-22,,
0xde61b414f7bb917ef02a2ed6f0180d6ef592e661,bsc,惯犯庄家（SIREN案·离场庄#1·核心链）,serial-actor,identity,serial-offenders,2026-07-22,SIREN分析2026-07-19 appendix whale_group「离场庄#1·核心链」,serial-offender,,,2026-07-19,2026-07-22,,
0xde7a536c10aee31823a744b6ededeb7f9e9ad59c,bsc,惯犯庄家（SIREN案·离场庄#1·核心链）,serial-actor,identity,serial-offenders,2026-07-22,SIREN分析2026-07-19 appendix whale_group「离场庄#1·核心链」,serial-offender,,,2026-07-19,2026-07-22,,
0xdea146a3914da9dbb454c7edf0528a6005143efb,bsc,惯犯庄家（SIREN案·离场庄#1·核心链）,serial-actor,identity,serial-offenders,2026-07-22,SIREN分析2026-07-19 appendix whale_group「离场庄#1·核心链」,serial-offender,,,2026-07-19,2026-07-22,,
0xdf386526424f7d44656a10fc507be4e77de40a5c,bsc,惯犯庄家（SIREN案·离场庄#1·核心链）,serial-actor,identity,serial-offenders,2026-07-22,SIREN分析2026-07-19 appendix whale_group「离场庄#1·核心链」,serial-offender,,,2026-07-19,2026-07-22,,
0xdf45a1bcae59dc956965a7937532edbcaad5317c,bsc,惯犯庄家（bibi案·庄#1·三地址·bundle发射（已清仓））,serial-actor,identity,serial-offenders,2026-07-22,bibi分析 appendix whale_group「庄#1·三地址·bundle发射（已清仓）」,serial-offender,,,2026-07-12,2026-07-22,,
0xe0232f227a1dcb9a3ee2960f460eb488c3fbab2c,bsc,惯犯庄家（SIREN案·离场庄#1·核心链）,serial-actor,identity,serial-offenders,2026-07-22,SIREN分析2026-07-19 appendix whale_group「离场庄#1·核心链」,serial-offender,,,2026-07-19,2026-07-22,,
0xe0396e216107cda33aac50cd2386e0a84b41691f,bsc,惯犯庄家（QUQ案·大庄#1(刷量bot合约+EOA接力库存体系)）,serial-actor,identity,serial-offenders,2026-07-22,QUQ分析 appendix whale_group「大庄#1(刷量bot合约+EOA接力库存体系)」,serial-offender,,,2026-07-22,2026-07-22,,
0xe043ae76f3af8be33291f2975bd08ad9e4c0e0ae,bsc,惯犯庄家（SIREN案·离场庄#1·核心链）,serial-actor,identity,serial-offenders,2026-07-22,SIREN分析2026-07-19 appendix whale_group「离场庄#1·核心链」,serial-offender,,,2026-07-19,2026-07-22,,
0xe054fd86c2191ea6f5720f48830c04ddfde0e2d3,bsc,惯犯庄家（SIREN案·离场庄#1·核心链）,serial-actor,identity,serial-offenders,2026-07-22,SIREN分析2026-07-19 appendix whale_group「离场庄#1·核心链」,serial-offender,,,2026-07-19,2026-07-22,,
0xe0881cc50de6a472cd340111e80d70b79d807ac1,bsc,惯犯庄家（SIREN案·离场庄#1·扩展与静置仓网）,serial-actor,identity,serial-offenders,2026-07-22,SIREN分析2026-07-19 appendix whale_group「离场庄#1·扩展与静置仓网」,serial-offender,,,2026-07-19,2026-07-22,,
0xe0b1d36195f9a989250153a1a2d91378a688dff6,bsc,惯犯庄家（SIREN案·离场庄#1·核心链）,serial-actor,identity,serial-offenders,2026-07-22,SIREN分析2026-07-19 appendix whale_group「离场庄#1·核心链」,serial-offender,,,2026-07-19,2026-07-22,,
0xe0cc7984ddea96502f9c28e697e67fcaef8a2c9f,bsc,惯犯庄家（SIREN案·离场庄#1·核心链）,serial-actor,identity,serial-offenders,2026-07-22,SIREN分析2026-07-19 appendix whale_group「离场庄#1·核心链」,serial-offender,,,2026-07-19,2026-07-22,,
0xe0e5121b34ed25b4fdbae1c3db66f55801243b3a,bsc,惯犯庄家（SIREN案·离场庄#1·核心链）,serial-actor,identity,serial-offenders,2026-07-22,SIREN分析2026-07-19 appendix whale_group「离场庄#1·核心链」,serial-offender,,,2026-07-19,2026-07-22,,
0xe0fd714267cd2fee57823ebf26785cddb7b76d58,bsc,惯犯庄家（SIREN案·离场庄#1·核心链）,serial-actor,identity,serial-offenders,2026-07-22,SIREN分析2026-07-19 appendix whale_group「离场庄#1·核心链」,serial-offender,,,2026-07-19,2026-07-22,,
0xe123873338fd7b519cf9ec62897e82229e1a22a3,bsc,惯犯庄家（SIREN案·离场庄#1·核心链）,serial-actor,identity,serial-offenders,2026-07-22,SIREN分析2026-07-19 appendix whale_group「离场庄#1·核心链」,serial-offender,,,2026-07-19,2026-07-22,,
0xe163dcd3b38d890c6f4354f0297fb0966d9111ab,bsc,惯犯庄家（SIREN案·离场庄#1·核心链）,serial-actor,identity,serial-offenders,2026-07-22,SIREN分析2026-07-19 appendix whale_group「离场庄#1·核心链」,serial-offender,,,2026-07-19,2026-07-22,,
0xe19777578daa8f187be718c6d023eb6413504d68,bsc,惯犯庄家（SIREN案·离场庄#1·核心链）,serial-actor,identity,serial-offenders,2026-07-22,SIREN分析2026-07-19 appendix whale_group「离场庄#1·核心链」,serial-offender,,,2026-07-19,2026-07-22,,
0xe19939819386457d36b269825ec4820164519b6f,bsc,惯犯庄家（SIREN案·离场庄#1·核心链）,serial-actor,identity,serial-offenders,2026-07-22,SIREN分析2026-07-19 appendix whale_group「离场庄#1·核心链」,serial-offender,,,2026-07-19,2026-07-22,,
0xe1c796e9511c24eb9ebcc5e70fb476159f165ec8,bsc,惯犯庄家（SIREN案·离场庄#1·核心链）,serial-actor,identity,serial-offenders,2026-07-22,SIREN分析2026-07-19 appendix whale_group「离场庄#1·核心链」,serial-offender,,,2026-07-19,2026-07-22,,
0xe225213f8651e377e9fcc9e23d091f9fc24631a3,bsc,惯犯庄家（SIREN案·离场庄#1·核心链）,serial-actor,identity,serial-offenders,2026-07-22,SIREN分析2026-07-19 appendix whale_group「离场庄#1·核心链」,serial-offender,,,2026-07-19,2026-07-22,,
0xe2306035729ca287d403c95d40431959690177af,bsc,惯犯庄家（SIREN案·离场庄#1·核心链）,serial-actor,identity,serial-offenders,2026-07-22,SIREN分析2026-07-19 appendix whale_group「离场庄#1·核心链」,serial-offender,,,2026-07-19,2026-07-22,,
0xe2545d22d33b7e2d4008eac6795aebd7472e496d,bsc,惯犯庄家（SIREN案·离场庄#1·核心链）,serial-actor,identity,serial-offenders,2026-07-22,SIREN分析2026-07-19 appendix whale_group「离场庄#1·核心链」,serial-offender,,,2026-07-19,2026-07-22,,
0xe263d8702220ef358b3b6cd3af3960e296b8a25b,bsc,惯犯庄家（SIREN案·离场庄#1·扩展与静置仓网）,serial-actor,identity,serial-offenders,2026-07-22,SIREN分析2026-07-19 appendix whale_group「离场庄#1·扩展与静置仓网」,serial-offender,,,2026-07-19,2026-07-22,,
0xe27a8844009bc335569ac5729c3edad5eaff1a0d,bsc,惯犯庄家（SIREN案·离场庄#1·核心链）,serial-actor,identity,serial-offenders,2026-07-22,SIREN分析2026-07-19 appendix whale_group「离场庄#1·核心链」,serial-offender,,,2026-07-19,2026-07-22,,
0xe282b0874b7a11f5c904c37eb16d32eac3890330,bsc,惯犯庄家（SIREN案·离场庄#1·核心链）,serial-actor,identity,serial-offenders,2026-07-22,SIREN分析2026-07-19 appendix whale_group「离场庄#1·核心链」,serial-offender,,,2026-07-19,2026-07-22,,
0xe28926cc4b0d365dfbfa84470da38b59f7f57d4a,bsc,惯犯庄家（SIREN案·离场庄#1·核心链）,serial-actor,identity,serial-offenders,2026-07-22,SIREN分析2026-07-19 appendix whale_group「离场庄#1·核心链」,serial-offender,,,2026-07-19,2026-07-22,,
0xe2d3cdcc27c637a39e818bf6ceccf559efbad35e,bsc,惯犯庄家（SIREN案·离场庄#1·核心链）,serial-actor,identity,serial-offenders,2026-07-22,SIREN分析2026-07-19 appendix whale_group「离场庄#1·核心链」,serial-offender,,,2026-07-19,2026-07-22,,
0xe2d507cf791d032c0897efe8e891e995b0d3f689,bsc,惯犯庄家（SIREN案·离场庄#1·核心链）,serial-actor,identity,serial-offenders,2026-07-22,SIREN分析2026-07-19 appendix whale_group「离场庄#1·核心链」,serial-offender,,,2026-07-19,2026-07-22,,
0xe2e70925279a7f7d29af665d26b8e2aab58bddc7,bsc,惯犯庄家（SIREN案·离场庄#1·核心链）,serial-actor,identity,serial-offenders,2026-07-22,SIREN分析2026-07-19 appendix whale_group「离场庄#1·核心链」,serial-offender,,,2026-07-19,2026-07-22,,
0xe3081a2f25a9e7a5dc8e6ad9de95b4a60c9edb03,bsc,惯犯庄家（SIREN案·离场庄#1·核心链）,serial-actor,identity,serial-offenders,2026-07-22,SIREN分析2026-07-19 appendix whale_group「离场庄#1·核心链」,serial-offender,,,2026-07-19,2026-07-22,,
0xe32baf689a66b0191bd6f41707b1c55e6a6d5854,bsc,惯犯庄家（SIREN案·离场庄#1·核心链）,serial-actor,identity,serial-offenders,2026-07-22,SIREN分析2026-07-19 appendix whale_group「离场庄#1·核心链」,serial-offender,,,2026-07-19,2026-07-22,,
0xe3389feb90088aba7f1631b097d642e50d684188,bsc,惯犯庄家（SIREN案·离场庄#1·核心链）,serial-actor,identity,serial-offenders,2026-07-22,SIREN分析2026-07-19 appendix whale_group「离场庄#1·核心链」,serial-offender,,,2026-07-19,2026-07-22,,
0xe33c7cf9502c92637dceb995d6ab406eeba175e0,bsc,惯犯庄家（SIREN案·离场庄#1·核心链）,serial-actor,identity,serial-offenders,2026-07-22,SIREN分析2026-07-19 appendix whale_group「离场庄#1·核心链」,serial-offender,,,2026-07-19,2026-07-22,,
0xe34ce374b415aa35721216678dc7fc2e3a074420,bsc,惯犯庄家（QUQ案·大庄#1(刷量bot合约+EOA接力库存体系)）,serial-actor,identity,serial-offenders,2026-07-22,QUQ分析 appendix whale_group「大庄#1(刷量bot合约+EOA接力库存体系)」,serial-offender,,,2026-07-22,2026-07-22,,
0xe3d0025f84030c1263bb9c6ff3ff778dd13d4e62,bsc,惯犯庄家（SIREN案·离场庄#1·核心链）,serial-actor,identity,serial-offenders,2026-07-22,SIREN分析2026-07-19 appendix whale_group「离场庄#1·核心链」,serial-offender,,,2026-07-19,2026-07-22,,
0xe458b12905034696fc5e99ebf435f86ae6cb3e6e,bsc,惯犯庄家（SIREN案·离场庄#1·核心链）,serial-actor,identity,serial-offenders,2026-07-22,SIREN分析2026-07-19 appendix whale_group「离场庄#1·核心链」,serial-offender,,,2026-07-19,2026-07-22,,
0xe4917d4f44941b810c473bcbfbd05b27d9795890,bsc,惯犯庄家（SIREN案·离场庄#1·核心链）,serial-actor,identity,serial-offenders,2026-07-22,SIREN分析2026-07-19 appendix whale_group「离场庄#1·核心链」,serial-offender,,,2026-07-19,2026-07-22,,
0xe4b122f5ecce9e6b4fd36f89fb79c4df26342ddf,bsc,惯犯庄家（SIREN案·离场庄#1·核心链）,serial-actor,identity,serial-offenders,2026-07-22,SIREN分析2026-07-19 appendix whale_group「离场庄#1·核心链」,serial-offender,,,2026-07-19,2026-07-22,,
0xe4ee73af708ae70e22d2669af15ea0686d425a37,bsc,惯犯庄家（SIREN案·离场庄#1·核心链）,serial-actor,identity,serial-offenders,2026-07-22,SIREN分析2026-07-19 appendix whale_group「离场庄#1·核心链」,serial-offender,,,2026-07-19,2026-07-22,,
0xe4f1a14e5b1014a448688aef0a9da7a782c79b42,bsc,惯犯庄家（SIREN案·离场庄#1·核心链）,serial-actor,identity,serial-offenders,2026-07-22,SIREN分析2026-07-19 appendix whale_group「离场庄#1·核心链」,serial-offender,,,2026-07-19,2026-07-22,,
0xe53903ac9d63dc7dde19f110973ee41325f22404,bsc,惯犯庄家（SIREN案·离场庄#1·核心链）,serial-actor,identity,serial-offenders,2026-07-22,SIREN分析2026-07-19 appendix whale_group「离场庄#1·核心链」,serial-offender,,,2026-07-19,2026-07-22,,
0xe53d5fa0e341a6cf05892024a1ac3520b6f94e62,bsc,惯犯庄家（SIREN案·离场庄#1·核心链）,serial-actor,identity,serial-offenders,2026-07-22,SIREN分析2026-07-19 appendix whale_group「离场庄#1·核心链」,serial-offender,,,2026-07-19,2026-07-22,,
0xe575569b70d840930bab133f423f4b27dac4b585,bsc,惯犯庄家（SIREN案·离场庄#1·核心链）,serial-actor,identity,serial-offenders,2026-07-22,SIREN分析2026-07-19 appendix whale_group「离场庄#1·核心链」,serial-offender,,,2026-07-19,2026-07-22,,
0xe5f6e1168e550f6b2f5ac0bfd0171f0d15866b72,bsc,惯犯庄家（SIREN案·离场庄#1·核心链）,serial-actor,identity,serial-offenders,2026-07-22,SIREN分析2026-07-19 appendix whale_group「离场庄#1·核心链」,serial-offender,,,2026-07-19,2026-07-22,,
0xe6005366d4fa570161a37456d90b692ec1615423,bsc,惯犯庄家（SIREN案·离场庄#1·核心链）,serial-actor,identity,serial-offenders,2026-07-22,SIREN分析2026-07-19 appendix whale_group「离场庄#1·核心链」,serial-offender,,,2026-07-19,2026-07-22,,
0xe61d21d1d6e49dc6f68c87404205f8f83482f90e,bsc,惯犯庄家（QUQ案·大庄#1(刷量bot合约+EOA接力库存体系)）,serial-actor,identity,serial-offenders,2026-07-22,QUQ分析 appendix whale_group「大庄#1(刷量bot合约+EOA接力库存体系)」,serial-offender,,,2026-07-22,2026-07-22,,
0xe624bbdf3316a7d1ffc1e9ebe7d27b0778ef04e7,bsc,惯犯庄家（SIREN案·离场庄#1·核心链）,serial-actor,identity,serial-offenders,2026-07-22,SIREN分析2026-07-19 appendix whale_group「离场庄#1·核心链」,serial-offender,,,2026-07-19,2026-07-22,,
0xe63dbcaca45ec4080764da2a68c95f9ac55251b0,bsc,惯犯庄家（SIREN案·离场庄#1·扩展与静置仓网）,serial-actor,identity,serial-offenders,2026-07-22,SIREN分析2026-07-19 appendix whale_group「离场庄#1·扩展与静置仓网」,serial-offender,,,2026-07-19,2026-07-22,,
0xe65c99e7f10b79df65ac0147580d903840ece6e0,bsc,惯犯庄家（SIREN案·离场庄#1·核心链）,serial-actor,identity,serial-offenders,2026-07-22,SIREN分析2026-07-19 appendix whale_group「离场庄#1·核心链」,serial-offender,,,2026-07-19,2026-07-22,,
0xe662cfe9a515034fc89d28a71d0fc2ebf108f9b2,bsc,惯犯庄家（QUQ案·大庄#1(刷量bot合约+EOA接力库存体系)）,serial-actor,identity,serial-offenders,2026-07-22,QUQ分析 appendix whale_group「大庄#1(刷量bot合约+EOA接力库存体系)」,serial-offender,,,2026-07-22,2026-07-22,,
0xe66e1267754817909acbd94e8ae89f87c27541e1,bsc,惯犯庄家（QUQ案·大庄#1(刷量bot合约+EOA接力库存体系)）,serial-actor,identity,serial-offenders,2026-07-22,QUQ分析 appendix whale_group「大庄#1(刷量bot合约+EOA接力库存体系)」,serial-offender,,,2026-07-22,2026-07-22,,
0xe66e267f76be7bcd6c1baff489b56e4b8b152b53,bsc,惯犯庄家（SIREN案·离场庄#1·核心链）,serial-actor,identity,serial-offenders,2026-07-22,SIREN分析2026-07-19 appendix whale_group「离场庄#1·核心链」,serial-offender,,,2026-07-19,2026-07-22,,
0xe677d81115d8f50a3a6c7e8d541fa56a9ca88ed2,bsc,惯犯庄家（SIREN案·离场庄#1·核心链）,serial-actor,identity,serial-offenders,2026-07-22,SIREN分析2026-07-19 appendix whale_group「离场庄#1·核心链」,serial-offender,,,2026-07-19,2026-07-22,,
0xe67ec15fbc1ee02e415a4e436cb723d019e3ad1f,bsc,惯犯庄家（SIREN案·离场庄#1·核心链）,serial-actor,identity,serial-offenders,2026-07-22,SIREN分析2026-07-19 appendix whale_group「离场庄#1·核心链」,serial-offender,,,2026-07-19,2026-07-22,,
0xe69a5cdcc580032b4f7f3e5496512d37f94596b4,bsc,惯犯庄家（SIREN案·离场庄#1·核心链）,serial-actor,identity,serial-offenders,2026-07-22,SIREN分析2026-07-19 appendix whale_group「离场庄#1·核心链」,serial-offender,,,2026-07-19,2026-07-22,,
0xe6ac72b6231db3cda3bb9f0b5f58dadfd747330e,bsc,惯犯庄家（SIREN案·离场庄#1·核心链）,serial-actor,identity,serial-offenders,2026-07-22,SIREN分析2026-07-19 appendix whale_group「离场庄#1·核心链」,serial-offender,,,2026-07-19,2026-07-22,,
0xe6beeabe87c313283c6057eed3a62dac899b3772,bsc,惯犯庄家（SIREN案·离场庄#1·核心链）,serial-actor,identity,serial-offenders,2026-07-22,SIREN分析2026-07-19 appendix whale_group「离场庄#1·核心链」,serial-offender,,,2026-07-19,2026-07-22,,
0xe6dc69e04e6075b7b23b41943adce246b86416b4,bsc,惯犯庄家（SIREN案·离场庄#1·扩展与静置仓网）,serial-actor,identity,serial-offenders,2026-07-22,SIREN分析2026-07-19 appendix whale_group「离场庄#1·扩展与静置仓网」,serial-offender,,,2026-07-19,2026-07-22,,
0xe6dd1e8340ad3a7f897a6f2a6b024af45d45cf1e,bsc,惯犯庄家（SIREN案·离场庄#1·核心链）,serial-actor,identity,serial-offenders,2026-07-22,SIREN分析2026-07-19 appendix whale_group「离场庄#1·核心链」,serial-offender,,,2026-07-19,2026-07-22,,
0xe6e4d5d70ea617a16680a16077363e6e9325e01c,bsc,惯犯庄家（SIREN案·离场庄#1·核心链）,serial-actor,identity,serial-offenders,2026-07-22,SIREN分析2026-07-19 appendix whale_group「离场庄#1·核心链」,serial-offender,,,2026-07-19,2026-07-22,,
0xe77f709a79b0fe7620d2d7f4f5ff9c55478198e0,bsc,惯犯庄家（SIREN案·离场庄#1·核心链）,serial-actor,identity,serial-offenders,2026-07-22,SIREN分析2026-07-19 appendix whale_group「离场庄#1·核心链」,serial-offender,,,2026-07-19,2026-07-22,,
0xe79ecd9790ba7caf0fa6ef439f74570540dec643,bsc,惯犯庄家（SIREN案·离场庄#1·核心链）,serial-actor,identity,serial-offenders,2026-07-22,SIREN分析2026-07-19 appendix whale_group「离场庄#1·核心链」,serial-offender,,,2026-07-19,2026-07-22,,
0xe7c777f86a964ec749a9702e5ae4a6fc6f3fbdb8,bsc,惯犯庄家（QUQ案·大庄#1(刷量bot合约+EOA接力库存体系)）,serial-actor,identity,serial-offenders,2026-07-22,QUQ分析 appendix whale_group「大庄#1(刷量bot合约+EOA接力库存体系)」,serial-offender,,,2026-07-22,2026-07-22,,
0xe8082fbab2db0fb3be56246fdffecc91f7f662f5,bsc,惯犯庄家（SIREN案·离场庄#1·核心链）,serial-actor,identity,serial-offenders,2026-07-22,SIREN分析2026-07-19 appendix whale_group「离场庄#1·核心链」,serial-offender,,,2026-07-19,2026-07-22,,
0xe83f8e226f0b32c43fffd38d56d8343d674cb78a,bsc,惯犯庄家（SIREN案·离场庄#1·核心链）,serial-actor,identity,serial-offenders,2026-07-22,SIREN分析2026-07-19 appendix whale_group「离场庄#1·核心链」,serial-offender,,,2026-07-19,2026-07-22,,
0xe8474dc6e7eb66a59e0fb9bcfd79b02e1937af1d,bsc,惯犯庄家（SIREN案·离场庄#1·核心链）,serial-actor,identity,serial-offenders,2026-07-22,SIREN分析2026-07-19 appendix whale_group「离场庄#1·核心链」,serial-offender,,,2026-07-19,2026-07-22,,
0xe8e4356839e8ff1eddec7ad78667ecd4802bf38e,bsc,惯犯庄家（SIREN案·离场庄#1·核心链）,serial-actor,identity,serial-offenders,2026-07-22,SIREN分析2026-07-19 appendix whale_group「离场庄#1·核心链」,serial-offender,,,2026-07-19,2026-07-22,,
0xe910c75803296bbf1d2a7006b0ecbab905be575d,bsc,惯犯庄家（SIREN案·离场庄#1·核心链）,serial-actor,identity,serial-offenders,2026-07-22,SIREN分析2026-07-19 appendix whale_group「离场庄#1·核心链」,serial-offender,,,2026-07-19,2026-07-22,,
0xe9512156ccc602e754adb1d0c0eba79bc8d43529,bsc,惯犯庄家（SIREN案·离场庄#1·核心链）,serial-actor,identity,serial-offenders,2026-07-22,SIREN分析2026-07-19 appendix whale_group「离场庄#1·核心链」,serial-offender,,,2026-07-19,2026-07-22,,
0xe985a8c4810a8235a7c063f998d077ec0e460b86,bsc,惯犯庄家（SIREN案·离场庄#1·核心链）,serial-actor,identity,serial-offenders,2026-07-22,SIREN分析2026-07-19 appendix whale_group「离场庄#1·核心链」,serial-offender,,,2026-07-19,2026-07-22,,
0xe990e38e33aafe6069f7612b61fd009aa66fa74f,bsc,惯犯庄家（SIREN案·离场庄#1·核心链）,serial-actor,identity,serial-offenders,2026-07-22,SIREN分析2026-07-19 appendix whale_group「离场庄#1·核心链」,serial-offender,,,2026-07-19,2026-07-22,,
0xe9bee729253e5f2dbc5643b5cfe0811cdd7288c8,bsc,惯犯庄家（SIREN案·离场庄#1·核心链）,serial-actor,identity,serial-offenders,2026-07-22,SIREN分析2026-07-19 appendix whale_group「离场庄#1·核心链」,serial-offender,,,2026-07-19,2026-07-22,,
0xe9c1302baf208abc5ec1cc8ba8e40646e1a1d409,bsc,惯犯庄家（SIREN案·离场庄#1·核心链）,serial-actor,identity,serial-offenders,2026-07-22,SIREN分析2026-07-19 appendix whale_group「离场庄#1·核心链」,serial-offender,,,2026-07-19,2026-07-22,,
0xe9ca41d807827537aee00ea871df133eb8810ad6,bsc,惯犯庄家（SIREN案·离场庄#1·核心链）,serial-actor,identity,serial-offenders,2026-07-22,SIREN分析2026-07-19 appendix whale_group「离场庄#1·核心链」,serial-offender,,,2026-07-19,2026-07-22,,
0xe9cdd76d43bfc1b9246cad40c9ed21d20d067424,bsc,惯犯庄家（SIREN案·离场庄#1·核心链）,serial-actor,identity,serial-offenders,2026-07-22,SIREN分析2026-07-19 appendix whale_group「离场庄#1·核心链」,serial-offender,,,2026-07-19,2026-07-22,,
0xea0ad2508d82bd05db97e8297a465be799343992,bsc,惯犯庄家（SIREN案·离场庄#1·核心链）,serial-actor,identity,serial-offenders,2026-07-22,SIREN分析2026-07-19 appendix whale_group「离场庄#1·核心链」,serial-offender,,,2026-07-19,2026-07-22,,
0xea3ec57468000f4652822693a35b3222eb5eb193,bsc,惯犯庄家（SIREN案·离场庄#1·核心链）,serial-actor,identity,serial-offenders,2026-07-22,SIREN分析2026-07-19 appendix whale_group「离场庄#1·核心链」,serial-offender,,,2026-07-19,2026-07-22,,
0xeae14943802e8aed533ec0b5ee7ef56c4a89243c,bsc,惯犯庄家（SIREN案·离场庄#1·扩展与静置仓网）,serial-actor,identity,serial-offenders,2026-07-22,SIREN分析2026-07-19 appendix whale_group「离场庄#1·扩展与静置仓网」,serial-offender,,,2026-07-19,2026-07-22,,
0xeb31003af9108f77ef604a16c7b84a742a3f5941,bsc,惯犯庄家（SIREN案·离场庄#1·核心链）,serial-actor,identity,serial-offenders,2026-07-22,SIREN分析2026-07-19 appendix whale_group「离场庄#1·核心链」,serial-offender,,,2026-07-19,2026-07-22,,
0xeb5e6fe9ba3d22d91bc3018013701053c73e273d,bsc,惯犯庄家（SIREN案·离场庄#1·核心链）,serial-actor,identity,serial-offenders,2026-07-22,SIREN分析2026-07-19 appendix whale_group「离场庄#1·核心链」,serial-offender,,,2026-07-19,2026-07-22,,
0xeb982fe83529d485cf55d1c04fbdc6411cae9866,bsc,惯犯庄家（QUQ案·大庄#1(刷量bot合约+EOA接力库存体系)）,serial-actor,identity,serial-offenders,2026-07-22,QUQ分析 appendix whale_group「大庄#1(刷量bot合约+EOA接力库存体系)」,serial-offender,,,2026-07-22,2026-07-22,,
0xebdef7482c09c3f2beb9307b688f52cbdcc359db,bsc,惯犯庄家（SIREN案·离场庄#1·核心链）,serial-actor,identity,serial-offenders,2026-07-22,SIREN分析2026-07-19 appendix whale_group「离场庄#1·核心链」,serial-offender,,,2026-07-19,2026-07-22,,
0xebe1dcebba82dc56ce4db1351d4acbd5e0aa42b9,bsc,惯犯庄家（SIREN案·离场庄#1·核心链）,serial-actor,identity,serial-offenders,2026-07-22,SIREN分析2026-07-19 appendix whale_group「离场庄#1·核心链」,serial-offender,,,2026-07-19,2026-07-22,,
0xebefdc77b73fa7aea02b674a7fa5b5027a170aa6,bsc,惯犯庄家（SIREN案·离场庄#1·核心链）,serial-actor,identity,serial-offenders,2026-07-22,SIREN分析2026-07-19 appendix whale_group「离场庄#1·核心链」,serial-offender,,,2026-07-19,2026-07-22,,
0xec2a10624d74a2a339fdabcd41c3b173640256cd,bsc,惯犯庄家（SIREN案·离场庄#1·核心链）,serial-actor,identity,serial-offenders,2026-07-22,SIREN分析2026-07-19 appendix whale_group「离场庄#1·核心链」,serial-offender,,,2026-07-19,2026-07-22,,
0xec30726759ad73f9b2abbdebafe6aaa1cae51d7c,bsc,惯犯庄家（SIREN案·离场庄#1·核心链）,serial-actor,identity,serial-offenders,2026-07-22,SIREN分析2026-07-19 appendix whale_group「离场庄#1·核心链」,serial-offender,,,2026-07-19,2026-07-22,,
0xec44e7a68da1eed2e2d57e11665faff66cb5a7a2,bsc,惯犯庄家（SIREN案·离场庄#1·核心链）,serial-actor,identity,serial-offenders,2026-07-22,SIREN分析2026-07-19 appendix whale_group「离场庄#1·核心链」,serial-offender,,,2026-07-19,2026-07-22,,
0xec59d700784c9cce6d995d3e164f0005726ea88b,bsc,惯犯庄家（SIREN案·离场庄#1·核心链）,serial-actor,identity,serial-offenders,2026-07-22,SIREN分析2026-07-19 appendix whale_group「离场庄#1·核心链」,serial-offender,,,2026-07-19,2026-07-22,,
0xec5a2d9ff6b2ff097c8e03b7accf2f366c83b30d,bsc,惯犯庄家（SIREN案·离场庄#1·核心链）,serial-actor,identity,serial-offenders,2026-07-22,SIREN分析2026-07-19 appendix whale_group「离场庄#1·核心链」,serial-offender,,,2026-07-19,2026-07-22,,
0xec6a1c23bbdc74e5220b25e736b0daa02ef1c41c,bsc,惯犯庄家（SIREN案·离场庄#1·核心链）,serial-actor,identity,serial-offenders,2026-07-22,SIREN分析2026-07-19 appendix whale_group「离场庄#1·核心链」,serial-offender,,,2026-07-19,2026-07-22,,
0xeca6225a34d93b62fc107ac760630e4aa07e991c,bsc,惯犯庄家（SIREN案·离场庄#1·核心链）,serial-actor,identity,serial-offenders,2026-07-22,SIREN分析2026-07-19 appendix whale_group「离场庄#1·核心链」,serial-offender,,,2026-07-19,2026-07-22,,
0xecb30496b31758a14e1e948030e734d9e05f5a82,bsc,惯犯庄家（SIREN案·离场庄#1·核心链）,serial-actor,identity,serial-offenders,2026-07-22,SIREN分析2026-07-19 appendix whale_group「离场庄#1·核心链」,serial-offender,,,2026-07-19,2026-07-22,,
0xed38361437b4a59cb9062a26f4f8697b7eecc985,bsc,惯犯庄家（SIREN案·离场庄#1·核心链）,serial-actor,identity,serial-offenders,2026-07-22,SIREN分析2026-07-19 appendix whale_group「离场庄#1·核心链」,serial-offender,,,2026-07-19,2026-07-22,,
0xed55f558c9c514c1e6fe8686166aba23c9cd0685,bsc,惯犯庄家（SIREN案·离场庄#1·扩展与静置仓网）,serial-actor,identity,serial-offenders,2026-07-22,SIREN分析2026-07-19 appendix whale_group「离场庄#1·扩展与静置仓网」,serial-offender,,,2026-07-19,2026-07-22,,
0xed94a8d9e7317849f072dbe3822440059f479d3c,bsc,惯犯庄家（SIREN案·离场庄#1·核心链）,serial-actor,identity,serial-offenders,2026-07-22,SIREN分析2026-07-19 appendix whale_group「离场庄#1·核心链」,serial-offender,,,2026-07-19,2026-07-22,,
0xedbde984db1cc899996ac0dc539353890582940a,bsc,惯犯庄家（QUQ案·大庄#1(刷量bot合约+EOA接力库存体系)）,serial-actor,identity,serial-offenders,2026-07-22,QUQ分析 appendix whale_group「大庄#1(刷量bot合约+EOA接力库存体系)」,serial-offender,,,2026-07-22,2026-07-22,,
0xedfc4481f53447f2ea4c1db24cf906a6c7cb0782,bsc,惯犯庄家（QUQ案·大庄#1(刷量bot合约+EOA接力库存体系)）,serial-actor,identity,serial-offenders,2026-07-22,QUQ分析 appendix whale_group「大庄#1(刷量bot合约+EOA接力库存体系)」,serial-offender,,,2026-07-22,2026-07-22,,
0xeeda32c1938690327f3e07ed443ea78e49755f0c,bsc,惯犯庄家（SIREN案·离场庄#1·核心链）,serial-actor,identity,serial-offenders,2026-07-22,SIREN分析2026-07-19 appendix whale_group「离场庄#1·核心链」,serial-offender,,,2026-07-19,2026-07-22,,
0xeeff57c6a975dfb5d63347f27488e26192cd1e81,bsc,惯犯庄家（SIREN案·离场庄#1·核心链）,serial-actor,identity,serial-offenders,2026-07-22,SIREN分析2026-07-19 appendix whale_group「离场庄#1·核心链」,serial-offender,,,2026-07-19,2026-07-22,,
0xef3306aa916c99847abe9bed0b40ccd869be7926,bsc,惯犯庄家（SIREN案·离场庄#1·核心链）,serial-actor,identity,serial-offenders,2026-07-22,SIREN分析2026-07-19 appendix whale_group「离场庄#1·核心链」,serial-offender,,,2026-07-19,2026-07-22,,
0xef651f1a94299134b90efde41a8a098b64ef7920,bsc,惯犯庄家（SIREN案·离场庄#1·核心链）,serial-actor,identity,serial-offenders,2026-07-22,SIREN分析2026-07-19 appendix whale_group「离场庄#1·核心链」,serial-offender,,,2026-07-19,2026-07-22,,
0xef6b91d0ad07723863bb06026bc433efe697e685,bsc,惯犯庄家（SIREN案·离场庄#1·核心链）,serial-actor,identity,serial-offenders,2026-07-22,SIREN分析2026-07-19 appendix whale_group「离场庄#1·核心链」,serial-offender,,,2026-07-19,2026-07-22,,
0xefa69bf0b4990e64ddf11c1d63a03337526cc095,bsc,惯犯庄家（SIREN案·离场庄#1·核心链）,serial-actor,identity,serial-offenders,2026-07-22,SIREN分析2026-07-19 appendix whale_group「离场庄#1·核心链」,serial-offender,,,2026-07-19,2026-07-22,,
0xefb416664788c7c2b2482eaf6c135f8801b2a2fb,bsc,惯犯庄家（SIREN案·离场庄#1·扩展与静置仓网）,serial-actor,identity,serial-offenders,2026-07-22,SIREN分析2026-07-19 appendix whale_group「离场庄#1·扩展与静置仓网」,serial-offender,,,2026-07-19,2026-07-22,,
0xf01d2a83a89bee031667eda60428f2fe5760c4c9,bsc,惯犯庄家（SIREN案·离场庄#1·扩展与静置仓网）,serial-actor,identity,serial-offenders,2026-07-22,SIREN分析2026-07-19 appendix whale_group「离场庄#1·扩展与静置仓网」,serial-offender,,,2026-07-19,2026-07-22,,
0xf05ec472d3bc00ccdad65c5674007fa9d8fd743b,bsc,惯犯庄家（SIREN案·离场庄#1·核心链）,serial-actor,identity,serial-offenders,2026-07-22,SIREN分析2026-07-19 appendix whale_group「离场庄#1·核心链」,serial-offender,,,2026-07-19,2026-07-22,,
0xf07e93ed53cd7add4f7f586050623053727d42f5,bsc,惯犯庄家（QUQ案·大庄#1(刷量bot合约+EOA接力库存体系)）,serial-actor,identity,serial-offenders,2026-07-22,QUQ分析 appendix whale_group「大庄#1(刷量bot合约+EOA接力库存体系)」,serial-offender,,,2026-07-22,2026-07-22,,
0xf0a4bf04d2cb6688f60c715b69b79c1c3987ae6d,bsc,惯犯庄家（SIREN案·离场庄#1·核心链）,serial-actor,identity,serial-offenders,2026-07-22,SIREN分析2026-07-19 appendix whale_group「离场庄#1·核心链」,serial-offender,,,2026-07-19,2026-07-22,,
0xf0d0f9f47b4accd146c537993bbed9ec50486095,bsc,惯犯庄家（SIREN案·离场庄#1·核心链）,serial-actor,identity,serial-offenders,2026-07-22,SIREN分析2026-07-19 appendix whale_group「离场庄#1·核心链」,serial-offender,,,2026-07-19,2026-07-22,,
0xf0e6204af26ff62d29c06771b3246c7d59911fa6,bsc,惯犯庄家（SIREN案·离场庄#1·核心链）,serial-actor,identity,serial-offenders,2026-07-22,SIREN分析2026-07-19 appendix whale_group「离场庄#1·核心链」,serial-offender,,,2026-07-19,2026-07-22,,
0xf0f22a48de3e931a3b2721e7d25529f7221a9c49,bsc,惯犯庄家（QUQ案·大庄#1(刷量bot合约+EOA接力库存体系)）,serial-actor,identity,serial-offenders,2026-07-22,QUQ分析 appendix whale_group「大庄#1(刷量bot合约+EOA接力库存体系)」,serial-offender,,,2026-07-22,2026-07-22,,
0xf1811a233b3fb627c335f8d0196d7af153cc45e6,bsc,惯犯庄家（SIREN案·离场庄#1·核心链）,serial-actor,identity,serial-offenders,2026-07-22,SIREN分析2026-07-19 appendix whale_group「离场庄#1·核心链」,serial-offender,,,2026-07-19,2026-07-22,,
0xf1ed0c687637f197cf80ddd34435970d3fa864fd,bsc,惯犯庄家（SIREN案·离场庄#1·核心链）,serial-actor,identity,serial-offenders,2026-07-22,SIREN分析2026-07-19 appendix whale_group「离场庄#1·核心链」,serial-offender,,,2026-07-19,2026-07-22,,
0xf246be68de54229dcb9e3f1eb7cc9a1a416e2155,bsc,惯犯庄家（SIREN案·离场庄#1·核心链）,serial-actor,identity,serial-offenders,2026-07-22,SIREN分析2026-07-19 appendix whale_group「离场庄#1·核心链」,serial-offender,,,2026-07-19,2026-07-22,,
0xf26d9d6e36ff73a7a73e7c36781377c0b92b54d8,bsc,惯犯庄家（SIREN案·离场庄#1·核心链）,serial-actor,identity,serial-offenders,2026-07-22,SIREN分析2026-07-19 appendix whale_group「离场庄#1·核心链」,serial-offender,,,2026-07-19,2026-07-22,,
0xf2722687d78f53dfdf365033f52007c12735a3e3,bsc,惯犯庄家（QUQ案·大庄#1(刷量bot合约+EOA接力库存体系)）,serial-actor,identity,serial-offenders,2026-07-22,QUQ分析 appendix whale_group「大庄#1(刷量bot合约+EOA接力库存体系)」,serial-offender,,,2026-07-22,2026-07-22,,
0xf289ad46da3a09ea75d0e2c13412a5f7c9d2dc93,bsc,惯犯庄家（SIREN案·离场庄#1·核心链）,serial-actor,identity,serial-offenders,2026-07-22,SIREN分析2026-07-19 appendix whale_group「离场庄#1·核心链」,serial-offender,,,2026-07-19,2026-07-22,,
0xf2b887eb430d74f73120e5601c5e9a1dcb1e1a18,bsc,惯犯庄家（SIREN案·离场庄#1·核心链）,serial-actor,identity,serial-offenders,2026-07-22,SIREN分析2026-07-19 appendix whale_group「离场庄#1·核心链」,serial-offender,,,2026-07-19,2026-07-22,,
0xf2cf4e140a4b72132ea733330785fd188b909c7c,bsc,惯犯庄家（SIREN案·离场庄#1·核心链）,serial-actor,identity,serial-offenders,2026-07-22,SIREN分析2026-07-19 appendix whale_group「离场庄#1·核心链」,serial-offender,,,2026-07-19,2026-07-22,,
0xf3689a9546c7e6fd466c8cd4a36f71891d72b2a8,bsc,惯犯庄家（SIREN案·离场庄#1·核心链）,serial-actor,identity,serial-offenders,2026-07-22,SIREN分析2026-07-19 appendix whale_group「离场庄#1·核心链」,serial-offender,,,2026-07-19,2026-07-22,,
0xf398df934d3106b33f39514fb34ba89a5a380db1,bsc,惯犯庄家（SIREN案·离场庄#1·核心链）,serial-actor,identity,serial-offenders,2026-07-22,SIREN分析2026-07-19 appendix whale_group「离场庄#1·核心链」,serial-offender,,,2026-07-19,2026-07-22,,
0xf39ac85bfec1f28ca4134f357437b6b6cd44e27a,bsc,惯犯庄家（SIREN案·离场庄#1·扩展与静置仓网）,serial-actor,identity,serial-offenders,2026-07-22,SIREN分析2026-07-19 appendix whale_group「离场庄#1·扩展与静置仓网」,serial-offender,,,2026-07-19,2026-07-22,,
0xf39e65e63224fd8c2ecac3e1f454b2fe1b3d6371,bsc,惯犯庄家（SIREN案·离场庄#1·核心链）,serial-actor,identity,serial-offenders,2026-07-22,SIREN分析2026-07-19 appendix whale_group「离场庄#1·核心链」,serial-offender,,,2026-07-19,2026-07-22,,
0xf3eebb63a4f042cd1ba4ecf446997b7f9b04e918,bsc,惯犯庄家（SIREN案·离场庄#1·核心链）,serial-actor,identity,serial-offenders,2026-07-22,SIREN分析2026-07-19 appendix whale_group「离场庄#1·核心链」,serial-offender,,,2026-07-19,2026-07-22,,
0xf416e099199939c8a5718f1a33d10b33ce17ca9c,bsc,惯犯庄家（SIREN案·离场庄#1·扩展与静置仓网）,serial-actor,identity,serial-offenders,2026-07-22,SIREN分析2026-07-19 appendix whale_group「离场庄#1·扩展与静置仓网」,serial-offender,,,2026-07-19,2026-07-22,,
0xf4403ee799ac3ba48a026b6f0831c03bc6b1fd4c,bsc,惯犯庄家（SIREN案·离场庄#1·核心链）,serial-actor,identity,serial-offenders,2026-07-22,SIREN分析2026-07-19 appendix whale_group「离场庄#1·核心链」,serial-offender,,,2026-07-19,2026-07-22,,
0xf4a7930ed1c9320aa8ed43c9f63f7d57dfd37dd1,bsc,惯犯庄家（SIREN案·离场庄#1·核心链）,serial-actor,identity,serial-offenders,2026-07-22,SIREN分析2026-07-19 appendix whale_group「离场庄#1·核心链」,serial-offender,,,2026-07-19,2026-07-22,,
0xf4b6a94fa2d73a51f9aaefe2a0df09d642925722,bsc,惯犯庄家（SIREN案·离场庄#1·核心链）,serial-actor,identity,serial-offenders,2026-07-22,SIREN分析2026-07-19 appendix whale_group「离场庄#1·核心链」,serial-offender,,,2026-07-19,2026-07-22,,
0xf524091251a52ede038f0327a5cab078979ab326,bsc,惯犯庄家（SIREN案·离场庄#1·核心链）,serial-actor,identity,serial-offenders,2026-07-22,SIREN分析2026-07-19 appendix whale_group「离场庄#1·核心链」,serial-offender,,,2026-07-19,2026-07-22,,
0xf52c96331fbb32c4310b7344b3821be3cab2f9d5,bsc,惯犯庄家（QUQ案·大庄#1(刷量bot合约+EOA接力库存体系)）,serial-actor,identity,serial-offenders,2026-07-22,QUQ分析 appendix whale_group「大庄#1(刷量bot合约+EOA接力库存体系)」,serial-offender,,,2026-07-22,2026-07-22,,
0xf5d4488d97bcf47b66a87680acc8db21ca01bc1f,bsc,惯犯庄家（SIREN案·离场庄#1·核心链）,serial-actor,identity,serial-offenders,2026-07-22,SIREN分析2026-07-19 appendix whale_group「离场庄#1·核心链」,serial-offender,,,2026-07-19,2026-07-22,,
0xf657c6a8f0968f94f00bfb460af706c952679b32,bsc,惯犯庄家（SIREN案·离场庄#1·核心链）,serial-actor,identity,serial-offenders,2026-07-22,SIREN分析2026-07-19 appendix whale_group「离场庄#1·核心链」,serial-offender,,,2026-07-19,2026-07-22,,
0xf66169a52519403e448f6da616d47a6bd7c8286f,bsc,惯犯庄家（SIREN案·离场庄#1·核心链）,serial-actor,identity,serial-offenders,2026-07-22,SIREN分析2026-07-19 appendix whale_group「离场庄#1·核心链」,serial-offender,,,2026-07-19,2026-07-22,,
0xf6767d617d295046824313399f9e8a2854f53010,bsc,惯犯庄家（QUQ案·大庄#1(刷量bot合约+EOA接力库存体系)）,serial-actor,identity,serial-offenders,2026-07-22,QUQ分析 appendix whale_group「大庄#1(刷量bot合约+EOA接力库存体系)」,serial-offender,,,2026-07-22,2026-07-22,,
0xf6dca4defc7a685a944851e3dba8fe2120e360e9,bsc,惯犯庄家（SIREN案·离场庄#1·核心链）,serial-actor,identity,serial-offenders,2026-07-22,SIREN分析2026-07-19 appendix whale_group「离场庄#1·核心链」,serial-offender,,,2026-07-19,2026-07-22,,
0xf6fd1b383bbf5975ca6e27ea6abc4ddca085b875,bsc,惯犯庄家（QUQ案·大庄#1(刷量bot合约+EOA接力库存体系)）,serial-actor,identity,serial-offenders,2026-07-22,QUQ分析 appendix whale_group「大庄#1(刷量bot合约+EOA接力库存体系)」,serial-offender,,,2026-07-22,2026-07-22,,
0xf75370e1c2862b7baa54b06c5c99832cfe6908f6,bsc,惯犯庄家（SIREN案·离场庄#1·核心链）,serial-actor,identity,serial-offenders,2026-07-22,SIREN分析2026-07-19 appendix whale_group「离场庄#1·核心链」,serial-offender,,,2026-07-19,2026-07-22,,
0xf79a17dc2c96ed1c1e031144e5cb27b64bf82df7,bsc,惯犯庄家（SIREN案·离场庄#1·核心链）,serial-actor,identity,serial-offenders,2026-07-22,SIREN分析2026-07-19 appendix whale_group「离场庄#1·核心链」,serial-offender,,,2026-07-19,2026-07-22,,
0xf7ad47321ddead1caf242c8099a46cb65db991df,bsc,惯犯庄家（SIREN案·离场庄#1·核心链）,serial-actor,identity,serial-offenders,2026-07-22,SIREN分析2026-07-19 appendix whale_group「离场庄#1·核心链」,serial-offender,,,2026-07-19,2026-07-22,,
0xf81e65b7ea491ea09febc49304c5bbea93b54f7f,bsc,惯犯庄家（SIREN案·离场庄#1·核心链）,serial-actor,identity,serial-offenders,2026-07-22,SIREN分析2026-07-19 appendix whale_group「离场庄#1·核心链」,serial-offender,,,2026-07-19,2026-07-22,,
0xf827a80184e16f734936a2815bdf014285ce2360,bsc,惯犯庄家（SIREN案·离场庄#1·核心链）,serial-actor,identity,serial-offenders,2026-07-22,SIREN分析2026-07-19 appendix whale_group「离场庄#1·核心链」,serial-offender,,,2026-07-19,2026-07-22,,
0xf82ad4feb68ed860b2609db4c07a957ced4ae168,bsc,惯犯庄家（SIREN案·离场庄#1·扩展与静置仓网）,serial-actor,identity,serial-offenders,2026-07-22,SIREN分析2026-07-19 appendix whale_group「离场庄#1·扩展与静置仓网」,serial-offender,,,2026-07-19,2026-07-22,,
0xf833277477af0da1e84df53f9cd681f25dfc2926,bsc,惯犯庄家（SIREN案·离场庄#1·核心链）,serial-actor,identity,serial-offenders,2026-07-22,SIREN分析2026-07-19 appendix whale_group「离场庄#1·核心链」,serial-offender,,,2026-07-19,2026-07-22,,
0xf84b711e017b20580b0c30645d336fdfbcf44ed8,bsc,惯犯庄家（SIREN案·离场庄#1·核心链）,serial-actor,identity,serial-offenders,2026-07-22,SIREN分析2026-07-19 appendix whale_group「离场庄#1·核心链」,serial-offender,,,2026-07-19,2026-07-22,,
0xf898a587acc28ed0eff413e7dec36d33c318bea0,bsc,惯犯庄家（SIREN案·离场庄#1·核心链）,serial-actor,identity,serial-offenders,2026-07-22,SIREN分析2026-07-19 appendix whale_group「离场庄#1·核心链」,serial-offender,,,2026-07-19,2026-07-22,,
0xf8cedbea225def72ba050e1d33eaa356977b95f9,bsc,惯犯庄家（SIREN案·离场庄#1·核心链）,serial-actor,identity,serial-offenders,2026-07-22,SIREN分析2026-07-19 appendix whale_group「离场庄#1·核心链」,serial-offender,,,2026-07-19,2026-07-22,,
0xf8eb1dbab94aa705e2aaf734d7140ee3bb49cf0d,bsc,惯犯庄家（SIREN案·离场庄#1·核心链）,serial-actor,identity,serial-offenders,2026-07-22,SIREN分析2026-07-19 appendix whale_group「离场庄#1·核心链」,serial-offender,,,2026-07-19,2026-07-22,,
0xf936fd29a8641daf0e47b14ed463c078d979cd3d,bsc,惯犯庄家（QUQ案·大庄#1(刷量bot合约+EOA接力库存体系)）,serial-actor,identity,serial-offenders,2026-07-22,QUQ分析 appendix whale_group「大庄#1(刷量bot合约+EOA接力库存体系)」,serial-offender,,,2026-07-22,2026-07-22,,
0xf965b34f7e6b66950ce0b9d69a73d195b98a95aa,bsc,惯犯庄家（SIREN案·离场庄#1·核心链）,serial-actor,identity,serial-offenders,2026-07-22,SIREN分析2026-07-19 appendix whale_group「离场庄#1·核心链」,serial-offender,,,2026-07-19,2026-07-22,,
0xf9d1aea28e7e64e5b73f512548f8398232383ead,bsc,惯犯庄家（QUQ案·大庄#1(刷量bot合约+EOA接力库存体系)）,serial-actor,identity,serial-offenders,2026-07-22,QUQ分析 appendix whale_group「大庄#1(刷量bot合约+EOA接力库存体系)」,serial-offender,,,2026-07-22,2026-07-22,,
0xf9de33a560f8a1b42fe6bea12f38356cc26f8903,bsc,惯犯庄家（QUQ案·大庄#1(刷量bot合约+EOA接力库存体系)）,serial-actor,identity,serial-offenders,2026-07-22,QUQ分析 appendix whale_group「大庄#1(刷量bot合约+EOA接力库存体系)」,serial-offender,,,2026-07-22,2026-07-22,,
0xf9fc8a542c6f10e35062d27eb08c8024bf496812,bsc,惯犯庄家（SIREN案·离场庄#1·扩展与静置仓网）,serial-actor,identity,serial-offenders,2026-07-22,SIREN分析2026-07-19 appendix whale_group「离场庄#1·扩展与静置仓网」,serial-offender,,,2026-07-19,2026-07-22,,
0xfa09a310c34e391dac3c20455b956d43740bf44d,bsc,惯犯庄家（SIREN案·离场庄#1·核心链）,serial-actor,identity,serial-offenders,2026-07-22,SIREN分析2026-07-19 appendix whale_group「离场庄#1·核心链」,serial-offender,,,2026-07-19,2026-07-22,,
0xfa2ce041bbb6c66e5996883b9eceaa3c51855f2d,bsc,惯犯庄家（SIREN案·离场庄#1·核心链）,serial-actor,identity,serial-offenders,2026-07-22,SIREN分析2026-07-19 appendix whale_group「离场庄#1·核心链」,serial-offender,,,2026-07-19,2026-07-22,,
0xfa86d697ca6558927b6f35f51092c4bc6a187730,bsc,惯犯庄家（QUQ案·大庄#1(刷量bot合约+EOA接力库存体系)）,serial-actor,identity,serial-offenders,2026-07-22,QUQ分析 appendix whale_group「大庄#1(刷量bot合约+EOA接力库存体系)」,serial-offender,,,2026-07-22,2026-07-22,,
0xfaa21e6f1570bbbe91b0204d28945ae4f09fc224,bsc,惯犯庄家（SIREN案·离场庄#1·核心链）,serial-actor,identity,serial-offenders,2026-07-22,SIREN分析2026-07-19 appendix whale_group「离场庄#1·核心链」,serial-offender,,,2026-07-19,2026-07-22,,
0xfab91acaa24ff39b77c8bc3c9b5512efb2dbd518,bsc,惯犯庄家（SIREN案·离场庄#1·核心链）,serial-actor,identity,serial-offenders,2026-07-22,SIREN分析2026-07-19 appendix whale_group「离场庄#1·核心链」,serial-offender,,,2026-07-19,2026-07-22,,
0xfad9a6422152c257006a4dbb3374ae700e9d3a8a,bsc,惯犯庄家（QUQ案·大庄#1(刷量bot合约+EOA接力库存体系)）,serial-actor,identity,serial-offenders,2026-07-22,QUQ分析 appendix whale_group「大庄#1(刷量bot合约+EOA接力库存体系)」,serial-offender,,,2026-07-22,2026-07-22,,
0xfb66aaaef43b2f8840949abf477b3d5395386970,bsc,惯犯庄家（SIREN案·离场庄#1·核心链）,serial-actor,identity,serial-offenders,2026-07-22,SIREN分析2026-07-19 appendix whale_group「离场庄#1·核心链」,serial-offender,,,2026-07-19,2026-07-22,,
0xfb6def00618b17cadd437862acbd7dded9a2f8d9,bsc,惯犯庄家（SIREN案·离场庄#1·核心链）,serial-actor,identity,serial-offenders,2026-07-22,SIREN分析2026-07-19 appendix whale_group「离场庄#1·核心链」,serial-offender,,,2026-07-19,2026-07-22,,
0xfbcb6ddbba58953b50c66e62fa65aa23024d37de,bsc,惯犯庄家（SIREN案·离场庄#1·核心链）,serial-actor,identity,serial-offenders,2026-07-22,SIREN分析2026-07-19 appendix whale_group「离场庄#1·核心链」,serial-offender,,,2026-07-19,2026-07-22,,
0xfbf72733f9d882e53fe25ece0a852e20889404ba,bsc,惯犯庄家（SIREN案·离场庄#1·核心链）,serial-actor,identity,serial-offenders,2026-07-22,SIREN分析2026-07-19 appendix whale_group「离场庄#1·核心链」,serial-offender,,,2026-07-19,2026-07-22,,
0xfbfea97de75be3b15ae1df53d4b5f14cb03b75c7,bsc,惯犯庄家（SIREN案·离场庄#1·核心链）,serial-actor,identity,serial-offenders,2026-07-22,SIREN分析2026-07-19 appendix whale_group「离场庄#1·核心链」,serial-offender,,,2026-07-19,2026-07-22,,
0xfc51fbe3c2bb5ec83b25108770a13b7a97c9d523,bsc,惯犯庄家（SIREN案·离场庄#1·核心链）,serial-actor,identity,serial-offenders,2026-07-22,SIREN分析2026-07-19 appendix whale_group「离场庄#1·核心链」,serial-offender,,,2026-07-19,2026-07-22,,
0xfc84e5312b0b5be06049dfca1d24c029786921b9,bsc,惯犯庄家（SIREN案·离场庄#1·核心链）,serial-actor,identity,serial-offenders,2026-07-22,SIREN分析2026-07-19 appendix whale_group「离场庄#1·核心链」,serial-offender,,,2026-07-19,2026-07-22,,
0xfc86f22cfbc8bf1e290b84741ec4bd5186498831,bsc,惯犯庄家（SIREN案·离场庄#1·核心链）,serial-actor,identity,serial-offenders,2026-07-22,SIREN分析2026-07-19 appendix whale_group「离场庄#1·核心链」,serial-offender,,,2026-07-19,2026-07-22,,
0xfca61fb43bfb32e6a554f7ce66b35807bf3fa4db,bsc,惯犯庄家（SIREN案·离场庄#1·核心链）,serial-actor,identity,serial-offenders,2026-07-22,SIREN分析2026-07-19 appendix whale_group「离场庄#1·核心链」,serial-offender,,,2026-07-19,2026-07-22,,
0xfd0c9878f898818b746cfaa0baf1ef71106d907f,bsc,惯犯庄家（SIREN案·离场庄#1·核心链）,serial-actor,identity,serial-offenders,2026-07-22,SIREN分析2026-07-19 appendix whale_group「离场庄#1·核心链」,serial-offender,,,2026-07-19,2026-07-22,,
0xfd3799668be988b2d63a3fa84c1942c238e7c80c,bsc,惯犯庄家（SIREN案·离场庄#1·核心链）,serial-actor,identity,serial-offenders,2026-07-22,SIREN分析2026-07-19 appendix whale_group「离场庄#1·核心链」,serial-offender,,,2026-07-19,2026-07-22,,
0xfd39086b6c6f7f5eab7d21f7e034cb34ca6a93cf,bsc,惯犯庄家（SIREN案·离场庄#1·核心链）,serial-actor,identity,serial-offenders,2026-07-22,SIREN分析2026-07-19 appendix whale_group「离场庄#1·核心链」,serial-offender,,,2026-07-19,2026-07-22,,
0xfd4a2c90f1c0c530d1b9b8009538bf0a58b08935,bsc,惯犯庄家（SIREN案·离场庄#1·核心链）,serial-actor,identity,serial-offenders,2026-07-22,SIREN分析2026-07-19 appendix whale_group「离场庄#1·核心链」,serial-offender,,,2026-07-19,2026-07-22,,
0xfd4ea0eb884f07cfec3aaab371e1f677d89232b0,bsc,惯犯庄家（SIREN案·离场庄#1·核心链）,serial-actor,identity,serial-offenders,2026-07-22,SIREN分析2026-07-19 appendix whale_group「离场庄#1·核心链」,serial-offender,,,2026-07-19,2026-07-22,,
0xfda466e85ee4ce53dc7e189d1d9d7d06d3de824f,bsc,惯犯庄家（QUQ案·大庄#1(刷量bot合约+EOA接力库存体系)）,serial-actor,identity,serial-offenders,2026-07-22,QUQ分析 appendix whale_group「大庄#1(刷量bot合约+EOA接力库存体系)」,serial-offender,,,2026-07-22,2026-07-22,,
0xfda98f8d750a9aa4f634c1caced412f55a9593c8,bsc,惯犯庄家（SIREN案·离场庄#1·核心链）,serial-actor,identity,serial-offenders,2026-07-22,SIREN分析2026-07-19 appendix whale_group「离场庄#1·核心链」,serial-offender,,,2026-07-19,2026-07-22,,
0xfdb1bb09442501289c5cc03781fa0db9f8e97102,bsc,惯犯庄家（SIREN案·离场庄#1·核心链）,serial-actor,identity,serial-offenders,2026-07-22,SIREN分析2026-07-19 appendix whale_group「离场庄#1·核心链」,serial-offender,,,2026-07-19,2026-07-22,,
0xfdc5f4eb8cf68b6e82245736736ac972246fe38f,bsc,惯犯庄家（SIREN案·离场庄#1·核心链）,serial-actor,identity,serial-offenders,2026-07-22,SIREN分析2026-07-19 appendix whale_group「离场庄#1·核心链」,serial-offender,,,2026-07-19,2026-07-22,,
0xfe238dc765767626b0ecf7f6d185f8b002e10fbe,bsc,惯犯庄家（SIREN案·离场庄#1·核心链）,serial-actor,identity,serial-offenders,2026-07-22,SIREN分析2026-07-19 appendix whale_group「离场庄#1·核心链」,serial-offender,,,2026-07-19,2026-07-22,,
0xfe3817b30bb9068847d7bc4b8c0999d3210fef4f,bsc,惯犯庄家（QUQ案·大庄#1(刷量bot合约+EOA接力库存体系)）,serial-actor,identity,serial-offenders,2026-07-22,QUQ分析 appendix whale_group「大庄#1(刷量bot合约+EOA接力库存体系)」,serial-offender,,,2026-07-22,2026-07-22,,
0xfe390d62b4ef4227e7e0e37f1f9e23bc7e0a7eab,bsc,惯犯庄家（SIREN案·离场庄#1·核心链）,serial-actor,identity,serial-offenders,2026-07-22,SIREN分析2026-07-19 appendix whale_group「离场庄#1·核心链」,serial-offender,,,2026-07-19,2026-07-22,,
0xfe4c5187d724206ac5cdd3722a4b65efc8fed674,bsc,惯犯庄家（SIREN案·离场庄#1·核心链）,serial-actor,identity,serial-offenders,2026-07-22,SIREN分析2026-07-19 appendix whale_group「离场庄#1·核心链」,serial-offender,,,2026-07-19,2026-07-22,,
0xfe5bcc32063ced8384507d41c334ead5c70fbb56,bsc,惯犯庄家（SIREN案·离场庄#1·扩展与静置仓网）,serial-actor,identity,serial-offenders,2026-07-22,SIREN分析2026-07-19 appendix whale_group「离场庄#1·扩展与静置仓网」,serial-offender,,,2026-07-19,2026-07-22,,
0xfe633e2ee3b17cfd9e617ceae8c7847cfebdff8b,bsc,惯犯庄家（SIREN案·离场庄#1·核心链）,serial-actor,identity,serial-offenders,2026-07-22,SIREN分析2026-07-19 appendix whale_group「离场庄#1·核心链」,serial-offender,,,2026-07-19,2026-07-22,,
0xfe797129b16e2840d0cd6fcd68a208bb10382937,bsc,惯犯庄家（SIREN案·离场庄#1·核心链）,serial-actor,identity,serial-offenders,2026-07-22,SIREN分析2026-07-19 appendix whale_group「离场庄#1·核心链」,serial-offender,,,2026-07-19,2026-07-22,,
0xfef881560ab3de134570c1dd061fb3898e1bec80,bsc,惯犯庄家（SIREN案·离场庄#1·核心链）,serial-actor,identity,serial-offenders,2026-07-22,SIREN分析2026-07-19 appendix whale_group「离场庄#1·核心链」,serial-offender,,,2026-07-19,2026-07-22,,
0xfefc9ce6b1d531437d12b19ce44d6814635d574b,bsc,惯犯庄家（SIREN案·离场庄#1·核心链）,serial-actor,identity,serial-offenders,2026-07-22,SIREN分析2026-07-19 appendix whale_group「离场庄#1·核心链」,serial-offender,,,2026-07-19,2026-07-22,,
0xff312502f4e787944a7529e0548ec90b1272e649,bsc,惯犯庄家（SIREN案·离场庄#1·核心链）,serial-actor,identity,serial-offenders,2026-07-22,SIREN分析2026-07-19 appendix whale_group「离场庄#1·核心链」,serial-offender,,,2026-07-19,2026-07-22,,
0xff3c10f218e43fe5bfbce273b819934e9df6a8ae,bsc,惯犯庄家（SIREN案·离场庄#1·核心链）,serial-actor,identity,serial-offenders,2026-07-22,SIREN分析2026-07-19 appendix whale_group「离场庄#1·核心链」,serial-offender,,,2026-07-19,2026-07-22,,
0xff3d8824872e08c96f43089feca2fa8232a2505d,bsc,惯犯庄家（SIREN案·离场庄#1·核心链）,serial-actor,identity,serial-offenders,2026-07-22,SIREN分析2026-07-19 appendix whale_group「离场庄#1·核心链」,serial-offender,,,2026-07-19,2026-07-22,,
0xff93c87d0a532be4828cdcc5a021d3c28f22f51b,bsc,惯犯庄家（SIREN案·离场庄#1·核心链）,serial-actor,identity,serial-offenders,2026-07-22,SIREN分析2026-07-19 appendix whale_group「离场庄#1·核心链」,serial-offender,,,2026-07-19,2026-07-22,,
0xff950972e14234d826e4a9a48eb77066a21f2fec,bsc,惯犯庄家（QUQ案·大庄#1(刷量bot合约+EOA接力库存体系)）,serial-actor,identity,serial-offenders,2026-07-22,QUQ分析 appendix whale_group「大庄#1(刷量bot合约+EOA接力库存体系)」,serial-offender,,,2026-07-22,2026-07-22,,
0xfffa1e474a514f864587e6c49690f34c4b9d9eb4,bsc,惯犯庄家（SIREN案·离场庄#1·核心链）,serial-actor,identity,serial-offenders,2026-07-22,SIREN分析2026-07-19 appendix whale_group「离场庄#1·核心链」,serial-offender,,,2026-07-19,2026-07-22,,
0x0000000b96f62d772a0494100ef4494d834de457,robinhood,惯犯庄家（MEOW案·项目方）,serial-actor,identity,serial-offenders,2026-07-22,meow分析 appendix whale_group「项目方」（人工白名单：记忆存档实锤工作室）,serial-offender,,,2026-07-15,2026-07-22,,
0x0050991ec1a3714b1357dee80976bfb1da46d47c,robinhood,惯犯庄家（Index案·狙击集团）,serial-actor,identity,serial-offenders,2026-07-22,Index分析 appendix whale_group「狙击集团」,serial-offender,,,2026-07-17,2026-07-22,,
0x020017c8b121bfcc9a25ef80fd74c23742dbf336,robinhood,惯犯庄家（Index案·狙击集团）,serial-actor,identity,serial-offenders,2026-07-22,Index分析 appendix whale_group「狙击集团」,serial-offender,,,2026-07-17,2026-07-22,,
0x02be1f715ca3f66f0afe9897b7e4de44cd926256,robinhood,惯犯庄家（Index案·狙击集团）,serial-actor,identity,serial-offenders,2026-07-22,Index分析 appendix whale_group「狙击集团」,serial-offender,,,2026-07-17,2026-07-22,,
0x02d83c46b61c0c3da6bbdee02212fa820fb158eb,robinhood,惯犯庄家（CASHCAT案·狙击集团#1（旧庄#2·0x9f49出纳星座，标）,serial-actor,identity,serial-offenders,2026-07-22,CASHCAT分析 appendix whale_group「狙击集团#1（旧庄#2·0x9f49出纳星座，标准迁移）」,serial-offender,,,2026-07-15,2026-07-22,,
0x04ddd73040ba3ef121260b47fef0063a5c659330,robinhood,惯犯庄家（Index案·狙击集团）,serial-actor,identity,serial-offenders,2026-07-22,Index分析 appendix whale_group「狙击集团」,serial-offender,,,2026-07-17,2026-07-22,,
0x055569e1d61fce5046a5811d40b768d9af254563,robinhood,惯犯庄家（MEOW案·项目方）,serial-actor,identity,serial-offenders,2026-07-22,meow分析 appendix whale_group「项目方」（人工白名单：记忆存档实锤工作室）,serial-offender,,,2026-07-15,2026-07-22,,
0x0616bc8db84e1223fcc043839da1b4b4eda261ed,robinhood,惯犯庄家（NOXA案·狙击集团）,serial-actor,identity,serial-offenders,2026-07-22,NOXA分析 appendix whale_group「狙击集团」,serial-offender,,,2026-07-15,2026-07-22,,
0x06ed108e7a5cd7212600ac2de3f00185a7c82e8b,robinhood,惯犯庄家（CASHCAT案·项目方（旧庄#1·工作室核心，标准迁移））,serial-actor,identity,serial-offenders,2026-07-22,CASHCAT分析 appendix whale_group「项目方（旧庄#1·工作室核心，标准迁移）」（人工白名单：记忆存档实锤工作室）,serial-offender,,,2026-07-15,2026-07-22,,
0x0718f8232448815339e38012c87d96e96a7d1d88,robinhood,惯犯庄家（Index案·狙击集团）,serial-actor,identity,serial-offenders,2026-07-22,Index分析 appendix whale_group「狙击集团」,serial-offender,,,2026-07-17,2026-07-22,,
0x07cc42a7ee622fb5a8a71ba373cdc289802c2e83,robinhood,惯犯庄家（Index案·狙击集团）,serial-actor,identity,serial-offenders,2026-07-22,Index分析 appendix whale_group「狙击集团」,serial-offender,,,2026-07-17,2026-07-22,,
0x07cdaf0140c60a0c34681065abf49bb8d85b8cbe,robinhood,惯犯庄家（MEOW案·狙击集团#1）,serial-actor,identity,serial-offenders,2026-07-22,meow分析 appendix whale_group「狙击集团#1」,serial-offender,,,2026-07-15,2026-07-22,,
0x08451801c0304da497f1c8c615f4ae87d0beee99,robinhood,惯犯庄家（Index案·狙击集团）,serial-actor,identity,serial-offenders,2026-07-22,Index分析 appendix whale_group「狙击集团」,serial-offender,,,2026-07-17,2026-07-22,,
0x0862f2f645c64ad42b118798878c403d234841bb,robinhood,惯犯庄家（NOXA案·狙击集团）,serial-actor,identity,serial-offenders,2026-07-22,NOXA分析 appendix whale_group「狙击集团」,serial-offender,,,2026-07-15,2026-07-22,,
0x0872adda905d8b3325266cd32f1a5285b20034c1,robinhood,惯犯庄家（Index案·狙击集团）,serial-actor,identity,serial-offenders,2026-07-22,Index分析 appendix whale_group「狙击集团」,serial-offender,,,2026-07-17,2026-07-22,,
0x094ab30b7269e9deee21ad4e4898f60a433fbf56,robinhood,惯犯庄家（TRASH案·庄#4·e0e889母钱包簇(9址)·gas同源）,serial-actor,identity,serial-offenders,2026-07-22,TRASH分析 appendix whale_group「庄#4·e0e889母钱包簇(9址)·gas同源·基本离场」,serial-offender,,,2026-07-17,2026-07-22,,
0x09dc3c7418901089d3b9c67825d82424dee25f7d,robinhood,惯犯庄家（Index案·狙击集团）,serial-actor,identity,serial-offenders,2026-07-22,Index分析 appendix whale_group「狙击集团」,serial-offender,,,2026-07-17,2026-07-22,,
0x0bc6c2f7cc7e682a0c0a011ee27ffdb4e973e2f6,robinhood,惯犯庄家（Pointless案·狙击集团#1·ea57系）,serial-actor,identity,serial-offenders,2026-07-22,Pointless分析 appendix whale_group「狙击集团#1·ea57系」,serial-offender,,,block 1173,2026-07-22,,
0x0f0a21bffcc5227a218a15aa0c29817442393eee,robinhood,惯犯庄家（TRASH案·庄#1·多地址协同·拍卖集团(19址)·离场庄(）,serial-actor,identity,serial-offenders,2026-07-22,TRASH分析 appendix whale_group「庄#1·多地址协同·拍卖集团(19址)·离场庄(窗口回场吸筹)」,serial-offender,,,2026-07-17,2026-07-22,,
0x106022b035132e731ffb19651471e399b71b093d,robinhood,惯犯庄家（BEGGAR案·狙击集团）,serial-actor,identity,serial-offenders,2026-07-22,BEGGAR分析 appendix whale_group「狙击集团」,serial-offender,,,2026-07-17,2026-07-22,,
0x1188ececb8d9d406a6552c65e42e87f35b2cb72b,robinhood,惯犯庄家（CASHCAT案·项目方（旧庄#1·工作室核心，标准迁移））,serial-actor,identity,serial-offenders,2026-07-22,CASHCAT分析 appendix whale_group「项目方（旧庄#1·工作室核心，标准迁移）」（人工白名单：记忆存档实锤工作室）,serial-offender,,,2026-07-15,2026-07-22,,
0x11db1321c3f926334eb155d5fe704f6b2ff6a2f9,robinhood,惯犯庄家（Pointless案·狙击集团#4·3807系）,serial-actor,identity,serial-offenders,2026-07-22,Pointless分析 appendix whale_group「狙击集团#4·3807系」,serial-offender,,,block 1173,2026-07-22,,
0x123791770351ccfcc96a3dba2658fe4200a66584,robinhood,惯犯庄家（CASHCAT案·狙击集团#1（旧庄#2·0x9f49出纳星座，标）,serial-actor,identity,serial-offenders,2026-07-22,CASHCAT分析 appendix whale_group「狙击集团#1（旧庄#2·0x9f49出纳星座，标准迁移）」,serial-offender,,,2026-07-15,2026-07-22,,
0x124c4b71bcc1f9bb0c8b8c1413cb335a9cc7df04,robinhood,惯犯庄家（TRASH案·庄#1·多地址协同·拍卖集团(19址)·离场庄(）,serial-actor,identity,serial-offenders,2026-07-22,TRASH分析 appendix whale_group「庄#1·多地址协同·拍卖集团(19址)·离场庄(窗口回场吸筹)」,serial-offender,,,2026-07-17,2026-07-22,,
0x1379cd72f35c82719abd38c3ce759c44f8ffdd1c,robinhood,惯犯庄家（BEGGAR案·离场庄#1）+CASHCAT案,serial-actor,identity,serial-offenders,2026-07-22,BEGGAR分析 appendix whale_group「离场庄#1」；CASHCAT分析 appendix whale_group「项目方（旧庄#1·工作室核心，标准迁移）」（人工白名单：记忆存档实锤工作室）,serial-offender,,,2026-07-17,2026-07-22,,
0x14e468e79d14606035a86a6b068a93beada853f8,robinhood,惯犯庄家（Index案·狙击集团）,serial-actor,identity,serial-offenders,2026-07-22,Index分析 appendix whale_group「狙击集团」,serial-offender,,,2026-07-17,2026-07-22,,
0x16105576955f5c6beec4a2efc876234eb8a0a2de,robinhood,惯犯庄家（CASHCAT案·项目方（旧庄#1·工作室核心，标准迁移））,serial-actor,identity,serial-offenders,2026-07-22,CASHCAT分析 appendix whale_group「项目方（旧庄#1·工作室核心，标准迁移）」（人工白名单：记忆存档实锤工作室）,serial-offender,,,2026-07-15,2026-07-22,,
0x16657de1a0faac319359d6dc15d31b355cb535c0,robinhood,惯犯庄家（CASHCAT案·项目方（旧庄#1·工作室核心，标准迁移））+NOXA案,serial-actor,identity,serial-offenders,2026-07-22,CASHCAT分析 appendix whale_group「项目方（旧庄#1·工作室核心，标准迁移）」（人工白名单：记忆存档实锤工作室）；NOXA分析 appendix whale_group「狙击集团」,serial-offender,,,2026-07-15,2026-07-22,,
0x17a22320470b5b0e6e5633a01a9979497dbe53ad,robinhood,惯犯庄家（Index案·狙击集团）,serial-actor,identity,serial-offenders,2026-07-22,Index分析 appendix whale_group「狙击集团」,serial-offender,,,2026-07-17,2026-07-22,,
0x18a217a35aafc789d4c908f34c63552dcee7b5b2,robinhood,惯犯庄家（Index案·狙击集团）,serial-actor,identity,serial-offenders,2026-07-22,Index分析 appendix whale_group「狙击集团」,serial-offender,,,2026-07-17,2026-07-22,,
0x190b5b581e80db6a0213e6c993e9d082a54721a3,robinhood,惯犯庄家（Index案·狙击集团）,serial-actor,identity,serial-offenders,2026-07-22,Index分析 appendix whale_group「狙击集团」,serial-offender,,,2026-07-17,2026-07-22,,
0x1984305458e75621ddf0d0b5247aa753091f359c,robinhood,惯犯庄家（CASHCAT案·项目方（旧庄#1·工作室核心，标准迁移））,serial-actor,identity,serial-offenders,2026-07-22,CASHCAT分析 appendix whale_group「项目方（旧庄#1·工作室核心，标准迁移）」（人工白名单：记忆存档实锤工作室）,serial-offender,,,2026-07-15,2026-07-22,,
0x19bb987c2357ced333beb27845af559b9999208a,robinhood,惯犯庄家（Index案·狙击集团）,serial-actor,identity,serial-offenders,2026-07-22,Index分析 appendix whale_group「狙击集团」,serial-offender,,,2026-07-17,2026-07-22,,
0x1a7c2839b016bee78c0a5fe84d9751ad45331113,robinhood,惯犯庄家（TRASH案·庄#1·多地址协同·拍卖集团(19址)·离场庄(）,serial-actor,identity,serial-offenders,2026-07-22,TRASH分析 appendix whale_group「庄#1·多地址协同·拍卖集团(19址)·离场庄(窗口回场吸筹)」,serial-offender,,,2026-07-17,2026-07-22,,
0x1b4f03245543d6e2be4e2779d8c6be993df512e5,robinhood,惯犯庄家（BEGGAR案·狙击集团）,serial-actor,identity,serial-offenders,2026-07-22,BEGGAR分析 appendix whale_group「狙击集团」,serial-offender,,,2026-07-17,2026-07-22,,
0x1b975315b4b254c9ce39a1b19e554bcde9b0d3a3,robinhood,惯犯庄家（Index案·狙击集团）,serial-actor,identity,serial-offenders,2026-07-22,Index分析 appendix whale_group「狙击集团」,serial-offender,,,2026-07-17,2026-07-22,,
0x1bda647c4432842fd0425ed00428b1ddde7e21a2,robinhood,惯犯庄家（TRASH案·庄#1·多地址协同·拍卖集团(19址)·离场庄(）,serial-actor,identity,serial-offenders,2026-07-22,TRASH分析 appendix whale_group「庄#1·多地址协同·拍卖集团(19址)·离场庄(窗口回场吸筹)」,serial-offender,,,2026-07-17,2026-07-22,,
0x1cd026a1d83f8077100c9e98ccd29507a7b8844e,robinhood,惯犯庄家（CASHCAT案·狙击集团#1（旧庄#2·0x9f49出纳星座，标）,serial-actor,identity,serial-offenders,2026-07-22,CASHCAT分析 appendix whale_group「狙击集团#1（旧庄#2·0x9f49出纳星座，标准迁移）」,serial-offender,,,2026-07-15,2026-07-22,,
0x1cd29401d9154c743d546250f77c0de301e1371f,robinhood,惯犯庄家（Index案·狙击集团）,serial-actor,identity,serial-offenders,2026-07-22,Index分析 appendix whale_group「狙击集团」,serial-offender,,,2026-07-17,2026-07-22,,
0x1ee4aec751ab97a6f1f60b87c48e52387eee91de,robinhood,惯犯庄家（GME案·小庄#1）,serial-actor,identity,serial-offenders,2026-07-22,GME分析 appendix whale_group「小庄#1」,serial-offender,,,2026-07-15,2026-07-22,,
0x1f135172c595e4500663bd07b6e4c131187d50ef,robinhood,惯犯庄家（Index案·狙击集团）,serial-actor,identity,serial-offenders,2026-07-22,Index分析 appendix whale_group「狙击集团」,serial-offender,,,2026-07-17,2026-07-22,,
0x1f9a213e18b14b5b79915731bbaf9f3fc8f5d605,robinhood,惯犯庄家（Index案·狙击集团）,serial-actor,identity,serial-offenders,2026-07-22,Index分析 appendix whale_group「狙击集团」,serial-offender,,,2026-07-17,2026-07-22,,
0x2254b804c64091457f48567e76fee730a05a4c2a,robinhood,惯犯庄家（TRASH案·庄#1·多地址协同·拍卖集团(19址)·离场庄(）,serial-actor,identity,serial-offenders,2026-07-22,TRASH分析 appendix whale_group「庄#1·多地址协同·拍卖集团(19址)·离场庄(窗口回场吸筹)」,serial-offender,,,2026-07-17,2026-07-22,,
0x22d5237ecd767efbcd84377e9d1f1548752c1360,robinhood,惯犯庄家（Index案·狙击集团）,serial-actor,identity,serial-offenders,2026-07-22,Index分析 appendix whale_group「狙击集团」,serial-offender,,,2026-07-17,2026-07-22,,
0x249b697e462829acda803446ee2cd5a965977453,robinhood,惯犯庄家（CASHCAT案·项目方（旧庄#1·工作室核心，标准迁移））,serial-actor,identity,serial-offenders,2026-07-22,CASHCAT分析 appendix whale_group「项目方（旧庄#1·工作室核心，标准迁移）」（人工白名单：记忆存档实锤工作室）,serial-offender,,,2026-07-15,2026-07-22,,
0x255a80c3307011abc09669114627edece667a743,robinhood,惯犯庄家（CASHCAT案·狙击集团#2（旧庄#3·0x79e3供养星座，标）,serial-actor,identity,serial-offenders,2026-07-22,CASHCAT分析 appendix whale_group「狙击集团#2（旧庄#3·0x79e3供养星座，标准迁移）」,serial-offender,,,2026-07-15,2026-07-22,,
0x25af97786b4edb953874bf2deb1c96b089991534,robinhood,惯犯庄家（BEGGAR案·离场庄#1）,serial-actor,identity,serial-offenders,2026-07-22,BEGGAR分析 appendix whale_group「离场庄#1」,serial-offender,,,2026-07-17,2026-07-22,,
0x263f8b8f9f68e8bf74e2523a38ce9ab8fa2d0f79,robinhood,惯犯庄家（Index案·狙击集团）,serial-actor,identity,serial-offenders,2026-07-22,Index分析 appendix whale_group「狙击集团」,serial-offender,,,2026-07-17,2026-07-22,,
0x26ade8473b2c9f6a64d109b7259bc599da81b91b,robinhood,惯犯庄家（BEGGAR案·狙击集团）,serial-actor,identity,serial-offenders,2026-07-22,BEGGAR分析 appendix whale_group「狙击集团」,serial-offender,,,2026-07-17,2026-07-22,,
0x2891884c0820ddf29d0c917c03c7f16b69c0057d,robinhood,惯犯庄家（BEGGAR案·离场庄#1）,serial-actor,identity,serial-offenders,2026-07-22,BEGGAR分析 appendix whale_group「离场庄#1」,serial-offender,,,2026-07-17,2026-07-22,,
0x292dec9dbe85f574854b04eb24973d2dc3eee72f,robinhood,惯犯庄家（DUMBMONEY案·小庄#1）,serial-actor,identity,serial-offenders,2026-07-22,DUMBMONEY分析 appendix whale_group「小庄#1」,serial-offender,,,2026-07-17,2026-07-22,,
0x29e1dfe55ae0ab953d424f62a0625149bc39b068,robinhood,惯犯庄家（TRASH案·庄#4·e0e889母钱包簇(9址)·gas同源）,serial-actor,identity,serial-offenders,2026-07-22,TRASH分析 appendix whale_group「庄#4·e0e889母钱包簇(9址)·gas同源·基本离场」,serial-offender,,,2026-07-17,2026-07-22,,
0x2af5726142562c79d739535903f7d34c6e02a8ca,robinhood,惯犯庄家（Index案·狙击集团）,serial-actor,identity,serial-offenders,2026-07-22,Index分析 appendix whale_group「狙击集团」,serial-offender,,,2026-07-17,2026-07-22,,
0x2d89671b6a79b9b542cfeb289bf0ad52f7be3676,robinhood,惯犯庄家（GME案·小庄#1）,serial-actor,identity,serial-offenders,2026-07-22,GME分析 appendix whale_group「小庄#1」,serial-offender,,,2026-07-15,2026-07-22,,
0x2d8b38ebaac9ed8d7feb5ad7c4468a490fbb81e3,robinhood,惯犯庄家（GME案·小庄#1）,serial-actor,identity,serial-offenders,2026-07-22,GME分析 appendix whale_group「小庄#1」,serial-offender,,,2026-07-15,2026-07-22,,
0x2ea507dd0befbdb2b1649168aec36599739252da,robinhood,惯犯庄家（MEOW案·项目方）,serial-actor,identity,serial-offenders,2026-07-22,meow分析 appendix whale_group「项目方」（人工白名单：记忆存档实锤工作室）,serial-offender,,,2026-07-15,2026-07-22,,
0x2ecdae85733d7a76a4388617f15326946de92df1,robinhood,惯犯庄家（Index案·狙击集团）,serial-actor,identity,serial-offenders,2026-07-22,Index分析 appendix whale_group「狙击集团」,serial-offender,,,2026-07-17,2026-07-22,,
0x2f6113d7a5dd0da94b4a099dbd797993582b1937,robinhood,惯犯庄家（Index案·狙击集团）,serial-actor,identity,serial-offenders,2026-07-22,Index分析 appendix whale_group「狙击集团」,serial-offender,,,2026-07-17,2026-07-22,,
0x31903817736130538a8805ff9dcdea22a6c7ef79,robinhood,惯犯庄家（Pointless案·狙击集团#4·3807系）,serial-actor,identity,serial-offenders,2026-07-22,Pointless分析 appendix whale_group「狙击集团#4·3807系」,serial-offender,,,block 1173,2026-07-22,,
0x31a4f8801db59bfd6715186421c65a14bdfc1763,robinhood,惯犯庄家（BEGGAR案·离场庄#1）,serial-actor,identity,serial-offenders,2026-07-22,BEGGAR分析 appendix whale_group「离场庄#1」,serial-offender,,,2026-07-17,2026-07-22,,
0x31ac6ee3d0bbf6f2de75b9a1309369eed73408af,robinhood,惯犯庄家（CASHCAT案·狙击集团#1（旧庄#2·0x9f49出纳星座，标）,serial-actor,identity,serial-offenders,2026-07-22,CASHCAT分析 appendix whale_group「狙击集团#1（旧庄#2·0x9f49出纳星座，标准迁移）」,serial-offender,,,2026-07-15,2026-07-22,,
0x32c34a18cc5fd58c0ece1e472e9bf95de8906a8a,robinhood,惯犯庄家（CASHCAT案·项目方（旧庄#1·工作室核心，标准迁移））,serial-actor,identity,serial-offenders,2026-07-22,CASHCAT分析 appendix whale_group「项目方（旧庄#1·工作室核心，标准迁移）」（人工白名单：记忆存档实锤工作室）,serial-offender,,,2026-07-15,2026-07-22,,
0x331cc2e56c657126f7a986419040838cf446eb93,robinhood,惯犯庄家（MEOW案·狙击集团#1）,serial-actor,identity,serial-offenders,2026-07-22,meow分析 appendix whale_group「狙击集团#1」,serial-offender,,,2026-07-15,2026-07-22,,
0x36d915bdde36de9e062526ba46a171afa8768f90,robinhood,惯犯庄家（CASHCAT案·项目方（旧庄#1·工作室核心，标准迁移））+DUMBMONEY案,serial-actor,identity,serial-offenders,2026-07-22,CASHCAT分析 appendix whale_group「项目方（旧庄#1·工作室核心，标准迁移）」（人工白名单：记忆存档实锤工作室）；DUMBMONEY分析 appendix whale_group「离场庄#1」,serial-offender,,,2026-07-15,2026-07-22,,
0x36f987da605928f41b799231b22e53a0eda30f79,robinhood,惯犯庄家（TRASH案·庄#4·e0e889母钱包簇(9址)·gas同源）,serial-actor,identity,serial-offenders,2026-07-22,TRASH分析 appendix whale_group「庄#4·e0e889母钱包簇(9址)·gas同源·基本离场」,serial-offender,,,2026-07-17,2026-07-22,,
0x3807771db053dae9ead980692b6ef85c9c10f0bd,robinhood,惯犯庄家（Pointless案·狙击集团#4·3807系）,serial-actor,identity,serial-offenders,2026-07-22,Pointless分析 appendix whale_group「狙击集团#4·3807系」,serial-offender,,,block 1173,2026-07-22,,
0x383d393dd793ab5a08b0925ef8e1d9c837b70ced,robinhood,惯犯庄家（Index案·狙击集团）,serial-actor,identity,serial-offenders,2026-07-22,Index分析 appendix whale_group「狙击集团」,serial-offender,,,2026-07-17,2026-07-22,,
0x38461ef923d9a7b24e7c092909f2eb23ba8ee3a0,robinhood,惯犯庄家（Index案·狙击集团）,serial-actor,identity,serial-offenders,2026-07-22,Index分析 appendix whale_group「狙击集团」,serial-offender,,,2026-07-17,2026-07-22,,
0x38cc230d2e553b4c73bc5ba63dc022ffbd9a28e4,robinhood,惯犯庄家（CASHCAT案·项目方（旧庄#1·工作室核心，标准迁移））,serial-actor,identity,serial-offenders,2026-07-22,CASHCAT分析 appendix whale_group「项目方（旧庄#1·工作室核心，标准迁移）」（人工白名单：记忆存档实锤工作室）,serial-offender,,,2026-07-15,2026-07-22,,
0x3937b5f8ac3d50b5f3cd3f0921c3e9b5bfd6d27f,robinhood,惯犯庄家（CASHCAT案·狙击集团#1（旧庄#2·0x9f49出纳星座，标）,serial-actor,identity,serial-offenders,2026-07-22,CASHCAT分析 appendix whale_group「狙击集团#1（旧庄#2·0x9f49出纳星座，标准迁移）」,serial-offender,,,2026-07-15,2026-07-22,,
0x3b1dc8b04159a457f4f5e0ab86b01fa5a0b2f55c,robinhood,惯犯庄家（CASHCAT案·项目方（旧庄#1·工作室核心，标准迁移））,serial-actor,identity,serial-offenders,2026-07-22,CASHCAT分析 appendix whale_group「项目方（旧庄#1·工作室核心，标准迁移）」（人工白名单：记忆存档实锤工作室）,serial-offender,,,2026-07-15,2026-07-22,,
0x3c3dcc802640540dccde7a4fe0f28f9bf8a6a71f,robinhood,惯犯庄家（Index案·狙击集团）,serial-actor,identity,serial-offenders,2026-07-22,Index分析 appendix whale_group「狙击集团」,serial-offender,,,2026-07-17,2026-07-22,,
0x3c7705389bb2a3a5393695042f277ba1db4cc4e9,robinhood,惯犯庄家（Index案·狙击集团）,serial-actor,identity,serial-offenders,2026-07-22,Index分析 appendix whale_group「狙击集团」,serial-offender,,,2026-07-17,2026-07-22,,
0x3d4c53359692d2464252583bc98aed98ba04293a,robinhood,惯犯庄家（COMPUTE案·庄#1·0xDD49·双地址·静止重仓）,serial-actor,identity,serial-offenders,2026-07-22,COMPUTE分析 appendix whale_group「庄#1·0xDD49·双地址·静止重仓」,serial-offender,,,2026-07-12,2026-07-22,,
0x3ea8491a8f4bcd59e4b138fd27eac24622836363,robinhood,惯犯庄家（TRASH案·庄#1·多地址协同·拍卖集团(19址)·离场庄(）,serial-actor,identity,serial-offenders,2026-07-22,TRASH分析 appendix whale_group「庄#1·多地址协同·拍卖集团(19址)·离场庄(窗口回场吸筹)」,serial-offender,,,2026-07-17,2026-07-22,,
0x3eb08738deda6705f71777ca9e9575360801442e,robinhood,惯犯庄家（Pointless案·狙击集团#4·3807系）,serial-actor,identity,serial-offenders,2026-07-22,Pointless分析 appendix whale_group「狙击集团#4·3807系」,serial-offender,,,block 1173,2026-07-22,,
0x3ef2bb3cc81a78ff84ffa6494a539a28e355758b,robinhood,惯犯庄家（Index案·狙击集团）,serial-actor,identity,serial-offenders,2026-07-22,Index分析 appendix whale_group「狙击集团」,serial-offender,,,2026-07-17,2026-07-22,,
0x41879300d96950bdb3f03992bdbb6d733649fb64,robinhood,惯犯庄家（BEGGAR案·离场庄#1）,serial-actor,identity,serial-offenders,2026-07-22,BEGGAR分析 appendix whale_group「离场庄#1」,serial-offender,,,2026-07-17,2026-07-22,,
0x452dc198eb970456ff28ee91a3409c393577b6dd,robinhood,惯犯庄家（CASHCAT案·项目方（旧庄#1·工作室核心，标准迁移））+DUMBMONEY案,serial-actor,identity,serial-offenders,2026-07-22,CASHCAT分析 appendix whale_group「项目方（旧庄#1·工作室核心，标准迁移）」（人工白名单：记忆存档实锤工作室）；DUMBMONEY分析 appendix whale_group「离场庄#1」,serial-offender,,,2026-07-15,2026-07-22,,
0x46193bd68ea3f05ca2dfe16c88b564e74acbcee0,robinhood,惯犯庄家（CASHCAT案·项目方（旧庄#1·工作室核心，标准迁移））,serial-actor,identity,serial-offenders,2026-07-22,CASHCAT分析 appendix whale_group「项目方（旧庄#1·工作室核心，标准迁移）」（人工白名单：记忆存档实锤工作室）,serial-offender,,,2026-07-15,2026-07-22,,
0x46b8a7fd36509b9877fd40c4fa96608166e39d82,robinhood,惯犯庄家（TRASH案·庄#1·多地址协同·拍卖集团(19址)·离场庄(）,serial-actor,identity,serial-offenders,2026-07-22,TRASH分析 appendix whale_group「庄#1·多地址协同·拍卖集团(19址)·离场庄(窗口回场吸筹)」,serial-offender,,,2026-07-17,2026-07-22,,
0x490a46dcccec18f4181516451c0eaacdff4f3498,robinhood,惯犯庄家（CASHCAT案·项目方（旧庄#1·工作室核心，标准迁移））,serial-actor,identity,serial-offenders,2026-07-22,CASHCAT分析 appendix whale_group「项目方（旧庄#1·工作室核心，标准迁移）」（人工白名单：记忆存档实锤工作室）,serial-offender,,,2026-07-15,2026-07-22,,
0x4a5b304ded44a521ffece44a6386fa2014d96f7d,robinhood,惯犯庄家（CASHCAT案·狙击集团#2（旧庄#3·0x79e3供养星座，标）,serial-actor,identity,serial-offenders,2026-07-22,CASHCAT分析 appendix whale_group「狙击集团#2（旧庄#3·0x79e3供养星座，标准迁移）」,serial-offender,,,2026-07-15,2026-07-22,,
0x4bb692c242b6f9830ca53c1c61ff303d98b8ba38,robinhood,惯犯庄家（NOXA案·离场庄）,serial-actor,identity,serial-offenders,2026-07-22,NOXA分析 appendix whale_group「离场庄」,serial-offender,,,2026-07-15,2026-07-22,,
0x4c9064c39d549dd09fc9b49af27ecb02942525a2,robinhood,惯犯庄家（CASHCAT案·项目方（旧庄#1·工作室核心，标准迁移））,serial-actor,identity,serial-offenders,2026-07-22,CASHCAT分析 appendix whale_group「项目方（旧庄#1·工作室核心，标准迁移）」（人工白名单：记忆存档实锤工作室）,serial-offender,,,2026-07-15,2026-07-22,,
0x4e088eae43263f46b78925327416e7925e65b44b,robinhood,惯犯庄家（Pointless案·狙击集团#1·ea57系）,serial-actor,identity,serial-offenders,2026-07-22,Pointless分析 appendix whale_group「狙击集团#1·ea57系」,serial-offender,,,block 1173,2026-07-22,,
0x4e27aa4220c2d2cbc9ba93200a90cd59d5f4f68d,robinhood,惯犯庄家（Index案·狙击集团）,serial-actor,identity,serial-offenders,2026-07-22,Index分析 appendix whale_group「狙击集团」,serial-offender,,,2026-07-17,2026-07-22,,
0x4ef8f9034d649ce1ce4aac329d43e86997ffe08d,robinhood,惯犯庄家（Pointless案·狙击集团#3·4ef8系）,serial-actor,identity,serial-offenders,2026-07-22,Pointless分析 appendix whale_group「狙击集团#3·4ef8系」,serial-offender,,,block 1173,2026-07-22,,
0x4f1cb5264206e180aa6d288578acd6b5cd2ed641,robinhood,惯犯庄家（TRASH案·庄#3·五胞胎狙击簇(5址)·gas同源·已离场）,serial-actor,identity,serial-offenders,2026-07-22,TRASH分析 appendix whale_group「庄#3·五胞胎狙击簇(5址)·gas同源·已离场」,serial-offender,,,2026-07-17,2026-07-22,,
0x4f31f6403e313cf14c39c4614d2c0b24580c635a,robinhood,惯犯庄家（Index案·狙击集团）,serial-actor,identity,serial-offenders,2026-07-22,Index分析 appendix whale_group「狙击集团」,serial-offender,,,2026-07-17,2026-07-22,,
0x4f550d4ba6b6e94f7643f8f64430b6d02866d572,robinhood,惯犯庄家（Index案·狙击集团）,serial-actor,identity,serial-offenders,2026-07-22,Index分析 appendix whale_group「狙击集团」,serial-offender,,,2026-07-17,2026-07-22,,
0x4f89427e74056a25ed5485f50a18b1ef2b90944e,robinhood,惯犯庄家（Index案·狙击集团）,serial-actor,identity,serial-offenders,2026-07-22,Index分析 appendix whale_group「狙击集团」,serial-offender,,,2026-07-17,2026-07-22,,
0x509359d47a23e19978668c74c0dbc699de5e8bff,robinhood,惯犯庄家（NOXA案·离场庄）,serial-actor,identity,serial-offenders,2026-07-22,NOXA分析 appendix whale_group「离场庄」,serial-offender,,,2026-07-15,2026-07-22,,
0x510dcb4deedf12e89b156d11b990752eb7653e66,robinhood,惯犯庄家（CASHCAT案·狙击集团#2（旧庄#3·0x79e3供养星座，标）,serial-actor,identity,serial-offenders,2026-07-22,CASHCAT分析 appendix whale_group「狙击集团#2（旧庄#3·0x79e3供养星座，标准迁移）」,serial-offender,,,2026-07-15,2026-07-22,,
0x5214eed778fd780b270c47dd99600433cfdf7841,robinhood,惯犯庄家（CASHCAT案·项目方（旧庄#1·工作室核心，标准迁移））,serial-actor,identity,serial-offenders,2026-07-22,CASHCAT分析 appendix whale_group「项目方（旧庄#1·工作室核心，标准迁移）」（人工白名单：记忆存档实锤工作室）,serial-offender,,,2026-07-15,2026-07-22,,
0x5388668c4fa8da7f756ef8498ff24d7999999999,robinhood,惯犯庄家（Pointless案·狙击集团#4·3807系）,serial-actor,identity,serial-offenders,2026-07-22,Pointless分析 appendix whale_group「狙击集团#4·3807系」,serial-offender,,,block 1173,2026-07-22,,
0x55faf12468d118545882afd819cabe5b6f7a9840,robinhood,惯犯庄家（CASHCAT案·项目方（旧庄#1·工作室核心，标准迁移））,serial-actor,identity,serial-offenders,2026-07-22,CASHCAT分析 appendix whale_group「项目方（旧庄#1·工作室核心，标准迁移）」（人工白名单：记忆存档实锤工作室）,serial-offender,,,2026-07-15,2026-07-22,,
0x5638484ba2d2f1d1d35020572b0aa439a9869192,robinhood,惯犯庄家（CASHCAT案·项目方（旧庄#1·工作室核心，标准迁移））,serial-actor,identity,serial-offenders,2026-07-22,CASHCAT分析 appendix whale_group「项目方（旧庄#1·工作室核心，标准迁移）」（人工白名单：记忆存档实锤工作室）,serial-offender,,,2026-07-15,2026-07-22,,
0x5788858ed0ad70dea5056738b7ffd1810eacb84f,robinhood,惯犯庄家（CASHCAT案·项目方（旧庄#1·工作室核心，标准迁移））,serial-actor,identity,serial-offenders,2026-07-22,CASHCAT分析 appendix whale_group「项目方（旧庄#1·工作室核心，标准迁移）」（人工白名单：记忆存档实锤工作室）,serial-offender,,,2026-07-15,2026-07-22,,
0x58fd32286990382037c7cda9d3c473d5a8e1e8cc,robinhood,惯犯庄家（Pointless案·狙击集团#2·635e系）,serial-actor,identity,serial-offenders,2026-07-22,Pointless分析 appendix whale_group「狙击集团#2·635e系」,serial-offender,,,block 1173,2026-07-22,,
0x5c03036a998c38a54f854b01552149f86fe6025d,robinhood,惯犯庄家（CASHCAT案·狙击集团#1（旧庄#2·0x9f49出纳星座，标）,serial-actor,identity,serial-offenders,2026-07-22,CASHCAT分析 appendix whale_group「狙击集团#1（旧庄#2·0x9f49出纳星座，标准迁移）」,serial-offender,,,2026-07-15,2026-07-22,,
0x5c7c18ef518821957b3e7d07056e6346a4590119,robinhood,惯犯庄家（CASHCAT案·项目方（旧庄#1·工作室核心，标准迁移））,serial-actor,identity,serial-offenders,2026-07-22,CASHCAT分析 appendix whale_group「项目方（旧庄#1·工作室核心，标准迁移）」（人工白名单：记忆存档实锤工作室）,serial-offender,,,2026-07-15,2026-07-22,,
0x5d6c57466756e5963b402b7f9b9c29ccd202f4fb,robinhood,惯犯庄家（MEOW案·项目方）,serial-actor,identity,serial-offenders,2026-07-22,meow分析 appendix whale_group「项目方」（人工白名单：记忆存档实锤工作室）,serial-offender,,,2026-07-15,2026-07-22,,
0x5ea7820dcd97ed43e9075aa6982472c454554402,robinhood,惯犯庄家（Index案·狙击集团）,serial-actor,identity,serial-offenders,2026-07-22,Index分析 appendix whale_group「狙击集团」,serial-offender,,,2026-07-17,2026-07-22,,
0x60289ad360193c9aa557a7f66409ff4cc4126692,robinhood,惯犯庄家（Index案·狙击集团）+TRASH案,serial-actor,identity,serial-offenders,2026-07-22,Index分析 appendix whale_group「狙击集团」；TRASH分析 appendix whale_group「庄#1·多地址协同·拍卖集团(19址)·离场庄(窗口回场吸筹)」,serial-offender,,,2026-07-17,2026-07-22,,
0x61bf48e724718802193080ca73948680bd3c9bb0,robinhood,惯犯庄家（Index案·狙击集团）,serial-actor,identity,serial-offenders,2026-07-22,Index分析 appendix whale_group「狙击集团」,serial-offender,,,2026-07-17,2026-07-22,,
0x61e1de40854cae288a11feb9b28a064df14d29ef,robinhood,惯犯庄家（Pointless案·狙击集团#4·3807系）,serial-actor,identity,serial-offenders,2026-07-22,Pointless分析 appendix whale_group「狙击集团#4·3807系」,serial-offender,,,block 1173,2026-07-22,,
0x620de364f8856ee370fd3e4cab6809cc9f540263,robinhood,惯犯庄家（TRASH案·庄#3·五胞胎狙击簇(5址)·gas同源·已离场）,serial-actor,identity,serial-offenders,2026-07-22,TRASH分析 appendix whale_group「庄#3·五胞胎狙击簇(5址)·gas同源·已离场」,serial-offender,,,2026-07-17,2026-07-22,,
0x635e93574f9359006c709e935afa450ba50fd61d,robinhood,惯犯庄家（Pointless案·狙击集团#2·635e系）,serial-actor,identity,serial-offenders,2026-07-22,Pointless分析 appendix whale_group「狙击集团#2·635e系」,serial-offender,,,block 1173,2026-07-22,,
0x642e338c5abfa481c272c1a638d3f4fce61bb796,robinhood,惯犯庄家（Index案·狙击集团）,serial-actor,identity,serial-offenders,2026-07-22,Index分析 appendix whale_group「狙击集团」,serial-offender,,,2026-07-17,2026-07-22,,
0x6572bc35c620943da39822a0326fcc9793652e30,robinhood,惯犯庄家（Index案·狙击集团）,serial-actor,identity,serial-offenders,2026-07-22,Index分析 appendix whale_group「狙击集团」,serial-offender,,,2026-07-17,2026-07-22,,
0x65cafcd52055f287ffbda9f8c67dba6f93200ba8,robinhood,惯犯庄家（Index案·狙击集团）,serial-actor,identity,serial-offenders,2026-07-22,Index分析 appendix whale_group「狙击集团」,serial-offender,,,2026-07-17,2026-07-22,,
0x68634e035322376a824b69af143fb087ea214d55,robinhood,惯犯庄家（TRASH案·庄#4·e0e889母钱包簇(9址)·gas同源）,serial-actor,identity,serial-offenders,2026-07-22,TRASH分析 appendix whale_group「庄#4·e0e889母钱包簇(9址)·gas同源·基本离场」,serial-offender,,,2026-07-17,2026-07-22,,
0x68783ce26215837359fc3e8c7cb59e93f2fb7236,robinhood,惯犯庄家（Index案·狙击集团）,serial-actor,identity,serial-offenders,2026-07-22,Index分析 appendix whale_group「狙击集团」,serial-offender,,,2026-07-17,2026-07-22,,
0x6a2b632b8c8676fa1aa269aee66176adbf016ee1,robinhood,惯犯庄家（GME案·小庄#1）,serial-actor,identity,serial-offenders,2026-07-22,GME分析 appendix whale_group「小庄#1」,serial-offender,,,2026-07-15,2026-07-22,,
0x6d8ac75d911bf7339fcf414ea79ae1edde18dabc,robinhood,惯犯庄家（BEGGAR案·离场庄#1）+CASHCAT案,serial-actor,identity,serial-offenders,2026-07-22,BEGGAR分析 appendix whale_group「离场庄#1」；CASHCAT分析 appendix whale_group「项目方（旧庄#1·工作室核心，标准迁移）」（人工白名单：记忆存档实锤工作室）,serial-offender,,,2026-07-17,2026-07-22,,
0x6e95d13d190a814aeaa864d5a19fce405654e4b8,robinhood,惯犯庄家（Index案·狙击集团）,serial-actor,identity,serial-offenders,2026-07-22,Index分析 appendix whale_group「狙击集团」,serial-offender,,,2026-07-17,2026-07-22,,
0x6ed177d63d32f379184481319c168672b35ea7ce,robinhood,惯犯庄家（Index案·狙击集团）,serial-actor,identity,serial-offenders,2026-07-22,Index分析 appendix whale_group「狙击集团」,serial-offender,,,2026-07-17,2026-07-22,,
0x6ee9d2bfc6a0e95b2f7d089d2535c26283354e43,robinhood,惯犯庄家（BEGGAR案·离场庄#1）,serial-actor,identity,serial-offenders,2026-07-22,BEGGAR分析 appendix whale_group「离场庄#1」,serial-offender,,,2026-07-17,2026-07-22,,
0x6fd2e7fa124b7d9d021935d1f99ded0d92dffaa8,robinhood,惯犯庄家（Index案·狙击集团）,serial-actor,identity,serial-offenders,2026-07-22,Index分析 appendix whale_group「狙击集团」,serial-offender,,,2026-07-17,2026-07-22,,
0x7123a1dea605ff14ddf768c66e47f7d17b85fdef,robinhood,惯犯庄家（Index案·狙击集团）,serial-actor,identity,serial-offenders,2026-07-22,Index分析 appendix whale_group「狙击集团」,serial-offender,,,2026-07-17,2026-07-22,,
0x71d1f92ba5b4e2754612bc253f0840f55e6d06be,robinhood,惯犯庄家（DUMBMONEY案·小庄#1）,serial-actor,identity,serial-offenders,2026-07-22,DUMBMONEY分析 appendix whale_group「小庄#1」,serial-offender,,,2026-07-17,2026-07-22,,
0x71f180e30425e09dafc4a90974266b57b3943b88,robinhood,惯犯庄家（DUMBMONEY案·小庄#1）,serial-actor,identity,serial-offenders,2026-07-22,DUMBMONEY分析 appendix whale_group「小庄#1」,serial-offender,,,2026-07-17,2026-07-22,,
0x72a7d7d063bd058de889ce47488c980e36d8ffd9,robinhood,惯犯庄家（DUMBMONEY案·小庄#1）,serial-actor,identity,serial-offenders,2026-07-22,DUMBMONEY分析 appendix whale_group「小庄#1」,serial-offender,,,2026-07-17,2026-07-22,,
0x73433a9a344823a4823320b3423bc92b5a695bd8,robinhood,惯犯庄家（Index案·狙击集团）,serial-actor,identity,serial-offenders,2026-07-22,Index分析 appendix whale_group「狙击集团」,serial-offender,,,2026-07-17,2026-07-22,,
0x73976a95bc1746cd5b3c1fadd0ea35860693bedd,robinhood,惯犯庄家（TRASH案·庄#4·e0e889母钱包簇(9址)·gas同源）,serial-actor,identity,serial-offenders,2026-07-22,TRASH分析 appendix whale_group「庄#4·e0e889母钱包簇(9址)·gas同源·基本离场」,serial-offender,,,2026-07-17,2026-07-22,,
0x74b0dfb656934abc3f13cd192efda9c8a301767a,robinhood,惯犯庄家（MEOW案·项目方）,serial-actor,identity,serial-offenders,2026-07-22,meow分析 appendix whale_group「项目方」（人工白名单：记忆存档实锤工作室）,serial-offender,,,2026-07-15,2026-07-22,,
0x7980549ee1ffee7d545ee990c3b6847e1d61c0ce,robinhood,惯犯庄家（Pointless案·狙击集团#3·4ef8系）,serial-actor,identity,serial-offenders,2026-07-22,Pointless分析 appendix whale_group「狙击集团#3·4ef8系」,serial-offender,,,block 1173,2026-07-22,,
0x79ae7f0eccf445692855b56aa672e3087dcd16e7,robinhood,惯犯庄家（TRASH案·庄#1·多地址协同·拍卖集团(19址)·离场庄(）,serial-actor,identity,serial-offenders,2026-07-22,TRASH分析 appendix whale_group「庄#1·多地址协同·拍卖集团(19址)·离场庄(窗口回场吸筹)」,serial-offender,,,2026-07-17,2026-07-22,,
0x79e3a5bb91ec7d8dcb3b8b96625a549eff5738f4,robinhood,惯犯庄家（CASHCAT案·狙击集团#2（旧庄#3·0x79e3供养星座，标）,serial-actor,identity,serial-offenders,2026-07-22,CASHCAT分析 appendix whale_group「狙击集团#2（旧庄#3·0x79e3供养星座，标准迁移）」,serial-offender,,,2026-07-15,2026-07-22,,
0x7a3f86fdc5b356c4c2357650d31c0b84826c638a,robinhood,惯犯庄家（MEOW案·项目方）,serial-actor,identity,serial-offenders,2026-07-22,meow分析 appendix whale_group「项目方」（人工白名单：记忆存档实锤工作室）,serial-offender,,,2026-07-15,2026-07-22,,
0x7da8b5a80539a0f960c91ae0830a22a807edd739,robinhood,惯犯庄家（Index案·狙击集团）,serial-actor,identity,serial-offenders,2026-07-22,Index分析 appendix whale_group「狙击集团」,serial-offender,,,2026-07-17,2026-07-22,,
0x7e3ba68c49561aae7c23c1d20fef0f1d7615a3ad,robinhood,惯犯庄家（GME案·小庄#1）,serial-actor,identity,serial-offenders,2026-07-22,GME分析 appendix whale_group「小庄#1」,serial-offender,,,2026-07-15,2026-07-22,,
0x7f7724af5e5c896c7ac8cc2c7fa35f2fe8f3056a,robinhood,惯犯庄家（Index案·狙击集团）,serial-actor,identity,serial-offenders,2026-07-22,Index分析 appendix whale_group「狙击集团」,serial-offender,,,2026-07-17,2026-07-22,,
0x8130a7926fdec31453aa478c1db8f00ebcc35f41,robinhood,惯犯庄家（Index案·狙击集团）,serial-actor,identity,serial-offenders,2026-07-22,Index分析 appendix whale_group「狙击集团」,serial-offender,,,2026-07-17,2026-07-22,,
0x82c79e75ce3ae6d7b0784df2069dcd3fe64464cc,robinhood,惯犯庄家（Index案·狙击集团）,serial-actor,identity,serial-offenders,2026-07-22,Index分析 appendix whale_group「狙击集团」,serial-offender,,,2026-07-17,2026-07-22,,
0x82e2ab3e2844d315609181b0154a3d30c69b2138,robinhood,惯犯庄家（TRASH案·庄#4·e0e889母钱包簇(9址)·gas同源）,serial-actor,identity,serial-offenders,2026-07-22,TRASH分析 appendix whale_group「庄#4·e0e889母钱包簇(9址)·gas同源·基本离场」,serial-offender,,,2026-07-17,2026-07-22,,
0x82fc58011d50bfda0dd10bbecab41803a7758939,robinhood,惯犯庄家（CASHCAT案·狙击集团#1（旧庄#2·0x9f49出纳星座，标）,serial-actor,identity,serial-offenders,2026-07-22,CASHCAT分析 appendix whale_group「狙击集团#1（旧庄#2·0x9f49出纳星座，标准迁移）」,serial-offender,,,2026-07-15,2026-07-22,,
0x83ba0aed984949cafb31bcb24addf76cd84bf1e3,robinhood,惯犯庄家（DUMBMONEY案·小庄#1）,serial-actor,identity,serial-offenders,2026-07-22,DUMBMONEY分析 appendix whale_group「小庄#1」,serial-offender,,,2026-07-17,2026-07-22,,
0x83c31923311e5eeba4e25ff4722cbad41f8d5e68,robinhood,惯犯庄家（GME案·小庄#1）,serial-actor,identity,serial-offenders,2026-07-22,GME分析 appendix whale_group「小庄#1」,serial-offender,,,2026-07-15,2026-07-22,,
0x83e21b85a0678b62cd70498ef8b472aa80fdda3d,robinhood,惯犯庄家（Index案·狙击集团）,serial-actor,identity,serial-offenders,2026-07-22,Index分析 appendix whale_group「狙击集团」,serial-offender,,,2026-07-17,2026-07-22,,
0x8556649fff1147f06f01a1e563334028c45a15fa,robinhood,惯犯庄家（TRASH案·庄#1·多地址协同·拍卖集团(19址)·离场庄(）,serial-actor,identity,serial-offenders,2026-07-22,TRASH分析 appendix whale_group「庄#1·多地址协同·拍卖集团(19址)·离场庄(窗口回场吸筹)」,serial-offender,,,2026-07-17,2026-07-22,,
0x86b9ad8fc7bec77c85913b0f80f69c2cfa129c3e,robinhood,惯犯庄家（MEOW案·狙击集团#2）,serial-actor,identity,serial-offenders,2026-07-22,meow分析 appendix whale_group「狙击集团#2」,serial-offender,,,2026-07-15,2026-07-22,,
0x8859f95d95cbd6e0f9c6e1e6b570b1aa4e5ccdf4,robinhood,惯犯庄家（BEGGAR案·离场庄#1）+CASHCAT案,serial-actor,identity,serial-offenders,2026-07-22,BEGGAR分析 appendix whale_group「离场庄#1」；CASHCAT分析 appendix whale_group「项目方（旧庄#1·工作室核心，标准迁移）」（人工白名单：记忆存档实锤工作室）,serial-offender,,,2026-07-17,2026-07-22,,
0x8a4eb4da7f948a43a50e5bc34ae8096895beb70b,robinhood,惯犯庄家（NOXA案·离场庄）,serial-actor,identity,serial-offenders,2026-07-22,NOXA分析 appendix whale_group「离场庄」,serial-offender,,,2026-07-15,2026-07-22,,
0x8d948db4528b9b8c85db0a2e743401ef4a3f3e46,robinhood,惯犯庄家（Index案·狙击集团）,serial-actor,identity,serial-offenders,2026-07-22,Index分析 appendix whale_group「狙击集团」,serial-offender,,,2026-07-17,2026-07-22,,
0x8e65cbcdc822968131b1e37e5cee02c9ce82ab21,robinhood,惯犯庄家（BEGGAR案·离场庄#1）+CASHCAT案,serial-actor,identity,serial-offenders,2026-07-22,BEGGAR分析 appendix whale_group「离场庄#1」；CASHCAT分析 appendix whale_group「项目方（旧庄#1·工作室核心，标准迁移）」（人工白名单：记忆存档实锤工作室）,serial-offender,,,2026-07-17,2026-07-22,,
0x90d55022a2833572e2a5842e34cef71b9299611b,robinhood,惯犯庄家（Index案·狙击集团）,serial-actor,identity,serial-offenders,2026-07-22,Index分析 appendix whale_group「狙击集团」,serial-offender,,,2026-07-17,2026-07-22,,
0x911a141d1670f3f053ef82e8ce25bd428a3d9e97,robinhood,惯犯庄家（TRASH案·庄#1·多地址协同·拍卖集团(19址)·离场庄(）,serial-actor,identity,serial-offenders,2026-07-22,TRASH分析 appendix whale_group「庄#1·多地址协同·拍卖集团(19址)·离场庄(窗口回场吸筹)」,serial-offender,,,2026-07-17,2026-07-22,,
0x91801cca41bd2123cc566f724d0b9c87a66d661b,robinhood,惯犯庄家（DUMBMONEY案·小庄#1）,serial-actor,identity,serial-offenders,2026-07-22,DUMBMONEY分析 appendix whale_group「小庄#1」,serial-offender,,,2026-07-17,2026-07-22,,
0x9204455ee674f1c30da7e2c5aeca9d940fe52b59,robinhood,惯犯庄家（Index案·狙击集团）,serial-actor,identity,serial-offenders,2026-07-22,Index分析 appendix whale_group「狙击集团」,serial-offender,,,2026-07-17,2026-07-22,,
0x928ed45e143393d16c9ed18a0b6139a4162472c8,robinhood,惯犯庄家（Index案·狙击集团）,serial-actor,identity,serial-offenders,2026-07-22,Index分析 appendix whale_group「狙击集团」,serial-offender,,,2026-07-17,2026-07-22,,
0x930af2576a5f5859e32ea67a77aae55c61befd39,robinhood,惯犯庄家（CASHCAT案·项目方（旧庄#1·工作室核心，标准迁移））,serial-actor,identity,serial-offenders,2026-07-22,CASHCAT分析 appendix whale_group「项目方（旧庄#1·工作室核心，标准迁移）」（人工白名单：记忆存档实锤工作室）,serial-offender,,,2026-07-15,2026-07-22,,
0x93f086e1ede295fb83b9ef9b30f3d2edda961f9a,robinhood,惯犯庄家（TRASH案·庄#1·多地址协同·拍卖集团(19址)·离场庄(）,serial-actor,identity,serial-offenders,2026-07-22,TRASH分析 appendix whale_group「庄#1·多地址协同·拍卖集团(19址)·离场庄(窗口回场吸筹)」,serial-offender,,,2026-07-17,2026-07-22,,
0x95cb7cfd911d2307849e6b9ee565747fe6846682,robinhood,惯犯庄家（DUMBMONEY案·小庄#1）,serial-actor,identity,serial-offenders,2026-07-22,DUMBMONEY分析 appendix whale_group「小庄#1」,serial-offender,,,2026-07-17,2026-07-22,,
0x978b59bc39f7e71d2baa20f912df87226c704e59,robinhood,惯犯庄家（Index案·狙击集团）,serial-actor,identity,serial-offenders,2026-07-22,Index分析 appendix whale_group「狙击集团」,serial-offender,,,2026-07-17,2026-07-22,,
0x9891e2cc8eb7c188d8ce4969ce9de6da14a01f34,robinhood,惯犯庄家（Index案·狙击集团）,serial-actor,identity,serial-offenders,2026-07-22,Index分析 appendix whale_group「狙击集团」,serial-offender,,,2026-07-17,2026-07-22,,
0x996febe7407f1a706f62a898311123ecf9fc76a0,robinhood,惯犯庄家（BEGGAR案·离场庄#1）,serial-actor,identity,serial-offenders,2026-07-22,BEGGAR分析 appendix whale_group「离场庄#1」,serial-offender,,,2026-07-17,2026-07-22,,
0x9aac434f8cd42d008311c6ffdf6cf94c168c8bb1,robinhood,惯犯庄家（Pointless案·狙击集团#4·3807系）,serial-actor,identity,serial-offenders,2026-07-22,Pointless分析 appendix whale_group「狙击集团#4·3807系」,serial-offender,,,block 1173,2026-07-22,,
0x9d3ca3a3da4d033acee296d4c1829cc5143e0fae,robinhood,惯犯庄家（NOXA案·狙击集团）,serial-actor,identity,serial-offenders,2026-07-22,NOXA分析 appendix whale_group「狙击集团」,serial-offender,,,2026-07-15,2026-07-22,,
0x9dbfded199ee3a6b291c223e65f97d387156aada,robinhood,惯犯庄家（Index案·狙击集团）,serial-actor,identity,serial-offenders,2026-07-22,Index分析 appendix whale_group「狙击集团」,serial-offender,,,2026-07-17,2026-07-22,,
0x9e7f48edd653c49de7ffd800aee15ecaa5a2e163,robinhood,惯犯庄家（Pointless案·狙击集团#3·4ef8系）,serial-actor,identity,serial-offenders,2026-07-22,Pointless分析 appendix whale_group「狙击集团#3·4ef8系」,serial-offender,,,block 1173,2026-07-22,,
0x9ec2f5e65548f87e107aa61bec0a4c13ce6ba663,robinhood,惯犯庄家（TRASH案·庄#1·多地址协同·拍卖集团(19址)·离场庄(）,serial-actor,identity,serial-offenders,2026-07-22,TRASH分析 appendix whale_group「庄#1·多地址协同·拍卖集团(19址)·离场庄(窗口回场吸筹)」,serial-offender,,,2026-07-17,2026-07-22,,
0xa07c0ba78be732348a64fa264cf8026e79bab3d5,robinhood,惯犯庄家（Index案·狙击集团）,serial-actor,identity,serial-offenders,2026-07-22,Index分析 appendix whale_group「狙击集团」,serial-offender,,,2026-07-17,2026-07-22,,
0xa0d4048243d66b5b87ef8ff5ce22efb7eeb26a7a,robinhood,惯犯庄家（Index案·狙击集团）,serial-actor,identity,serial-offenders,2026-07-22,Index分析 appendix whale_group「狙击集团」,serial-offender,,,2026-07-17,2026-07-22,,
0xa201522b88bb24fe0c0f1adcef411b28a9e680b4,robinhood,惯犯庄家（Index案·狙击集团）,serial-actor,identity,serial-offenders,2026-07-22,Index分析 appendix whale_group「狙击集团」,serial-offender,,,2026-07-17,2026-07-22,,
0xa2d9051c139ec1ba9c4eb3cab1bbf5d313ea408d,robinhood,惯犯庄家（GME案·小庄#1）,serial-actor,identity,serial-offenders,2026-07-22,GME分析 appendix whale_group「小庄#1」,serial-offender,,,2026-07-15,2026-07-22,,
0xa3b2d9dedb0141ae065d436e9f3d593d20933a74,robinhood,惯犯庄家（CASHCAT案·项目方（旧庄#1·工作室核心，标准迁移））,serial-actor,identity,serial-offenders,2026-07-22,CASHCAT分析 appendix whale_group「项目方（旧庄#1·工作室核心，标准迁移）」（人工白名单：记忆存档实锤工作室）,serial-offender,,,2026-07-15,2026-07-22,,
0xa52dfc2f716c72a5e37757804a38a12ad0b9c7c6,robinhood,惯犯庄家（Pointless案·狙击集团#4·3807系）,serial-actor,identity,serial-offenders,2026-07-22,Pointless分析 appendix whale_group「狙击集团#4·3807系」,serial-offender,,,block 1173,2026-07-22,,
0xa667a51bdcb32dabc8a9396a4523b5fef314ebe7,robinhood,惯犯庄家（Index案·狙击集团）,serial-actor,identity,serial-offenders,2026-07-22,Index分析 appendix whale_group「狙击集团」,serial-offender,,,2026-07-17,2026-07-22,,
0xa6fd5976d726ddd758c98c56463fcfed5a152ffd,robinhood,惯犯庄家（Pointless案·狙击集团#3·4ef8系）,serial-actor,identity,serial-offenders,2026-07-22,Pointless分析 appendix whale_group「狙击集团#3·4ef8系」,serial-offender,,,block 1173,2026-07-22,,
0xa791004994963e2ef71c170371a1531893681d14,robinhood,惯犯庄家（TRASH案·庄#3·五胞胎狙击簇(5址)·gas同源·已离场）,serial-actor,identity,serial-offenders,2026-07-22,TRASH分析 appendix whale_group「庄#3·五胞胎狙击簇(5址)·gas同源·已离场」,serial-offender,,,2026-07-17,2026-07-22,,
0xa877266ac5f6dc5c84159ffc9fabd3eada472b90,robinhood,惯犯庄家（CASHCAT案·狙击集团#1（旧庄#2·0x9f49出纳星座，标）,serial-actor,identity,serial-offenders,2026-07-22,CASHCAT分析 appendix whale_group「狙击集团#1（旧庄#2·0x9f49出纳星座，标准迁移）」,serial-offender,,,2026-07-15,2026-07-22,,
0xa8e5ec980778357992b66be7a5f8d804e86ddd70,robinhood,惯犯庄家（CASHCAT案·项目方（旧庄#1·工作室核心，标准迁移））,serial-actor,identity,serial-offenders,2026-07-22,CASHCAT分析 appendix whale_group「项目方（旧庄#1·工作室核心，标准迁移）」（人工白名单：记忆存档实锤工作室）,serial-offender,,,2026-07-15,2026-07-22,,
0xa999171a1432c18ce403365acc2adfa5c2ec6091,robinhood,惯犯庄家（CASHCAT案·狙击集团#1（旧庄#2·0x9f49出纳星座，标）,serial-actor,identity,serial-offenders,2026-07-22,CASHCAT分析 appendix whale_group「狙击集团#1（旧庄#2·0x9f49出纳星座，标准迁移）」,serial-offender,,,2026-07-15,2026-07-22,,
0xaa744d48ccfb421b60cb6aa3b83b713e753efb70,robinhood,惯犯庄家（Index案·狙击集团）,serial-actor,identity,serial-offenders,2026-07-22,Index分析 appendix whale_group「狙击集团」,serial-offender,,,2026-07-17,2026-07-22,,
0xab59b3f411de6ec506f5721bb34e8c573f679395,robinhood,惯犯庄家（TRASH案·庄#1·多地址协同·拍卖集团(19址)·离场庄(）,serial-actor,identity,serial-offenders,2026-07-22,TRASH分析 appendix whale_group「庄#1·多地址协同·拍卖集团(19址)·离场庄(窗口回场吸筹)」,serial-offender,,,2026-07-17,2026-07-22,,
0xabffc84ea2dc24d50dbdfcec6d57130bd7e8b281,robinhood,惯犯庄家（CASHCAT案·项目方（旧庄#1·工作室核心，标准迁移））,serial-actor,identity,serial-offenders,2026-07-22,CASHCAT分析 appendix whale_group「项目方（旧庄#1·工作室核心，标准迁移）」（人工白名单：记忆存档实锤工作室）,serial-offender,,,2026-07-15,2026-07-22,,
0xae9b2082c9ef1edc7dba94e7297a1ec00da6cbd1,robinhood,惯犯庄家（TRASH案·庄#3·五胞胎狙击簇(5址)·gas同源·已离场）,serial-actor,identity,serial-offenders,2026-07-22,TRASH分析 appendix whale_group「庄#3·五胞胎狙击簇(5址)·gas同源·已离场」,serial-offender,,,2026-07-17,2026-07-22,,
0xaf687d81db9e3ee4d2bb2132ada37e6138060f23,robinhood,惯犯庄家（CASHCAT案·项目方（旧庄#1·工作室核心，标准迁移））,serial-actor,identity,serial-offenders,2026-07-22,CASHCAT分析 appendix whale_group「项目方（旧庄#1·工作室核心，标准迁移）」（人工白名单：记忆存档实锤工作室）,serial-offender,,,2026-07-15,2026-07-22,,
0xb28e2a18f20e706b7005d772838a28b27bbfbe9b,robinhood,惯犯庄家（CASHCAT案·项目方（旧庄#1·工作室核心，标准迁移））,serial-actor,identity,serial-offenders,2026-07-22,CASHCAT分析 appendix whale_group「项目方（旧庄#1·工作室核心，标准迁移）」（人工白名单：记忆存档实锤工作室）,serial-offender,,,2026-07-15,2026-07-22,,
0xb446f8df431b0740457f1c50aed0e993cf8dca3a,robinhood,惯犯庄家（GME案·小庄#1）,serial-actor,identity,serial-offenders,2026-07-22,GME分析 appendix whale_group「小庄#1」,serial-offender,,,2026-07-15,2026-07-22,,
0xb4be35f23d08e2a96721705dbfe098a71fdd6f23,robinhood,惯犯庄家（Pointless案·狙击集团#2·635e系）,serial-actor,identity,serial-offenders,2026-07-22,Pointless分析 appendix whale_group「狙击集团#2·635e系」,serial-offender,,,block 1173,2026-07-22,,
0xb4f1c7309f2139ce6da61455d20525a47310dd6f,robinhood,惯犯庄家（Index案·狙击集团）,serial-actor,identity,serial-offenders,2026-07-22,Index分析 appendix whale_group「狙击集团」,serial-offender,,,2026-07-17,2026-07-22,,
0xb5776f907a23e1883f6bb363f713b8602cb8d9cb,robinhood,惯犯庄家（Index案·狙击集团）,serial-actor,identity,serial-offenders,2026-07-22,Index分析 appendix whale_group「狙击集团」,serial-offender,,,2026-07-17,2026-07-22,,
0xb80dc4ed493a2ba4692b5d6303a19a64df3f5acc,robinhood,惯犯庄家（Index案·狙击集团）,serial-actor,identity,serial-offenders,2026-07-22,Index分析 appendix whale_group「狙击集团」,serial-offender,,,2026-07-17,2026-07-22,,
0xb85fb695acf67fc15c928399a50622d48b68c5e6,robinhood,惯犯庄家（CASHCAT案·狙击集团#1（旧庄#2·0x9f49出纳星座，标）,serial-actor,identity,serial-offenders,2026-07-22,CASHCAT分析 appendix whale_group「狙击集团#1（旧庄#2·0x9f49出纳星座，标准迁移）」,serial-offender,,,2026-07-15,2026-07-22,,
0xba15c9a89d0744ebeaacd7edaf164f831a2916d8,robinhood,惯犯庄家（Pointless案·狙击集团#3·4ef8系）,serial-actor,identity,serial-offenders,2026-07-22,Pointless分析 appendix whale_group「狙击集团#3·4ef8系」,serial-offender,,,block 1173,2026-07-22,,
0xbb3b32e63f6b2d2605a5114416398fa3839328b8,robinhood,惯犯庄家（Index案·狙击集团）,serial-actor,identity,serial-offenders,2026-07-22,Index分析 appendix whale_group「狙击集团」,serial-offender,,,2026-07-17,2026-07-22,,
0xbd093d10c164a3c840a332debcd65defc7c4eba6,robinhood,惯犯庄家（Index案·狙击集团）,serial-actor,identity,serial-offenders,2026-07-22,Index分析 appendix whale_group「狙击集团」,serial-offender,,,2026-07-17,2026-07-22,,
0xbd2d7f896cbf32de56165f605e461ae3b251496b,robinhood,惯犯庄家（Pointless案·狙击集团#3·4ef8系）,serial-actor,identity,serial-offenders,2026-07-22,Pointless分析 appendix whale_group「狙击集团#3·4ef8系」,serial-offender,,,block 1173,2026-07-22,,
0xbdea55e2c62bef1e0921287aa57ca3fc8f32cd64,robinhood,惯犯庄家（CASHCAT案·项目方（旧庄#1·工作室核心，标准迁移））,serial-actor,identity,serial-offenders,2026-07-22,CASHCAT分析 appendix whale_group「项目方（旧庄#1·工作室核心，标准迁移）」（人工白名单：记忆存档实锤工作室）,serial-offender,,,2026-07-15,2026-07-22,,
0xbe8af7e12b536ab55fbaf92edbb512972e0504da,robinhood,惯犯庄家（MEOW案·项目方）,serial-actor,identity,serial-offenders,2026-07-22,meow分析 appendix whale_group「项目方」（人工白名单：记忆存档实锤工作室）,serial-offender,,,2026-07-15,2026-07-22,,
0xbee5baccc945678e67949e0e45536b490febd63b,robinhood,惯犯庄家（Index案·狙击集团）,serial-actor,identity,serial-offenders,2026-07-22,Index分析 appendix whale_group「狙击集团」,serial-offender,,,2026-07-17,2026-07-22,,
0xc14387dbbe766c12a867b16c4bb7696cd0bf90d2,robinhood,惯犯庄家（Index案·狙击集团）,serial-actor,identity,serial-offenders,2026-07-22,Index分析 appendix whale_group「狙击集团」,serial-offender,,,2026-07-17,2026-07-22,,
0xc2ca1b0aa74e63f8e66ecb6ff609dd37888b1814,robinhood,惯犯庄家（CASHCAT案·项目方（旧庄#1·工作室核心，标准迁移））,serial-actor,identity,serial-offenders,2026-07-22,CASHCAT分析 appendix whale_group「项目方（旧庄#1·工作室核心，标准迁移）」（人工白名单：记忆存档实锤工作室）,serial-offender,,,2026-07-15,2026-07-22,,
0xc2f4f5bca58bf00c16048216f0385bfc103eb9da,robinhood,惯犯庄家（CASHCAT案·项目方（旧庄#1·工作室核心，标准迁移））,serial-actor,identity,serial-offenders,2026-07-22,CASHCAT分析 appendix whale_group「项目方（旧庄#1·工作室核心，标准迁移）」（人工白名单：记忆存档实锤工作室）,serial-offender,,,2026-07-15,2026-07-22,,
0xc36d22d76c2d4108144171c4deacbcc7a46118be,robinhood,惯犯庄家（MEOW案·狙击集团#1）,serial-actor,identity,serial-offenders,2026-07-22,meow分析 appendix whale_group「狙击集团#1」,serial-offender,,,2026-07-15,2026-07-22,,
0xc52fbb9c4a7373b85de6415f888e5e2e3f195176,robinhood,惯犯庄家（GME案·小庄#1）,serial-actor,identity,serial-offenders,2026-07-22,GME分析 appendix whale_group「小庄#1」,serial-offender,,,2026-07-15,2026-07-22,,
0xc60ff2907544c2009cfd3e37c13ab8238cad314b,robinhood,惯犯庄家（MEOW案·狙击集团#2）,serial-actor,identity,serial-offenders,2026-07-22,meow分析 appendix whale_group「狙击集团#2」,serial-offender,,,2026-07-15,2026-07-22,,
0xc87ce42fc7871591970b230978401bb52079015a,robinhood,惯犯庄家（Index案·狙击集团）,serial-actor,identity,serial-offenders,2026-07-22,Index分析 appendix whale_group「狙击集团」,serial-offender,,,2026-07-17,2026-07-22,,
0xc89cafea2ff22e4ca6a32df91760371adce5468f,robinhood,惯犯庄家（Index案·狙击集团）,serial-actor,identity,serial-offenders,2026-07-22,Index分析 appendix whale_group「狙击集团」,serial-offender,,,2026-07-17,2026-07-22,,
0xc9f00d80f2b9761540ffa03ee1f8d7694421c85f,robinhood,惯犯庄家（Pointless案·狙击集团#3·4ef8系）,serial-actor,identity,serial-offenders,2026-07-22,Pointless分析 appendix whale_group「狙击集团#3·4ef8系」,serial-offender,,,block 1173,2026-07-22,,
0xcad24661663d7f6c025e9f69c78c2eebd499288d,robinhood,惯犯庄家（Pointless案·狙击集团#1·ea57系）,serial-actor,identity,serial-offenders,2026-07-22,Pointless分析 appendix whale_group「狙击集团#1·ea57系」,serial-offender,,,block 1173,2026-07-22,,
0xcc0c581613dfd4ace7c8686668427236f8bd5cc5,robinhood,惯犯庄家（CASHCAT案·项目方（旧庄#1·工作室核心，标准迁移））,serial-actor,identity,serial-offenders,2026-07-22,CASHCAT分析 appendix whale_group「项目方（旧庄#1·工作室核心，标准迁移）」（人工白名单：记忆存档实锤工作室）,serial-offender,,,2026-07-15,2026-07-22,,
0xcc43a95208bb2cb7caa6ed09e9bfa7cbf7ab5e8d,robinhood,惯犯庄家（Index案·狙击集团）,serial-actor,identity,serial-offenders,2026-07-22,Index分析 appendix whale_group「狙击集团」,serial-offender,,,2026-07-17,2026-07-22,,
0xccb09e51823ae0c3655fbc4d5afc123980f8d913,robinhood,惯犯庄家（TRASH案·庄#1·多地址协同·拍卖集团(19址)·离场庄(）,serial-actor,identity,serial-offenders,2026-07-22,TRASH分析 appendix whale_group「庄#1·多地址协同·拍卖集团(19址)·离场庄(窗口回场吸筹)」,serial-offender,,,2026-07-17,2026-07-22,,
0xcdfc08a1c1fbafb355645e5ddc32122e5716ca90,robinhood,惯犯庄家（BEGGAR案·离场庄#1）+CASHCAT案+NOXA案,serial-actor,identity,serial-offenders,2026-07-22,BEGGAR分析 appendix whale_group「离场庄#1」；CASHCAT分析 appendix whale_group「项目方（旧庄#1·工作室核心，标准迁移）」（人工白名单：记忆存档实锤工作室）；NOXA分析 appendix whale_group「狙击集团」,serial-offender,,,2026-07-17,2026-07-22,,
0xced59329209a585d18375dbcb6a2093cf0f3d66e,robinhood,惯犯庄家（Index案·狙击集团）,serial-actor,identity,serial-offenders,2026-07-22,Index分析 appendix whale_group「狙击集团」,serial-offender,,,2026-07-17,2026-07-22,,
0xcfadbdddd572678f69732e40c4f44056f8ae7e13,robinhood,惯犯庄家（Pointless案·狙击集团#3·4ef8系）,serial-actor,identity,serial-offenders,2026-07-22,Pointless分析 appendix whale_group「狙击集团#3·4ef8系」,serial-offender,,,block 1173,2026-07-22,,
0xd0f437a14e9875d137404efe57f67d7417c2060c,robinhood,惯犯庄家（GME案·小庄#1）,serial-actor,identity,serial-offenders,2026-07-22,GME分析 appendix whale_group「小庄#1」,serial-offender,,,2026-07-15,2026-07-22,,
0xd2c6f05ae451160643027d28433e05758e31d83b,robinhood,惯犯庄家（TRASH案·庄#1·多地址协同·拍卖集团(19址)·离场庄(）,serial-actor,identity,serial-offenders,2026-07-22,TRASH分析 appendix whale_group「庄#1·多地址协同·拍卖集团(19址)·离场庄(窗口回场吸筹)」,serial-offender,,,2026-07-17,2026-07-22,,
0xd3995903169b36a1b359c7e04f258841645ce854,robinhood,惯犯庄家（TRASH案·庄#4·e0e889母钱包簇(9址)·gas同源）,serial-actor,identity,serial-offenders,2026-07-22,TRASH分析 appendix whale_group「庄#4·e0e889母钱包簇(9址)·gas同源·基本离场」,serial-offender,,,2026-07-17,2026-07-22,,
0xd3a2860f8a21c9648d1e4879b297d4fbcf257b5d,robinhood,惯犯庄家（Index案·狙击集团）,serial-actor,identity,serial-offenders,2026-07-22,Index分析 appendix whale_group「狙击集团」,serial-offender,,,2026-07-17,2026-07-22,,
0xd4c0b1d1c2bdf8117f4edda46d8c748b966b2d6c,robinhood,惯犯庄家（Index案·狙击集团）,serial-actor,identity,serial-offenders,2026-07-22,Index分析 appendix whale_group「狙击集团」,serial-offender,,,2026-07-17,2026-07-22,,
0xd6667cae26f5ddb30b2dc6435f273d58ea0391cc,robinhood,惯犯庄家（Index案·狙击集团）,serial-actor,identity,serial-offenders,2026-07-22,Index分析 appendix whale_group「狙击集团」,serial-offender,,,2026-07-17,2026-07-22,,
0xd7a40663b0f8e70a7335714c88b1ac10edc276ff,robinhood,惯犯庄家（Index案·狙击集团）,serial-actor,identity,serial-offenders,2026-07-22,Index分析 appendix whale_group「狙击集团」,serial-offender,,,2026-07-17,2026-07-22,,
0xd818a1dd9d924e8adcbdb48fa537da72e0946c2a,robinhood,惯犯庄家（TRASH案·庄#3·五胞胎狙击簇(5址)·gas同源·已离场）,serial-actor,identity,serial-offenders,2026-07-22,TRASH分析 appendix whale_group「庄#3·五胞胎狙击簇(5址)·gas同源·已离场」,serial-offender,,,2026-07-17,2026-07-22,,
0xd874259110c6e086f1d2fee474b73e69b8f5dab0,robinhood,惯犯庄家（GME案·小庄#1）,serial-actor,identity,serial-offenders,2026-07-22,GME分析 appendix whale_group「小庄#1」,serial-offender,,,2026-07-15,2026-07-22,,
0xd8ba9e5886b7000bace2c9dbdd0be98ac77d4a28,robinhood,惯犯庄家（Index案·狙击集团）+TRASH案,serial-actor,identity,serial-offenders,2026-07-22,Index分析 appendix whale_group「狙击集团」；TRASH分析 appendix whale_group「庄#1·多地址协同·拍卖集团(19址)·离场庄(窗口回场吸筹)」,serial-offender,,,2026-07-17,2026-07-22,,
0xd8e562b0dba24ad46e36db4e36dfad808165a631,robinhood,惯犯庄家（Index案·狙击集团）,serial-actor,identity,serial-offenders,2026-07-22,Index分析 appendix whale_group「狙击集团」,serial-offender,,,2026-07-17,2026-07-22,,
0xdd491fc2f498a8557539e0012b4f805b934f4316,robinhood,惯犯庄家（COMPUTE案·庄#1·0xDD49·双地址·静止重仓）,serial-actor,identity,serial-offenders,2026-07-22,COMPUTE分析 appendix whale_group「庄#1·0xDD49·双地址·静止重仓」,serial-offender,,,2026-07-12,2026-07-22,,
0xdda895eeecaef2893c0c761e08a4f289174422f5,robinhood,惯犯庄家（Index案·狙击集团）,serial-actor,identity,serial-offenders,2026-07-22,Index分析 appendix whale_group「狙击集团」,serial-offender,,,2026-07-17,2026-07-22,,
0xdde00b1559868463ae6a82778778f0463ff41432,robinhood,惯犯庄家（TRASH案·庄#4·e0e889母钱包簇(9址)·gas同源）,serial-actor,identity,serial-offenders,2026-07-22,TRASH分析 appendix whale_group「庄#4·e0e889母钱包簇(9址)·gas同源·基本离场」,serial-offender,,,2026-07-17,2026-07-22,,
0xde35c04f206f79a467e09836da9269810e59f6b6,robinhood,惯犯庄家（CASHCAT案·项目方（旧庄#1·工作室核心，标准迁移））,serial-actor,identity,serial-offenders,2026-07-22,CASHCAT分析 appendix whale_group「项目方（旧庄#1·工作室核心，标准迁移）」（人工白名单：记忆存档实锤工作室）,serial-offender,,,2026-07-15,2026-07-22,,
0xde4c44e841972c2c4db1b1e27a353340fe9899de,robinhood,惯犯庄家（CASHCAT案·狙击集团#1（旧庄#2·0x9f49出纳星座，标）,serial-actor,identity,serial-offenders,2026-07-22,CASHCAT分析 appendix whale_group「狙击集团#1（旧庄#2·0x9f49出纳星座，标准迁移）」,serial-offender,,,2026-07-15,2026-07-22,,
0xe06ac41b66bb1d9bfcfd270c10e437800ec36b10,robinhood,惯犯庄家（Pointless案·狙击集团#3·4ef8系）,serial-actor,identity,serial-offenders,2026-07-22,Pointless分析 appendix whale_group「狙击集团#3·4ef8系」,serial-offender,,,block 1173,2026-07-22,,
0xe26a708d230669077272a2c9c433f7df360140a1,robinhood,惯犯庄家（NOXA案·狙击集团）,serial-actor,identity,serial-offenders,2026-07-22,NOXA分析 appendix whale_group「狙击集团」,serial-offender,,,2026-07-15,2026-07-22,,
0xe45ee5afa2468d51089eed19d4f790264a2f5044,robinhood,惯犯庄家（Pointless案·狙击集团#2·635e系）,serial-actor,identity,serial-offenders,2026-07-22,Pointless分析 appendix whale_group「狙击集团#2·635e系」,serial-offender,,,block 1173,2026-07-22,,
0xe4976dfd198c56823bb938642158225b3dfe66e4,robinhood,惯犯庄家（COMPUTE案·离场庄·0xe497·单址狙击bot）,serial-actor,identity,serial-offenders,2026-07-22,COMPUTE分析 appendix whale_group「离场庄·0xe497·单址狙击bot」,serial-offender,,,2026-07-12,2026-07-22,,
0xe580efb00792234034962e5f167749b4491539e9,robinhood,惯犯庄家（Index案·狙击集团）,serial-actor,identity,serial-offenders,2026-07-22,Index分析 appendix whale_group「狙击集团」,serial-offender,,,2026-07-17,2026-07-22,,
0xe60dac30d44eaf19542ac0d4f260b1afd0b844aa,robinhood,惯犯庄家（Index案·狙击集团）,serial-actor,identity,serial-offenders,2026-07-22,Index分析 appendix whale_group「狙击集团」,serial-offender,,,2026-07-17,2026-07-22,,
0xe6accfe9eb7c187b1961137577cba6d5914d2eed,robinhood,惯犯庄家（Index案·狙击集团）,serial-actor,identity,serial-offenders,2026-07-22,Index分析 appendix whale_group「狙击集团」,serial-offender,,,2026-07-17,2026-07-22,,
0xe781b28e02ed5fc4b989905cb6848d318f4735fd,robinhood,惯犯庄家（CASHCAT案·狙击集团#1（旧庄#2·0x9f49出纳星座，标）,serial-actor,identity,serial-offenders,2026-07-22,CASHCAT分析 appendix whale_group「狙击集团#1（旧庄#2·0x9f49出纳星座，标准迁移）」,serial-offender,,,2026-07-15,2026-07-22,,
0xea572a21fc12da7929120ecbd964deef5e5a4f8f,robinhood,惯犯庄家（Pointless案·狙击集团#1·ea57系）,serial-actor,identity,serial-offenders,2026-07-22,Pointless分析 appendix whale_group「狙击集团#1·ea57系」,serial-offender,,,block 1173,2026-07-22,,
0xeb82f9cff07cefd9dc3de2c07be634cf502f8ffa,robinhood,惯犯庄家（NOXA案·离场庄）,serial-actor,identity,serial-offenders,2026-07-22,NOXA分析 appendix whale_group「离场庄」,serial-offender,,,2026-07-15,2026-07-22,,
0xeb877e7b5614b1ca58c6b00ec4ffcd248ed414ee,robinhood,惯犯庄家（CASHCAT案·狙击集团#1（旧庄#2·0x9f49出纳星座，标）,serial-actor,identity,serial-offenders,2026-07-22,CASHCAT分析 appendix whale_group「狙击集团#1（旧庄#2·0x9f49出纳星座，标准迁移）」,serial-offender,,,2026-07-15,2026-07-22,,
0xec6971271629ab72845c90f23e51990676383da8,robinhood,惯犯庄家（Index案·狙击集团）,serial-actor,identity,serial-offenders,2026-07-22,Index分析 appendix whale_group「狙击集团」,serial-offender,,,2026-07-17,2026-07-22,,
0xec7905496860989bb56fffd5f71faa466911663b,robinhood,惯犯庄家（NOXA案·狙击集团）,serial-actor,identity,serial-offenders,2026-07-22,NOXA分析 appendix whale_group「狙击集团」,serial-offender,,,2026-07-15,2026-07-22,,
0xece2d90a7276f767883b335a25df77e2620497b1,robinhood,惯犯庄家（CASHCAT案·项目方（旧庄#1·工作室核心，标准迁移））,serial-actor,identity,serial-offenders,2026-07-22,CASHCAT分析 appendix whale_group「项目方（旧庄#1·工作室核心，标准迁移）」（人工白名单：记忆存档实锤工作室）,serial-offender,,,2026-07-15,2026-07-22,,
0xee85661316b568e53afa31a1c7ee56955f02c8e6,robinhood,惯犯庄家（Index案·狙击集团）,serial-actor,identity,serial-offenders,2026-07-22,Index分析 appendix whale_group「狙击集团」,serial-offender,,,2026-07-17,2026-07-22,,
0xeee29d1a6fa5873065ad8789c6e15231b48318a0,robinhood,惯犯庄家（BEGGAR案·离场庄#1）+CASHCAT案,serial-actor,identity,serial-offenders,2026-07-22,BEGGAR分析 appendix whale_group「离场庄#1」；CASHCAT分析 appendix whale_group「项目方（旧庄#1·工作室核心，标准迁移）」（人工白名单：记忆存档实锤工作室）,serial-offender,,,2026-07-17,2026-07-22,,
0xefd8950249a9eef6123daf08c8f474debb5efe7a,robinhood,惯犯庄家（MEOW案·狙击集团#2）,serial-actor,identity,serial-offenders,2026-07-22,meow分析 appendix whale_group「狙击集团#2」,serial-offender,,,2026-07-15,2026-07-22,,
0xf2a5ba8657ff609da873de442ed5509455453899,robinhood,惯犯庄家（CASHCAT案·项目方（旧庄#1·工作室核心，标准迁移））,serial-actor,identity,serial-offenders,2026-07-22,CASHCAT分析 appendix whale_group「项目方（旧庄#1·工作室核心，标准迁移）」（人工白名单：记忆存档实锤工作室）,serial-offender,,,2026-07-15,2026-07-22,,
0xf37027568ac0c3cd614456cc943804562c4945b4,robinhood,惯犯庄家（Index案·狙击集团）,serial-actor,identity,serial-offenders,2026-07-22,Index分析 appendix whale_group「狙击集团」,serial-offender,,,2026-07-17,2026-07-22,,
0xf3ec1f739adec2e8101f6b532d37ff6c895b9ed4,robinhood,惯犯庄家（Index案·狙击集团）,serial-actor,identity,serial-offenders,2026-07-22,Index分析 appendix whale_group「狙击集团」,serial-offender,,,2026-07-17,2026-07-22,,
0xf46c6da54051e2c9478d3a9555ee8b7e39ead449,robinhood,惯犯庄家（Index案·狙击集团）,serial-actor,identity,serial-offenders,2026-07-22,Index分析 appendix whale_group「狙击集团」,serial-offender,,,2026-07-17,2026-07-22,,
0xf4c873f31e4e9a0d25c5b2a7a9b496306a2d9f62,robinhood,惯犯庄家（TRASH案·庄#1·多地址协同·拍卖集团(19址)·离场庄(）,serial-actor,identity,serial-offenders,2026-07-22,TRASH分析 appendix whale_group「庄#1·多地址协同·拍卖集团(19址)·离场庄(窗口回场吸筹)」,serial-offender,,,2026-07-17,2026-07-22,,
0xf4d846a1d6f96f004501197d9f25deffc909eb39,robinhood,惯犯庄家（CASHCAT案·项目方（旧庄#1·工作室核心，标准迁移））,serial-actor,identity,serial-offenders,2026-07-22,CASHCAT分析 appendix whale_group「项目方（旧庄#1·工作室核心，标准迁移）」（人工白名单：记忆存档实锤工作室）,serial-offender,,,2026-07-15,2026-07-22,,
0xf5533a891ebe1c507d7b5dda10de9916cd24261c,robinhood,惯犯庄家（Index案·狙击集团）,serial-actor,identity,serial-offenders,2026-07-22,Index分析 appendix whale_group「狙击集团」,serial-offender,,,2026-07-17,2026-07-22,,
0xf5b2b61f89fb6f2dd0e1bf1201b5c7eda873e0b9,robinhood,惯犯庄家（Pointless案·狙击集团#4·3807系）,serial-actor,identity,serial-offenders,2026-07-22,Pointless分析 appendix whale_group「狙击集团#4·3807系」,serial-offender,,,block 1173,2026-07-22,,
0xf622c2f9cf5936cb78ce07f948515294a9706fcc,robinhood,惯犯庄家（TRASH案·庄#2·创建者·单地址明牌(锁池+费抽水)）,serial-actor,identity,serial-offenders,2026-07-22,TRASH分析 appendix whale_group「庄#2·创建者·单地址明牌(锁池+费抽水)」,serial-offender,,,2026-07-17,2026-07-22,,
0xf7ecc5c41f61422a4083266e7da3ab4ac0e39962,robinhood,惯犯庄家（CASHCAT案·狙击集团#2（旧庄#3·0x79e3供养星座，标）,serial-actor,identity,serial-offenders,2026-07-22,CASHCAT分析 appendix whale_group「狙击集团#2（旧庄#3·0x79e3供养星座，标准迁移）」,serial-offender,,,2026-07-15,2026-07-22,,
0xf837a2aefbba2e6243130a314ca32f4e09e2922a,robinhood,惯犯庄家（TRASH案·庄#4·e0e889母钱包簇(9址)·gas同源）,serial-actor,identity,serial-offenders,2026-07-22,TRASH分析 appendix whale_group「庄#4·e0e889母钱包簇(9址)·gas同源·基本离场」,serial-offender,,,2026-07-17,2026-07-22,,
0xf9f845d12a5bb55f4e4a84ff1453b3f327457015,robinhood,惯犯庄家（CASHCAT案·项目方（旧庄#1·工作室核心，标准迁移））,serial-actor,identity,serial-offenders,2026-07-22,CASHCAT分析 appendix whale_group「项目方（旧庄#1·工作室核心，标准迁移）」（人工白名单：记忆存档实锤工作室）,serial-offender,,,2026-07-15,2026-07-22,,
0xfc40cca2caa8f9f8309386ef84b1265864cc5744,robinhood,惯犯庄家（CASHCAT案·项目方（旧庄#1·工作室核心，标准迁移））,serial-actor,identity,serial-offenders,2026-07-22,CASHCAT分析 appendix whale_group「项目方（旧庄#1·工作室核心，标准迁移）」（人工白名单：记忆存档实锤工作室）,serial-offender,,,2026-07-15,2026-07-22,,
0xfd062131d55ce2afd2b072051cbfa754203a07a4,robinhood,惯犯庄家（GME案·小庄#1）,serial-actor,identity,serial-offenders,2026-07-22,GME分析 appendix whale_group「小庄#1」,serial-offender,,,2026-07-15,2026-07-22,,
0xfd7e55a555555c2f25053a38ec744de1afea4fa4,robinhood,惯犯庄家（TRASH案·庄#1·多地址协同·拍卖集团(19址)·离场庄(）,serial-actor,identity,serial-offenders,2026-07-22,TRASH分析 appendix whale_group「庄#1·多地址协同·拍卖集团(19址)·离场庄(窗口回场吸筹)」,serial-offender,,,2026-07-17,2026-07-22,,
0xfda5d29db4c94cbc8e7b793db48771dee86865a3,robinhood,惯犯庄家（DUMBMONEY案·小庄#1）,serial-actor,identity,serial-offenders,2026-07-22,DUMBMONEY分析 appendix whale_group「小庄#1」,serial-offender,,,2026-07-17,2026-07-22,,
0xfdeafcf26efef3499cf56c9ce8765ed453b5c042,robinhood,惯犯庄家（Index案·狙击集团）,serial-actor,identity,serial-offenders,2026-07-22,Index分析 appendix whale_group「狙击集团」,serial-offender,,,2026-07-17,2026-07-22,,
0xfdfac5700c28661646255f1c7ce137f70943e9d0,robinhood,惯犯庄家（Index案·狙击集团）,serial-actor,identity,serial-offenders,2026-07-22,Index分析 appendix whale_group「狙击集团」,serial-offender,,,2026-07-17,2026-07-22,,
0xff3cd2f11c77288cdfbb3565fcee4ccd5c4b0b3b,robinhood,惯犯庄家（CASHCAT案·狙击集团#1（旧庄#2·0x9f49出纳星座，标）,serial-actor,identity,serial-offenders,2026-07-22,CASHCAT分析 appendix whale_group「狙击集团#1（旧庄#2·0x9f49出纳星座，标准迁移）」,serial-offender,,,2026-07-15,2026-07-22,,
143z8rDrG6mrLdmcFNrso6CrMC9tYJ1nW9hJSEZQmgF8,sol,惯犯庄家（LAYOFF案·狙击集团(发射打新cohort)）,serial-actor,identity,serial-offenders,2026-07-22,LAYOFF分析 appendix whale_group「狙击集团(发射打新cohort)」,serial-offender,,,2026-07-14,2026-07-22,,
22HbAW9U3ddUHBDWYp5U2zfGAw8XSWvGgKfc7jC4bFbh,sol,惯犯庄家（USELESS案·狙击集团(离场)）,serial-actor,identity,serial-offenders,2026-07-22,USELESS分析 appendix whale_group「狙击集团(离场)」,serial-offender,,,2026-07-20,2026-07-22,,
286CHN57Km41GsAnDv866WKd6YB6HPSjFgF4rGDJTRLf,sol,惯犯庄家（USELESS案·狙击集团(离场)）,serial-actor,identity,serial-offenders,2026-07-22,USELESS分析 appendix whale_group「狙击集团(离场)」,serial-offender,,,2026-07-20,2026-07-22,,
2AicNQ2LSEkSsFPxq4JnGrZLbbHyT2dqkhDaWX2SJ84U,sol,惯犯庄家（USELESS案·狙击集团(离场)）,serial-actor,identity,serial-offenders,2026-07-22,USELESS分析 appendix whale_group「狙击集团(离场)」,serial-offender,,,2026-07-20,2026-07-22,,
2DyjbFb3aQwDLCekBy7sQBrWSh95GSBHXCFrArcPfTp6,sol,惯犯庄家（OPAL案·庄#2·拆仓网络(多地址关联·明牌互转)）,serial-actor,identity,serial-offenders,2026-07-22,OPAL分析 appendix whale_group「庄#2·拆仓网络(多地址关联·明牌互转)」,serial-offender,,,2026-07-14,2026-07-22,,
2JJR1oMPMBLbgQU4un6YzZzaKsCaZ1EBC1xuCC7v6cQA,sol,惯犯庄家（USELESS案·狙击集团(离场)）,serial-actor,identity,serial-offenders,2026-07-22,USELESS分析 appendix whale_group「狙击集团(离场)」,serial-offender,,,2026-07-20,2026-07-22,,
2hfqkp9y7uwpXreiVZdczAfavHzXyPYaWd1qqHbjiLoo,sol,惯犯庄家（OPAL案·庄#2·拆仓网络(多地址关联·明牌互转)）,serial-actor,identity,serial-offenders,2026-07-22,OPAL分析 appendix whale_group「庄#2·拆仓网络(多地址关联·明牌互转)」,serial-offender,,,2026-07-14,2026-07-22,,
33cCG6fbYzyGyLKD9DwBU12ETFiLY2DNuBbnp9Uq33oJ,sol,惯犯庄家（USELESS案·狙击集团(离场)）,serial-actor,identity,serial-offenders,2026-07-22,USELESS分析 appendix whale_group「狙击集团(离场)」,serial-offender,,,2026-07-20,2026-07-22,,
39azUYFWPz3VHgKCf3VChUwbpURdCHRxjWVowf5jUJjg,sol,惯犯庄家（GOAT案·狙击集团(发射日闪电bot)）,serial-actor,identity,serial-offenders,2026-07-22,GOAT分析 appendix whale_group「狙击集团(发射日闪电bot)」,serial-offender,,,2026-07-22,2026-07-22,,
3LCsdJjk21huddPXRzNTexJ2Jiu9Nv8iC4CT1knawdoG,sol,惯犯庄家（LAYOFF案·狙击集团(发射打新cohort)）,serial-actor,identity,serial-offenders,2026-07-22,LAYOFF分析 appendix whale_group「狙击集团(发射打新cohort)」,serial-offender,,,2026-07-14,2026-07-22,,
3WCqmx29phmxK9bG2sre4UowsisBTAz94zx1nvgo7xXx,sol,惯犯庄家（USELESS案·狙击集团(离场)）,serial-actor,identity,serial-offenders,2026-07-22,USELESS分析 appendix whale_group「狙击集团(离场)」,serial-offender,,,2026-07-20,2026-07-22,,
3hH5FdonTicSPkAt9UhJQ95M6iHVRp8JZWZ31PmWrcKX,sol,惯犯庄家（OPAL案·庄#2·拆仓网络(多地址关联·明牌互转)）,serial-actor,identity,serial-offenders,2026-07-22,OPAL分析 appendix whale_group「庄#2·拆仓网络(多地址关联·明牌互转)」,serial-offender,,,2026-07-14,2026-07-22,,
3jvaA44rTBkEm4DETLZYVbaKoDoLoyqcTvwYU3qTXuox,sol,惯犯庄家（USELESS案·狙击集团(离场)）,serial-actor,identity,serial-offenders,2026-07-22,USELESS分析 appendix whale_group「狙击集团(离场)」,serial-offender,,,2026-07-20,2026-07-22,,
3naS8m7x7i9yoRW9fzzvqNHcpZSe9hNNKYBHaVUEYbYw,sol,惯犯庄家（USELESS案·狙击集团(离场)）,serial-actor,identity,serial-offenders,2026-07-22,USELESS分析 appendix whale_group「狙击集团(离场)」,serial-offender,,,2026-07-20,2026-07-22,,
4DnKLNZRmSR3b45s2s36YiaogR7Ksm3YaWUSHXTUt3MW,sol,惯犯庄家（USELESS案·狙击集团(离场)）,serial-actor,identity,serial-offenders,2026-07-22,USELESS分析 appendix whale_group「狙击集团(离场)」,serial-offender,,,2026-07-20,2026-07-22,,
4FsyVS6LkutsC6yP8NfrDqYikC6jYKCEXc3yLQohHw7u,sol,惯犯庄家（USELESS案·狙击集团(离场)）,serial-actor,identity,serial-offenders,2026-07-22,USELESS分析 appendix whale_group「狙击集团(离场)」,serial-offender,,,2026-07-20,2026-07-22,,
4MgyCKw6X9J4atQ4qkMfBzcmampQQupfahzBK5gFGCmC,sol,惯犯庄家（USELESS案·狙击集团(离场)）,serial-actor,identity,serial-offenders,2026-07-22,USELESS分析 appendix whale_group「狙击集团(离场)」,serial-offender,,,2026-07-20,2026-07-22,,
4UAzGrSgHttN8xe2mLC3hxqRyZEUwqoUjsP99ntg3BPE,sol,惯犯庄家（USELESS案·狙击集团(离场)）,serial-actor,identity,serial-offenders,2026-07-22,USELESS分析 appendix whale_group「狙击集团(离场)」,serial-offender,,,2026-07-20,2026-07-22,,
4vmjUC6AtFK4JyF9CrcBM8Wtq9fFvUSa31pLWJumGMZ,sol,惯犯庄家（GOAT案·小庄#1(86KSdC系)）,serial-actor,identity,serial-offenders,2026-07-22,GOAT分析 appendix whale_group「小庄#1(86KSdC系)」,serial-offender,,,2026-07-22,2026-07-22,,
53nDnapa2rUUknUTqPsh35pZ7ocPEjjLcGzApf7UJvM3,sol,惯犯庄家（OPAL案·庄#2·拆仓网络(多地址关联·明牌互转)）,serial-actor,identity,serial-offenders,2026-07-22,OPAL分析 appendix whale_group「庄#2·拆仓网络(多地址关联·明牌互转)」,serial-offender,,,2026-07-14,2026-07-22,,
59ozjpLHwdSNfyZhWjrEqzgnsdjz1TDn2B7pdjTsFrNi,sol,惯犯庄家（OPAL案·庄#1·项目方creator(单地址明牌+官方锁）,serial-actor,identity,serial-offenders,2026-07-22,OPAL分析 appendix whale_group「庄#1·项目方creator(单地址明牌+官方锁仓)」,serial-offender,,,2026-07-14,2026-07-22,,
5ALYpQnhPTyYbTYjN5yGxgwhPidYdCmQDngN2bJ196YD,sol,惯犯庄家（USELESS案·狙击集团(离场)）,serial-actor,identity,serial-offenders,2026-07-22,USELESS分析 appendix whale_group「狙击集团(离场)」,serial-offender,,,2026-07-20,2026-07-22,,
5KFDfqoJ9vLEqZ7XLvsYsuZPmXixwURUqH9cmUHxqsT5,sol,惯犯庄家（OPAL案·庄#2·拆仓网络(多地址关联·明牌互转)）,serial-actor,identity,serial-offenders,2026-07-22,OPAL分析 appendix whale_group「庄#2·拆仓网络(多地址关联·明牌互转)」,serial-offender,,,2026-07-14,2026-07-22,,
5MAWrXYxqtKcBv2yNAr3Te5BtLctM1W5Pwu8xyXPRgH3,sol,惯犯庄家（USELESS案·狙击集团(离场)）,serial-actor,identity,serial-offenders,2026-07-22,USELESS分析 appendix whale_group「狙击集团(离场)」,serial-offender,,,2026-07-20,2026-07-22,,
5S3aUvdPuZJojUsdXhDSK98kvXGALuTSz97zMfSqJ8H7,sol,惯犯庄家（USELESS案·狙击集团(离场)）,serial-actor,identity,serial-offenders,2026-07-22,USELESS分析 appendix whale_group「狙击集团(离场)」,serial-offender,,,2026-07-20,2026-07-22,,
5X8Yh4xuvdbpTJX6ygmX6N8vsm8W6AGAhQPeafC9tHYm,sol,惯犯庄家（OPAL案·庄#2·拆仓网络(多地址关联·明牌互转)）,serial-actor,identity,serial-offenders,2026-07-22,OPAL分析 appendix whale_group「庄#2·拆仓网络(多地址关联·明牌互转)」,serial-offender,,,2026-07-14,2026-07-22,,
5rHpCLN169mNuJZQLu9gqSAZzqgbZkaPxmtsrbF3paeC,sol,惯犯庄家（USELESS案·狙击集团(离场)）,serial-actor,identity,serial-offenders,2026-07-22,USELESS分析 appendix whale_group「狙击集团(离场)」,serial-offender,,,2026-07-20,2026-07-22,,
637eDTSJUGq5FXGmQSqsXcF31GTYhXxv2E3F91T971E2,sol,惯犯庄家（USELESS案·狙击集团(离场)）,serial-actor,identity,serial-offenders,2026-07-22,USELESS分析 appendix whale_group「狙击集团(离场)」,serial-offender,,,2026-07-20,2026-07-22,,
6DzM6gqRTXyDaM9C9j19ikXVoH8PCFGLa8WSXZgDvhgi,sol,惯犯庄家（CLUDE案·离场庄#1(闪电狙击bot亚型)）,serial-actor,identity,serial-offenders,2026-07-22,Clude分析 appendix whale_group「离场庄#1(闪电狙击bot亚型)」,serial-offender,,,2026-07-14,2026-07-22,,
6KsmLhyh1wR1RHfPuJahhbr1ouDe76qRLTAhfNJF4gi4,sol,惯犯庄家（USELESS案·狙击集团(离场)）,serial-actor,identity,serial-offenders,2026-07-22,USELESS分析 appendix whale_group「狙击集团(离场)」,serial-offender,,,2026-07-20,2026-07-22,,
6MLgU17keRhGJSUP43TUXV3Ec8Sy9hc7rCeQVBCxT9u7,sol,惯犯庄家（OPAL案·庄#2·拆仓网络(多地址关联·明牌互转)）,serial-actor,identity,serial-offenders,2026-07-22,OPAL分析 appendix whale_group「庄#2·拆仓网络(多地址关联·明牌互转)」,serial-offender,,,2026-07-14,2026-07-22,,
6UxyrqEvsX5QvD7JkgBFHjdCz2MFhq9EmZUQkDDPWaXw,sol,惯犯庄家（PUB案·小庄#1·单地址明牌）,serial-actor,identity,serial-offenders,2026-07-22,PUB_solana_20260713 appendix whale_group「小庄#1·单地址明牌」,serial-offender,,,2026-07-15,2026-07-22,,
6VSLrfon6m6QACvQQYyyXzsp6uun3FvdaBXkeANSHz5o,sol,惯犯庄家（USELESS案·狙击集团(离场)）,serial-actor,identity,serial-offenders,2026-07-22,USELESS分析 appendix whale_group「狙击集团(离场)」,serial-offender,,,2026-07-20,2026-07-22,,
6YwPygWCfLUfgNoAcgsi2CJWTeSGaGjqRTbWvwwAjYQu,sol,惯犯庄家（USELESS案·狙击集团(离场)）,serial-actor,identity,serial-offenders,2026-07-22,USELESS分析 appendix whale_group「狙击集团(离场)」,serial-offender,,,2026-07-20,2026-07-22,,
6ZTR8c8wnUkcVCQKKX9TVnhbCbvSnnAkLtC1jMxx8a1N,sol,惯犯庄家（USELESS案·狙击集团(离场)）,serial-actor,identity,serial-offenders,2026-07-22,USELESS分析 appendix whale_group「狙击集团(离场)」,serial-offender,,,2026-07-20,2026-07-22,,
6d9Fr8ue7VpQhcNdn8hdvoZeLyPKSC7JKzQUw6gztuGW,sol,惯犯庄家（OPAL案·庄#2·拆仓网络(多地址关联·明牌互转)）,serial-actor,identity,serial-offenders,2026-07-22,OPAL分析 appendix whale_group「庄#2·拆仓网络(多地址关联·明牌互转)」,serial-offender,,,2026-07-14,2026-07-22,,
6dGB6bsa6YWt8sEEJtuYVjHr4ZMyKo6cetZni2ubRK1J,sol,惯犯庄家（OPAL案·庄#2·拆仓网络(多地址关联·明牌互转)）,serial-actor,identity,serial-offenders,2026-07-22,OPAL分析 appendix whale_group「庄#2·拆仓网络(多地址关联·明牌互转)」,serial-offender,,,2026-07-14,2026-07-22,,
6hiwdhLrQZvt2nTx9YabB8J1uKet1jrirFbatBm51XuG,sol,惯犯庄家（GOAT案·小庄#1(86KSdC系)）,serial-actor,identity,serial-offenders,2026-07-22,GOAT分析 appendix whale_group「小庄#1(86KSdC系)」,serial-offender,,,2026-07-22,2026-07-22,,
6u3mAzJF2rAdnhWCQbZhFFQitoKUuWfvqhBi4JWz38bH,sol,惯犯庄家（USELESS案·狙击集团(离场)）,serial-actor,identity,serial-offenders,2026-07-22,USELESS分析 appendix whale_group「狙击集团(离场)」,serial-offender,,,2026-07-20,2026-07-22,,
73LnJ7G9ffBDjEBGgJDdgvLUhD5APLonKrNiHsKDCw5B,sol,惯犯庄家（USELESS案·狙击集团(离场)）,serial-actor,identity,serial-offenders,2026-07-22,USELESS分析 appendix whale_group「狙击集团(离场)」,serial-offender,,,2026-07-20,2026-07-22,,
73erSn5LbNiViqPxCq9xdb68FNpDC6ZbHfAByCWzGXo9,sol,惯犯庄家（OPAL案·庄#1·项目方creator(单地址明牌+官方锁）,serial-actor,identity,serial-offenders,2026-07-22,OPAL分析 appendix whale_group「庄#1·项目方creator(单地址明牌+官方锁仓)」,serial-offender,,,2026-07-14,2026-07-22,,
7aQ2v6Eh5ocjcJzjTBHaVUgi6UuSRDFKnaVQzco2ygvg,sol,惯犯庄家（USELESS案·狙击集团(离场)）,serial-actor,identity,serial-offenders,2026-07-22,USELESS分析 appendix whale_group「狙击集团(离场)」,serial-offender,,,2026-07-20,2026-07-22,,
7ae5seL4ZvCMMS2ahRMMiMXpSLCRYNi3KczfKD7q79Tx,sol,惯犯庄家（LAYOFF案·狙击集团(发射打新cohort)）,serial-actor,identity,serial-offenders,2026-07-22,LAYOFF分析 appendix whale_group「狙击集团(发射打新cohort)」,serial-offender,,,2026-07-14,2026-07-22,,
8G6XBXv1kTbrnYu6YYbmXcpuM8osE2bbnqvxR931ZGFX,sol,惯犯庄家（USELESS案·狙击集团(离场)）,serial-actor,identity,serial-offenders,2026-07-22,USELESS分析 appendix whale_group「狙击集团(离场)」,serial-offender,,,2026-07-20,2026-07-22,,
8Mm46CsqxiyAputDUp2cXHg41HE3BfynTeMBDwzrMZQH,sol,惯犯庄家（GOAT案·离场庄#1(8Mm46系)）,serial-actor,identity,serial-offenders,2026-07-22,GOAT分析 appendix whale_group「离场庄#1(8Mm46系)」,serial-offender,,,2026-07-22,2026-07-22,,
8QUG6KmgeAfwPBh5tyaqFDranXVx1GySPUex6or9wM9M,sol,惯犯庄家（USELESS案·狙击集团(离场)）,serial-actor,identity,serial-offenders,2026-07-22,USELESS分析 appendix whale_group「狙击集团(离场)」,serial-offender,,,2026-07-20,2026-07-22,,
8xARjHfiA3aCtVihYZqKK7SZrxyiGMZ9ArSPckmXerKy,sol,惯犯庄家（USELESS案·狙击集团(离场)）,serial-actor,identity,serial-offenders,2026-07-22,USELESS分析 appendix whale_group「狙击集团(离场)」,serial-offender,,,2026-07-20,2026-07-22,,
9GSdfW252s9S1cdGrFZqeT55uvsgGK3hXJqVBZXcjm1g,sol,惯犯庄家（USELESS案·狙击集团(离场)）,serial-actor,identity,serial-offenders,2026-07-22,USELESS分析 appendix whale_group「狙击集团(离场)」,serial-offender,,,2026-07-20,2026-07-22,,
9SKXhCsH5kyLSrtq9EFFzHmUX5kcx6FoLdQAc5Rr32sg,sol,惯犯庄家（OPAL案·庄#2·拆仓网络(多地址关联·明牌互转)）,serial-actor,identity,serial-offenders,2026-07-22,OPAL分析 appendix whale_group「庄#2·拆仓网络(多地址关联·明牌互转)」,serial-offender,,,2026-07-14,2026-07-22,,
9Yus6A9tsiDUHsmA7FMnhUQe5KuwMqEaeFRPcj1HdtuW,sol,惯犯庄家（USELESS案·狙击集团(离场)）,serial-actor,identity,serial-offenders,2026-07-22,USELESS分析 appendix whale_group「狙击集团(离场)」,serial-offender,,,2026-07-20,2026-07-22,,
9egFeuHvBNUWXaewcUyTSLhw4PJbQKzBEw8HEke6opY4,sol,惯犯庄家（USELESS案·狙击集团(离场)）,serial-actor,identity,serial-offenders,2026-07-22,USELESS分析 appendix whale_group「狙击集团(离场)」,serial-offender,,,2026-07-20,2026-07-22,,
9fM3rkWWJPqGkwiERL9hYJ62bjivtkkUYZYQLXePcSZZ,sol,惯犯庄家（PUB案·小庄#3·双地址镜像）,serial-actor,identity,serial-offenders,2026-07-22,PUB_solana_20260713 appendix whale_group「小庄#3·双地址镜像」,serial-offender,,,2026-07-15,2026-07-22,,
Am8MAEorCMAKxphqjAz3Ff59NEwPm4W2eS3DQLi2B4hg,sol,惯犯庄家（GOAT案·大庄#1(EZ41Wc系)）,serial-actor,identity,serial-offenders,2026-07-22,GOAT分析 appendix whale_group「大庄#1(EZ41Wc系)」,serial-offender,,,2026-07-22,2026-07-22,,
ApR5XPtZwnvh1W39eeUmtRJ1eAFC2D9yzwanRisJdDs8,sol,惯犯庄家（USELESS案·狙击集团(离场)）,serial-actor,identity,serial-offenders,2026-07-22,USELESS分析 appendix whale_group「狙击集团(离场)」,serial-offender,,,2026-07-20,2026-07-22,,
AtcaZ76TA2K4x5SG5wVsZ9EvcqvENAP18sXujeZgoGot,sol,惯犯庄家（USELESS案·狙击集团(离场)）,serial-actor,identity,serial-offenders,2026-07-22,USELESS分析 appendix whale_group「狙击集团(离场)」,serial-offender,,,2026-07-20,2026-07-22,,
AwynApwg62EneBmhQtbf9SpGF5ziUeopDFQ6CFt7rrmj,sol,惯犯庄家（USELESS案·狙击集团(离场)）,serial-actor,identity,serial-offenders,2026-07-22,USELESS分析 appendix whale_group「狙击集团(离场)」,serial-offender,,,2026-07-20,2026-07-22,,
AyMHNWMFq5WHFbc6w37YYLRjuEWonKUkJ6dMNw14NLUW,sol,惯犯庄家（OPAL案·庄#2·拆仓网络(多地址关联·明牌互转)）,serial-actor,identity,serial-offenders,2026-07-22,OPAL分析 appendix whale_group「庄#2·拆仓网络(多地址关联·明牌互转)」,serial-offender,,,2026-07-14,2026-07-22,,
AzbjEXdpf2tMC9adwPq41yCvWuBrv52u4ZJJHkvNBaaK,sol,惯犯庄家（USELESS案·狙击集团(离场)）,serial-actor,identity,serial-offenders,2026-07-22,USELESS分析 appendix whale_group「狙击集团(离场)」,serial-offender,,,2026-07-20,2026-07-22,,
B3HszkxJj4LCoeZkAWPFBQQEaPxDTCTc5f6HN9mmeXSD,sol,惯犯庄家（USELESS案·狙击集团(离场)）,serial-actor,identity,serial-offenders,2026-07-22,USELESS分析 appendix whale_group「狙击集团(离场)」,serial-offender,,,2026-07-20,2026-07-22,,
B4de4Dn991JSYK6h6pjApYWwg6sWbbNxHqR4Kg6EBoM1,sol,惯犯庄家（OPAL案·庄#2·拆仓网络(多地址关联·明牌互转)）,serial-actor,identity,serial-offenders,2026-07-22,OPAL分析 appendix whale_group「庄#2·拆仓网络(多地址关联·明牌互转)」,serial-offender,,,2026-07-14,2026-07-22,,
B7okoKqUjVvWgitSUzfREvSccG3zE2eSqVtLXJAShoDP,sol,惯犯庄家（USELESS案·狙击集团(离场)）,serial-actor,identity,serial-offenders,2026-07-22,USELESS分析 appendix whale_group「狙击集团(离场)」,serial-offender,,,2026-07-20,2026-07-22,,
BW5Lc2QskrPqh85haPjNHfhp6G4mTKCUBAV2bwezuPEN,sol,惯犯庄家（OPAL案·庄#2·拆仓网络(多地址关联·明牌互转)）,serial-actor,identity,serial-offenders,2026-07-22,OPAL分析 appendix whale_group「庄#2·拆仓网络(多地址关联·明牌互转)」,serial-offender,,,2026-07-14,2026-07-22,,
BdxtafNysBsUWeVTB2efhZf2rnNXdU8U5MgY5VrxM6PT,sol,惯犯庄家（PUB案·小庄#3·双地址镜像）,serial-actor,identity,serial-offenders,2026-07-22,PUB_solana_20260713 appendix whale_group「小庄#3·双地址镜像」,serial-offender,,,2026-07-15,2026-07-22,,
BtMBMPkoNbnLF9Xn552guQq528KKXcsNBNNBre3oaQtr,sol,惯犯庄家（USELESS案·狙击集团(离场)）,serial-actor,identity,serial-offenders,2026-07-22,USELESS分析 appendix whale_group「狙击集团(离场)」,serial-offender,,,2026-07-20,2026-07-22,,
Bz5BRyuRs3ibGGRPERVmMbBZAyu7SLDkgKVTRJJsRzE,sol,惯犯庄家（USELESS案·狙击集团(离场)）,serial-actor,identity,serial-offenders,2026-07-22,USELESS分析 appendix whale_group「狙击集团(离场)」,serial-offender,,,2026-07-20,2026-07-22,,
C1py2UpPC8tQJ4CmUfVz5j3eKjRpdsuAxRafJ3HrSrJ2,sol,惯犯庄家（OPAL案·庄#2·拆仓网络(多地址关联·明牌互转)）,serial-actor,identity,serial-offenders,2026-07-22,OPAL分析 appendix whale_group「庄#2·拆仓网络(多地址关联·明牌互转)」,serial-offender,,,2026-07-14,2026-07-22,,
CCyBcRTMG9DdZW9wHWZBQznhDiXXrYYrsHzr99bkA5gB,sol,惯犯庄家（USELESS案·狙击集团(离场)）,serial-actor,identity,serial-offenders,2026-07-22,USELESS分析 appendix whale_group「狙击集团(离场)」,serial-offender,,,2026-07-20,2026-07-22,,
CrNJGDXznJkdKJcN31SjFphqJMjLnPAXtksHmBYdFjMG,sol,惯犯庄家（PUB案·小庄#2·TWAP机器人）,serial-actor,identity,serial-offenders,2026-07-22,PUB_solana_20260713 appendix whale_group「小庄#2·TWAP机器人」,serial-offender,,,2026-07-15,2026-07-22,,
CzBkEtWHoreBUgNa85Wta24hiFzuX2pjR2GrK3FRJdQv,sol,惯犯庄家（USELESS案·狙击集团(离场)）,serial-actor,identity,serial-offenders,2026-07-22,USELESS分析 appendix whale_group「狙击集团(离场)」,serial-offender,,,2026-07-20,2026-07-22,,
D7m6Cm3WyUGUVQMSM5f2WtXUU7ybFeFW6EBsExPPvHnk,sol,惯犯庄家（OPAL案·庄#2·拆仓网络(多地址关联·明牌互转)）,serial-actor,identity,serial-offenders,2026-07-22,OPAL分析 appendix whale_group「庄#2·拆仓网络(多地址关联·明牌互转)」,serial-offender,,,2026-07-14,2026-07-22,,
DVYUNW6dQdwMUgBio8zfzov95zEakVTLyqRmkTary7aq,sol,惯犯庄家（USELESS案·狙击集团(离场)）,serial-actor,identity,serial-offenders,2026-07-22,USELESS分析 appendix whale_group「狙击集团(离场)」,serial-offender,,,2026-07-20,2026-07-22,,
DjBZo2waavUxQdpHowzco2Nirf3MQR8g9vYVbWd3aYqR,sol,惯犯庄家（OPAL案·庄#2·拆仓网络(多地址关联·明牌互转)）,serial-actor,identity,serial-offenders,2026-07-22,OPAL分析 appendix whale_group「庄#2·拆仓网络(多地址关联·明牌互转)」,serial-offender,,,2026-07-14,2026-07-22,,
DwzTuEDaE9pkrVJQvznV7zz7YNJcggKxN5wKhYt8JqXY,sol,惯犯庄家（GOAT案·离场庄#1(8Mm46系)）,serial-actor,identity,serial-offenders,2026-07-22,GOAT分析 appendix whale_group「离场庄#1(8Mm46系)」,serial-offender,,,2026-07-22,2026-07-22,,
E6XJxt1nmR7E7CZkRVVuXU1fg6UD3FFcFt26bMEgHXAe,sol,惯犯庄家（USELESS案·狙击集团(离场)）,serial-actor,identity,serial-offenders,2026-07-22,USELESS分析 appendix whale_group「狙击集团(离场)」,serial-offender,,,2026-07-20,2026-07-22,,
E7qfm8hY6DZmULiVrRTJMAuuj58wcwcYt2QqfjHGEBey,sol,惯犯庄家（USELESS案·狙击集团(离场)）,serial-actor,identity,serial-offenders,2026-07-22,USELESS分析 appendix whale_group「狙击集团(离场)」,serial-offender,,,2026-07-20,2026-07-22,,
EAL6ZvYehvec7gW81kdhfFZ5YQkNzV7Goih2HViCFQ3H,sol,惯犯庄家（USELESS案·狙击集团(离场)）,serial-actor,identity,serial-offenders,2026-07-22,USELESS分析 appendix whale_group「狙击集团(离场)」,serial-offender,,,2026-07-20,2026-07-22,,
EZ41WcMH3FmyWGV9WQaDLo5uo4ysVNdeAm1ZoTybxjsJ,sol,惯犯庄家（GOAT案·大庄#1(EZ41Wc系)）,serial-actor,identity,serial-offenders,2026-07-22,GOAT分析 appendix whale_group「大庄#1(EZ41Wc系)」,serial-offender,,,2026-07-22,2026-07-22,,
Enb8CNDi5ToFrnDjvsbWWrtBVHaX5n6RdFRniE88mbFr,sol,惯犯庄家（USELESS案·狙击集团(离场)）,serial-actor,identity,serial-offenders,2026-07-22,USELESS分析 appendix whale_group「狙击集团(离场)」,serial-offender,,,2026-07-20,2026-07-22,,
EqLQfegrW7ApNSyZNPSBzG4x9qRug38EX9dmscFTZtpU,sol,惯犯庄家（USELESS案·狙击集团(离场)）,serial-actor,identity,serial-offenders,2026-07-22,USELESS分析 appendix whale_group「狙击集团(离场)」,serial-offender,,,2026-07-20,2026-07-22,,
Ezhr48hfsyUg9zoAq7CH5opi7NbSM34RjrVFf4n8cVpo,sol,惯犯庄家（GOAT案·小庄#1(86KSdC系)）,serial-actor,identity,serial-offenders,2026-07-22,GOAT分析 appendix whale_group「小庄#1(86KSdC系)」,serial-offender,,,2026-07-22,2026-07-22,,
F3Q3URb6xgtegcgQ8rEttgHjnypnCLt45p9RKiHh4QNm,sol,惯犯庄家（OPAL案·庄#1·项目方creator(单地址明牌+官方锁）,serial-actor,identity,serial-offenders,2026-07-22,OPAL分析 appendix whale_group「庄#1·项目方creator(单地址明牌+官方锁仓)」,serial-offender,,,2026-07-14,2026-07-22,,
F84cafPo1zRcsRdjKHzdhG2hVsU6RVs4FwKPc3NG7BrF,sol,惯犯庄家（USELESS案·狙击集团(离场)）,serial-actor,identity,serial-offenders,2026-07-22,USELESS分析 appendix whale_group「狙击集团(离场)」,serial-offender,,,2026-07-20,2026-07-22,,
FK4FPcAPK3S3cSVtmsy6okaoTvrPsEfUsqZJdw77SYYM,sol,惯犯庄家（OPAL案·庄#1·项目方creator(单地址明牌+官方锁）,serial-actor,identity,serial-offenders,2026-07-22,OPAL分析 appendix whale_group「庄#1·项目方creator(单地址明牌+官方锁仓)」,serial-offender,,,2026-07-14,2026-07-22,,
FRDcU32jfiuo7bTM7e2SHtZnx6fSrLTS19iGScfCamPU,sol,惯犯庄家（USELESS案·狙击集团(离场)）,serial-actor,identity,serial-offenders,2026-07-22,USELESS分析 appendix whale_group「狙击集团(离场)」,serial-offender,,,2026-07-20,2026-07-22,,
FYsJ3xqMGnqEBwasRSWLzg4mTvUuw5kUp2uj3QYyMhwn,sol,惯犯庄家（USELESS案·狙击集团(离场)）,serial-actor,identity,serial-offenders,2026-07-22,USELESS分析 appendix whale_group「狙击集团(离场)」,serial-offender,,,2026-07-20,2026-07-22,,
Fa4uV72y9ACHKTP3Y8qRFynAmXLKUFr3SEAL8VTzjsLP,sol,惯犯庄家（USELESS案·狙击集团(离场)）,serial-actor,identity,serial-offenders,2026-07-22,USELESS分析 appendix whale_group「狙击集团(离场)」,serial-offender,,,2026-07-20,2026-07-22,,
FhfsCznwrcTeNYxjkKjVCFaASi61aXx8WkPArmkjkERH,sol,惯犯庄家（USELESS案·狙击集团(离场)）,serial-actor,identity,serial-offenders,2026-07-22,USELESS分析 appendix whale_group「狙击集团(离场)」,serial-offender,,,2026-07-20,2026-07-22,,
Fq8UYoZ1obJS4JUVTopoBED4a3ENMTFDvykgbPKDhKeU,sol,惯犯庄家（USELESS案·狙击集团(离场)）,serial-actor,identity,serial-offenders,2026-07-22,USELESS分析 appendix whale_group「狙击集团(离场)」,serial-offender,,,2026-07-20,2026-07-22,,
GDYjaP4CgP861rZQYmdo9RtV8Whm2VvECQgnkZEYcC6F,sol,惯犯庄家（OPAL案·庄#2·拆仓网络(多地址关联·明牌互转)）,serial-actor,identity,serial-offenders,2026-07-22,OPAL分析 appendix whale_group「庄#2·拆仓网络(多地址关联·明牌互转)」,serial-offender,,,2026-07-14,2026-07-22,,
GEvYDVuXAGdZav2hmSVbtUQvrBoxg2Xi6qNQYwgvhR7c,sol,惯犯庄家（USELESS案·狙击集团(离场)）,serial-actor,identity,serial-offenders,2026-07-22,USELESS分析 appendix whale_group「狙击集团(离场)」,serial-offender,,,2026-07-20,2026-07-22,,
GPY8V9TkTzWHWkRpLySFKkSTmtTsyeZmZzie16ov3NGF,sol,惯犯庄家（CLUDE案·狙击集团·Lena）,serial-actor,identity,serial-offenders,2026-07-22,Clude分析 appendix whale_group「狙击集团·Lena」,serial-offender,,,2026-07-14,2026-07-22,,
GXF4v8UjaJTf83hddP3yMrwp4dHYtMa6nXwYg5bfUYAL,sol,惯犯庄家（OPAL案·庄#2·拆仓网络(多地址关联·明牌互转)）,serial-actor,identity,serial-offenders,2026-07-22,OPAL分析 appendix whale_group「庄#2·拆仓网络(多地址关联·明牌互转)」,serial-offender,,,2026-07-14,2026-07-22,,
GZwwymAzc2ZzwhXpgc97owL2FuA6kgXayadfm853QgRS,sol,惯犯庄家（USELESS案·狙击集团(离场)）,serial-actor,identity,serial-offenders,2026-07-22,USELESS分析 appendix whale_group「狙击集团(离场)」,serial-offender,,,2026-07-20,2026-07-22,,
GxHAfkKbc6tG7i9FrZovrXiQNngT8DLSYAXSksGg4478,sol,惯犯庄家（USELESS案·狙击集团(离场)）,serial-actor,identity,serial-offenders,2026-07-22,USELESS分析 appendix whale_group「狙击集团(离场)」,serial-offender,,,2026-07-20,2026-07-22,,
H5CuH3GuDdtvJdPqQFeG1QqyDu4qFXQsiFghSwWK2hR6,sol,惯犯庄家（OPAL案·庄#1·项目方creator(单地址明牌+官方锁）,serial-actor,identity,serial-offenders,2026-07-22,OPAL分析 appendix whale_group「庄#1·项目方creator(单地址明牌+官方锁仓)」,serial-offender,,,2026-07-14,2026-07-22,,
HGrBiyQkMeVjBjGTd14hhjTdkDABbpojSKfE5pUS4e2x,sol,惯犯庄家（OPAL案·庄#2·拆仓网络(多地址关联·明牌互转)）,serial-actor,identity,serial-offenders,2026-07-22,OPAL分析 appendix whale_group「庄#2·拆仓网络(多地址关联·明牌互转)」,serial-offender,,,2026-07-14,2026-07-22,,
HMJxumZMQvFCedUbybtCXoCYjAX539CWs2Q7uv6L2FYp,sol,惯犯庄家（USELESS案·狙击集团(离场)）,serial-actor,identity,serial-offenders,2026-07-22,USELESS分析 appendix whale_group「狙击集团(离场)」,serial-offender,,,2026-07-20,2026-07-22,,
HaJh5RHE7JjbA7su7v1gGNKj6KqBALF7hHtnY9JpJeaN,sol,惯犯庄家（USELESS案·狙击集团(离场)）,serial-actor,identity,serial-offenders,2026-07-22,USELESS分析 appendix whale_group「狙击集团(离场)」,serial-offender,,,2026-07-20,2026-07-22,,
He8qEiYtnGtJawoxP8bd1bZjVSbcfWr7ybrTskB8ZYr6,sol,惯犯庄家（OPAL案·庄#2·拆仓网络(多地址关联·明牌互转)）,serial-actor,identity,serial-offenders,2026-07-22,OPAL分析 appendix whale_group「庄#2·拆仓网络(多地址关联·明牌互转)」,serial-offender,,,2026-07-14,2026-07-22,,
Hkx7ZVNB6MY9CSG1qpYh5yGsvVyNECe76wJ9aCw2hzuc,sol,惯犯庄家（USELESS案·狙击集团(离场)）,serial-actor,identity,serial-offenders,2026-07-22,USELESS分析 appendix whale_group「狙击集团(离场)」,serial-offender,,,2026-07-20,2026-07-22,,
HpECTmHoABbyRyP6qdcQf57tFwghqoai4nnKuycCVNmQ,sol,惯犯庄家（OPAL案·庄#2·拆仓网络(多地址关联·明牌互转)）,serial-actor,identity,serial-offenders,2026-07-22,OPAL分析 appendix whale_group「庄#2·拆仓网络(多地址关联·明牌互转)」,serial-offender,,,2026-07-14,2026-07-22,,
HrNTkV6sd3FEHaXqzDmGn7TJA8SDHHCCSwNSc7FjVLmZ,sol,惯犯庄家（USELESS案·狙击集团(离场)）,serial-actor,identity,serial-offenders,2026-07-22,USELESS分析 appendix whale_group「狙击集团(离场)」,serial-offender,,,2026-07-20,2026-07-22,,
Lena3TJKd4CQo2XSgneV8pNMkFex5rUbLXWb7dmN3Ea,sol,惯犯庄家（CLUDE案·狙击集团·Lena）,serial-actor,identity,serial-offenders,2026-07-22,Clude分析 appendix whale_group「狙击集团·Lena」,serial-offender,,,2026-07-14,2026-07-22,,
LmeowWNiiZcG3SFSFHPi4ji7TnTYFGDhE9PvJBPfpX8,sol,惯犯庄家（CLUDE案·狙击集团·Lena）,serial-actor,identity,serial-offenders,2026-07-22,Clude分析 appendix whale_group「狙击集团·Lena」,serial-offender,,,2026-07-14,2026-07-22,,
bozo8DPprqrU6N3y5cUDMDBCA61wGrk7qfy24Wm5rLB,sol,惯犯庄家（USELESS案·狙击集团(离场)）,serial-actor,identity,serial-offenders,2026-07-22,USELESS分析 appendix whale_group「狙击集团(离场)」,serial-offender,,,2026-07-20,2026-07-22,,
cVQimm2pupbX3yrXxtiPFeJLGLKwNhkZ3HJV4gDRSBy,sol,惯犯庄家（USELESS案·狙击集团(离场)）,serial-actor,identity,serial-offenders,2026-07-22,USELESS分析 appendix whale_group「狙击集团(离场)」,serial-offender,,,2026-07-20,2026-07-22,,
hGPG7jEQLKz6muJJV37hhSRMrNLErRu3K1vk4zhDSbB,sol,惯犯庄家（USELESS案·狙击集团(离场)）,serial-actor,identity,serial-offenders,2026-07-22,USELESS分析 appendix whale_group「狙击集团(离场)」,serial-offender,,,2026-07-20,2026-07-22,,
hTvwKr1RvQdPS5xiWfXM2UZYuF55Ei8zzsuB7e58feu,sol,惯犯庄家（GOAT案·大庄#1(EZ41Wc系)）,serial-actor,identity,serial-offenders,2026-07-22,GOAT分析 appendix whale_group「大庄#1(EZ41Wc系)」,serial-offender,,,2026-07-22,2026-07-22,,
iL3XixvyaF3inwV7uxdZ9xWuEVKkY6ZAbiFB73gLwEh,sol,惯犯庄家（USELESS案·狙击集团(离场)）,serial-actor,identity,serial-offenders,2026-07-22,USELESS分析 appendix whale_group「狙击集团(离场)」,serial-offender,,,2026-07-20,2026-07-22,,
